neuron_id,cell_type,observed,seed,teacher_rate_hz,student_rate_hz,fluctuation_r2
8,excitatory,1,44,25.0,25.74922360248447,0.390333354473114
10,excitatory,1,44,11.956521739130434,10.271739130434781,0.7375704646110535
28,excitatory,1,44,0.0,0.12034161490683229,
44,excitatory,1,44,0.0,0.0,
50,excitatory,1,44,0.3105590062111801,0.7065217391304347,-0.5711084604263306
61,excitatory,1,44,0.0,0.011645962732919254,
66,excitatory,1,44,1.8633540372670807,3.28027950310559,-0.3976466655731201
72,excitatory,1,44,2.950310559006211,3.8509316770186333,0.48990708589553833
87,excitatory,1,44,2.0962732919254656,2.5155279503105588,0.4019191861152649
88,excitatory,1,44,0.0,0.003881987577639751,
90,inhibitory,1,44,0.07763975155279502,0.1436335403726708,0.319105863571167
103,excitatory,1,44,0.7763975155279502,0.8656832298136645,0.43373191356658936
118,excitatory,1,44,3.260869565217391,2.465062111801242,0.8674457669258118
127,excitatory,1,44,2.872670807453416,3.5791925465838506,0.8529099822044373
140,inhibitory,1,44,1.0093167701863353,0.7725155279503105,0.37558257579803467
145,excitatory,1,44,0.3881987577639751,0.5706521739130435,0.011093854904174805
159,excitatory,1,44,0.0,0.0,
185,excitatory,1,44,0.15527950310559005,0.5590062111801242,-0.887030839920044
209,inhibitory,1,44,4.968944099378882,2.3990683229813663,0.11660397052764893
238,excitatory,1,44,1.4751552795031055,2.0652173913043477,0.49217772483825684
239,inhibitory,1,44,30.046583850931675,23.544254658385093,0.7644336819648743
252,inhibitory,1,44,1.7080745341614907,0.93555900621118,0.4838062524795532
253,excitatory,1,44,0.0,0.0,
254,inhibitory,1,44,14.440993788819874,19.84860248447205,0.5414832830429077
269,excitatory,1,44,11.490683229813664,11.118012422360248,0.800966739654541
298,excitatory,1,44,0.0,0.0,
302,excitatory,1,44,0.0,0.0,
303,excitatory,1,44,0.0,0.0,
308,excitatory,1,44,0.0,0.11645962732919253,
335,excitatory,1,44,51.70807453416149,49.44875776397515,0.9897263646125793
342,excitatory,1,44,0.0,0.007763975155279502,
364,inhibitory,1,44,0.0,0.0,
367,excitatory,1,44,0.0,0.7569875776397514,
379,excitatory,1,44,0.3105590062111801,0.3338509316770186,0.8116966485977173
380,excitatory,1,44,0.4658385093167702,0.5240683229813664,0.6258732080459595
392,excitatory,1,44,0.0,0.0,
396,excitatory,1,44,1.3975155279503104,2.251552795031056,0.4363553524017334
406,excitatory,1,44,0.0,0.0,
417,excitatory,1,44,0.07763975155279502,0.06211180124223602,-0.5866997241973877
420,excitatory,1,44,2.1739130434782608,2.4301242236024843,0.6170165538787842
422,inhibitory,1,44,59.3944099378882,41.00931677018633,0.6309731602668762
473,inhibitory,1,44,13.27639751552795,6.152950310559006,0.48023712635040283
485,excitatory,1,44,0.0,0.023291925465838508,
502,excitatory,1,44,0.0,0.011645962732919254,
522,excitatory,1,44,0.07763975155279502,0.06599378881987578,0.7916709184646606
523,inhibitory,1,44,19.720496894409937,16.335403726708073,0.7111228704452515
530,excitatory,1,44,0.2329192546583851,0.24456521739130432,0.9684015512466431
546,excitatory,1,44,1.1645962732919255,1.87111801242236,0.580858588218689
548,inhibitory,1,44,176.3198757763975,120.58229813664595,-1.0098373889923096
567,excitatory,1,44,0.0,0.05046583850931677,
573,excitatory,1,44,0.0,0.0,
576,excitatory,1,44,0.4658385093167702,1.1684782608695652,-0.9425053596496582
589,excitatory,1,44,26.164596273291924,33.31909937888199,0.5495437383651733
595,inhibitory,1,44,0.07763975155279502,0.1746894409937888,-2.3780529499053955
598,excitatory,1,44,0.0,0.0,
603,inhibitory,1,44,37.5,25.508540372670804,0.653277575969696
613,excitatory,1,44,2.4068322981366457,3.167701863354037,0.8702312707901001
614,excitatory,1,44,0.0,0.007763975155279502,
625,excitatory,1,44,2.639751552795031,6.416925465838509,-0.5535260438919067
626,excitatory,1,44,0.0,0.03881987577639751,
631,excitatory,1,44,0.3105590062111801,0.1591614906832298,0.2466941475868225
643,excitatory,1,44,0.0,0.0,
646,excitatory,1,44,0.0,0.011645962732919254,
654,excitatory,1,44,0.0,0.0,
684,inhibitory,1,44,26.785714285714285,18.210403726708073,0.5766249299049377
724,excitatory,1,44,0.07763975155279502,0.13975155279503104,-0.1661834716796875
729,inhibitory,1,44,8.074534161490682,7.942546583850931,0.14464592933654785
732,excitatory,1,44,0.07763975155279502,0.07763975155279502,0.9962557554244995
741,excitatory,1,44,0.0,0.0,
748,excitatory,1,44,0.0,0.003881987577639751,
753,excitatory,1,44,0.0,0.023291925465838508,
762,excitatory,1,44,1.0869565217391304,2.4572981366459623,-0.1504765748977661
777,excitatory,1,44,9.472049689440993,14.949534161490682,0.26432061195373535
797,excitatory,1,44,0.0,0.0,
801,excitatory,1,44,0.0,0.0,
820,inhibitory,1,44,21.50621118012422,28.334627329192543,0.8053716421127319
823,excitatory,1,44,0.0,0.0,
828,excitatory,1,44,4.192546583850931,5.877329192546584,0.6387152671813965
840,excitatory,1,44,6.055900621118012,8.602484472049689,0.554113507270813
848,excitatory,1,44,0.15527950310559005,0.0,-0.013906478881835938
853,excitatory,1,44,0.3105590062111801,0.3881987577639751,0.16203397512435913
869,excitatory,1,44,0.0,0.0,
876,excitatory,1,44,0.0,0.10481366459627328,
881,excitatory,1,44,0.0,0.0,
882,excitatory,1,44,1.7080745341614907,1.9759316770186333,0.6729974746704102
896,excitatory,1,44,3.9596273291925463,3.6102484472049685,0.7204595804214478
908,excitatory,1,44,0.0,0.0,
913,excitatory,1,44,22.981366459627328,24.429347826086953,0.9315392971038818
931,excitatory,1,44,0.0,0.0,
935,inhibitory,1,44,61.80124223602484,52.25543478260869,0.7679070234298706
939,excitatory,1,44,0.0,0.0,
943,inhibitory,1,44,3.6490683229813663,2.5194099378881987,0.4754999279975891
944,excitatory,1,44,4.425465838509316,4.68555900621118,0.952639639377594
957,inhibitory,1,44,0.3105590062111801,0.046583850931677016,0.1386317014694214
961,inhibitory,1,44,35.481366459627324,28.3889751552795,0.6626163721084595
963,inhibitory,1,44,0.2329192546583851,0.11645962732919253,0.12346994876861572
993,excitatory,1,44,0.0,0.0,
1002,excitatory,1,44,25.0,28.781055900621116,0.8823665380477905
1006,excitatory,1,44,2.795031055900621,4.281832298136646,0.6405434608459473
1015,inhibitory,1,44,88.8975155279503,53.9557453416149,-0.17128968238830566
1017,excitatory,1,44,0.0,0.0,
1030,excitatory,1,44,0.07763975155279502,0.39208074534161486,-2.22709059715271
1049,excitatory,1,44,0.07763975155279502,0.31444099378881984,-1.657975673675537
1052,excitatory,1,44,0.0,0.003881987577639751,
1054,excitatory,1,44,0.0,0.015527950310559004,
1068,inhibitory,1,44,0.07763975155279502,0.0,-0.013918042182922363
1082,excitatory,1,44,0.0,0.0,
1083,excitatory,1,44,0.15527950310559005,0.6133540372670807,-1.9481611251831055
1087,excitatory,1,44,5.046583850931676,4.440993788819875,0.701306939125061
1089,excitatory,1,44,55.97826086956521,54.51863354037267,0.23514819145202637
1103,excitatory,1,44,1.0869565217391304,1.482919254658385,-0.09667301177978516
1119,excitatory,1,44,14.82919254658385,18.29580745341615,0.7332073450088501
1139,excitatory,1,44,9.006211180124224,9.468167701863353,0.9638761878013611
1154,excitatory,1,44,0.0,0.011645962732919254,
1181,excitatory,1,44,0.2329192546583851,0.40372670807453415,0.5715076923370361
1182,excitatory,1,44,3.881987577639751,3.8276397515527947,0.6740397214889526
1186,excitatory,1,44,1.0093167701863353,1.2732919254658384,-0.17403924465179443
1192,inhibitory,1,44,0.2329192546583851,0.0,-0.01750028133392334
1204,excitatory,1,44,1.3975155279503104,1.576086956521739,0.5007240176200867
1215,excitatory,1,44,1.7080745341614907,1.0054347826086956,0.3466985821723938
1220,excitatory,1,44,0.2329192546583851,0.05046583850931677,0.21359246969223022
1234,excitatory,1,44,6.909937888198757,7.270962732919254,0.9603468179702759
1236,inhibitory,1,44,51.31987577639751,40.56288819875776,0.8069676160812378
1240,inhibitory,1,44,45.03105590062111,31.17624223602484,0.40440601110458374
1268,excitatory,1,44,0.0,0.06599378881987578,
1303,inhibitory,1,44,0.0,0.003881987577639751,
1304,excitatory,1,44,0.0,0.0,
1311,excitatory,1,44,0.0,0.1746894409937888,
1319,inhibitory,1,44,0.0,0.0,
1323,excitatory,1,44,0.0,0.042701863354037264,
1329,excitatory,1,44,0.0,0.0,
1344,excitatory,1,44,0.0,0.0,
1351,inhibitory,1,44,0.0,0.0,
1356,excitatory,1,44,0.0,0.019409937888198756,
1357,excitatory,1,44,0.07763975155279502,0.9122670807453416,-7.998761177062988
1363,inhibitory,1,44,8.773291925465838,7.515527950310559,0.6004149913787842
1396,excitatory,1,44,2.562111801242236,1.921583850931677,0.4283931255340576
1400,excitatory,1,44,0.0,0.058229813664596265,
1404,excitatory,1,44,0.0,0.0,
1417,excitatory,1,44,0.0,0.08928571428571427,
1427,excitatory,1,44,1.1645962732919255,1.5489130434782608,0.8385643362998962
1433,excitatory,1,44,1.1645962732919255,0.29891304347826086,0.28355544805526733
1442,inhibitory,1,44,0.0,0.18245341614906832,
1477,excitatory,1,44,0.0,0.0,
1485,inhibitory,1,44,0.6987577639751552,0.5085403726708074,-0.16480743885040283
1498,excitatory,1,44,0.0,0.0,
1499,excitatory,1,44,7.608695652173912,13.544254658385093,0.06387704610824585
1505,excitatory,1,44,0.3105590062111801,0.3105590062111801,0.23583823442459106
1514,excitatory,1,44,0.0,0.0,
1527,excitatory,1,44,0.15527950310559005,0.19409937888198756,-0.07243561744689941
1538,excitatory,1,44,0.0,0.10093167701863354,
1547,excitatory,1,44,10.636645962732919,13.027950310559005,0.7808276414871216
1548,excitatory,1,44,0.0,0.0,
1550,excitatory,1,44,13.819875776397515,13.975155279503104,0.9589076638221741
1556,excitatory,1,44,0.0,0.0,
1557,inhibitory,1,44,30.667701863354036,21.84394409937888,0.6028271913528442
1564,excitatory,1,44,1.4751552795031055,2.8571428571428568,0.030589401721954346
1577,excitatory,1,44,0.15527950310559005,0.03881987577639751,0.09645509719848633
1578,excitatory,1,44,0.0,0.0,
1579,excitatory,1,44,4.658385093167702,5.329968944099378,0.431138277053833
1580,excitatory,1,44,0.0,0.0,
1585,excitatory,1,44,0.5434782608695652,0.3493788819875776,0.6650679111480713
1586,inhibitory,1,44,0.6987577639751552,0.28338509316770183,0.5377880334854126
1597,excitatory,1,44,1.7080745341614907,2.5038819875776395,0.13546186685562134
1600,excitatory,1,44,12.888198757763975,12.410714285714285,0.6501482129096985
1613,excitatory,1,44,2.872670807453416,5.205745341614906,0.6365776658058167
1637,excitatory,1,44,0.7763975155279502,0.951086956521739,0.4091871380805969
1666,inhibitory,1,44,0.07763975155279502,0.03105590062111801,-0.0897057056427002
1706,excitatory,1,44,4.813664596273291,6.770186335403726,0.5358900427818298
1707,excitatory,1,44,6.6770186335403725,8.788819875776397,0.7210025787353516
1715,excitatory,1,44,5.512422360248447,5.073757763975155,0.35987627506256104
1722,excitatory,1,44,0.0,0.0,
1733,excitatory,1,44,0.0,0.0,
1746,excitatory,1,44,0.0,0.007763975155279502,
1747,excitatory,1,44,32.065217391304344,34.879658385093165,0.7172389030456543
1754,excitatory,1,44,0.0,0.4386645962732919,
1766,excitatory,1,44,4.425465838509316,5.411490683229813,0.7538040280342102
1791,excitatory,1,44,0.0,0.011645962732919254,
1811,excitatory,1,44,0.0,0.0,
1865,inhibitory,1,44,9.394409937888199,6.770186335403726,0.5165464282035828
1866,excitatory,1,44,0.4658385093167702,0.1513975155279503,0.2936452627182007
1872,inhibitory,1,44,19.487577639751553,12.422360248447204,0.4950029253959656
1875,excitatory,1,44,0.0,0.0,
1879,excitatory,1,44,0.0,0.0,
1882,excitatory,1,44,1.0093167701863353,1.7663043478260867,0.555533766746521
1891,excitatory,1,44,13.354037267080745,16.38586956521739,0.7425539493560791
1894,excitatory,1,44,0.0,0.003881987577639751,
1901,excitatory,1,44,0.0,0.06211180124223602,
1907,excitatory,1,44,0.0,0.0,
1912,excitatory,1,44,3.105590062111801,3.885869565217391,0.592779278755188
1930,excitatory,1,44,1.7857142857142856,2.9541925465838506,0.527822732925415
1946,inhibitory,1,44,0.15527950310559005,0.023291925465838508,0.03049612045288086
1958,excitatory,1,44,26.940993788819874,32.42624223602484,0.6664022207260132
1964,excitatory,1,44,0.3881987577639751,0.37267080745341613,0.9480593800544739
1966,inhibitory,1,44,63.35403726708074,47.1001552795031,0.5038360357284546
1967,excitatory,1,44,0.07763975155279502,0.21739130434782608,-0.8228949308395386
1968,inhibitory,1,44,1.0093167701863353,2.1739130434782608,-0.6787835359573364
1971,excitatory,1,44,3.881987577639751,5.322204968944099,0.45376455783843994
1975,excitatory,1,44,0.2329192546583851,0.24068322981366458,0.8451226353645325
1988,excitatory,1,44,0.0,0.0,
1996,excitatory,1,44,2.562111801242236,0.36102484472049684,-0.007960319519042969
2014,excitatory,1,44,0.0,0.0,
2045,excitatory,1,44,0.0,0.003881987577639751,
2053,excitatory,1,44,0.07763975155279502,0.5900621118012421,-18.475927352905273
2058,excitatory,1,44,8.307453416149068,8.552018633540373,0.7657696008682251
2074,inhibitory,1,44,1.9409937888198756,1.1917701863354035,0.34523677825927734
2076,excitatory,1,44,0.6211180124223602,1.281055900621118,-0.050490617752075195
2083,inhibitory,1,44,0.0,0.1436335403726708,
2090,excitatory,1,44,0.0,0.0,
2092,excitatory,1,44,0.0,0.046583850931677016,
2106,excitatory,1,44,17.546583850931675,21.36257763975155,0.7047611474990845
2112,excitatory,1,44,0.07763975155279502,0.10481366459627328,-0.5829890966415405
2123,excitatory,1,44,0.15527950310559005,0.05434782608695652,0.3919212222099304
2130,inhibitory,1,44,1.1645962732919255,0.9821428571428571,0.13609528541564941
2156,inhibitory,1,44,1.1645962732919255,2.5776397515527947,-2.8239381313323975
2166,excitatory,1,44,2.484472049689441,2.554347826086956,0.8955944776535034
2178,excitatory,1,44,0.0,0.0,
2189,inhibitory,1,44,50.077639751552795,30.710403726708073,0.45206886529922485
2196,excitatory,1,44,1.4751552795031055,1.684782608695652,0.6563465595245361
2199,excitatory,1,44,9.549689440993788,8.548136645962732,0.44462716579437256
2200,inhibitory,1,44,55.82298136645962,28.614130434782606,0.11045199632644653
2211,excitatory,1,44,0.7763975155279502,1.2849378881987576,0.4579419493675232
2218,excitatory,1,44,2.0186335403726705,3.462732919254658,0.5501756072044373
2249,excitatory,1,44,0.3881987577639751,0.06599378881987578,0.11287808418273926
2264,excitatory,1,44,13.043478260869565,18.458850931677016,0.7440279722213745
2265,excitatory,1,44,0.15527950310559005,0.4153726708074534,0.4392436146736145
2278,excitatory,1,44,0.0,0.2600931677018633,
2289,excitatory,1,44,1.5527950310559004,2.554347826086956,-0.01225745677947998
2295,excitatory,1,44,0.0,0.0,
2300,excitatory,1,44,1.0093167701863353,1.777950310559006,0.19765573740005493
2324,excitatory,1,44,0.0,0.007763975155279502,
2332,excitatory,1,44,0.3881987577639751,0.6638198757763975,-0.25281786918640137
2353,excitatory,1,44,0.0,0.0,
2363,excitatory,1,44,0.15527950310559005,0.05434782608695652,0.24615687131881714
2367,excitatory,1,44,0.7763975155279502,2.7872670807453415,-1.7428550720214844
2387,excitatory,1,44,0.0,0.0,
2392,excitatory,1,44,0.0,0.0,
2428,excitatory,1,44,0.2329192546583851,0.78027950310559,-2.563833475112915
2437,excitatory,1,44,0.07763975155279502,0.13975155279503104,-0.639764666557312
2441,excitatory,1,44,22.360248447204967,21.952639751552795,0.7774585485458374
2442,excitatory,1,44,0.07763975155279502,0.3183229813664596,-0.946006178855896
2443,excitatory,1,44,0.0,0.0,
2447,excitatory,1,44,0.15527950310559005,0.21739130434782608,0.25824230909347534
2449,excitatory,1,44,11.024844720496894,8.489906832298136,0.7437809705734253
2451,excitatory,1,44,0.0,0.0,
2467,excitatory,1,44,0.07763975155279502,0.10093167701863354,0.6127187013626099
2472,inhibitory,1,44,11.956521739130434,7.348602484472049,0.46347224712371826
2476,excitatory,1,44,1.9409937888198756,2.8027950310559,0.7374929189682007
2483,inhibitory,1,44,0.15527950310559005,0.019409937888198756,0.08288443088531494
2487,excitatory,1,44,0.15527950310559005,0.25621118012422356,-4.251074314117432
2499,excitatory,1,44,0.0,0.0,
2511,excitatory,1,44,0.0,0.0,
2564,excitatory,1,44,12.034161490683228,13.25698757763975,0.7184399366378784
2584,excitatory,1,44,11.257763975155278,11.525621118012422,0.9822815656661987
2588,inhibitory,1,44,37.577639751552795,28.87422360248447,0.45405179262161255
2589,excitatory,1,44,0.4658385093167702,0.47360248447204967,0.46448540687561035
2608,inhibitory,1,44,1.2422360248447204,1.7041925465838508,0.5624211430549622
2612,excitatory,1,44,27.48447204968944,30.469720496894407,0.9350590109825134
2632,excitatory,1,44,0.0,0.21739130434782608,
2636,inhibitory,1,44,6.444099378881988,3.291925465838509,0.3008286952972412
2638,excitatory,1,44,0.0,0.046583850931677016,
2640,excitatory,1,44,14.67391304347826,17.32531055900621,0.9468877911567688
2649,excitatory,1,44,0.0,0.0,
2653,excitatory,1,44,0.0,0.0,
2654,excitatory,1,44,0.0,0.0,
2655,excitatory,1,44,0.0,0.0,
2663,excitatory,1,44,10.636645962732919,10.61335403726708,0.7422754168510437
2672,excitatory,1,44,16.925465838509314,17.061335403726705,0.782209575176239
2682,excitatory,1,44,19.33229813664596,21.5333850931677,0.6573954820632935
2691,excitatory,1,44,1.3198757763975155,2.7212732919254656,-0.5113320350646973
2697,excitatory,1,44,2.484472049689441,3.4860248447204967,0.2037796974182129
2704,inhibitory,1,44,0.7763975155279502,0.5706521739130435,0.7424771785736084
2709,inhibitory,1,44,2.0186335403726705,2.779503105590062,0.8778839707374573
2712,excitatory,1,44,0.3881987577639751,3.0357142857142856,-12.061273574829102
2740,excitatory,1,44,0.0,0.023291925465838508,
2747,excitatory,1,44,0.0,0.007763975155279502,
2748,excitatory,1,44,0.2329192546583851,0.042701863354037264,0.004913389682769775
2774,excitatory,1,44,0.5434782608695652,0.4386645962732919,0.852095365524292
2778,excitatory,1,44,1.1645962732919255,1.4091614906832297,0.16120213270187378
2782,excitatory,1,44,0.3881987577639751,0.9821428571428571,0.08678072690963745
2787,excitatory,1,44,0.0,0.0,
2790,excitatory,1,44,0.0,0.003881987577639751,
2797,excitatory,1,44,1.5527950310559004,3.2336956521739126,0.1297045350074768
2799,excitatory,1,44,0.0,0.019409937888198756,
2811,excitatory,1,44,1.0093167701863353,2.5427018633540373,0.3546699285507202
2815,excitatory,1,44,6.754658385093167,12.00310559006211,-0.8841277360916138
2820,excitatory,1,44,3.183229813664596,2.837732919254658,-0.1390688419342041
2841,excitatory,1,44,0.3881987577639751,0.43090062111801236,0.3959335684776306
2846,excitatory,1,44,0.0,0.0,
2847,excitatory,1,44,2.950310559006211,6.6770186335403725,-0.3738199472427368
2852,excitatory,1,44,16.69254658385093,12.03027950310559,0.5060433149337769
2857,excitatory,1,44,0.15527950310559005,0.07763975155279502,0.46486175060272217
2858,excitatory,1,44,0.2329192546583851,0.13198757763975155,0.7540150880813599
2871,excitatory,1,44,0.0,0.0,
2876,inhibitory,1,44,0.0,0.09704968944099378,
2881,inhibitory,1,44,16.614906832298136,13.505434782608695,0.3341505527496338
2883,excitatory,1,44,0.4658385093167702,0.857919254658385,-0.6865721940994263
2892,excitatory,1,44,0.0,0.0,
2898,excitatory,1,44,26.940993788819874,31.611024844720493,0.79439377784729
2908,excitatory,1,44,0.0,0.0,
2918,excitatory,1,44,0.3881987577639751,1.0559006211180124,-0.40402400493621826
2929,excitatory,1,44,10.9472049689441,12.395186335403725,0.4577655792236328
2930,excitatory,1,44,0.07763975155279502,0.007763975155279502,-0.023927807807922363
2950,excitatory,1,44,0.0,0.09704968944099378,
2952,inhibitory,1,44,39.98447204968944,43.629658385093165,0.6440425515174866
2954,excitatory,1,44,0.15527950310559005,0.4658385093167701,-1.2576134204864502
2967,excitatory,1,44,0.5434782608695652,1.1878881987577639,0.042022645473480225
2972,excitatory,1,44,0.0,0.0,
2975,excitatory,1,44,1.1645962732919255,0.9239130434782608,0.4574458599090576
2986,excitatory,1,44,0.6211180124223602,1.1801242236024843,0.3798373341560364
3002,excitatory,1,44,0.0,0.0,
3018,excitatory,1,44,0.0,0.003881987577639751,
3021,excitatory,1,44,0.0,0.0,
3030,excitatory,1,44,0.0,0.3338509316770186,
3043,excitatory,1,44,9.549689440993788,11.944875776397515,0.6583090424537659
3046,excitatory,1,44,5.279503105590062,5.229037267080745,0.35198354721069336
3075,inhibitory,1,44,37.422360248447205,28.272515527950308,0.4809553623199463
3110,excitatory,1,44,0.0,0.003881987577639751,
3119,inhibitory,1,44,136.33540372670808,111.48680124223601,0.6995812654495239
3120,inhibitory,1,44,5.745341614906832,4.549689440993788,0.2613396644592285
3122,excitatory,1,44,0.0,0.0,
3131,excitatory,1,44,11.335403726708075,16.032608695652172,0.2640025019645691
3135,excitatory,1,44,0.15527950310559005,0.4541925465838509,-0.38963770866394043
3145,excitatory,1,44,0.3881987577639751,0.6444099378881987,0.47708404064178467
3149,excitatory,1,44,25.232919254658384,30.962732919254655,0.7561352252960205
3154,excitatory,1,44,0.07763975155279502,0.13975155279503104,-0.190743088722229
3157,excitatory,1,44,18.24534161490683,26.22670807453416,0.39323902130126953
3160,excitatory,1,44,0.7763975155279502,2.352484472049689,-0.44320499897003174
3197,excitatory,1,44,2.329192546583851,3.3734472049689437,0.6802892684936523
3200,excitatory,1,44,0.3881987577639751,1.281055900621118,-0.6452127695083618
3209,excitatory,1,44,0.6211180124223602,1.0287267080745341,-0.5850783586502075
3223,excitatory,1,44,6.521739130434782,7.290372670807453,0.6166275143623352
3226,inhibitory,1,44,28.72670807453416,20.93167701863354,0.7926279306411743
3238,excitatory,1,44,1.8633540372670807,1.4906832298136645,0.8346424102783203
3249,excitatory,1,44,1.6304347826086956,1.467391304347826,0.6035117506980896
3258,excitatory,1,44,3.9596273291925463,2.5038819875776395,0.329214870929718
3259,excitatory,1,44,0.0,0.058229813664596265,
3267,excitatory,1,44,1.3975155279503104,0.7686335403726707,0.11224311590194702
3270,excitatory,1,44,0.15527950310559005,0.13975155279503104,0.6508400440216064
3271,inhibitory,1,44,103.64906832298136,69.472049689441,0.13552749156951904
3326,inhibitory,1,44,17.546583850931675,16.836180124223603,0.4255985617637634
3330,inhibitory,1,44,3.881987577639751,3.0318322981366457,0.12723666429519653
3334,inhibitory,1,44,0.0,0.0,
3345,excitatory,1,44,5.357142857142857,7.7018633540372665,0.6027957201004028
3349,excitatory,1,44,23.757763975155278,20.815217391304348,0.7395893931388855
3351,inhibitory,1,44,4.192546583850931,2.775621118012422,0.7422130107879639
3386,excitatory,1,44,0.0,0.0,
3393,excitatory,1,44,1.0869565217391304,1.8245341614906831,-0.5478594303131104
3402,inhibitory,1,44,0.4658385093167702,0.3493788819875776,0.5797420740127563
3424,excitatory,1,44,0.0,0.0,
3430,excitatory,1,44,14.596273291925465,12.263198757763973,0.18829870223999023
3451,excitatory,1,44,0.0,0.011645962732919254,
3461,excitatory,1,44,0.0,0.0,
3474,excitatory,1,44,7.065217391304348,6.304347826086956,0.8291826844215393
3477,inhibitory,1,44,14.285714285714285,6.968167701863353,0.5508667826652527
3485,excitatory,1,44,3.6490683229813663,3.804347826086956,0.8882395625114441
3491,excitatory,1,44,0.6987577639751552,0.7142857142857142,0.3074909448623657
3505,excitatory,1,44,1.3975155279503104,2.104037267080745,0.39186936616897583
3518,excitatory,1,44,0.5434782608695652,0.7608695652173912,0.6435630917549133
3524,excitatory,1,44,0.0,0.0,
3529,excitatory,1,44,0.0,0.17857142857142855,
3535,excitatory,1,44,0.0,0.0,
3562,excitatory,1,44,0.0,0.05434782608695652,
3580,excitatory,1,44,0.0,0.09316770186335403,
3593,excitatory,1,44,3.3385093167701863,3.447204968944099,0.6889991760253906
3611,excitatory,1,44,2.1739130434782608,2.1583850931677016,0.7466575503349304
3614,excitatory,1,44,0.2329192546583851,0.4619565217391304,0.6310164928436279
3620,excitatory,1,44,1.2422360248447204,2.8144409937888195,-0.6424342393875122
3633,excitatory,1,44,1.5527950310559004,1.1762422360248446,0.6418097615242004
3660,excitatory,1,44,0.2329192546583851,0.2872670807453416,0.23544275760650635
3674,excitatory,1,44,0.07763975155279502,0.41149068322981364,-2.2724719047546387
3681,excitatory,1,44,0.6987577639751552,1.9992236024844718,-0.5766264200210571
3682,excitatory,1,44,0.0,0.0,
3687,excitatory,1,44,12.577639751552795,12.523291925465838,0.7737404108047485
3725,excitatory,1,44,0.9316770186335404,1.6925465838509315,-0.2876584529876709
3763,excitatory,1,44,0.2329192546583851,0.3571428571428571,0.36195260286331177
3776,excitatory,1,44,0.07763975155279502,0.09316770186335403,0.7551186680793762
3785,excitatory,1,44,0.0,0.0,
3793,inhibitory,1,44,32.065217391304344,17.546583850931675,0.3010371923446655
3810,excitatory,1,44,12.810559006211179,13.971273291925465,0.9230294227600098
3814,excitatory,1,44,6.832298136645963,7.721273291925465,0.5896694660186768
3815,excitatory,1,44,2.639751552795031,1.7041925465838508,0.5214446187019348
3817,excitatory,1,44,13.354037267080745,14.724378881987576,0.7654713988304138
3843,inhibitory,1,44,15.217391304347824,10.857919254658384,0.5147304534912109
3844,inhibitory,1,44,0.6211180124223602,0.37267080745341613,0.40182220935821533
3865,inhibitory,1,44,5.512422360248447,2.554347826086956,0.4707828760147095
3867,excitatory,1,44,17.391304347826086,19.9223602484472,0.6951483488082886
3875,excitatory,1,44,1.8633540372670807,1.5993788819875776,0.2489216923713684
3888,excitatory,1,44,5.667701863354037,6.405279503105589,0.7806395292282104
3905,excitatory,1,44,35.24844720496894,38.40450310559006,0.44620198011398315
3907,excitatory,1,44,0.8540372670807453,0.6599378881987578,0.04507434368133545
3956,excitatory,1,44,0.0,0.0,
3967,excitatory,1,44,0.0,0.03493788819875776,
3978,excitatory,1,44,0.7763975155279502,0.6133540372670807,0.4046517014503479
3980,excitatory,1,44,34.93788819875776,41.315993788819874,0.7292534112930298
3981,excitatory,1,44,0.0,0.003881987577639751,
3993,excitatory,1,44,20.807453416149066,14.627329192546583,0.31082838773727417
4002,excitatory,1,44,1.0869565217391304,1.71583850931677,0.6354930400848389
4009,excitatory,1,44,0.9316770186335404,1.1995341614906831,0.4181048274040222
4011,excitatory,1,44,2.329192546583851,3.4704968944099375,0.41210007667541504
4022,excitatory,1,44,31.909937888198755,33.295807453416145,0.6796914339065552
4029,excitatory,1,44,0.0,0.023291925465838508,
4034,excitatory,1,44,0.0,0.0,
4052,excitatory,1,44,0.3105590062111801,0.3493788819875776,0.019338548183441162
4056,excitatory,1,44,0.15527950310559005,0.12422360248447203,0.31191033124923706
4064,inhibitory,1,44,8.928571428571429,6.149068322981366,0.9011709690093994
4068,inhibitory,1,44,0.0,0.0,
4076,excitatory,1,44,0.0,0.019409937888198756,
4083,inhibitory,1,44,3.3385093167701863,1.8905279503105588,0.7304836511611938
4085,excitatory,1,44,0.0,0.0,
4087,inhibitory,1,44,0.6211180124223602,0.4464285714285714,0.2311803102493286
4089,excitatory,1,44,0.0,0.0,
4095,excitatory,1,44,2.795031055900621,2.9619565217391304,0.6127270460128784
4097,excitatory,1,44,0.07763975155279502,0.1979813664596273,-0.17770397663116455
4100,excitatory,1,44,0.07763975155279502,0.1436335403726708,-0.22072982788085938
4104,inhibitory,1,44,2.0186335403726705,1.1762422360248446,0.39607441425323486
4107,excitatory,1,44,0.0,0.0,
4108,excitatory,1,44,0.0,0.011645962732919254,
4117,excitatory,1,44,0.0,0.03105590062111801,
4140,excitatory,1,44,0.3105590062111801,0.9860248447204968,-0.8878813982009888
4141,excitatory,1,44,0.2329192546583851,1.1762422360248446,-2.784153699874878
4220,inhibitory,1,44,59.86024844720497,39.00621118012422,0.2887738347053528
4227,inhibitory,1,44,0.0,0.0,
4282,excitatory,1,44,0.0,0.0,
4288,excitatory,1,44,0.0,0.08152173913043477,
4301,inhibitory,1,44,7.841614906832298,4.658385093167701,0.7388721108436584
4304,excitatory,1,44,0.0,0.0,
4314,excitatory,1,44,0.3881987577639751,0.1591614906832298,0.12422353029251099
4316,inhibitory,1,44,4.580745341614906,6.211180124223602,0.030256986618041992
4317,excitatory,1,44,0.0,0.019409937888198756,
4319,excitatory,1,44,6.366459627329192,7.779503105590061,0.8206490278244019
4335,excitatory,1,44,10.093167701863353,10.834627329192546,0.7019927501678467
4340,excitatory,1,44,3.6490683229813663,4.506987577639751,0.5703062415122986
4384,excitatory,1,44,0.0,0.0,
4407,inhibitory,1,44,1.3198757763975155,1.8245341614906831,0.5988199710845947
4411,excitatory,1,44,0.0,0.0,
4418,inhibitory,1,44,1.3198757763975155,0.1979813664596273,0.13699573278427124
4419,excitatory,1,44,2.872670807453416,5.527950310559006,0.2149181365966797
4421,inhibitory,1,44,15.372670807453416,18.924689440993788,0.3173222541809082
4422,excitatory,1,44,0.0,0.0,
4446,excitatory,1,44,0.0,0.0,
4457,excitatory,1,44,0.4658385093167702,0.5706521739130435,0.347586989402771
4459,excitatory,1,44,0.0,0.0,
4460,excitatory,1,44,0.0,0.0,
4474,inhibitory,1,44,3.804347826086956,2.4107142857142856,0.5100394487380981
4481,excitatory,1,44,0.0,0.0,
4491,excitatory,1,44,0.0,0.0,
4494,excitatory,1,44,0.0,0.0,
4495,excitatory,1,44,120.80745341614906,117.72903726708074,0.552070140838623
4513,excitatory,1,44,4.891304347826087,6.816770186335403,0.533448338508606
4515,excitatory,1,44,0.2329192546583851,0.6521739130434782,-1.4287190437316895
4521,excitatory,1,44,10.714285714285714,13.43167701863354,0.375724732875824
4524,excitatory,1,44,0.15527950310559005,0.2523291925465838,0.5318136215209961
4532,excitatory,1,44,0.0,0.0,
4553,excitatory,1,44,0.0,0.05434782608695652,
4565,inhibitory,1,44,16.38198757763975,19.421583850931675,0.28776103258132935
4580,excitatory,1,44,0.8540372670807453,1.5993788819875776,-0.20841538906097412
4588,excitatory,1,44,41.38198757763975,55.32996894409938,-0.17337334156036377
4621,excitatory,1,44,0.07763975155279502,0.10869565217391304,0.15377992391586304
4626,inhibitory,1,44,0.0,0.0,
4636,excitatory,1,44,0.0,0.20186335403726707,
4652,inhibitory,1,44,0.3105590062111801,0.29891304347826086,0.10903418064117432
4662,inhibitory,1,44,6.444099378881988,2.663043478260869,0.29334014654159546
4674,excitatory,1,44,0.15527950310559005,0.2911490683229813,0.5868812799453735
4691,excitatory,1,44,11.335403726708075,12.651397515527949,0.9585472941398621
4712,excitatory,1,44,0.3881987577639751,1.2694099378881987,-3.7376155853271484
4727,inhibitory,1,44,0.07763975155279502,0.05046583850931677,0.5084830522537231
4732,inhibitory,1,44,0.0,0.0,
4746,excitatory,1,44,2.7173913043478257,3.555900621118012,0.425517201423645
4753,excitatory,1,44,0.4658385093167702,0.578416149068323,0.9473187923431396
4765,excitatory,1,44,0.0,0.09316770186335403,
4777,excitatory,1,44,3.183229813664596,3.3346273291925463,0.9124387502670288
4779,inhibitory,1,44,5.2018633540372665,6.820652173913043,0.44437193870544434
4788,excitatory,1,44,6.521739130434782,9.157608695652174,0.6494253873825073
4798,inhibitory,1,44,21.11801242236025,10.531832298136646,0.45792245864868164
4799,inhibitory,1,44,3.881987577639751,2.18167701863354,0.34495335817337036
4803,excitatory,1,44,0.15527950310559005,0.10481366459627328,0.8962528705596924
4815,excitatory,1,44,0.0,0.3183229813664596,
4820,inhibitory,1,44,0.5434782608695652,0.2717391304347826,0.4184470772743225
4832,excitatory,1,44,3.7267080745341614,4.425465838509316,0.4200584292411804
4835,inhibitory,1,44,4.270186335403727,4.468167701863353,0.552990198135376
4837,excitatory,1,44,28.881987577639748,28.947981366459626,0.8808054327964783
4846,excitatory,1,44,9.860248447204969,11.486801242236023,0.8957313895225525
4866,excitatory,1,44,0.0,0.007763975155279502,
4870,excitatory,1,44,0.0,0.011645962732919254,
4877,inhibitory,1,44,0.4658385093167702,0.06211180124223602,0.18153154850006104
4886,inhibitory,1,44,7.453416149068323,8.082298136645962,0.08422785997390747
4889,inhibitory,1,44,0.0,0.5706521739130435,
4905,excitatory,1,44,0.0,0.023291925465838508,
4909,inhibitory,1,44,0.0,0.023291925465838508,
4936,excitatory,1,44,0.0,0.13198757763975155,
4941,excitatory,1,44,0.15527950310559005,0.023291925465838508,0.1928521990776062
4944,excitatory,1,44,0.2329192546583851,0.24068322981366458,0.12350130081176758
4945,excitatory,1,44,0.0,0.0,
4947,excitatory,1,44,15.683229813664596,20.11257763975155,0.35684704780578613
4959,inhibitory,1,44,0.07763975155279502,0.03881987577639751,-0.013135910034179688
4964,excitatory,1,44,0.0,0.0,
4967,inhibitory,1,44,8.152173913043478,6.308229813664596,0.814470648765564
4970,inhibitory,1,44,14.130434782608695,9.204192546583851,0.4932824373245239
4979,excitatory,1,44,0.0,0.0,
0,inhibitory,0,44,8.773291925465838,5.706521739130435,0.3282088041305542
1,excitatory,0,44,0.15527950310559005,0.1902173913043478,0.1797487735748291
2,inhibitory,0,44,13.664596273291925,11.249999999999998,0.7910945415496826
3,excitatory,0,44,0.07763975155279502,0.05434782608695652,-0.25607800483703613
4,excitatory,0,44,0.0,0.0,
5,inhibitory,0,44,1.7080745341614907,0.29891304347826086,-0.02583920955657959
6,excitatory,0,44,13.819875776397515,15.496894409937887,0.7114717960357666
7,excitatory,0,44,0.5434782608695652,1.8012422360248446,-0.9625669717788696
9,excitatory,0,44,0.4658385093167702,1.5062111801242235,-0.7655426263809204
11,excitatory,0,44,6.133540372670807,6.86723602484472,0.6009145379066467
12,inhibitory,0,44,0.5434782608695652,0.023291925465838508,0.025476455688476562
13,inhibitory,0,44,21.11801242236025,16.81288819875776,0.7316886782646179
14,excitatory,0,44,28.959627329192546,31.642080745341612,0.6792582273483276
15,excitatory,0,44,0.0,0.29503105590062106,
16,excitatory,0,44,2.4068322981366457,3.210403726708074,0.7011864185333252
17,excitatory,0,44,5.667701863354037,7.282608695652173,0.6724637150764465
18,excitatory,0,44,0.0,0.0,
19,inhibitory,0,44,0.0,0.0,
20,excitatory,0,44,22.049689440993788,22.31754658385093,0.7431372404098511
21,excitatory,0,44,0.07763975155279502,0.07763975155279502,0.9876269698143005
22,excitatory,0,44,8.850931677018632,11.69254658385093,0.6705173850059509
23,excitatory,0,44,1.0869565217391304,0.9161490683229813,0.3038969039916992
24,inhibitory,0,44,2.7173913043478257,1.1956521739130435,0.6272047758102417
25,excitatory,0,44,71.972049689441,84.25465838509317,0.6621239185333252
26,inhibitory,0,44,0.2329192546583851,0.0,-0.016184687614440918
27,excitatory,0,44,0.0,0.03881987577639751,
29,excitatory,0,44,0.15527950310559005,0.058229813664596265,0.5482062697410583
30,excitatory,0,44,4.658385093167702,4.99611801242236,0.8243417739868164
31,excitatory,0,44,2.0186335403726705,3.27639751552795,0.1827731728553772
32,inhibitory,0,44,0.15527950310559005,0.023291925465838508,0.06428605318069458
33,excitatory,0,44,0.0,0.0,
34,excitatory,0,44,0.0,0.0,
35,excitatory,0,44,2.0962732919254656,3.994565217391304,-0.005165576934814453
36,excitatory,0,44,0.0,0.003881987577639751,
37,excitatory,0,44,0.0,0.0,
38,excitatory,0,44,0.07763975155279502,0.24456521739130432,-3.409738540649414
39,excitatory,0,44,0.0,0.0,
40,excitatory,0,44,3.4161490683229814,4.041149068322981,0.5881012678146362
41,excitatory,0,44,0.07763975155279502,0.6133540372670807,-3.5682225227355957
42,excitatory,0,44,12.18944099378882,17.340838509316768,0.6320890188217163
43,excitatory,0,44,6.987577639751552,9.211956521739129,0.6630575656890869
45,inhibitory,0,44,0.07763975155279502,0.12810559006211178,0.05790102481842041
46,excitatory,0,44,0.0,0.03105590062111801,
47,excitatory,0,44,0.0,0.007763975155279502,
48,excitatory,0,44,3.027950310559006,4.145962732919254,0.5919202566146851
49,excitatory,0,44,0.0,0.0,
51,inhibitory,0,44,11.878881987577639,11.498447204968944,0.6678370237350464
52,excitatory,0,44,0.0,0.0,
53,excitatory,0,44,0.0,0.0,
54,excitatory,0,44,10.714285714285714,12.247670807453416,0.8761125802993774
55,excitatory,0,44,1.7080745341614907,3.6568322981366457,0.3929157257080078
56,inhibitory,0,44,0.0,0.0,
57,inhibitory,0,44,31.67701863354037,20.034937888198755,0.7845901846885681
58,excitatory,0,44,0.0,0.0,
59,excitatory,0,44,4.037267080745341,5.780279503105589,0.2859566807746887
60,inhibitory,0,44,0.9316770186335404,1.0131987577639752,0.5591683387756348
62,excitatory,0,44,6.288819875776397,7.942546583850931,0.8941439986228943
63,excitatory,0,44,0.15527950310559005,0.24844720496894407,0.5263820290565491
64,excitatory,0,44,0.0,0.019409937888198756,
65,excitatory,0,44,0.4658385093167702,2.104037267080745,-4.4183454513549805
67,inhibitory,0,44,1.8633540372670807,0.78027950310559,0.2536800503730774
68,excitatory,0,44,0.0,0.08540372670807453,
69,excitatory,0,44,0.2329192546583851,0.22903726708074532,0.71668940782547
70,inhibitory,0,44,1.6304347826086956,4.36335403726708,-1.0883727073669434
71,excitatory,0,44,2.251552795031056,3.664596273291925,-0.260878324508667
73,excitatory,0,44,0.0,0.0,
74,excitatory,0,44,0.07763975155279502,0.12810559006211178,0.6350522041320801
75,excitatory,0,44,0.7763975155279502,0.5201863354037266,0.468036949634552
76,excitatory,0,44,0.0,0.06599378881987578,
77,excitatory,0,44,0.9316770186335404,1.281055900621118,0.3525519371032715
78,inhibitory,0,44,3.6490683229813663,2.006987577639751,0.28016722202301025
79,excitatory,0,44,0.07763975155279502,0.6677018633540373,-6.075266361236572
80,excitatory,0,44,6.444099378881988,8.458850931677018,0.5574978590011597
81,excitatory,0,44,21.11801242236025,20.39596273291925,0.5679054260253906
82,excitatory,0,44,1.1645962732919255,0.4697204968944099,0.30422717332839966
83,excitatory,0,44,0.0,0.2872670807453416,
84,excitatory,0,44,0.0,0.0,
85,excitatory,0,44,0.0,0.007763975155279502,
86,inhibitory,0,44,1.0869565217391304,0.6599378881987578,-0.0540081262588501
89,excitatory,0,44,0.0,0.003881987577639751,
91,inhibitory,0,44,0.5434782608695652,0.12422360248447203,0.13269102573394775
92,inhibitory,0,44,196.6614906832298,169.84083850931677,0.40916168689727783
93,excitatory,0,44,0.0,0.05434782608695652,
94,excitatory,0,44,0.15527950310559005,0.24456521739130432,0.5458980798721313
95,excitatory,0,44,0.3105590062111801,0.6211180124223602,-0.932448148727417
96,inhibitory,0,44,0.0,0.0,
97,excitatory,0,44,14.285714285714285,12.94642857142857,0.8727123737335205
98,excitatory,0,44,0.0,0.0,
99,inhibitory,0,44,0.4658385093167702,1.2072981366459625,-0.9049980640411377
100,inhibitory,0,44,0.3881987577639751,0.3183229813664596,0.32190293073654175
101,inhibitory,0,44,4.114906832298137,1.0248447204968942,0.15479952096939087
102,excitatory,0,44,0.0,0.03881987577639751,
104,excitatory,0,44,0.0,0.0,
105,excitatory,0,44,0.0,0.03105590062111801,
106,excitatory,0,44,4.503105590062112,5.566770186335403,0.6844445466995239
107,excitatory,0,44,2.484472049689441,3.8586956521739126,0.5319728255271912
108,excitatory,0,44,0.0,0.0,
109,excitatory,0,44,0.0,0.0,
110,excitatory,0,44,0.0,0.007763975155279502,
111,inhibitory,0,44,101.3975155279503,86.70807453416148,0.8142240047454834
112,excitatory,0,44,0.0,0.011645962732919254,
113,excitatory,0,44,0.0,0.0,
114,excitatory,0,44,0.6211180124223602,1.8361801242236022,-0.6829224824905396
115,excitatory,0,44,0.15527950310559005,0.2795031055900621,-0.29300224781036377
116,excitatory,0,44,2.251552795031056,3.4045031055900616,0.5151811838150024
117,excitatory,0,44,0.0,0.06211180124223602,
119,inhibitory,0,44,1.0869565217391304,0.2911490683229813,0.12542909383773804
120,excitatory,0,44,0.0,0.0,
121,inhibitory,0,44,1.7857142857142856,0.7841614906832297,0.26742982864379883
122,excitatory,0,44,0.3105590062111801,0.24068322981366458,0.2505720853805542
123,excitatory,0,44,0.3105590062111801,0.6094720496894409,0.6252025365829468
124,excitatory,0,44,73.83540372670807,73.0861801242236,0.690076470375061
125,excitatory,0,44,13.354037267080745,10.275621118012422,0.8432641625404358
126,excitatory,0,44,3.105590062111801,8.10170807453416,-1.2867944240570068
128,inhibitory,0,44,48.05900621118012,35.86568322981366,0.2983657717704773
129,excitatory,0,44,0.0,0.13198757763975155,
130,excitatory,0,44,0.0,0.0,
131,excitatory,0,44,2.4068322981366457,3.451086956521739,0.4694654941558838
132,excitatory,0,44,0.15527950310559005,0.5240683229813664,-0.8931255340576172
133,excitatory,0,44,0.4658385093167702,0.857919254658385,0.41222894191741943
134,excitatory,0,44,0.3881987577639751,1.2072981366459625,-1.5325634479522705
135,excitatory,0,44,0.6211180124223602,2.0031055900621118,-2.446910858154297
136,excitatory,0,44,0.0,0.007763975155279502,
137,excitatory,0,44,31.444099378881987,39.17313664596273,0.6817917823791504
138,excitatory,0,44,0.5434782608695652,0.3571428571428571,0.49054020643234253
139,excitatory,0,44,0.2329192546583851,0.29891304347826086,-0.24248778820037842
141,inhibitory,0,44,7.142857142857142,6.925465838509316,0.23006099462509155
142,excitatory,0,44,2.4068322981366457,2.6436335403726705,0.2926667332649231
143,excitatory,0,44,0.9316770186335404,1.8206521739130432,0.007746875286102295
144,excitatory,0,44,0.0,0.0,
146,excitatory,0,44,0.0,0.05434782608695652,
147,inhibitory,0,44,9.394409937888199,6.424689440993788,0.7954677939414978
148,excitatory,0,44,4.114906832298137,5.718167701863353,0.6031897664070129
149,excitatory,0,44,76.94099378881987,73.98680124223601,0.9467008113861084
150,excitatory,0,44,0.0,0.13198757763975155,
151,excitatory,0,44,2.329192546583851,3.58695652173913,0.2755471467971802
152,inhibitory,0,44,3.027950310559006,2.3447204968944098,0.3447468876838684
153,excitatory,0,44,0.3105590062111801,0.16304347826086954,0.036746859550476074
154,excitatory,0,44,0.0,0.03881987577639751,
155,excitatory,0,44,0.07763975155279502,0.23291925465838506,-0.33691883087158203
156,excitatory,0,44,0.07763975155279502,0.35326086956521735,-2.1881103515625
157,excitatory,0,44,0.15527950310559005,0.5007763975155279,-4.0696234703063965
158,excitatory,0,44,1.1645962732919255,3.2996894409937885,-1.130753993988037
160,excitatory,0,44,0.3105590062111801,0.19409937888198756,0.4786996841430664
161,excitatory,0,44,0.0,0.0,
162,excitatory,0,44,9.937888198757763,11.820652173913043,0.876859724521637
163,excitatory,0,44,0.5434782608695652,0.656055900621118,0.07231593132019043
164,excitatory,0,44,0.0,0.0,
165,excitatory,0,44,1.0093167701863353,1.3315217391304346,0.375694215297699
166,excitatory,0,44,2.950310559006211,1.5566770186335401,0.19076412916183472
167,excitatory,0,44,7.142857142857142,7.95419254658385,0.7817164063453674
168,inhibitory,0,44,0.7763975155279502,0.7298136645962733,0.6896480917930603
169,excitatory,0,44,0.0,0.0,
170,excitatory,0,44,1.9409937888198756,2.154503105590062,0.4252568483352661
171,excitatory,0,44,0.0,0.03105590062111801,
172,excitatory,0,44,0.07763975155279502,0.11257763975155279,-0.05108976364135742
173,excitatory,0,44,0.07763975155279502,0.39208074534161486,-2.0058481693267822
174,inhibitory,0,44,9.627329192546583,7.154503105590061,0.5075036287307739
175,excitatory,0,44,0.9316770186335404,1.6498447204968942,0.49271970987319946
176,excitatory,0,44,1.9409937888198756,3.245341614906832,0.031230926513671875
177,excitatory,0,44,0.15527950310559005,0.3998447204968944,-0.7385025024414062
178,excitatory,0,44,0.9316770186335404,1.1762422360248446,-0.2370520830154419
179,excitatory,0,44,8.462732919254657,11.459627329192546,0.3652224540710449
180,excitatory,0,44,0.07763975155279502,0.0,-0.013898611068725586
181,excitatory,0,44,0.0,0.0,
182,excitatory,0,44,0.0,0.0,
183,excitatory,0,44,8.540372670807454,9.246894409937887,0.4741625189781189
184,excitatory,0,44,0.0,0.2523291925465838,
186,excitatory,0,44,0.0,0.2600931677018633,
187,excitatory,0,44,0.15527950310559005,0.17857142857142855,0.9169125556945801
188,excitatory,0,44,0.0,0.13975155279503104,
189,excitatory,0,44,0.15527950310559005,0.019409937888198756,0.23065519332885742
190,excitatory,0,44,5.357142857142857,5.570652173913043,0.5986087322235107
191,excitatory,0,44,0.0,0.05046583850931677,
192,excitatory,0,44,0.0,0.0,
193,excitatory,0,44,7.453416149068323,9.118788819875775,0.362717866897583
194,excitatory,0,44,0.0,0.03881987577639751,
195,inhibitory,0,44,10.015527950310558,6.673136645962733,0.6672484874725342
196,excitatory,0,44,70.96273291925465,71.67701863354037,0.7482396364212036
197,excitatory,0,44,36.49068322981366,32.232142857142854,0.3333638906478882
198,excitatory,0,44,0.07763975155279502,0.019409937888198756,-0.04574716091156006
199,excitatory,0,44,0.3881987577639751,0.8385093167701863,0.3463168144226074
200,excitatory,0,44,25.77639751552795,28.982919254658384,0.5332021117210388
201,excitatory,0,44,0.0,0.07763975155279502,
202,excitatory,0,44,0.3881987577639751,0.37267080745341613,-0.10667407512664795
203,excitatory,0,44,0.0,0.02717391304347826,
204,inhibitory,0,44,2.639751552795031,2.1156832298136643,0.202806293964386
205,excitatory,0,44,0.2329192546583851,0.39208074534161486,0.39987558126449585
206,excitatory,0,44,23.757763975155278,17.344720496894407,0.42513716220855713
207,excitatory,0,44,12.18944099378882,12.434006211180122,0.4263112545013428
208,excitatory,0,44,1.3975155279503104,1.3625776397515528,0.8657561540603638
210,inhibitory,0,44,0.15527950310559005,0.12422360248447203,0.33316123485565186
211,excitatory,0,44,0.3881987577639751,0.3881987577639751,0.5424212217330933
212,excitatory,0,44,0.0,0.0,
213,inhibitory,0,44,1.0093167701863353,0.718167701863354,0.2838282585144043
214,excitatory,0,44,0.0,0.015527950310559004,
215,excitatory,0,44,0.2329192546583851,0.4930124223602484,-1.7511630058288574
216,excitatory,0,44,0.07763975155279502,0.015527950310559004,0.13736629486083984
217,excitatory,0,44,11.956521739130434,13.788819875776396,0.7544313669204712
218,excitatory,0,44,0.0,0.0,
219,excitatory,0,44,0.0,0.12422360248447203,
220,excitatory,0,44,0.0,0.0,
221,inhibitory,0,44,21.195652173913043,19.18090062111801,0.7448098659515381
222,excitatory,0,44,6.987577639751552,8.10947204968944,0.7852025628089905
223,excitatory,0,44,0.6211180124223602,0.22127329192546583,0.22761648893356323
224,inhibitory,0,44,4.503105590062112,1.8749999999999998,0.031399428844451904
225,excitatory,0,44,0.0,0.20962732919254656,
226,excitatory,0,44,0.15527950310559005,0.16304347826086954,0.7024256587028503
227,excitatory,0,44,0.0,0.003881987577639751,
228,inhibitory,0,44,16.149068322981364,16.37810559006211,0.7288058996200562
229,inhibitory,0,44,8.540372670807454,7.453416149068322,0.5739191770553589
230,excitatory,0,44,3.571428571428571,5.1436335403726705,0.6640211343765259
231,excitatory,0,44,0.0,0.0,
232,excitatory,0,44,0.0,0.019409937888198756,
233,excitatory,0,44,0.0,0.007763975155279502,
234,excitatory,0,44,0.0,0.042701863354037264,
235,excitatory,0,44,11.72360248447205,14.060559006211179,0.41354864835739136
236,excitatory,0,44,0.15527950310559005,0.24844720496894407,-0.05424356460571289
237,excitatory,0,44,0.6987577639751552,1.4945652173913042,-0.17293894290924072
240,inhibitory,0,44,26.319875776397513,21.53726708074534,0.645370602607727
241,excitatory,0,44,0.0,0.0,
242,excitatory,0,44,9.472049689440993,11.052018633540373,0.8316864967346191
243,excitatory,0,44,8.540372670807454,9.277950310559005,0.6051187515258789
244,inhibitory,0,44,0.0,0.015527950310559004,
245,excitatory,0,44,1.8633540372670807,2.5698757763975153,0.642512857913971
246,excitatory,0,44,10.170807453416149,10.675465838509316,0.7464491128921509
247,excitatory,0,44,0.0,0.003881987577639751,
248,excitatory,0,44,0.0,0.0,
249,excitatory,0,44,5.434782608695651,7.131211180124223,0.6231132745742798
250,inhibitory,0,44,11.335403726708075,5.888975155279502,0.20021003484725952
251,inhibitory,0,44,18.711180124223603,11.21894409937888,0.5641154050827026
255,excitatory,0,44,1.5527950310559004,1.4130434782608694,0.7956076860427856
256,excitatory,0,44,0.07763975155279502,0.015527950310559004,-0.03043234348297119
257,excitatory,0,44,1.7080745341614907,1.125776397515528,0.7842498421669006
258,excitatory,0,44,0.0,0.0,
259,excitatory,0,44,0.0,0.0,
260,excitatory,0,44,0.0,0.003881987577639751,
261,excitatory,0,44,1.8633540372670807,1.7740683229813663,0.7320830821990967
262,inhibitory,0,44,0.07763975155279502,0.05046583850931677,-0.03787362575531006
263,inhibitory,0,44,10.015527950310558,6.362577639751552,0.5538291931152344
264,inhibitory,0,44,0.3881987577639751,0.06987577639751552,0.30347388982772827
265,excitatory,0,44,3.260869565217391,2.9114906832298133,0.8625497817993164
266,excitatory,0,44,0.0,0.0,
267,excitatory,0,44,0.07763975155279502,0.1591614906832298,0.660647451877594
268,inhibitory,0,44,19.79813664596273,13.454968944099377,0.7952748537063599
270,excitatory,0,44,0.0,0.0,
271,excitatory,0,44,0.6211180124223602,0.2911490683229813,0.33218443393707275
272,excitatory,0,44,0.0,0.10481366459627328,
273,excitatory,0,44,18.012422360248447,15.62111801242236,0.557931661605835
274,excitatory,0,44,0.0,0.0,
275,excitatory,0,44,0.0,0.0,
276,excitatory,0,44,0.0,0.0,
277,excitatory,0,44,19.487577639751553,16.2305900621118,0.8682746887207031
278,excitatory,0,44,0.0,0.0,
279,inhibitory,0,44,17.236024844720497,5.892857142857142,0.4799908995628357
280,excitatory,0,44,0.3881987577639751,0.15527950310559005,0.5670098662376404
281,excitatory,0,44,0.0,0.003881987577639751,
282,excitatory,0,44,0.0,0.003881987577639751,
283,excitatory,0,44,23.059006211180122,21.2111801242236,0.820346474647522
284,inhibitory,0,44,6.521739130434782,2.453416149068323,0.24058115482330322
285,excitatory,0,44,0.0,0.003881987577639751,
286,excitatory,0,44,0.15527950310559005,0.12810559006211178,0.6432180404663086
287,excitatory,0,44,0.0,0.0,
288,excitatory,0,44,0.07763975155279502,0.3804347826086956,-5.541001319885254
289,inhibitory,0,44,0.07763975155279502,0.0,-0.013933897018432617
290,excitatory,0,44,0.4658385093167702,0.08540372670807453,0.16586905717849731
291,excitatory,0,44,0.0,0.0,
292,inhibitory,0,44,2.795031055900621,3.5442546583850927,0.24292582273483276
293,inhibitory,0,44,5.046583850931676,9.394409937888199,-0.17550110816955566
294,excitatory,0,44,0.0,0.0,
295,excitatory,0,44,0.8540372670807453,0.842391304347826,0.48116737604141235
296,inhibitory,0,44,225.54347826086956,205.958850931677,0.8180379867553711
297,excitatory,0,44,0.0,0.06211180124223602,
299,excitatory,0,44,0.0,0.06599378881987578,
300,excitatory,0,44,0.0,0.007763975155279502,
301,excitatory,0,44,2.4068322981366457,2.278726708074534,0.6555014848709106
304,excitatory,0,44,2.4068322981366457,2.562111801242236,0.16385120153427124
305,excitatory,0,44,0.07763975155279502,0.13975155279503104,0.5520620346069336
306,excitatory,0,44,0.07763975155279502,0.43478260869565216,-3.3584461212158203
307,inhibitory,0,44,4.503105590062112,3.326863354037267,0.7674567103385925
309,excitatory,0,44,0.0,0.29891304347826086,
310,excitatory,0,44,0.0,0.0,
311,excitatory,0,44,7.608695652173912,7.4184782608695645,0.8887683749198914
312,inhibitory,0,44,12.65527950310559,9.98447204968944,0.39020782709121704
313,excitatory,0,44,30.59006211180124,35.44642857142857,0.28664934635162354
314,excitatory,0,44,7.065217391304348,8.156055900621118,0.4931296110153198
315,excitatory,0,44,0.0,0.003881987577639751,
316,excitatory,0,44,0.0,0.007763975155279502,
317,excitatory,0,44,0.0,0.3260869565217391,
318,excitatory,0,44,11.645962732919253,13.25310559006211,0.5569926500320435
319,excitatory,0,44,0.0,0.0,
320,excitatory,0,44,0.3105590062111801,0.43478260869565216,-0.04506862163543701
321,excitatory,0,44,0.2329192546583851,0.2911490683229813,0.6191047430038452
322,excitatory,0,44,0.0,0.20186335403726707,
323,excitatory,0,44,3.9596273291925463,4.666149068322981,0.7480649352073669
324,excitatory,0,44,0.0,0.0,
325,inhibitory,0,44,0.0,0.03493788819875776,
326,excitatory,0,44,0.3105590062111801,0.5745341614906831,0.1430584192276001
327,inhibitory,0,44,6.133540372670807,6.727484472049689,0.7383323907852173
328,excitatory,0,44,10.481366459627328,11.451863354037267,0.9649573564529419
329,excitatory,0,44,0.0,0.20186335403726707,
330,inhibitory,0,44,0.15527950310559005,0.31444099378881984,-1.371624231338501
331,excitatory,0,44,0.15527950310559005,0.1669254658385093,0.19907927513122559
332,excitatory,0,44,0.0,0.0,
333,excitatory,0,44,0.6211180124223602,0.9743788819875776,0.4651012420654297
334,excitatory,0,44,6.832298136645963,7.938664596273291,0.5495884418487549
336,inhibitory,0,44,0.6211180124223602,1.40139751552795,-1.0725688934326172
337,excitatory,0,44,0.0,0.0,
338,inhibitory,0,44,2.872670807453416,1.9099378881987576,0.37588924169540405
339,excitatory,0,44,6.521739130434782,7.18555900621118,0.4017469882965088
340,excitatory,0,44,0.0,0.0,
341,excitatory,0,44,0.0,0.0,
343,excitatory,0,44,0.0,0.0,
344,excitatory,0,44,1.2422360248447204,1.125776397515528,0.6320480108261108
345,excitatory,0,44,2.251552795031056,3.4782608695652173,0.6432793140411377
346,excitatory,0,44,1.3975155279503104,2.0885093167701863,0.27195513248443604
347,excitatory,0,44,0.0,0.0,
348,excitatory,0,44,0.0,0.0,
349,excitatory,0,44,0.07763975155279502,0.03881987577639751,-0.08776867389678955
350,excitatory,0,44,0.07763975155279502,0.06987577639751552,0.684648334980011
351,excitatory,0,44,0.0,0.0,
352,inhibitory,0,44,12.96583850931677,4.270186335403726,0.06360220909118652
353,excitatory,0,44,3.7267080745341614,4.36335403726708,0.8375735878944397
354,excitatory,0,44,0.0,0.0,
355,excitatory,0,44,1.7080745341614907,2.826086956521739,0.08769434690475464
356,excitatory,0,44,0.0,0.0,
357,excitatory,0,44,0.2329192546583851,0.5240683229813664,-0.4582117795944214
358,excitatory,0,44,0.0,0.12422360248447203,
359,inhibitory,0,44,243.55590062111798,226.40139751552792,0.4964473247528076
360,inhibitory,0,44,126.70807453416148,84.28959627329192,0.16946816444396973
361,excitatory,0,44,0.0,0.003881987577639751,
362,excitatory,0,44,0.0,0.0,
363,excitatory,0,44,0.0,0.0,
365,excitatory,0,44,0.3881987577639751,0.5395962732919254,0.5121159553527832
366,inhibitory,0,44,3.027950310559006,1.4091614906832297,0.35899651050567627
368,excitatory,0,44,2.795031055900621,9.475931677018632,-2.44954252243042
369,excitatory,0,44,0.0,0.0,
370,excitatory,0,44,0.0,0.0,
371,excitatory,0,44,0.0,0.023291925465838508,
372,excitatory,0,44,1.2422360248447204,3.245341614906832,-1.2070708274841309
373,excitatory,0,44,1.6304347826086956,3.4782608695652173,-0.15940260887145996
374,excitatory,0,44,2.0962732919254656,3.198757763975155,0.635869562625885
375,excitatory,0,44,0.5434782608695652,0.4697204968944099,0.9368644952774048
376,excitatory,0,44,5.279503105590062,6.277173913043478,0.6880950927734375
377,inhibitory,0,44,5.590062111801242,8.198757763975154,0.15739011764526367
378,excitatory,0,44,0.9316770186335404,1.3470496894409936,0.6323134899139404
381,excitatory,0,44,0.0,0.0,
382,excitatory,0,44,0.3881987577639751,0.4192546583850931,0.7670168876647949
383,inhibitory,0,44,0.0,0.0,
384,inhibitory,0,44,0.4658385093167702,0.4192546583850931,0.036984026432037354
385,excitatory,0,44,0.0,0.0,
386,excitatory,0,44,0.0,0.0,
387,excitatory,0,44,0.0,0.0,
388,excitatory,0,44,0.0,0.05046583850931677,
389,excitatory,0,44,1.3975155279503104,1.2927018633540373,0.5072551369667053
390,excitatory,0,44,4.736024844720497,3.6102484472049685,0.6176877021789551
391,excitatory,0,44,0.0,0.0,
393,inhibitory,0,44,0.5434782608695652,0.78027950310559,-0.8958592414855957
394,excitatory,0,44,0.0,0.07375776397515527,
395,inhibitory,0,44,3.260869565217391,1.9060559006211177,0.6784246563911438
397,inhibitory,0,44,0.3105590062111801,0.28338509316770183,0.5449386835098267
398,excitatory,0,44,0.0,0.11645962732919253,
399,excitatory,0,44,0.0,0.0,
400,inhibitory,0,44,39.59627329192546,35.90062111801242,0.109283447265625
401,inhibitory,0,44,30.667701863354036,26.199534161490682,0.9335108995437622
402,excitatory,0,44,1.7080745341614907,2.2282608695652173,0.7144083976745605
403,excitatory,0,44,0.0,0.0,
404,excitatory,0,44,0.3881987577639751,0.015527950310559004,-0.02009260654449463
405,excitatory,0,44,0.15527950310559005,0.18633540372670807,0.7178933024406433
407,excitatory,0,44,0.0,0.0,
408,excitatory,0,44,0.2329192546583851,0.3571428571428571,0.5653978586196899
409,excitatory,0,44,1.7080745341614907,1.3082298136645962,0.7368021011352539
410,excitatory,0,44,0.5434782608695652,0.24844720496894407,0.7204809188842773
411,excitatory,0,44,0.0,0.10093167701863354,
412,excitatory,0,44,1.0869565217391304,0.7880434782608695,0.7732539772987366
413,excitatory,0,44,0.07763975155279502,0.49689440993788814,-2.5386717319488525
414,excitatory,0,44,0.0,0.0,
415,excitatory,0,44,10.869565217391303,11.424689440993788,0.26188117265701294
416,inhibitory,0,44,154.81366459627327,138.2026397515528,0.783873438835144
418,excitatory,0,44,0.0,0.015527950310559004,
419,inhibitory,0,44,0.0,0.0,
421,excitatory,0,44,9.161490683229813,10.493012422360248,0.8998942971229553
423,excitatory,0,44,1.8633540372670807,2.045807453416149,0.413194477558136
424,excitatory,0,44,0.6987577639751552,1.1607142857142856,0.2292238473892212
425,excitatory,0,44,0.2329192546583851,0.4386645962732919,0.054719626903533936
426,inhibitory,0,44,0.3105590062111801,0.10869565217391304,0.016866326332092285
427,excitatory,0,44,0.0,0.0,
428,excitatory,0,44,6.366459627329192,8.299689440993788,0.5622844696044922
429,excitatory,0,44,0.0,0.0,
430,excitatory,0,44,1.7857142857142856,2.2670807453416146,0.5908865928649902
431,excitatory,0,44,0.0,0.019409937888198756,
432,excitatory,0,44,0.0,0.003881987577639751,
433,excitatory,0,44,0.0,0.058229813664596265,
434,inhibitory,0,44,0.0,0.02717391304347826,
435,excitatory,0,44,0.0,0.0,
436,excitatory,0,44,0.5434782608695652,0.6366459627329192,0.4349275827407837
437,excitatory,0,44,0.0,0.8190993788819875,
438,inhibitory,0,44,0.07763975155279502,0.05046583850931677,0.8576624393463135
439,excitatory,0,44,0.0,0.0,
440,excitatory,0,44,0.0,0.07763975155279502,
441,excitatory,0,44,0.0,0.0,
442,excitatory,0,44,8.540372670807454,11.54114906832298,0.43317997455596924
443,excitatory,0,44,0.0,0.0,
444,inhibitory,0,44,53.80434782608695,35.01164596273291,0.6397155523300171
445,excitatory,0,44,0.0,0.011645962732919254,
446,inhibitory,0,44,0.3105590062111801,0.17080745341614906,0.2116299271583557
447,excitatory,0,44,0.0,0.0,
448,excitatory,0,44,0.0,0.0,
449,inhibitory,0,44,9.937888198757763,8.365683229813664,0.4432986378669739
450,excitatory,0,44,2.4068322981366457,2.744565217391304,0.5305510759353638
451,excitatory,0,44,0.0,0.023291925465838508,
452,excitatory,0,44,0.0,0.811335403726708,
453,inhibitory,0,44,4.037267080745341,2.449534161490683,0.5999647974967957
454,excitatory,0,44,8.229813664596273,9.99611801242236,0.8274859189987183
455,inhibitory,0,44,0.2329192546583851,0.06211180124223602,0.12623268365859985
456,excitatory,0,44,0.0,0.003881987577639751,
457,excitatory,0,44,0.0,0.003881987577639751,
458,excitatory,0,44,0.07763975155279502,0.06987577639751552,0.9898169040679932
459,excitatory,0,44,32.99689440993789,32.75232919254658,0.738075852394104
460,excitatory,0,44,0.0,0.0,
461,excitatory,0,44,0.0,0.0,
462,excitatory,0,44,0.07763975155279502,0.09316770186335403,0.34578460454940796
463,inhibitory,0,44,0.2329192546583851,0.3416149068322981,-0.04461061954498291
464,excitatory,0,44,4.658385093167702,5.555124223602484,0.8075014352798462
465,excitatory,0,44,0.15527950310559005,0.41149068322981364,-0.4780402183532715
466,excitatory,0,44,0.0,0.011645962732919254,
467,excitatory,0,44,0.07763975155279502,0.05046583850931677,0.38581573963165283
468,excitatory,0,44,0.0,0.0,
469,excitatory,0,44,0.0,0.015527950310559004,
470,inhibitory,0,44,28.881987577639748,26.855590062111798,0.452107310295105
471,excitatory,0,44,0.0,0.011645962732919254,
472,excitatory,0,44,3.105590062111801,2.2204968944099375,0.8435468673706055
474,excitatory,0,44,0.0,0.058229813664596265,
475,excitatory,0,44,0.0,0.0,
476,excitatory,0,44,10.559006211180124,8.812111801242235,0.8049848079681396
477,excitatory,0,44,0.07763975155279502,0.3027950310559006,-2.221471071243286
478,excitatory,0,44,0.15527950310559005,0.12034161490683229,0.5439161062240601
479,excitatory,0,44,0.0,0.0,
480,excitatory,0,44,0.07763975155279502,0.11645962732919253,0.6780074238777161
481,excitatory,0,44,0.0,0.0,
482,excitatory,0,44,0.2329192546583851,1.436335403726708,-8.568669319152832
483,inhibitory,0,44,1.2422360248447204,0.9899068322981366,0.5646394491195679
484,excitatory,0,44,2.484472049689441,2.3796583850931676,0.16643941402435303
486,excitatory,0,44,22.282608695652172,24.6583850931677,0.7703898549079895
487,inhibitory,0,44,1.5527950310559004,0.6832298136645962,0.4032214879989624
488,excitatory,0,44,23.913043478260867,23.664596273291924,0.9720717668533325
489,excitatory,0,44,1.0093167701863353,0.6521739130434782,0.23023635149002075
490,inhibitory,0,44,58.69565217391304,50.22903726708074,0.7627677917480469
491,excitatory,0,44,0.0,0.003881987577639751,
492,excitatory,0,44,5.124223602484472,5.9472049689440984,0.18911254405975342
493,excitatory,0,44,0.0,0.0,
494,excitatory,0,44,0.0,0.0,
495,inhibitory,0,44,0.9316770186335404,0.6055900621118012,0.5532294511795044
496,excitatory,0,44,12.5,12.084627329192546,0.6595134735107422
497,excitatory,0,44,0.15527950310559005,0.10869565217391304,0.8148014545440674
498,excitatory,0,44,8.074534161490682,8.668478260869565,0.6547036170959473
499,excitatory,0,44,4.968944099378882,8.128881987577639,-0.01836872100830078
500,inhibitory,0,44,0.0,0.0,
501,excitatory,0,44,2.1739130434782608,3.249223602484472,0.7027325630187988
503,excitatory,0,44,0.5434782608695652,0.7686335403726707,0.6501570343971252
504,excitatory,0,44,0.0,0.0,
505,excitatory,0,44,0.2329192546583851,0.2911490683229813,0.45294493436813354
506,excitatory,0,44,0.15527950310559005,0.11257763975155279,0.19536536931991577
507,excitatory,0,44,30.667701863354036,28.734472049689437,0.9614452123641968
508,excitatory,0,44,0.6211180124223602,0.9588509316770185,0.45701950788497925
509,excitatory,0,44,0.0,0.0,
510,excitatory,0,44,0.07763975155279502,0.08928571428571427,-0.5379018783569336
511,excitatory,0,44,0.15527950310559005,0.09704968944099378,0.6218485236167908
512,excitatory,0,44,22.515527950310556,25.496894409937887,0.8943601250648499
513,excitatory,0,44,1.0093167701863353,1.653726708074534,-0.08860349655151367
514,excitatory,0,44,0.3105590062111801,0.702639751552795,-0.6577268838882446
515,excitatory,0,44,0.07763975155279502,0.08540372670807453,0.9879031777381897
516,inhibitory,0,44,43.32298136645962,33.65295031055901,0.7039315700531006
517,excitatory,0,44,0.15527950310559005,0.042701863354037264,0.011599898338317871
518,excitatory,0,44,1.7080745341614907,1.3742236024844718,0.36929160356521606
519,excitatory,0,44,0.0,0.0,
520,excitatory,0,44,0.0,0.06987577639751552,
521,excitatory,0,44,0.0,0.0,
524,excitatory,0,44,2.0962732919254656,3.5830745341614905,0.41949546337127686
525,excitatory,0,44,1.6304347826086956,1.6304347826086956,0.869428277015686
526,excitatory,0,44,0.6211180124223602,0.9549689440993788,0.4339290261268616
527,excitatory,0,44,0.0,0.0,
528,inhibitory,0,44,0.07763975155279502,0.09704968944099378,-0.7928650379180908
529,inhibitory,0,44,6.987577639751552,7.084627329192546,0.5880124568939209
531,excitatory,0,44,12.888198757763975,10.190217391304348,0.7417829036712646
532,excitatory,0,44,0.2329192546583851,0.7414596273291925,-3.6562695503234863
533,inhibitory,0,44,18.944099378881987,9.747670807453416,0.3841859698295593
534,excitatory,0,44,0.0,0.1979813664596273,
535,excitatory,0,44,0.07763975155279502,0.003881987577639751,0.08481436967849731
536,excitatory,0,44,0.9316770186335404,1.156832298136646,0.7656471133232117
537,excitatory,0,44,0.0,0.0,
538,excitatory,0,44,0.0,0.0,
539,excitatory,0,44,20.807453416149066,20.6444099378882,0.5655466914176941
540,excitatory,0,44,2.0962732919254656,2.554347826086956,0.7066169381141663
541,excitatory,0,44,1.2422360248447204,2.6086956521739126,0.17841827869415283
542,excitatory,0,44,0.2329192546583851,0.1746894409937888,-0.10307502746582031
543,excitatory,0,44,0.0,0.13198757763975155,
544,excitatory,0,44,129.81366459627327,124.93012422360248,0.34776198863983154
545,inhibitory,0,44,14.51863354037267,16.017080745341612,0.6942788362503052
547,inhibitory,0,44,0.6987577639751552,0.6871118012422359,0.3326529860496521
549,inhibitory,0,44,13.509316770186334,10.46583850931677,0.413621723651886
550,inhibitory,0,44,0.4658385093167702,0.3338509316770186,0.6088350415229797
551,excitatory,0,44,0.0,0.03881987577639751,
552,excitatory,0,44,0.0,0.03493788819875776,
553,excitatory,0,44,7.841614906832298,14.770962732919253,0.5618555545806885
554,excitatory,0,44,1.0869565217391304,0.8812111801242235,0.7810750007629395
555,excitatory,0,44,4.580745341614906,4.180900621118012,0.5703568458557129
556,excitatory,0,44,1.0093167701863353,1.6886645962732918,0.5578722953796387
557,inhibitory,0,44,1.7857142857142856,0.8928571428571428,0.5241960883140564
558,excitatory,0,44,0.0,0.0,
559,excitatory,0,44,0.0,0.0,
560,excitatory,0,44,0.15527950310559005,0.3183229813664596,-1.301891803741455
561,excitatory,0,44,0.6211180124223602,1.3198757763975155,0.14326322078704834
562,inhibitory,0,44,0.6211180124223602,0.5900621118012421,0.20523130893707275
563,excitatory,0,44,0.0,0.0,
564,excitatory,0,44,0.0,0.0,
565,inhibitory,0,44,0.0,0.0,
566,excitatory,0,44,5.745341614906832,6.164596273291925,0.5536758899688721
568,excitatory,0,44,0.0,0.0,
569,inhibitory,0,44,0.0,0.0,
570,inhibitory,0,44,113.8975155279503,79.73990683229813,0.46944940090179443
571,excitatory,0,44,10.9472049689441,9.305124223602483,0.09345883131027222
572,inhibitory,0,44,0.5434782608695652,0.6832298136645962,0.0833439826965332
574,excitatory,0,44,0.0,0.0,
575,excitatory,0,44,16.07142857142857,21.552795031055897,0.5131646394729614
577,excitatory,0,44,5.279503105590062,7.348602484472049,0.6809256672859192
578,excitatory,0,44,0.0,0.03105590062111801,
579,excitatory,0,44,0.0,0.003881987577639751,
580,excitatory,0,44,0.0,0.0,
581,excitatory,0,44,1.7080745341614907,2.4301242236024843,0.6773560643196106
582,excitatory,0,44,2.329192546583851,3.5791925465838506,0.6027287244796753
583,inhibitory,0,44,1.7080745341614907,2.0225155279503104,0.41346532106399536
584,excitatory,0,44,0.0,0.019409937888198756,
585,excitatory,0,44,0.15527950310559005,0.1746894409937888,0.557793140411377
586,inhibitory,0,44,62.034161490683225,82.54270186335403,0.43206292390823364
587,inhibitory,0,44,0.5434782608695652,3.7189440993788816,-26.517017364501953
588,inhibitory,0,44,98.21428571428571,66.48680124223601,-0.43015217781066895
590,excitatory,0,44,0.15527950310559005,0.30667701863354035,0.4591628909111023
591,excitatory,0,44,0.15527950310559005,0.03105590062111801,0.29131650924682617
592,inhibitory,0,44,0.15527950310559005,0.003881987577639751,-0.029552221298217773
593,excitatory,0,44,20.419254658385093,22.480590062111798,0.9578992128372192
594,excitatory,0,44,0.0,0.0,
596,excitatory,0,44,0.0,0.07763975155279502,
597,excitatory,0,44,11.878881987577639,12.80667701863354,0.9770664572715759
599,excitatory,0,44,0.5434782608695652,0.764751552795031,0.6468578577041626
600,excitatory,0,44,0.07763975155279502,0.12810559006211178,0.6123322248458862
601,excitatory,0,44,0.9316770186335404,1.261645962732919,0.5430361032485962
602,excitatory,0,44,0.0,0.011645962732919254,
604,excitatory,0,44,0.6987577639751552,1.8322981366459625,-1.11600923538208
605,excitatory,0,44,0.0,0.042701863354037264,
606,inhibitory,0,44,126.94099378881987,96.50621118012421,0.6776763200759888
607,excitatory,0,44,0.0,0.0,
608,excitatory,0,44,0.07763975155279502,0.10481366459627328,-0.3846461772918701
609,inhibitory,0,44,17.00310559006211,8.672360248447204,0.5465390682220459
610,excitatory,0,44,0.4658385093167702,0.22515527950310557,0.19305455684661865
611,excitatory,0,44,0.0,0.007763975155279502,
612,excitatory,0,44,0.9316770186335404,1.3043478260869563,0.652450680732727
615,excitatory,0,44,2.639751552795031,3.043478260869565,0.6859489679336548
616,inhibitory,0,44,10.9472049689441,8.039596273291925,0.5537565350532532
617,excitatory,0,44,0.0,0.0,
618,inhibitory,0,44,0.0,0.0,
619,excitatory,0,44,15.838509316770185,13.72282608695652,0.8251718878746033
620,inhibitory,0,44,0.07763975155279502,0.10093167701863354,0.30528724193573
621,excitatory,0,44,0.5434782608695652,0.8812111801242235,-1.8817613124847412
622,excitatory,0,44,2.251552795031056,2.8920807453416146,0.5950925946235657
623,excitatory,0,44,0.0,0.0,
624,excitatory,0,44,0.15527950310559005,0.08928571428571427,0.4283270239830017
627,excitatory,0,44,0.0,0.003881987577639751,
628,inhibitory,0,44,0.3105590062111801,0.05434782608695652,0.01635277271270752
629,excitatory,0,44,1.3198757763975155,1.56055900621118,0.7041561603546143
630,excitatory,0,44,0.0,0.0,
632,excitatory,0,44,0.0,0.0,
633,inhibitory,0,44,4.658385093167702,4.045031055900621,0.3685499429702759
634,excitatory,0,44,0.0,0.0,
635,excitatory,0,44,0.0,0.003881987577639751,
636,excitatory,0,44,0.3105590062111801,0.2523291925465838,0.7599261999130249
637,excitatory,0,44,1.0869565217391304,0.78027950310559,0.7892698049545288
638,excitatory,0,44,0.2329192546583851,0.48913043478260865,0.04964166879653931
639,excitatory,0,44,0.15527950310559005,0.9083850931677018,-10.582286834716797
640,excitatory,0,44,0.0,0.0,
641,excitatory,0,44,3.105590062111801,5.725931677018633,0.14984130859375
642,excitatory,0,44,0.0,0.0,
644,inhibitory,0,44,6.987577639751552,4.770962732919254,0.6289942264556885
645,excitatory,0,44,33.307453416149066,41.40527950310559,0.5921776294708252
647,excitatory,0,44,0.2329192546583851,0.20962732919254656,0.07479488849639893
648,excitatory,0,44,0.8540372670807453,0.8307453416149068,0.8272655606269836
649,excitatory,0,44,0.0,0.0,
650,excitatory,0,44,9.316770186335404,10.073757763975154,0.930470883846283
651,excitatory,0,44,5.978260869565217,6.933229813664596,0.8375865817070007
652,excitatory,0,44,2.4068322981366457,2.4107142857142856,0.7815935611724854
653,excitatory,0,44,1.6304347826086956,2.96583850931677,0.2708348035812378
655,excitatory,0,44,0.0,0.011645962732919254,
656,inhibitory,0,44,0.0,0.0,
657,inhibitory,0,44,7.453416149068323,3.7849378881987574,0.27448076009750366
658,excitatory,0,44,0.0,0.03881987577639751,
659,excitatory,0,44,0.07763975155279502,0.07763975155279502,-0.999686598777771
660,inhibitory,0,44,0.0,0.0,
661,excitatory,0,44,12.034161490683228,13.963509316770185,0.38771623373031616
662,excitatory,0,44,0.07763975155279502,0.22127329192546583,-0.10009324550628662
663,excitatory,0,44,0.0,0.05046583850931677,
664,inhibitory,0,44,1.1645962732919255,0.5434782608695652,0.3199846148490906
665,excitatory,0,44,0.0,0.0,
666,excitatory,0,44,0.15527950310559005,0.13975155279503104,-0.016181468963623047
667,excitatory,0,44,0.0,0.0,
668,inhibitory,0,44,2.329192546583851,1.4790372670807452,0.5121630430221558
669,excitatory,0,44,0.0,0.0,
670,excitatory,0,44,0.0,0.15527950310559005,
671,inhibitory,0,44,110.8695652173913,73.18711180124222,0.29729872941970825
672,excitatory,0,44,0.0,0.007763975155279502,
673,excitatory,0,44,17.546583850931675,25.72204968944099,0.5300968885421753
674,inhibitory,0,44,13.354037267080745,8.315217391304348,0.3191314935684204
675,excitatory,0,44,9.472049689440993,7.857142857142857,0.6875672340393066
676,excitatory,0,44,0.0,0.0,
677,inhibitory,0,44,0.07763975155279502,0.12034161490683229,0.7439835071563721
678,excitatory,0,44,0.0,0.0,
679,excitatory,0,44,0.15527950310559005,0.5473602484472049,-0.5868585109710693
680,excitatory,0,44,11.335403726708075,12.577639751552795,0.9255433082580566
681,excitatory,0,44,0.0,0.0,
682,inhibitory,0,44,2.562111801242236,3.3307453416149064,0.6003744602203369
683,excitatory,0,44,0.15527950310559005,0.43090062111801236,-1.0843615531921387
685,excitatory,0,44,1.0869565217391304,1.8167701863354035,-0.0924072265625
686,inhibitory,0,44,0.15527950310559005,0.17080745341614906,0.4938124418258667
687,excitatory,0,44,0.6211180124223602,0.34549689440993786,0.2876955270767212
688,excitatory,0,44,25.621118012422357,33.05124223602484,0.5813281536102295
689,excitatory,0,44,0.0,0.015527950310559004,
690,excitatory,0,44,0.2329192546583851,0.6793478260869564,-0.47377586364746094
691,excitatory,0,44,0.0,0.03493788819875776,
692,excitatory,0,44,0.0,0.003881987577639751,
693,excitatory,0,44,0.0,0.03493788819875776,
694,inhibitory,0,44,201.3198757763975,194.16925465838509,0.7372611165046692
695,excitatory,0,44,0.15527950310559005,0.25621118012422356,0.5974223613739014
696,excitatory,0,44,0.0,0.0,
697,excitatory,0,44,0.0,0.07375776397515527,
698,inhibitory,0,44,45.88509316770186,31.459627329192543,0.326541543006897
699,excitatory,0,44,0.0,0.0,
700,inhibitory,0,44,0.3881987577639751,0.42313664596273287,-0.08621907234191895
701,excitatory,0,44,0.0,0.0,
702,excitatory,0,44,0.0,0.0,
703,excitatory,0,44,0.4658385093167702,0.9045031055900621,0.46881765127182007
704,excitatory,0,44,0.0,0.0,
705,excitatory,0,44,0.0,0.06211180124223602,
706,excitatory,0,44,0.0,0.03105590062111801,
707,excitatory,0,44,0.0,0.21739130434782608,
708,inhibitory,0,44,5.357142857142857,5.058229813664596,0.9783745408058167
709,excitatory,0,44,0.0,0.07375776397515527,
710,inhibitory,0,44,12.96583850931677,10.221273291925465,0.8981949090957642
711,excitatory,0,44,0.0,0.0,
712,excitatory,0,44,0.4658385093167702,1.2694099378881987,-0.48473477363586426
713,excitatory,0,44,0.0,0.015527950310559004,
714,excitatory,0,44,0.0,0.0,
715,excitatory,0,44,0.7763975155279502,0.8385093167701863,0.9632624387741089
716,inhibitory,0,44,12.577639751552795,7.907608695652173,0.584270715713501
717,excitatory,0,44,3.3385093167701863,4.231366459627329,0.7264046669006348
718,excitatory,0,44,0.07763975155279502,0.10481366459627328,-0.7180325984954834
719,excitatory,0,44,0.07763975155279502,0.0,-0.01394033432006836
720,excitatory,0,44,18.167701863354036,21.906055900621116,0.7392094135284424
721,inhibitory,0,44,0.0,0.0,
722,excitatory,0,44,0.0,0.0,
723,excitatory,0,44,0.0,0.0,
725,inhibitory,0,44,0.9316770186335404,0.5473602484472049,0.3169082999229431
726,inhibitory,0,44,1.2422360248447204,2.49223602484472,0.4330762028694153
727,inhibitory,0,44,0.2329192546583851,0.03105590062111801,-0.06751060485839844
728,excitatory,0,44,0.07763975155279502,0.18245341614906832,-0.9896482229232788
730,inhibitory,0,44,16.69254658385093,11.164596273291924,0.853707492351532
731,excitatory,0,44,0.0,0.0,
733,excitatory,0,44,0.07763975155279502,0.3687888198757764,-5.975295543670654
734,excitatory,0,44,0.07763975155279502,0.0,-0.01393425464630127
735,excitatory,0,44,0.0,0.12422360248447203,
736,inhibitory,0,44,0.0,0.06211180124223602,
737,excitatory,0,44,1.2422360248447204,0.8229813664596273,0.6679929494857788
738,excitatory,0,44,2.1739130434782608,3.322981366459627,0.3646332621574402
739,excitatory,0,44,0.0,0.0,
740,inhibitory,0,44,54.5807453416149,36.482919254658384,0.6912193298339844
742,excitatory,0,44,10.9472049689441,10.194099378881987,0.4152519106864929
743,excitatory,0,44,0.15527950310559005,0.3571428571428571,0.12736380100250244
744,excitatory,0,44,0.0,0.0,
745,excitatory,0,44,0.4658385093167702,0.7569875776397514,0.4851800799369812
746,inhibitory,0,44,11.956521739130434,9.281832298136646,0.7618627548217773
747,inhibitory,0,44,17.31366459627329,13.40062111801242,0.4169080853462219
749,inhibitory,0,44,1.3975155279503104,1.2422360248447204,0.3519679307937622
750,excitatory,0,44,0.0,0.1436335403726708,
751,excitatory,0,44,1.2422360248447204,1.8478260869565215,0.560154914855957
752,excitatory,0,44,0.0,0.03881987577639751,
754,excitatory,0,44,5.357142857142857,4.945652173913043,0.450309693813324
755,excitatory,0,44,0.07763975155279502,0.6172360248447204,-4.469158172607422
756,excitatory,0,44,31.754658385093165,33.57919254658385,0.7980498671531677
757,excitatory,0,44,0.0,0.0,
758,excitatory,0,44,5.745341614906832,6.521739130434782,0.6834039688110352
759,excitatory,0,44,0.0,0.0,
760,inhibitory,0,44,4.891304347826087,3.979037267080745,0.7201366424560547
761,excitatory,0,44,7.142857142857142,10.116459627329192,0.3974637985229492
763,excitatory,0,44,0.6987577639751552,1.3509316770186335,0.49411308765411377
764,excitatory,0,44,0.15527950310559005,0.10093167701863354,0.5037859678268433
765,excitatory,0,44,1.6304347826086956,1.8322981366459625,-0.004308819770812988
766,excitatory,0,44,0.0,0.0,
767,excitatory,0,44,0.3881987577639751,1.3819875776397514,-1.4736008644104004
768,excitatory,0,44,1.0869565217391304,1.7740683229813663,0.49904006719589233
769,excitatory,0,44,2.950310559006211,4.751552795031055,0.5617518424987793
770,inhibitory,0,44,109.62732919254658,93.66459627329192,0.9359638094902039
771,excitatory,0,44,0.0,0.046583850931677016,
772,excitatory,0,44,43.47826086956521,53.28804347826087,0.7869371175765991
773,excitatory,0,44,0.4658385093167702,0.6987577639751552,0.06676989793777466
774,excitatory,0,44,0.6987577639751552,0.4270186335403726,0.6296215057373047
775,excitatory,0,44,0.6987577639751552,0.8928571428571428,0.6819652915000916
776,excitatory,0,44,1.1645962732919255,1.8361801242236022,0.5762386322021484
778,excitatory,0,44,0.0,0.011645962732919254,
779,excitatory,0,44,0.15527950310559005,0.24068322981366458,-0.7278354167938232
780,excitatory,0,44,0.15527950310559005,0.08928571428571427,-0.09948408603668213
781,excitatory,0,44,0.07763975155279502,0.03881987577639751,-0.0625009536743164
782,excitatory,0,44,1.3975155279503104,2.1972049689440993,0.18403244018554688
783,excitatory,0,44,0.0,0.0,
784,inhibitory,0,44,9.937888198757763,11.114130434782608,0.15336793661117554
785,excitatory,0,44,0.0,0.003881987577639751,
786,excitatory,0,44,0.5434782608695652,0.4076086956521739,0.03212171792984009
787,excitatory,0,44,0.0,0.0,
788,excitatory,0,44,8.540372670807454,10.368788819875775,0.7600851058959961
789,excitatory,0,44,0.4658385093167702,0.4076086956521739,0.07666856050491333
790,excitatory,0,44,0.0,0.015527950310559004,
791,excitatory,0,44,0.0,0.007763975155279502,
792,excitatory,0,44,0.9316770186335404,1.4635093167701863,-0.4842768907546997
793,excitatory,0,44,0.3105590062111801,1.281055900621118,-1.9151458740234375
794,inhibitory,0,44,135.6366459627329,116.92934782608694,0.7534765601158142
795,excitatory,0,44,0.3881987577639751,0.22903726708074532,0.3180243968963623
796,inhibitory,0,44,0.15527950310559005,1.2577639751552794,-18.038034439086914
798,excitatory,0,44,3.804347826086956,4.142080745341614,0.8851546049118042
799,excitatory,0,44,38.431677018633536,32.29037267080745,0.4748404622077942
800,excitatory,0,44,5.512422360248447,5.520186335403726,0.529471755027771
802,excitatory,0,44,0.0,0.0,
803,inhibitory,0,44,31.366459627329192,49.576863354037265,0.09712010622024536
804,excitatory,0,44,14.130434782608695,13.047360248447204,0.9714323878288269
805,excitatory,0,44,13.198757763975154,15.850155279503104,0.3217775225639343
806,excitatory,0,44,0.15527950310559005,0.2795031055900621,-1.0568630695343018
807,excitatory,0,44,0.0,0.0,
808,excitatory,0,44,0.15527950310559005,0.13975155279503104,0.870937168598175
809,inhibitory,0,44,19.79813664596273,10.333850931677018,0.32257235050201416
810,excitatory,0,44,1.7857142857142856,2.791149068322981,0.6480355262756348
811,excitatory,0,44,0.0,0.0,
812,excitatory,0,44,0.0,0.03493788819875776,
813,excitatory,0,44,1.3975155279503104,2.371894409937888,0.34985893964767456
814,inhibitory,0,44,11.41304347826087,7.767857142857142,0.314608633518219
815,excitatory,0,44,26.785714285714285,25.826863354037265,0.8247419595718384
816,excitatory,0,44,0.2329192546583851,0.06211180124223602,0.13447505235671997
817,excitatory,0,44,0.0,0.0,
818,excitatory,0,44,4.037267080745341,3.5830745341614905,0.5999470949172974
819,inhibitory,0,44,0.7763975155279502,0.17857142857142855,0.21345043182373047
821,excitatory,0,44,0.0,0.0,
822,inhibitory,0,44,1.7080745341614907,0.4270186335403726,0.2265148162841797
824,excitatory,0,44,2.484472049689441,1.0170807453416149,0.20330816507339478
825,excitatory,0,44,0.0,0.0,
826,excitatory,0,44,0.0,0.0,
827,excitatory,0,44,0.0,0.08540372670807453,
829,excitatory,0,44,8.850931677018632,14.52251552795031,-0.16733455657958984
830,excitatory,0,44,0.07763975155279502,0.019409937888198756,0.2001345157623291
831,excitatory,0,44,18.866459627329192,22.006987577639748,0.7630559802055359
832,excitatory,0,44,0.3881987577639751,0.4619565217391304,0.037280917167663574
833,excitatory,0,44,0.07763975155279502,0.07763975155279502,0.9968039989471436
834,excitatory,0,44,0.07763975155279502,0.07763975155279502,0.009109199047088623
835,excitatory,0,44,0.0,0.0,
836,excitatory,0,44,0.0,0.003881987577639751,
837,inhibitory,0,44,6.599378881987577,4.934006211180124,0.5027387738227844
838,excitatory,0,44,0.07763975155279502,0.05046583850931677,0.13414275646209717
839,excitatory,0,44,0.0,0.0,
841,excitatory,0,44,7.686335403726708,7.1350931677018625,0.4745103716850281
842,excitatory,0,44,19.642857142857142,21.246118012422357,0.5189833641052246
843,excitatory,0,44,0.0,0.0,
844,excitatory,0,44,12.5,15.376552795031055,0.737080454826355
845,excitatory,0,44,0.0,0.0,
846,excitatory,0,44,6.909937888198757,8.555900621118012,0.5921876430511475
847,excitatory,0,44,11.024844720496894,13.25310559006211,0.708149790763855
849,excitatory,0,44,0.07763975155279502,0.17080745341614906,-0.7418226003646851
850,inhibitory,0,44,10.326086956521738,11.187888198757763,0.7370914220809937
851,excitatory,0,44,0.0,0.0,
852,excitatory,0,44,2.872670807453416,2.7173913043478257,0.8334921598434448
854,excitatory,0,44,2.1739130434782608,1.2538819875776397,0.4933467507362366
855,inhibitory,0,44,1.8633540372670807,1.25,0.6556802988052368
856,excitatory,0,44,0.9316770186335404,0.6133540372670807,0.7915361523628235
857,excitatory,0,44,0.0,0.0,
858,inhibitory,0,44,14.130434782608695,14.433229813664594,0.7435897588729858
859,excitatory,0,44,3.3385093167701863,4.05667701863354,0.8605700731277466
860,excitatory,0,44,7.5310559006211175,8.680124223602483,0.893524169921875
861,excitatory,0,44,0.3105590062111801,0.40372670807453415,0.699700117111206
862,excitatory,0,44,1.0869565217391304,1.0986024844720497,0.3104923963546753
863,excitatory,0,44,0.0,0.0,
864,excitatory,0,44,26.164596273291924,33.190993788819874,0.6669785976409912
865,excitatory,0,44,0.0,0.03493788819875776,
866,excitatory,0,44,0.0,0.0,
867,excitatory,0,44,0.07763975155279502,0.22903726708074532,-0.02236199378967285
868,inhibitory,0,44,50.46583850931677,46.4169254658385,0.6042416095733643
870,inhibitory,0,44,0.0,0.0,
871,excitatory,0,44,53.88198757763975,38.57142857142857,0.33554160594940186
872,excitatory,0,44,0.07763975155279502,0.08152173913043477,-0.023606419563293457
873,excitatory,0,44,0.0,0.0,
874,excitatory,0,44,0.07763975155279502,0.003881987577639751,0.0839155912399292
875,excitatory,0,44,0.0,0.0,
877,excitatory,0,44,0.0,0.0,
878,excitatory,0,44,0.9316770186335404,0.5395962732919254,0.7857065200805664
879,excitatory,0,44,0.0,0.007763975155279502,
880,excitatory,0,44,0.0,0.0,
883,excitatory,0,44,4.891304347826087,1.793478260869565,0.42902785539627075
884,excitatory,0,44,3.027950310559006,2.3330745341614905,0.726275622844696
885,excitatory,0,44,0.2329192546583851,0.28338509316770183,0.9518684148788452
886,excitatory,0,44,1.6304347826086956,1.420807453416149,0.8659600019454956
887,excitatory,0,44,27.872670807453414,24.95729813664596,0.5562468767166138
888,excitatory,0,44,2.0962732919254656,3.0240683229813663,0.47756117582321167
889,inhibitory,0,44,32.99689440993789,26.246118012422357,0.9131909608840942
890,excitatory,0,44,1.1645962732919255,1.4596273291925466,0.1453377604484558
891,excitatory,0,44,26.319875776397513,30.178571428571427,0.9047412276268005
892,inhibitory,0,44,0.7763975155279502,0.5939440993788819,0.570070743560791
893,excitatory,0,44,4.968944099378882,10.073757763975154,-0.8061960935592651
894,excitatory,0,44,0.0,0.0,
895,inhibitory,0,44,0.15527950310559005,0.046583850931677016,0.40165483951568604
897,excitatory,0,44,7.375776397515527,6.638198757763974,0.7669256329536438
898,excitatory,0,44,40.295031055900616,40.08540372670807,0.6448200941085815
899,excitatory,0,44,0.07763975155279502,0.007763975155279502,0.17801016569137573
900,inhibitory,0,44,23.136645962732917,13.24922360248447,0.5823538303375244
901,excitatory,0,44,0.0,0.0,
902,inhibitory,0,44,2.1739130434782608,0.9782608695652173,0.05512517690658569
903,excitatory,0,44,1.2422360248447204,0.8462732919254657,0.8997040390968323
904,excitatory,0,44,0.0,0.003881987577639751,
905,excitatory,0,44,0.0,0.0,
906,excitatory,0,44,0.0,0.5279503105590062,
907,excitatory,0,44,26.24223602484472,29.63121118012422,0.8957231640815735
909,excitatory,0,44,0.0,0.02717391304347826,
910,excitatory,0,44,0.0,0.0,
911,excitatory,0,44,0.15527950310559005,0.07763975155279502,0.7101633548736572
912,inhibitory,0,44,13.74223602484472,7.756211180124223,0.30143195390701294
914,excitatory,0,44,0.3881987577639751,0.5318322981366459,0.1665164828300476
915,excitatory,0,44,0.8540372670807453,1.2034161490683228,0.23934698104858398
916,excitatory,0,44,12.034161490683228,14.82142857142857,0.7923693656921387
917,excitatory,0,44,0.0,0.0,
918,excitatory,0,44,0.3105590062111801,0.28338509316770183,0.6384187340736389
919,excitatory,0,44,3.4161490683229814,3.447204968944099,0.7526464462280273
920,excitatory,0,44,0.07763975155279502,0.14751552795031053,-0.13598883152008057
921,excitatory,0,44,0.0,0.0,
922,excitatory,0,44,0.0,0.0,
923,excitatory,0,44,1.3975155279503104,2.2864906832298133,0.37322527170181274
924,excitatory,0,44,0.2329192546583851,0.18633540372670807,-0.8669179677963257
925,excitatory,0,44,5.124223602484472,6.102484472049689,0.8426082134246826
926,excitatory,0,44,0.0,0.0,
927,excitatory,0,44,1.1645962732919255,0.842391304347826,0.614567756652832
928,excitatory,0,44,0.0,0.007763975155279502,
929,excitatory,0,44,1.8633540372670807,5.0310559006211175,-1.6922452449798584
930,excitatory,0,44,0.0,0.0,
932,excitatory,0,44,0.0,0.09316770186335403,
933,excitatory,0,44,4.891304347826087,7.0186335403726705,0.5669505596160889
934,excitatory,0,44,0.0,0.007763975155279502,
936,excitatory,0,44,0.0,0.10481366459627328,
937,excitatory,0,44,0.0,0.0,
938,inhibitory,0,44,2.950310559006211,2.8144409937888195,0.4352005124092102
940,excitatory,0,44,0.2329192546583851,0.4386645962732919,0.035011887550354004
941,excitatory,0,44,0.07763975155279502,0.09316770186335403,0.9093490839004517
942,excitatory,0,44,0.0,0.0,
945,excitatory,0,44,0.6211180124223602,0.48913043478260865,-0.00703120231628418
946,excitatory,0,44,0.0,0.0,
947,excitatory,0,44,2.0186335403726705,2.6125776397515525,0.3907671570777893
948,excitatory,0,44,24.9223602484472,24.289596273291924,0.6378206014633179
949,excitatory,0,44,0.6211180124223602,0.9239130434782608,0.2946508526802063
950,inhibitory,0,44,87.96583850931677,64.09549689440993,0.4482051730155945
951,inhibitory,0,44,4.3478260869565215,3.420031055900621,0.4265626072883606
952,excitatory,0,44,0.0,0.11257763975155279,
953,excitatory,0,44,4.037267080745341,4.06055900621118,0.29673779010772705
954,inhibitory,0,44,0.0,0.0,
955,excitatory,0,44,1.3975155279503104,1.6809006211180122,0.5884756445884705
956,excitatory,0,44,0.0,0.003881987577639751,
958,excitatory,0,44,0.0,0.0,
959,excitatory,0,44,71.19565217391303,73.33850931677019,0.7369266748428345
960,excitatory,0,44,0.7763975155279502,0.5163043478260869,0.6210324168205261
962,excitatory,0,44,0.0,0.0,
964,excitatory,0,44,0.0,0.0,
965,excitatory,0,44,0.15527950310559005,0.21739130434782608,0.5807667374610901
966,inhibitory,0,44,1.7080745341614907,0.4774844720496894,0.1144912838935852
967,excitatory,0,44,0.0,0.1591614906832298,
968,excitatory,0,44,26.009316770186334,28.338509316770185,0.9128756523132324
969,excitatory,0,44,10.093167701863353,17.193322981366457,0.06850564479827881
970,inhibitory,0,44,8.152173913043478,7.577639751552795,0.44006967544555664
971,excitatory,0,44,2.251552795031056,4.809782608695651,-0.24908387660980225
972,excitatory,0,44,0.07763975155279502,0.23291925465838506,-0.6049785614013672
973,excitatory,0,44,0.0,0.0,
974,excitatory,0,44,0.0,0.06987577639751552,
975,excitatory,0,44,0.07763975155279502,0.3687888198757764,-7.634914398193359
976,excitatory,0,44,2.0186335403726705,2.7717391304347823,0.6063196063041687
977,excitatory,0,44,176.70807453416148,182.11956521739128,0.5695343613624573
978,excitatory,0,44,0.0,0.0,
979,excitatory,0,44,0.0,0.0,
980,excitatory,0,44,0.5434782608695652,0.6055900621118012,0.7084904909133911
981,excitatory,0,44,0.0,0.0,
982,excitatory,0,44,4.580745341614906,4.611801242236025,0.4211682081222534
983,excitatory,0,44,0.0,0.0,
984,excitatory,0,44,0.0,0.0,
985,excitatory,0,44,0.5434782608695652,0.42313664596273287,0.7045203447341919
986,excitatory,0,44,0.4658385093167702,0.9394409937888198,0.5478240251541138
987,excitatory,0,44,0.2329192546583851,0.1358695652173913,0.08750474452972412
988,excitatory,0,44,8.462732919254657,10.023291925465838,0.8694670796394348
989,excitatory,0,44,0.9316770186335404,1.0131987577639752,0.6181241869926453
990,excitatory,0,44,16.459627329192546,34.223602484472046,-0.3732774257659912
991,excitatory,0,44,0.0,0.0,
992,excitatory,0,44,0.0,0.046583850931677016,
994,excitatory,0,44,5.512422360248447,4.98835403726708,0.8790835738182068
995,inhibitory,0,44,1.8633540372670807,0.702639751552795,0.2120879888534546
996,excitatory,0,44,1.0869565217391304,0.23680124223602483,0.3342222571372986
997,inhibitory,0,44,87.18944099378882,107.0225155279503,0.4783180356025696
998,inhibitory,0,44,12.422360248447204,8.540372670807452,0.551913857460022
999,excitatory,0,44,1.2422360248447204,1.8672360248447204,0.41117793321609497
1000,excitatory,0,44,0.3881987577639751,0.36102484472049684,0.3030517101287842
1001,excitatory,0,44,0.0,0.23291925465838506,
1003,inhibitory,0,44,8.462732919254657,3.489906832298136,0.5307337045669556
1004,excitatory,0,44,2.0186335403726705,2.763975155279503,0.5537956357002258
1005,inhibitory,0,44,0.5434782608695652,0.1436335403726708,0.19877523183822632
1007,excitatory,0,44,2.7173913043478257,1.1451863354037266,0.4114964008331299
1008,inhibitory,0,44,0.07763975155279502,0.03881987577639751,-0.14621031284332275
1009,excitatory,0,44,0.0,0.0,
1010,inhibitory,0,44,0.07763975155279502,0.13975155279503104,-2.2644193172454834
1011,excitatory,0,44,0.07763975155279502,0.3338509316770186,-0.48179149627685547
1012,excitatory,0,44,2.639751552795031,2.309782608695652,0.7063356637954712
1013,inhibitory,0,44,0.3881987577639751,0.27562111801242234,-0.07684218883514404
1014,excitatory,0,44,0.07763975155279502,0.2911490683229813,-1.801631212234497
1016,inhibitory,0,44,15.76086956521739,12.829968944099377,0.46585142612457275
1018,inhibitory,0,44,4.658385093167702,5.194099378881987,0.8560683131217957
1019,excitatory,0,44,0.0,0.0,
1020,excitatory,0,44,1.0869565217391304,0.3881987577639751,0.4149464964866638
1021,excitatory,0,44,1.1645962732919255,1.4130434782608694,0.3204096555709839
1022,inhibitory,0,44,0.0,0.0,
1023,excitatory,0,44,0.0,0.0,
1024,excitatory,0,44,20.807453416149066,19.0722049689441,0.6089733839035034
1025,excitatory,0,44,0.0,0.0,
1026,excitatory,0,44,1.2422360248447204,1.9293478260869563,-0.2143634557723999
1027,inhibitory,0,44,0.07763975155279502,0.4658385093167701,-7.128713607788086
1028,excitatory,0,44,0.0,0.3765527950310559,
1029,excitatory,0,44,0.0,0.0,
1031,excitatory,0,44,0.0,0.02717391304347826,
1032,inhibitory,0,44,1.3975155279503104,1.3625776397515528,0.35257887840270996
1033,excitatory,0,44,0.0,0.0,
1034,excitatory,0,44,0.0,0.08152173913043477,
1035,excitatory,0,44,0.0,0.0,
1036,excitatory,0,44,0.0,0.015527950310559004,
1037,inhibitory,0,44,0.0,0.10093167701863354,
1038,excitatory,0,44,0.0,0.007763975155279502,
1039,excitatory,0,44,0.0,0.0,
1040,excitatory,0,44,5.822981366459627,6.599378881987577,0.6813971400260925
1041,excitatory,0,44,0.0,0.0,
1042,excitatory,0,44,45.18633540372671,39.62344720496894,0.624292254447937
1043,excitatory,0,44,0.07763975155279502,0.08152173913043477,0.9862778186798096
1044,inhibitory,0,44,22.981366459627328,17.523291925465838,0.6296842098236084
1045,excitatory,0,44,0.0,0.0,
1046,excitatory,0,44,0.07763975155279502,0.0,-0.013920307159423828
1047,excitatory,0,44,11.335403726708075,13.532608695652172,0.425520122051239
1048,excitatory,0,44,2.795031055900621,1.9992236024844718,0.7026829123497009
1050,excitatory,0,44,0.0,0.0,
1051,excitatory,0,44,2.484472049689441,2.309782608695652,0.5994442701339722
1053,excitatory,0,44,0.3105590062111801,0.9161490683229813,0.19789528846740723
1055,excitatory,0,44,7.686335403726708,8.699534161490682,0.7321443557739258
1056,excitatory,0,44,9.472049689440993,11.917701863354036,0.635595440864563
1057,inhibitory,0,44,70.1086956521739,57.6863354037267,0.5989714860916138
1058,excitatory,0,44,0.0,0.0,
1059,inhibitory,0,44,19.02173913043478,9.250776397515526,0.5131556391716003
1060,excitatory,0,44,7.686335403726708,8.687888198757763,0.7938792109489441
1061,excitatory,0,44,0.07763975155279502,0.06987577639751552,0.9896801114082336
1062,excitatory,0,44,0.0,0.0,
1063,excitatory,0,44,0.0,0.0,
1064,excitatory,0,44,0.0,0.0,
1065,excitatory,0,44,4.037267080745341,4.099378881987577,0.8962928056716919
1066,inhibitory,0,44,0.0,0.0,
1067,inhibitory,0,44,13.27639751552795,9.421583850931675,0.22444576025009155
1069,excitatory,0,44,0.0,0.046583850931677016,
1070,excitatory,0,44,0.0,0.007763975155279502,
1071,excitatory,0,44,0.0,0.0,
1072,excitatory,0,44,17.080745341614907,19.720496894409937,0.6378694772720337
1073,excitatory,0,44,0.5434782608695652,0.5706521739130435,0.11169904470443726
1074,excitatory,0,44,0.0,0.0,
1075,excitatory,0,44,2.7173913043478257,5.764751552795031,0.09816539287567139
1076,excitatory,0,44,0.0,0.003881987577639751,
1077,excitatory,0,44,0.9316770186335404,1.1529503105590062,0.44176989793777466
1078,excitatory,0,44,0.0,0.015527950310559004,
1079,excitatory,0,44,0.0,0.1979813664596273,
1080,excitatory,0,44,1.2422360248447204,1.09083850931677,0.8645173907279968
1081,excitatory,0,44,0.07763975155279502,0.042701863354037264,0.15592652559280396
1084,excitatory,0,44,0.6987577639751552,0.6482919254658385,0.38727492094039917
1085,excitatory,0,44,2.1739130434782608,2.402950310559006,0.8394023776054382
1086,excitatory,0,44,0.07763975155279502,0.3338509316770186,-0.9788883924484253
1088,inhibitory,0,44,0.3881987577639751,0.7531055900621118,-0.9365452527999878
1090,excitatory,0,44,11.490683229813664,9.20807453416149,0.3280993103981018
1091,inhibitory,0,44,0.6987577639751552,0.562888198757764,0.1523929238319397
1092,inhibitory,0,44,26.86335403726708,16.040372670807454,0.499491810798645
1093,excitatory,0,44,0.0,0.06987577639751552,
1094,excitatory,0,44,0.0,0.0,
1095,excitatory,0,44,0.0,0.0,
1096,excitatory,0,44,0.15527950310559005,0.24456521739130432,-0.06592774391174316
1097,excitatory,0,44,0.0,0.0,
1098,excitatory,0,44,12.18944099378882,14.122670807453416,0.26736515760421753
1099,excitatory,0,44,0.07763975155279502,0.795807453416149,-20.42815589904785
1100,excitatory,0,44,0.5434782608695652,1.436335403726708,-1.0060734748840332
1101,excitatory,0,44,4.425465838509316,5.442546583850931,0.6616039276123047
1102,excitatory,0,44,0.3105590062111801,1.4751552795031055,-1.8454067707061768
1104,excitatory,0,44,0.0,0.07375776397515527,
1105,excitatory,0,44,0.2329192546583851,0.1902173913043478,0.4160115718841553
1106,inhibitory,0,44,4.503105590062112,1.0830745341614907,0.13665610551834106
1107,inhibitory,0,44,36.33540372670807,26.152950310559003,0.8324798345565796
1108,inhibitory,0,44,6.521739130434782,6.001552795031055,0.7167799472808838
1109,excitatory,0,44,13.586956521739129,9.790372670807452,0.2634705901145935
1110,excitatory,0,44,0.0,0.0,
1111,excitatory,0,44,0.0,0.011645962732919254,
1112,excitatory,0,44,0.0,0.0,
1113,excitatory,0,44,4.114906832298137,4.638975155279502,0.9263188242912292
1114,excitatory,0,44,11.257763975155278,20.76086956521739,-0.24714398384094238
1115,inhibitory,0,44,28.57142857142857,27.17003105590062,0.5906027555465698
1116,excitatory,0,44,0.0,0.0,
1117,excitatory,0,44,2.7173913043478257,2.744565217391304,0.7091913223266602
1118,excitatory,0,44,0.0,0.06599378881987578,
1120,excitatory,0,44,0.15527950310559005,0.1513975155279503,0.4303143620491028
1121,excitatory,0,44,0.07763975155279502,0.4930124223602484,-4.5802083015441895
1122,inhibitory,0,44,4.658385093167702,1.781832298136646,0.4107810854911804
1123,excitatory,0,44,0.0,0.0,
1124,excitatory,0,44,1.5527950310559004,2.18167701863354,0.2407158613204956
1125,excitatory,0,44,4.968944099378882,8.295807453416149,-0.057918429374694824
1126,excitatory,0,44,0.15527950310559005,0.29891304347826086,-2.1464648246765137
1127,inhibitory,0,44,0.7763975155279502,0.5163043478260869,0.27373427152633667
1128,excitatory,0,44,0.0,0.12422360248447203,
1129,excitatory,0,44,0.0,0.08540372670807453,
1130,excitatory,0,44,0.6987577639751552,2.4417701863354035,-4.684585094451904
1131,excitatory,0,44,0.0,0.0,
1132,excitatory,0,44,0.0,0.007763975155279502,
1133,excitatory,0,44,0.0,0.011645962732919254,
1134,excitatory,0,44,0.0,0.0,
1135,excitatory,0,44,0.0,0.0,
1136,excitatory,0,44,0.0,0.03105590062111801,
1137,excitatory,0,44,0.0,0.0,
1138,excitatory,0,44,0.2329192546583851,0.6482919254658385,-2.333609104156494
1140,excitatory,0,44,0.0,0.0,
1141,excitatory,0,44,0.0,0.23291925465838506,
1142,inhibitory,0,44,10.559006211180124,9.04503105590062,0.5741201639175415
1143,inhibitory,0,44,47.670807453416145,37.95807453416149,0.4805784225463867
1144,excitatory,0,44,0.0,0.007763975155279502,
1145,excitatory,0,44,0.0,0.0,
1146,excitatory,0,44,0.8540372670807453,0.3881987577639751,0.21107828617095947
1147,excitatory,0,44,0.7763975155279502,1.277173913043478,0.4199523329734802
1148,inhibitory,0,44,21.350931677018632,12.216614906832296,0.459858775138855
1149,excitatory,0,44,6.288819875776397,2.841614906832298,0.5087000131607056
1150,excitatory,0,44,7.375776397515527,9.0722049689441,0.8252565264701843
1151,inhibitory,0,44,4.968944099378882,2.278726708074534,0.4054621458053589
1152,inhibitory,0,44,2.0962732919254656,1.3586956521739129,0.6115059852600098
1153,excitatory,0,44,0.0,0.0,
1155,inhibitory,0,44,4.658385093167702,4.103260869565217,0.3194265365600586
1156,inhibitory,0,44,0.0,0.007763975155279502,
1157,excitatory,0,44,4.192546583850931,3.7810559006211175,0.6747915148735046
1158,excitatory,0,44,0.0,0.0,
1159,excitatory,0,44,0.8540372670807453,1.0248447204968942,0.7127104997634888
1160,excitatory,0,44,0.6987577639751552,0.7763975155279502,-0.39110589027404785
1161,excitatory,0,44,3.105590062111801,3.11723602484472,0.508958637714386
1162,excitatory,0,44,0.0,0.0,
1163,excitatory,0,44,0.0,0.0,
1164,excitatory,0,44,0.0,0.06599378881987578,
1165,inhibitory,0,44,97.59316770186335,62.7251552795031,0.12486475706100464
1166,excitatory,0,44,0.2329192546583851,0.1513975155279503,0.7282019853591919
1167,excitatory,0,44,0.0,0.0,
1168,excitatory,0,44,0.0,0.003881987577639751,
1169,excitatory,0,44,0.0,0.003881987577639751,
1170,inhibitory,0,44,0.0,0.003881987577639751,
1171,excitatory,0,44,0.2329192546583851,0.795807453416149,-3.9241580963134766
1172,excitatory,0,44,0.07763975155279502,0.4386645962732919,-1.9254553318023682
1173,excitatory,0,44,0.6987577639751552,1.793478260869565,-0.5989336967468262
1174,inhibitory,0,44,1.5527950310559004,1.5217391304347825,0.3973649740219116
1175,inhibitory,0,44,2.4068322981366457,4.584627329192546,-0.7083557844161987
1176,inhibitory,0,44,0.3105590062111801,0.48136645962732916,-0.6779372692108154
1177,excitatory,0,44,10.326086956521738,11.354813664596273,0.7664925456047058
1178,inhibitory,0,44,0.0,0.03881987577639751,
1179,inhibitory,0,44,8.540372670807454,9.347826086956522,0.5256999135017395
1180,excitatory,0,44,0.0,0.003881987577639751,
1183,inhibitory,0,44,0.15527950310559005,0.05434782608695652,0.4141261577606201
1184,inhibitory,0,44,12.65527950310559,7.694099378881987,0.4823446273803711
1185,excitatory,0,44,0.4658385093167702,0.7841614906832297,0.22611624002456665
1187,excitatory,0,44,0.3105590062111801,0.48136645962732916,-0.21625781059265137
1188,excitatory,0,44,8.307453416149068,9.51475155279503,0.8854826092720032
1189,excitatory,0,44,0.0,0.0,
1190,excitatory,0,44,0.0,0.0,
1191,excitatory,0,44,1.3198757763975155,1.5799689440993787,0.5955122113227844
1193,inhibitory,0,44,3.027950310559006,2.868788819875776,0.5225855112075806
1194,inhibitory,0,44,0.3881987577639751,0.07763975155279502,0.18490201234817505
1195,excitatory,0,44,0.0,0.0,
1196,excitatory,0,44,1.8633540372670807,2.5698757763975153,0.5001065731048584
1197,inhibitory,0,44,2.950310559006211,2.3020186335403725,0.5796009302139282
1198,excitatory,0,44,1.7080745341614907,3.27639751552795,-1.2303931713104248
1199,excitatory,0,44,0.0,0.0,
1200,excitatory,0,44,0.0,0.0,
1201,excitatory,0,44,0.0,0.0,
1202,excitatory,0,44,0.0,0.1979813664596273,
1203,excitatory,0,44,0.0,0.06211180124223602,
1205,inhibitory,0,44,19.02173913043478,12.701863354037267,0.6529868841171265
1206,excitatory,0,44,0.2329192546583851,0.29891304347826086,0.8193079233169556
1207,excitatory,0,44,1.1645962732919255,0.9549689440993788,0.6120030879974365
1208,excitatory,0,44,0.3105590062111801,0.6871118012422359,0.512511134147644
1209,inhibitory,0,44,0.0,0.02717391304347826,
1210,excitatory,0,44,0.0,0.003881987577639751,
1211,excitatory,0,44,0.0,0.0,
1212,inhibitory,0,44,23.059006211180122,38.99068322981366,0.3834068179130554
1213,excitatory,0,44,0.0,0.0,
1214,excitatory,0,44,1.7857142857142856,0.9277950310559006,0.6736854314804077
1216,excitatory,0,44,0.0,0.0,
1217,excitatory,0,44,0.2329192546583851,0.2639751552795031,0.6736224889755249
1218,excitatory,0,44,0.07763975155279502,0.007763975155279502,0.17808395624160767
1219,excitatory,0,44,0.0,0.0,
1221,excitatory,0,44,0.2329192546583851,0.7414596273291925,-0.5605632066726685
1222,excitatory,0,44,0.0,0.06987577639751552,
1223,excitatory,0,44,0.0,0.0,
1224,excitatory,0,44,7.142857142857142,8.214285714285714,0.910249650478363
1225,inhibitory,0,44,14.36335403726708,10.714285714285714,0.6668314933776855
1226,excitatory,0,44,0.0,0.05434782608695652,
1227,inhibitory,0,44,2.251552795031056,1.8245341614906831,0.318297803401947
1228,excitatory,0,44,0.07763975155279502,0.11645962732919253,0.866321861743927
1229,excitatory,0,44,7.375776397515527,5.729813664596273,0.7587955594062805
1230,inhibitory,0,44,6.987577639751552,6.028726708074534,0.40401381254196167
1231,excitatory,0,44,0.5434782608695652,0.9743788819875776,-0.09474670886993408
1232,excitatory,0,44,2.950310559006211,0.966614906832298,0.0801084041595459
1233,excitatory,0,44,0.0,0.003881987577639751,
1235,excitatory,0,44,0.0,0.0,
1237,excitatory,0,44,1.3198757763975155,1.0869565217391304,0.5102258324623108
1238,inhibitory,0,44,3.183229813664596,3.5947204968944098,0.08258068561553955
1239,excitatory,0,44,0.8540372670807453,0.2600931677018633,0.38991397619247437
1241,excitatory,0,44,0.3881987577639751,1.6614906832298135,-1.8406038284301758
1242,excitatory,0,44,0.0,0.03493788819875776,
1243,excitatory,0,44,0.0,0.0,
1244,excitatory,0,44,0.6211180124223602,0.7686335403726707,0.49195945262908936
1245,excitatory,0,44,2.7173913043478257,3.3967391304347823,0.7750659584999084
1246,excitatory,0,44,11.180124223602483,12.810559006211179,0.90985506772995
1247,excitatory,0,44,0.0,0.023291925465838508,
1248,excitatory,0,44,26.86335403726708,29.122670807453414,0.841665506362915
1249,excitatory,0,44,0.07763975155279502,0.16304347826086954,0.14363592863082886
1250,inhibitory,0,44,0.0,0.042701863354037264,
1251,excitatory,0,44,14.906832298136646,12.880434782608695,0.7738887667655945
1252,excitatory,0,44,0.15527950310559005,1.2228260869565217,-18.661176681518555
1253,excitatory,0,44,0.3881987577639751,0.7453416149068323,0.10929995775222778
1254,excitatory,0,44,0.0,0.003881987577639751,
1255,excitatory,0,44,0.3105590062111801,0.5163043478260869,-0.026584625244140625
1256,inhibitory,0,44,0.6987577639751552,2.418478260869565,-1.7675719261169434
1257,excitatory,0,44,0.4658385093167702,2.107919254658385,-5.965655326843262
1258,excitatory,0,44,9.316770186335404,10.531832298136646,0.9090825915336609
1259,excitatory,0,44,1.8633540372670807,4.142080745341614,-0.16271257400512695
1260,excitatory,0,44,0.0,0.019409937888198756,
1261,excitatory,0,44,0.0,0.0,
1262,excitatory,0,44,8.229813664596273,10.652173913043477,0.8420670628547668
1263,inhibitory,0,44,12.810559006211179,9.604037267080745,0.7267003059387207
1264,inhibitory,0,44,201.3198757763975,139.96506211180122,-1.0859301090240479
1265,excitatory,0,44,0.0,0.0,
1266,excitatory,0,44,3.3385093167701863,4.99611801242236,0.41638273000717163
1267,excitatory,0,44,1.6304347826086956,3.2065217391304346,0.1566043496131897
1269,excitatory,0,44,0.2329192546583851,0.1746894409937888,0.7781652212142944
1270,excitatory,0,44,0.0,0.0,
1271,excitatory,0,44,2.329192546583851,4.638975155279502,0.4455336928367615
1272,excitatory,0,44,0.15527950310559005,1.141304347826087,-24.347728729248047
1273,inhibitory,0,44,5.745341614906832,2.5388198757763973,0.4822102189064026
1274,excitatory,0,44,10.093167701863353,13.183229813664594,0.507534384727478
1275,excitatory,0,44,1.8633540372670807,2.2554347826086953,0.444566547870636
1276,excitatory,0,44,0.0,0.023291925465838508,
1277,inhibitory,0,44,2.1739130434782608,1.1878881987577639,0.5804096460342407
1278,excitatory,0,44,0.0,0.019409937888198756,
1279,excitatory,0,44,4.3478260869565215,6.576086956521738,0.6091552376747131
1280,excitatory,0,44,0.4658385093167702,0.1979813664596273,0.2420940399169922
1281,excitatory,0,44,22.748447204968944,26.04813664596273,0.6420848369598389
1282,excitatory,0,44,0.07763975155279502,0.36490683229813664,-4.4363508224487305
1283,excitatory,0,44,2.0962732919254656,3.059006211180124,0.2814188003540039
1284,excitatory,0,44,4.580745341614906,5.46972049689441,0.6371669769287109
1285,inhibitory,0,44,5.124223602484472,4.930124223602484,0.25977808237075806
1286,inhibitory,0,44,0.6987577639751552,0.36102484472049684,0.4037891626358032
1287,excitatory,0,44,5.667701863354037,7.938664596273291,0.3301788568496704
1288,excitatory,0,44,0.0,0.0,
1289,excitatory,0,44,10.170807453416149,9.0333850931677,0.743079423904419
1290,excitatory,0,44,0.0,0.0,
1291,excitatory,0,44,7.298136645962733,13.524844720496894,-0.9566248655319214
1292,excitatory,0,44,0.0,0.019409937888198756,
1293,excitatory,0,44,0.0,0.07763975155279502,
1294,excitatory,0,44,0.0,0.06599378881987578,
1295,inhibitory,0,44,17.701863354037265,13.854813664596271,0.8209344744682312
1296,inhibitory,0,44,13.664596273291925,9.375,0.6427483558654785
1297,excitatory,0,44,0.0,0.0,
1298,inhibitory,0,44,19.40993788819876,20.574534161490682,0.244570791721344
1299,inhibitory,0,44,113.12111801242236,150.49689440993788,0.5118881464004517
1300,inhibitory,0,44,2.329192546583851,1.7507763975155277,0.5328010320663452
1301,excitatory,0,44,11.568322981366459,19.254658385093165,0.14664649963378906
1302,excitatory,0,44,0.0,0.0,
1305,excitatory,0,44,1.5527950310559004,3.1017080745341614,-0.1826843023300171
1306,excitatory,0,44,10.015527950310558,12.94254658385093,0.7908610105514526
1307,excitatory,0,44,2.562111801242236,1.416925465838509,0.6847718358039856
1308,excitatory,0,44,0.3105590062111801,1.762422360248447,-5.361879348754883
1309,excitatory,0,44,0.6987577639751552,1.4712732919254656,-0.14425194263458252
1310,excitatory,0,44,0.0,0.0,
1312,inhibitory,0,44,0.6211180124223602,0.2639751552795031,0.3566328287124634
1313,excitatory,0,44,0.0,0.0,
1314,inhibitory,0,44,5.279503105590062,5.442546583850931,0.6312533020973206
1315,excitatory,0,44,0.07763975155279502,0.07763975155279502,0.9005662202835083
1316,inhibitory,0,44,30.512422360248447,13.753881987577639,0.3697349429130554
1317,excitatory,0,44,0.0,0.0,
1318,excitatory,0,44,0.0,0.11257763975155279,
1320,excitatory,0,44,0.07763975155279502,0.11645962732919253,-0.3238680362701416
1321,inhibitory,0,44,2.7173913043478257,4.99223602484472,0.26981300115585327
1322,inhibitory,0,44,1.7857142857142856,1.420807453416149,0.4108586311340332
1324,excitatory,0,44,33.07453416149068,24.460403726708073,0.6007044911384583
1325,excitatory,0,44,0.0,0.0,
1326,excitatory,0,44,0.07763975155279502,0.06987577639751552,-0.2855868339538574
1327,excitatory,0,44,4.813664596273291,4.138198757763975,0.4947337508201599
1328,excitatory,0,44,0.0,0.0,
1330,inhibitory,0,44,10.636645962732919,7.496118012422359,0.5597853660583496
1331,inhibitory,0,44,6.366459627329192,3.4549689440993787,0.5479231476783752
1332,excitatory,0,44,0.0,0.0,
1333,inhibitory,0,44,0.0,0.0,
1334,excitatory,0,44,3.7267080745341614,3.8159937888198754,0.2843744158744812
1335,excitatory,0,44,0.0,0.10093167701863354,
1336,inhibitory,0,44,6.754658385093167,3.0822981366459623,0.3380398750305176
1337,inhibitory,0,44,2.7173913043478257,0.8462732919254657,0.07036334276199341
1338,excitatory,0,44,0.0,0.0,
1339,excitatory,0,44,0.0,0.0,
1340,excitatory,0,44,0.0,0.023291925465838508,
1341,excitatory,0,44,2.872670807453416,3.563664596273292,0.13653236627578735
1342,excitatory,0,44,0.0,0.0,
1343,excitatory,0,44,2.1739130434782608,2.6086956521739126,0.7995743751525879
1345,excitatory,0,44,0.0,0.0,
1346,excitatory,0,44,0.4658385093167702,0.9433229813664595,0.17694830894470215
1347,excitatory,0,44,0.0,0.0,
1348,excitatory,0,44,5.124223602484472,4.600155279503105,0.2902408838272095
1349,inhibitory,0,44,0.0,0.007763975155279502,
1350,excitatory,0,44,26.785714285714285,26.37034161490683,0.7620237469673157
1352,excitatory,0,44,0.0,0.0,
1353,excitatory,0,44,0.0,0.0,
1354,excitatory,0,44,0.07763975155279502,0.06211180124223602,-0.0746232271194458
1355,inhibitory,0,44,47.04968944099379,33.94798136645962,0.579849123954773
1358,inhibitory,0,44,0.0,0.019409937888198756,
1359,excitatory,0,44,0.4658385093167702,0.8501552795031055,0.10406512022018433
1360,excitatory,0,44,0.0,0.0,
1361,excitatory,0,44,0.0,0.02717391304347826,
1362,inhibitory,0,44,6.521739130434782,4.36723602484472,0.27788281440734863
1364,excitatory,0,44,0.9316770186335404,1.3237577639751552,-0.6471493244171143
1365,inhibitory,0,44,0.07763975155279502,0.03105590062111801,-0.030576229095458984
1366,excitatory,0,44,0.5434782608695652,2.624223602484472,-3.886758327484131
1367,excitatory,0,44,0.0,0.011645962732919254,
1368,excitatory,0,44,10.170807453416149,10.91614906832298,0.7935892939567566
1369,excitatory,0,44,0.0,0.0,
1370,excitatory,0,44,0.0,0.0,
1371,excitatory,0,44,0.0,0.1669254658385093,
1372,excitatory,0,44,19.40993788819876,14.80978260869565,0.706476092338562
1373,excitatory,0,44,0.0,0.0,
1374,excitatory,0,44,0.0,0.058229813664596265,
1375,inhibitory,0,44,11.645962732919253,9.584627329192546,0.33124351501464844
1376,excitatory,0,44,0.0,0.0,
1377,excitatory,0,44,0.0,0.0,
1378,excitatory,0,44,3.6490683229813663,4.805900621118012,0.48903876543045044
1379,excitatory,0,44,0.3881987577639751,0.6017080745341614,0.533043622970581
1380,excitatory,0,44,3.183229813664596,5.4270186335403725,0.09424382448196411
1381,excitatory,0,44,0.0,0.0,
1382,excitatory,0,44,0.0,0.0,
1383,excitatory,0,44,21.8944099378882,22.224378881987576,0.8060836791992188
1384,excitatory,0,44,0.4658385093167702,0.7569875776397514,0.4756273627281189
1385,excitatory,0,44,0.0,0.03105590062111801,
1386,excitatory,0,44,0.0,0.0,
1387,excitatory,0,44,0.0,0.0,
1388,excitatory,0,44,0.07763975155279502,0.0,-0.013919711112976074
1389,excitatory,0,44,19.33229813664596,21.611024844720497,0.7769045829772949
1390,excitatory,0,44,1.0093167701863353,1.420807453416149,0.3689669370651245
1391,excitatory,0,44,0.0,0.058229813664596265,
1392,excitatory,0,44,0.07763975155279502,0.24844720496894407,-0.055847764015197754
1393,inhibitory,0,44,12.96583850931677,8.866459627329192,0.6069937944412231
1394,excitatory,0,44,0.0,0.0,
1395,excitatory,0,44,5.512422360248447,6.331521739130435,0.362254798412323
1397,excitatory,0,44,0.3105590062111801,0.7375776397515528,0.03014826774597168
1398,excitatory,0,44,0.0,0.0,
1399,inhibitory,0,44,112.3447204968944,68.61801242236024,0.018132567405700684
1401,inhibitory,0,44,0.0,0.0,
1402,excitatory,0,44,0.07763975155279502,0.19409937888198756,-0.36793529987335205
1403,inhibitory,0,44,2.329192546583851,1.0403726708074532,0.7159090042114258
1405,excitatory,0,44,18.55590062111801,22.228260869565215,0.3363197445869446
1406,inhibitory,0,44,1.8633540372670807,1.9138198757763973,0.7223563194274902
1407,inhibitory,0,44,6.444099378881988,4.786490683229813,0.6299286484718323
1408,excitatory,0,44,0.0,0.0,
1409,excitatory,0,44,0.07763975155279502,1.1490683229813663,-37.264163970947266
1410,excitatory,0,44,6.211180124223602,10.547360248447204,0.14362198114395142
1411,excitatory,0,44,12.267080745341614,13.749999999999998,0.882663369178772
1412,excitatory,0,44,0.07763975155279502,1.7740683229813663,-22.847883224487305
1413,excitatory,0,44,0.0,0.046583850931677016,
1414,excitatory,0,44,1.1645962732919255,1.312111801242236,0.37992435693740845
1415,excitatory,0,44,4.425465838509316,5.644409937888199,0.4783756732940674
1416,excitatory,0,44,60.8695652173913,69.54580745341615,0.7226446866989136
1418,excitatory,0,44,2.1739130434782608,4.149844720496894,-0.18223166465759277
1419,excitatory,0,44,0.0,0.003881987577639751,
1420,excitatory,0,44,0.0,0.003881987577639751,
1421,inhibitory,0,44,1.0093167701863353,1.2849378881987576,0.8485693335533142
1422,excitatory,0,44,0.0,0.003881987577639751,
1423,excitatory,0,44,1.0093167701863353,0.6172360248447204,0.4204150438308716
1424,inhibitory,0,44,0.0,0.0,
1425,excitatory,0,44,0.0,0.015527950310559004,
1426,excitatory,0,44,0.0,0.0,
1428,excitatory,0,44,2.4068322981366457,3.0318322981366457,0.746853768825531
1429,excitatory,0,44,0.5434782608695652,0.5201863354037266,0.4368118643760681
1430,excitatory,0,44,1.0093167701863353,0.9704968944099378,0.5816283822059631
1431,excitatory,0,44,0.0,0.0,
1432,excitatory,0,44,0.0,0.0,
1434,excitatory,0,44,0.8540372670807453,2.4728260869565215,-0.3116176128387451
1435,excitatory,0,44,0.0,0.003881987577639751,
1436,excitatory,0,44,28.027950310559003,30.861801242236023,0.7215360999107361
1437,excitatory,0,44,0.0,0.0,
1438,inhibitory,0,44,6.754658385093167,6.972049689440993,0.5937405824661255
1439,excitatory,0,44,0.3881987577639751,0.6482919254658385,-1.162322998046875
1440,excitatory,0,44,0.3105590062111801,0.4930124223602484,0.28677868843078613
1441,excitatory,0,44,7.220496894409937,7.302018633540372,0.8435595035552979
1443,inhibitory,0,44,11.41304347826087,6.921583850931676,0.4280175566673279
1444,excitatory,0,44,0.5434782608695652,0.8967391304347825,0.5427920818328857
1445,inhibitory,0,44,30.512422360248447,26.894409937888195,0.6919828057289124
1446,inhibitory,0,44,0.2329192546583851,0.7375776397515528,-0.41161656379699707
1447,excitatory,0,44,2.795031055900621,2.391304347826087,0.44692128896713257
1448,excitatory,0,44,0.0,0.007763975155279502,
1449,excitatory,0,44,0.3105590062111801,0.09704968944099378,0.1519126296043396
1450,excitatory,0,44,0.0,0.03105590062111801,
1451,excitatory,0,44,0.07763975155279502,0.2639751552795031,-0.468805193901062
1452,excitatory,0,44,0.07763975155279502,0.03105590062111801,-0.12761402130126953
1453,inhibitory,0,44,1.6304347826086956,1.6731366459627328,0.1792612075805664
1454,excitatory,0,44,0.0,0.02717391304347826,
1455,excitatory,0,44,1.0869565217391304,1.2228260869565217,0.2604631781578064
1456,excitatory,0,44,0.0,0.0,
1457,excitatory,0,44,0.07763975155279502,1.0675465838509315,-29.83047103881836
1458,excitatory,0,44,0.8540372670807453,0.7880434782608695,0.4614679217338562
1459,excitatory,0,44,0.0,0.0,
1460,excitatory,0,44,0.0,0.05434782608695652,
1461,excitatory,0,44,10.559006211180124,14.98835403726708,0.422712504863739
1462,excitatory,0,44,0.07763975155279502,0.042701863354037264,0.10352766513824463
1463,excitatory,0,44,0.0,0.0,
1464,excitatory,0,44,0.0,0.003881987577639751,
1465,excitatory,0,44,0.0,0.06987577639751552,
1466,inhibitory,0,44,21.195652173913043,13.412267080745341,0.6938768625259399
1467,inhibitory,0,44,10.093167701863353,9.965062111801242,0.3573724031448364
1468,excitatory,0,44,0.07763975155279502,0.20186335403726707,-0.798709511756897
1469,inhibitory,0,44,4.3478260869565215,3.3618012422360244,0.2937889099121094
1470,excitatory,0,44,0.15527950310559005,0.4852484472049689,-1.641629934310913
1471,excitatory,0,44,1.5527950310559004,1.1645962732919253,0.7563736438751221
1472,excitatory,0,44,0.0,0.046583850931677016,
1473,excitatory,0,44,0.0,0.0,
1474,excitatory,0,44,0.0,0.0,
1475,excitatory,0,44,0.15527950310559005,0.4619565217391304,-1.2361440658569336
1476,inhibitory,0,44,26.630434782608695,22.892080745341612,0.5376553535461426
1478,excitatory,0,44,0.0,0.0,
1479,excitatory,0,44,45.807453416149066,44.04891304347826,0.9409419894218445
1480,excitatory,0,44,0.0,0.011645962732919254,
1481,excitatory,0,44,4.3478260869565215,8.71894409937888,0.4227674603462219
1482,excitatory,0,44,2.251552795031056,5.069875776397515,-2.155745029449463
1483,excitatory,0,44,0.0,0.1513975155279503,
1484,excitatory,0,44,0.0,0.0,
1486,inhibitory,0,44,24.22360248447205,14.840838509316768,0.5085383653640747
1487,excitatory,0,44,0.0,0.0,
1488,excitatory,0,44,15.13975155279503,13.357919254658384,0.7115881443023682
1489,excitatory,0,44,31.05590062111801,31.894409937888195,0.9718059301376343
1490,excitatory,0,44,1.0869565217391304,0.9122670807453416,0.1648482084274292
1491,excitatory,0,44,0.0,0.0,
1492,excitatory,0,44,0.0,0.0,
1493,excitatory,0,44,1.0093167701863353,0.5201863354037266,0.06900060176849365
1494,excitatory,0,44,13.354037267080745,14.852484472049689,0.26779717206954956
1495,excitatory,0,44,0.0,0.0,
1496,excitatory,0,44,6.055900621118012,5.574534161490683,0.6133468151092529
1497,inhibitory,0,44,3.6490683229813663,3.2414596273291925,0.44107764959335327
1500,inhibitory,0,44,0.07763975155279502,0.003881987577639751,-0.016487479209899902
1501,inhibitory,0,44,20.186335403726705,14.35947204968944,0.5983946323394775
1502,excitatory,0,44,5.046583850931676,5.729813664596273,0.9132611155509949
1503,excitatory,0,44,0.07763975155279502,0.5667701863354037,-4.4296488761901855
1504,excitatory,0,44,6.521739130434782,4.98835403726708,0.39006686210632324
1506,excitatory,0,44,1.1645962732919255,0.7531055900621118,0.8370147943496704
1507,inhibitory,0,44,0.15527950310559005,0.023291925465838508,0.05125457048416138
1508,excitatory,0,44,9.937888198757763,9.957298136645962,0.8977600336074829
1509,excitatory,0,44,0.3881987577639751,0.3027950310559006,0.6548409461975098
1510,excitatory,0,44,6.599378881987577,7.96195652173913,0.8364505767822266
1511,excitatory,0,44,0.0,0.015527950310559004,
1512,excitatory,0,44,7.841614906832298,10.333850931677018,0.352200984954834
1513,excitatory,0,44,0.0,0.0,
1515,inhibitory,0,44,2.562111801242236,0.562888198757764,0.06801420450210571
1516,excitatory,0,44,55.27950310559006,54.223602484472046,0.9864304661750793
1517,excitatory,0,44,0.15527950310559005,0.05434782608695652,0.16627740859985352
1518,excitatory,0,44,0.0,0.08928571428571427,
1519,excitatory,0,44,0.0,0.0,
1520,excitatory,0,44,0.0,0.015527950310559004,
1521,excitatory,0,44,1.7857142857142856,3.047360248447205,0.6389554738998413
1522,excitatory,0,44,0.0,0.0,
1523,excitatory,0,44,1.3975155279503104,1.4402173913043477,0.7911099195480347
1524,inhibitory,0,44,14.130434782608695,12.725155279503104,0.11000317335128784
1525,excitatory,0,44,0.0,0.0,
1526,excitatory,0,44,0.07763975155279502,0.5512422360248447,-5.811723232269287
1528,excitatory,0,44,1.3198757763975155,1.1607142857142856,0.46066683530807495
1529,excitatory,0,44,0.07763975155279502,0.0,-0.013609051704406738
1530,excitatory,0,44,0.0,0.0,
1531,excitatory,0,44,0.0,0.06987577639751552,
1532,inhibitory,0,44,61.64596273291925,61.27717391304347,0.6024914979934692
1533,excitatory,0,44,0.0,0.0,
1534,excitatory,0,44,5.667701863354037,6.304347826086956,0.23045200109481812
1535,excitatory,0,44,0.2329192546583851,0.02717391304347826,0.20803743600845337
1536,excitatory,0,44,1.6304347826086956,1.8322981366459625,0.584926962852478
1537,excitatory,0,44,0.07763975155279502,0.6055900621118012,-6.918242454528809
1539,excitatory,0,44,0.3105590062111801,0.5046583850931676,0.32331180572509766
1540,excitatory,0,44,0.07763975155279502,0.09704968944099378,0.6915003061294556
1541,inhibitory,0,44,18.40062111801242,9.231366459627328,0.4825977683067322
1542,excitatory,0,44,0.0,0.0,
1543,excitatory,0,44,2.329192546583851,2.9736024844720492,0.5423499345779419
1544,excitatory,0,44,0.0,0.011645962732919254,
1545,inhibitory,0,44,25.854037267080745,45.05046583850931,0.024224281311035156
1546,excitatory,0,44,0.6211180124223602,0.9200310559006211,0.9129698276519775
1549,excitatory,0,44,0.0,0.0,
1551,excitatory,0,44,3.183229813664596,3.1444099378881987,0.9646908044815063
1552,inhibitory,0,44,5.2018633540372665,3.5209627329192545,0.5920398831367493
1553,excitatory,0,44,0.07763975155279502,0.2795031055900621,-0.8416414260864258
1554,excitatory,0,44,0.15527950310559005,0.9316770186335402,-6.497591972351074
1555,excitatory,0,44,0.0,0.0,
1558,excitatory,0,44,0.0,0.1358695652173913,
1559,excitatory,0,44,7.298136645962733,6.203416149068323,0.33738672733306885
1560,excitatory,0,44,0.0,0.0,
1561,excitatory,0,44,0.0,0.0,
1562,excitatory,0,44,0.0,0.019409937888198756,
1563,excitatory,0,44,0.7763975155279502,1.917701863354037,-1.3997414112091064
1565,excitatory,0,44,0.0,0.1746894409937888,
1566,excitatory,0,44,12.732919254658384,13.765527950310558,0.8558855652809143
1567,excitatory,0,44,0.0,0.0,
1568,inhibitory,0,44,14.440993788819874,17.45729813664596,0.5475500226020813
1569,excitatory,0,44,0.3881987577639751,0.39208074534161486,0.502697229385376
1570,excitatory,0,44,0.8540372670807453,0.2523291925465838,0.26070529222488403
1571,excitatory,0,44,7.220496894409937,9.99223602484472,0.6116450428962708
1572,excitatory,0,44,0.0,0.0,
1573,excitatory,0,44,7.608695652173912,8.990683229813664,0.8898401856422424
1574,inhibitory,0,44,1.7857142857142856,1.6149068322981366,0.33270156383514404
1575,inhibitory,0,44,9.083850931677018,5.8850931677018625,0.590171217918396
1576,inhibitory,0,44,24.456521739130434,17.220496894409937,0.5280013680458069
1581,inhibitory,0,44,80.43478260869564,39.3944099378882,0.1516290307044983
1582,excitatory,0,44,0.0,0.0,
1583,excitatory,0,44,0.5434782608695652,0.5822981366459626,0.08152765035629272
1584,excitatory,0,44,0.15527950310559005,0.1591614906832298,-0.04239058494567871
1587,excitatory,0,44,0.7763975155279502,1.2344720496894408,-0.3945159912109375
1588,inhibitory,0,44,0.9316770186335404,1.2694099378881987,0.3691301941871643
1589,excitatory,0,44,42.701863354037265,42.12732919254658,0.796872615814209
1590,inhibitory,0,44,0.5434782608695652,0.10481366459627328,0.18204087018966675
1591,excitatory,0,44,0.3881987577639751,0.764751552795031,-0.03531324863433838
1592,excitatory,0,44,4.968944099378882,6.583850931677018,0.7087093591690063
1593,excitatory,0,44,0.0,0.0,
1594,inhibitory,0,44,10.714285714285714,14.50698757763975,0.20953315496444702
1595,excitatory,0,44,0.2329192546583851,0.1979813664596273,0.9475042819976807
1596,excitatory,0,44,0.9316770186335404,1.6809006211180122,-0.259566068649292
1598,excitatory,0,44,0.0,0.0,
1599,excitatory,0,44,0.0,0.0,
1601,inhibitory,0,44,0.6211180124223602,0.6133540372670807,0.24745798110961914
1602,excitatory,0,44,0.3881987577639751,0.3998447204968944,0.9276368618011475
1603,excitatory,0,44,0.2329192546583851,0.5473602484472049,0.15515154600143433
1604,excitatory,0,44,0.0,0.003881987577639751,
1605,excitatory,0,44,18.167701863354036,24.169254658385093,0.5370309948921204
1606,excitatory,0,44,1.0093167701863353,1.4557453416149067,0.10728961229324341
1607,excitatory,0,44,0.0,0.003881987577639751,
1608,excitatory,0,44,0.9316770186335404,1.6343167701863353,0.4813748598098755
1609,excitatory,0,44,0.0,0.0,
1610,inhibitory,0,44,2.0962732919254656,0.5822981366459626,0.16412532329559326
1611,excitatory,0,44,0.0,0.0,
1612,excitatory,0,44,0.9316770186335404,1.4557453416149067,-0.12468016147613525
1614,excitatory,0,44,0.0,0.0,
1615,excitatory,0,44,13.74223602484472,14.879658385093167,0.9728249907493591
1616,excitatory,0,44,1.0093167701863353,0.7841614906832297,0.830693244934082
1617,inhibitory,0,44,18.40062111801242,16.87888198757764,0.42583173513412476
1618,inhibitory,0,44,10.714285714285714,9.82531055900621,0.6887195110321045
1619,inhibitory,0,44,41.30434782608695,39.57298136645962,0.7366880774497986
1620,excitatory,0,44,8.850931677018632,14.398291925465838,-0.0675044059753418
1621,excitatory,0,44,0.0,0.0,
1622,excitatory,0,44,0.0,0.0,
1623,inhibitory,0,44,0.4658385093167702,0.4852484472049689,0.4691944122314453
1624,excitatory,0,44,0.0,0.0,
1625,excitatory,0,44,0.2329192546583851,0.05046583850931677,0.2628878355026245
1626,excitatory,0,44,0.07763975155279502,0.24456521739130432,-1.0024230480194092
1627,excitatory,0,44,2.484472049689441,2.7368012422360244,0.7059892416000366
1628,excitatory,0,44,2.251552795031056,3.183229813664596,0.4758686423301697
1629,excitatory,0,44,0.0,0.0,
1630,excitatory,0,44,0.0,0.0,
1631,excitatory,0,44,0.0,0.0,
1632,excitatory,0,44,0.0,0.023291925465838508,
1633,excitatory,0,44,0.0,0.019409937888198756,
1634,inhibitory,0,44,2.4068322981366457,1.9254658385093166,0.4014286994934082
1635,excitatory,0,44,0.0,0.0,
1636,excitatory,0,44,0.0,0.0,
1638,excitatory,0,44,0.0,0.0,
1639,inhibitory,0,44,13.198757763975154,8.625776397515526,0.5515977144241333
1640,inhibitory,0,44,14.440993788819874,22.142857142857142,-0.18362486362457275
1641,inhibitory,0,44,10.170807453416149,3.6607142857142856,0.5398696660995483
1642,excitatory,0,44,11.180124223602483,12.95031055900621,0.9195218086242676
1643,inhibitory,0,44,10.248447204968944,6.24611801242236,0.31081461906433105
1644,inhibitory,0,44,2.1739130434782608,5.054347826086956,0.017919600009918213
1645,excitatory,0,44,0.0,0.0,
1646,inhibitory,0,44,30.046583850931675,21.599378881987576,0.5436620712280273
1647,excitatory,0,44,0.0,0.02717391304347826,
1648,excitatory,0,44,0.0,0.011645962732919254,
1649,excitatory,0,44,5.279503105590062,5.904503105590061,0.8037091493606567
1650,excitatory,0,44,0.07763975155279502,0.3183229813664596,-2.469011068344116
1651,excitatory,0,44,0.0,0.0,
1652,excitatory,0,44,34.78260869565217,33.36180124223602,0.39715713262557983
1653,inhibitory,0,44,3.571428571428571,3.1754658385093166,0.7414410710334778
1654,inhibitory,0,44,26.70807453416149,24.79813664596273,0.5449832677841187
1655,inhibitory,0,44,30.512422360248447,18.761645962732917,0.6809260845184326
1656,excitatory,0,44,0.5434782608695652,0.4270186335403726,0.7141551971435547
1657,inhibitory,0,44,0.4658385093167702,1.1141304347826086,-0.7296454906463623
1658,excitatory,0,44,0.0,0.0,
1659,excitatory,0,44,0.3105590062111801,1.2383540372670807,-2.6150918006896973
1660,excitatory,0,44,0.0,0.0,
1661,inhibitory,0,44,0.2329192546583851,0.07763975155279502,-0.10302305221557617
1662,excitatory,0,44,0.0,0.03493788819875776,
1663,excitatory,0,44,0.0,0.011645962732919254,
1664,excitatory,0,44,1.3198757763975155,2.0535714285714284,-0.2884256839752197
1665,excitatory,0,44,0.07763975155279502,0.2600931677018633,0.1332433819770813
1667,excitatory,0,44,0.0,0.0,
1668,excitatory,0,44,0.6987577639751552,0.4076086956521739,0.00014269351959228516
1669,excitatory,0,44,1.1645962732919255,1.9798136645962732,0.34449535608291626
1670,inhibitory,0,44,31.366459627329192,24.36723602484472,0.8602418303489685
1671,excitatory,0,44,0.3105590062111801,0.29503105590062106,0.19814777374267578
1672,excitatory,0,44,2.639751552795031,3.059006211180124,0.3559383153915405
1673,excitatory,0,44,0.0,0.10093167701863354,
1674,excitatory,0,44,0.0,0.011645962732919254,
1675,excitatory,0,44,2.562111801242236,2.6436335403726705,0.8321503400802612
1676,excitatory,0,44,0.0,0.0,
1677,excitatory,0,44,0.0,0.015527950310559004,
1678,excitatory,0,44,2.872670807453416,3.357919254658385,0.6845115423202515
1679,excitatory,0,44,0.07763975155279502,0.023291925465838508,0.021702468395233154
1680,inhibitory,0,44,2.251552795031056,1.8012422360248446,0.44341397285461426
1681,excitatory,0,44,0.07763975155279502,0.03105590062111801,0.3204658627510071
1682,inhibitory,0,44,44.254658385093165,28.458850931677016,0.4881187081336975
1683,excitatory,0,44,0.0,0.023291925465838508,
1684,inhibitory,0,44,31.599378881987576,20.329968944099377,0.6848522424697876
1685,excitatory,0,44,0.15527950310559005,0.1358695652173913,0.5412912964820862
1686,excitatory,0,44,0.0,0.003881987577639751,
1687,inhibitory,0,44,26.397515527950308,26.160714285714285,0.5545095801353455
1688,excitatory,0,44,0.0,0.0,
1689,excitatory,0,44,0.8540372670807453,1.0947204968944098,0.627618670463562
1690,excitatory,0,44,0.0,0.007763975155279502,
1691,excitatory,0,44,0.0,0.007763975155279502,
1692,excitatory,0,44,2.4068322981366457,2.1001552795031055,0.3281150460243225
1693,inhibitory,0,44,1.4751552795031055,1.059782608695652,0.5001418590545654
1694,inhibitory,0,44,50.69875776397515,45.838509316770185,0.7967623472213745
1695,inhibitory,0,44,1.4751552795031055,3.2841614906832297,-0.437929630279541
1696,excitatory,0,44,0.6987577639751552,1.1296583850931676,0.2579536437988281
1697,excitatory,0,44,1.6304347826086956,3.1288819875776395,0.40429091453552246
1698,excitatory,0,44,0.0,0.0,
1699,excitatory,0,44,0.07763975155279502,0.3105590062111801,-2.26017165184021
1700,excitatory,0,44,0.0,0.0,
1701,excitatory,0,44,0.0,0.0,
1702,excitatory,0,44,29.580745341614904,55.95496894409938,0.00980842113494873
1703,excitatory,0,44,0.0,0.0,
1704,excitatory,0,44,0.2329192546583851,0.842391304347826,-5.041111469268799
1705,excitatory,0,44,5.279503105590062,4.720496894409937,0.4564717411994934
1708,excitatory,0,44,0.0,0.0,
1709,excitatory,0,44,0.0,0.0,
1710,excitatory,0,44,2.872670807453416,2.977484472049689,0.2543632984161377
1711,excitatory,0,44,2.4068322981366457,4.180900621118012,0.6845080852508545
1712,excitatory,0,44,0.5434782608695652,1.3315217391304346,-1.428027868270874
1713,excitatory,0,44,10.093167701863353,9.708850931677018,0.8572936058044434
1714,excitatory,0,44,0.7763975155279502,0.8462732919254657,0.07404536008834839
1716,inhibitory,0,44,4.813664596273291,5.539596273291925,0.5128186941146851
1717,excitatory,0,44,2.251552795031056,1.5333850931677018,0.8365931510925293
1718,inhibitory,0,44,1.3198757763975155,1.1645962732919253,0.5493321418762207
1719,excitatory,0,44,0.0,0.0,
1720,inhibitory,0,44,0.5434782608695652,0.13975155279503104,0.09505271911621094
1721,excitatory,0,44,0.07763975155279502,0.011645962732919254,0.20616364479064941
1723,excitatory,0,44,0.0,0.0,
1724,excitatory,0,44,0.2329192546583851,0.02717391304347826,0.09622228145599365
1725,excitatory,0,44,0.6211180124223602,0.9200310559006211,0.0574762225151062
1726,inhibitory,0,44,0.15527950310559005,0.3183229813664596,-0.8563047647476196
1727,excitatory,0,44,0.0,0.003881987577639751,
1728,excitatory,0,44,3.105590062111801,4.068322981366459,0.5375367403030396
1729,excitatory,0,44,22.82608695652174,26.331521739130434,0.9155745506286621
1730,excitatory,0,44,0.07763975155279502,0.011645962732919254,0.068340003490448
1731,excitatory,0,44,0.15527950310559005,0.10869565217391304,0.803158700466156
1732,inhibitory,0,44,45.807453416149066,38.10170807453416,0.7212843894958496
1734,excitatory,0,44,0.15527950310559005,0.003881987577639751,0.03984272480010986
1735,excitatory,0,44,0.0,0.0,
1736,excitatory,0,44,0.0,0.0,
1737,excitatory,0,44,0.15527950310559005,0.14751552795031053,0.296301007270813
1738,inhibitory,0,44,3.105590062111801,1.8206521739130432,0.7070904970169067
1739,excitatory,0,44,0.0,0.0,
1740,excitatory,0,44,0.0,0.0,
1741,excitatory,0,44,10.559006211180124,11.444099378881987,0.9432761669158936
1742,inhibitory,0,44,1.1645962732919255,0.5473602484472049,0.633255124092102
1743,excitatory,0,44,0.4658385093167702,1.0869565217391304,0.3778933882713318
1744,excitatory,0,44,0.07763975155279502,0.19409937888198756,-0.2060863971710205
1745,inhibitory,0,44,125.31055900621118,90.39984472049689,0.4181869626045227
1748,excitatory,0,44,0.0,0.0,
1749,excitatory,0,44,0.0,0.0,
1750,inhibitory,0,44,36.49068322981366,28.606366459627328,0.8498810529708862
1751,inhibitory,0,44,7.5310559006211175,3.633540372670807,0.3753211498260498
1752,excitatory,0,44,0.0,0.011645962732919254,
1753,excitatory,0,44,0.3105590062111801,0.09704968944099378,0.39968085289001465
1755,excitatory,0,44,0.0,0.0,
1756,inhibitory,0,44,26.24223602484472,12.93478260869565,0.17211288213729858
1757,excitatory,0,44,1.0869565217391304,2.138975155279503,0.18841171264648438
1758,excitatory,0,44,0.3105590062111801,0.4774844720496894,0.44029611349105835
1759,excitatory,0,44,0.0,0.019409937888198756,
1760,excitatory,0,44,10.559006211180124,11.455745341614906,0.45263415575027466
1761,excitatory,0,44,0.07763975155279502,0.12810559006211178,0.6507493257522583
1762,excitatory,0,44,0.0,0.0,
1763,excitatory,0,44,1.0869565217391304,1.420807453416149,0.6025570631027222
1764,excitatory,0,44,0.0,0.0,
1765,excitatory,0,44,0.0,0.0,
1767,inhibitory,0,44,0.2329192546583851,0.02717391304347826,0.0004004836082458496
1768,excitatory,0,44,0.0,0.12810559006211178,
1769,excitatory,0,44,1.7857142857142856,1.1529503105590062,0.5263171195983887
1770,inhibitory,0,44,4.736024844720497,5.780279503105589,0.6662280559539795
1771,excitatory,0,44,0.0,0.019409937888198756,
1772,inhibitory,0,44,12.344720496894409,15.267857142857142,-0.07231640815734863
1773,excitatory,0,44,32.608695652173914,34.79813664596273,0.6136890649795532
1774,inhibitory,0,44,5.667701863354037,8.88198757763975,0.17809635400772095
1775,excitatory,0,44,1.5527950310559004,1.4091614906832297,0.7477949857711792
1776,excitatory,0,44,0.6987577639751552,0.9045031055900621,0.8007862567901611
1777,excitatory,0,44,0.6211180124223602,0.03493788819875776,-0.007851243019104004
1778,excitatory,0,44,7.763975155279502,11.164596273291924,0.22930288314819336
1779,excitatory,0,44,0.3105590062111801,0.3416149068322981,0.40778088569641113
1780,excitatory,0,44,0.0,0.0,
1781,excitatory,0,44,10.9472049689441,13.55978260869565,0.5512325763702393
1782,excitatory,0,44,0.3105590062111801,3.039596273291925,-21.87998390197754
1783,excitatory,0,44,0.0,0.33773291925465837,
1784,excitatory,0,44,0.0,0.0,
1785,excitatory,0,44,49.06832298136646,51.47127329192546,0.7807321548461914
1786,excitatory,0,44,0.9316770186335404,1.8245341614906831,-0.033766746520996094
1787,inhibitory,0,44,4.658385093167702,5.376552795031055,0.8137081861495972
1788,excitatory,0,44,0.9316770186335404,1.8128881987577639,-0.038390159606933594
1789,excitatory,0,44,0.3881987577639751,0.32220496894409933,0.17445474863052368
1790,excitatory,0,44,32.065217391304344,35.9083850931677,0.9078984260559082
1792,excitatory,0,44,0.0,0.0,
1793,excitatory,0,44,0.0,0.015527950310559004,
1794,excitatory,0,44,0.4658385093167702,0.6482919254658385,-0.04323601722717285
1795,inhibitory,0,44,3.493788819875776,2.6785714285714284,0.41912925243377686
1796,excitatory,0,44,0.0,0.0,
1797,excitatory,0,44,10.9472049689441,11.572204968944098,0.6259773969650269
1798,excitatory,0,44,19.642857142857142,19.70108695652174,0.6287998557090759
1799,excitatory,0,44,7.453416149068323,7.228260869565217,0.6450616121292114
1800,excitatory,0,44,4.037267080745341,7.18555900621118,-0.9596880674362183
1801,inhibitory,0,44,52.09627329192546,41.70807453416149,0.5523093938827515
1802,excitatory,0,44,11.335403726708075,16.54503105590062,0.6716257333755493
1803,excitatory,0,44,0.0,0.05434782608695652,
1804,excitatory,0,44,1.7080745341614907,0.656055900621118,0.031658291816711426
1805,inhibitory,0,44,12.18944099378882,9.704968944099377,0.7328186631202698
1806,excitatory,0,44,3.6490683229813663,3.0628881987577636,0.38690298795700073
1807,excitatory,0,44,0.2329192546583851,0.06987577639751552,0.10925805568695068
1808,excitatory,0,44,18.322981366459626,35.1669254658385,-0.0033016204833984375
1809,excitatory,0,44,1.9409937888198756,4.142080745341614,-0.1364971399307251
1810,excitatory,0,44,0.5434782608695652,1.3936335403726707,-2.3751912117004395
1812,excitatory,0,44,10.791925465838508,8.660714285714285,0.7521355152130127
1813,inhibitory,0,44,14.440993788819874,11.719720496894409,0.6076979637145996
1814,excitatory,0,44,0.0,0.03881987577639751,
1815,excitatory,0,44,1.2422360248447204,1.3858695652173911,0.5820631980895996
1816,excitatory,0,44,3.183229813664596,4.4604037267080745,0.4057961106300354
1817,excitatory,0,44,1.7857142857142856,3.7655279503105588,0.07465672492980957
1818,excitatory,0,44,0.3881987577639751,0.3998447204968944,0.2958320379257202
1819,excitatory,0,44,18.09006211180124,20.399844720496894,0.938012421131134
1820,excitatory,0,44,0.8540372670807453,1.6187888198757763,0.32265567779541016
1821,inhibitory,0,44,1.0869565217391304,1.5100931677018632,0.2016027569770813
1822,inhibitory,0,44,3.7267080745341614,1.8400621118012421,0.588632345199585
1823,inhibitory,0,44,4.192546583850931,2.8920807453416146,0.6129483580589294
1824,inhibitory,0,44,10.714285714285714,8.388975155279502,0.8033634424209595
1825,excitatory,0,44,0.07763975155279502,0.24068322981366458,-1.390578031539917
1826,excitatory,0,44,0.4658385093167702,0.5706521739130435,0.28444904088974
1827,excitatory,0,44,3.6490683229813663,2.6164596273291925,0.4537825584411621
1828,excitatory,0,44,0.0,0.32220496894409933,
1829,excitatory,0,44,2.950310559006211,3.3928571428571423,0.7903923988342285
1830,excitatory,0,44,0.3105590062111801,0.9782608695652173,-1.1960766315460205
1831,excitatory,0,44,0.0,0.0,
1832,inhibitory,0,44,15.6055900621118,16.781832298136646,0.6450567245483398
1833,excitatory,0,44,0.0,0.20962732919254656,
1834,excitatory,0,44,0.15527950310559005,0.10869565217391304,0.8494277596473694
1835,excitatory,0,44,0.6211180124223602,1.5139751552795029,-1.2648065090179443
1836,inhibitory,0,44,3.493788819875776,1.8012422360248446,0.18287169933319092
1837,excitatory,0,44,5.900621118012422,7.267080745341614,0.8138967752456665
1838,excitatory,0,44,4.580745341614906,5.7686335403726705,0.5211800336837769
1839,excitatory,0,44,0.0,0.007763975155279502,
1840,excitatory,0,44,0.0,0.0,
1841,excitatory,0,44,9.70496894409938,10.694875776397515,0.5025544762611389
1842,excitatory,0,44,0.5434782608695652,0.9860248447204968,0.13028943538665771
1843,excitatory,0,44,7.763975155279502,7.33307453416149,0.6055903434753418
1844,inhibitory,0,44,0.0,0.0,
1845,excitatory,0,44,0.3105590062111801,0.3687888198757764,0.20624881982803345
1846,excitatory,0,44,5.590062111801242,6.059782608695651,0.2158294916152954
1847,inhibitory,0,44,7.220496894409937,5.764751552795031,0.528276264667511
1848,excitatory,0,44,0.15527950310559005,0.1902173913043478,0.8522543907165527
1849,excitatory,0,44,0.0,0.0,
1850,excitatory,0,44,0.0,0.0,
1851,excitatory,0,44,0.0,0.02717391304347826,
1852,excitatory,0,44,4.503105590062112,6.207298136645962,0.4441065788269043
1853,excitatory,0,44,0.0,0.0,
1854,excitatory,0,44,0.07763975155279502,0.08152173913043477,0.9542582035064697
1855,excitatory,0,44,1.0093167701863353,1.281055900621118,0.16434699296951294
1856,excitatory,0,44,0.6987577639751552,1.700310559006211,-0.2732943296432495
1857,excitatory,0,44,1.2422360248447204,1.5256211180124222,0.627514660358429
1858,excitatory,0,44,1.0093167701863353,1.451863354037267,-0.03218507766723633
1859,inhibitory,0,44,10.481366459627328,9.66614906832298,0.8329166173934937
1860,inhibitory,0,44,0.0,0.0,
1861,excitatory,0,44,1.0093167701863353,0.7375776397515528,0.4742580056190491
1862,excitatory,0,44,0.07763975155279502,0.16304347826086954,0.15308916568756104
1863,excitatory,0,44,0.0,0.0,
1864,excitatory,0,44,13.975155279503104,11.979813664596271,0.7570114731788635
1867,excitatory,0,44,0.0,0.0,
1868,excitatory,0,44,0.0,0.007763975155279502,
1869,excitatory,0,44,0.07763975155279502,0.007763975155279502,-0.023874640464782715
1870,inhibitory,0,44,25.698757763975152,20.368788819875775,0.7290072441101074
1871,excitatory,0,44,2.795031055900621,3.1405279503105588,0.6698279976844788
1873,excitatory,0,44,1.3198757763975155,0.5124223602484471,0.2550981640815735
1874,excitatory,0,44,16.614906832298136,16.304347826086953,0.7174487113952637
1876,excitatory,0,44,0.5434782608695652,0.7608695652173912,0.46687084436416626
1877,excitatory,0,44,0.15527950310559005,0.21739130434782608,0.32770872116088867
1878,excitatory,0,44,0.0,0.23291925465838506,
1880,inhibitory,0,44,0.6987577639751552,1.5489130434782608,-2.0965867042541504
1881,excitatory,0,44,41.45962732919254,37.74844720496894,0.7764647006988525
1883,excitatory,0,44,0.0,0.0,
1884,inhibitory,0,44,2.484472049689441,2.5038819875776395,-0.05521881580352783
1885,excitatory,0,44,7.763975155279502,9.122670807453416,0.7201374769210815
1886,excitatory,0,44,0.15527950310559005,0.5046583850931676,0.026232004165649414
1887,excitatory,0,44,0.07763975155279502,0.06987577639751552,-0.22587406635284424
1888,excitatory,0,44,0.0,0.003881987577639751,
1889,excitatory,0,44,1.5527950310559004,1.6692546583850931,0.8165916204452515
1890,excitatory,0,44,0.0,0.003881987577639751,
1892,excitatory,0,44,3.6490683229813663,3.9208074534161486,0.8939809203147888
1893,excitatory,0,44,6.366459627329192,8.183229813664596,0.8711950778961182
1895,excitatory,0,44,0.3105590062111801,0.3027950310559006,0.18535667657852173
1896,excitatory,0,44,1.8633540372670807,2.767857142857143,0.5601148009300232
1897,excitatory,0,44,0.0,0.02717391304347826,
1898,excitatory,0,44,3.7267080745341614,6.607142857142857,0.3570917844772339
1899,excitatory,0,44,1.9409937888198756,4.204192546583851,-0.13017916679382324
1900,excitatory,0,44,0.0,0.0,
1902,excitatory,0,44,0.0,0.0,
1903,excitatory,0,44,0.0,0.0,
1904,excitatory,0,44,21.11801242236025,19.095496894409937,0.5942094922065735
1905,excitatory,0,44,0.07763975155279502,0.20574534161490682,-2.1430094242095947
1906,excitatory,0,44,0.15527950310559005,0.6677018633540373,-3.059415340423584
1908,excitatory,0,44,0.3881987577639751,0.29503105590062106,0.4592629671096802
1909,excitatory,0,44,4.037267080745341,7.694099378881987,-0.07791519165039062
1910,excitatory,0,44,0.07763975155279502,0.2795031055900621,0.24064558744430542
1911,inhibitory,0,44,3.4161490683229814,3.8975155279503104,0.49908071756362915
1913,excitatory,0,44,0.2329192546583851,0.6094720496894409,-0.4853963851928711
1914,excitatory,0,44,0.0,0.0,
1915,excitatory,0,44,0.3105590062111801,0.6909937888198757,-0.011794328689575195
1916,excitatory,0,44,0.0,0.0,
1917,excitatory,0,44,0.0,0.03493788819875776,
1918,excitatory,0,44,1.9409937888198756,1.9681677018633539,0.46714669466018677
1919,excitatory,0,44,0.0,0.0,
1920,excitatory,0,44,3.493788819875776,3.839285714285714,0.8751922845840454
1921,excitatory,0,44,14.440993788819874,26.199534161490682,-0.10019886493682861
1922,excitatory,0,44,0.0,0.0,
1923,excitatory,0,44,0.0,0.24068322981366458,
1924,excitatory,0,44,0.15527950310559005,0.9627329192546583,-3.881744861602783
1925,excitatory,0,44,0.2329192546583851,0.33773291925465837,-0.3029991388320923
1926,excitatory,0,44,0.3881987577639751,1.0442546583850931,-1.258225917816162
1927,excitatory,0,44,1.1645962732919255,3.4860248447204967,-1.5864920616149902
1928,excitatory,0,44,27.48447204968944,53.711180124223596,-0.2092890739440918
1929,excitatory,0,44,1.2422360248447204,1.746894409937888,0.6230806708335876
1931,excitatory,0,44,0.0,0.10093167701863354,
1932,excitatory,0,44,0.6211180124223602,0.7725155279503105,0.48498326539993286
1933,excitatory,0,44,0.0,0.0,
1934,excitatory,0,44,0.0,0.0,
1935,excitatory,0,44,1.3198757763975155,1.24611801242236,0.48256123065948486
1936,inhibitory,0,44,1.0869565217391304,1.0093167701863353,0.5601545572280884
1937,excitatory,0,44,2.4068322981366457,1.7119565217391304,0.665652871131897
1938,inhibitory,0,44,14.285714285714285,8.41614906832298,0.5301656126976013
1939,inhibitory,0,44,0.6987577639751552,0.4386645962732919,0.5707680583000183
1940,excitatory,0,44,4.736024844720497,9.852484472049689,-1.080094575881958
1941,excitatory,0,44,0.4658385093167702,0.7220496894409937,0.4240306615829468
1942,excitatory,0,44,0.0,0.0,
1943,excitatory,0,44,5.978260869565217,6.118012422360248,0.7828575372695923
1944,inhibitory,0,44,1.4751552795031055,1.762422360248447,0.3738771080970764
1945,excitatory,0,44,8.074534161490682,9.724378881987576,0.8690872192382812
1947,inhibitory,0,44,3.3385093167701863,2.3175465838509313,0.42419588565826416
1948,inhibitory,0,44,6.6770186335403725,5.582298136645962,0.7604150176048279
1949,excitatory,0,44,0.0,0.0,
1950,excitatory,0,44,0.0,0.046583850931677016,
1951,excitatory,0,44,0.0,0.003881987577639751,
1952,excitatory,0,44,16.69254658385093,34.47981366459627,-0.4990854263305664
1953,excitatory,0,44,2.562111801242236,2.142857142857143,0.5434592962265015
1954,excitatory,0,44,0.4658385093167702,0.9122670807453416,-0.3825111389160156
1955,inhibitory,0,44,2.950310559006211,3.214285714285714,0.14033609628677368
1956,inhibitory,0,44,8.307453416149068,5.291149068322981,0.3043902516365051
1957,excitatory,0,44,0.0,0.0,
1959,excitatory,0,44,5.2018633540372665,4.763198757763975,0.8028793931007385
1960,inhibitory,0,44,43.55590062111801,29.78649068322981,0.4109041094779968
1961,excitatory,0,44,0.0,0.0,
1962,excitatory,0,44,1.3975155279503104,2.826086956521739,-0.005936980247497559
1963,excitatory,0,44,0.5434782608695652,4.196428571428571,-14.283883094787598
1965,excitatory,0,44,0.7763975155279502,0.7608695652173912,0.6385457515716553
1969,excitatory,0,44,1.0869565217391304,0.7608695652173912,0.39708083868026733
1970,inhibitory,0,44,5.512422360248447,3.637422360248447,0.7226243019104004
1972,excitatory,0,44,0.4658385093167702,0.22903726708074532,0.5213202238082886
1973,excitatory,0,44,0.0,0.03493788819875776,
1974,excitatory,0,44,1.0869565217391304,1.5566770186335401,0.5103448033332825
1976,inhibitory,0,44,1.1645962732919255,1.7585403726708073,0.897310733795166
1977,inhibitory,0,44,3.881987577639751,3.6451863354037264,0.7989319562911987
1978,excitatory,0,44,6.832298136645963,7.686335403726708,0.7970170974731445
1979,excitatory,0,44,0.0,0.019409937888198756,
1980,excitatory,0,44,0.2329192546583851,0.6172360248447204,-0.34923219680786133
1981,excitatory,0,44,0.0,0.0,
1982,inhibitory,0,44,7.375776397515527,6.766304347826086,0.44311124086380005
1983,excitatory,0,44,0.0,0.003881987577639751,
1984,excitatory,0,44,0.4658385093167702,0.33773291925465837,0.22538328170776367
1985,inhibitory,0,44,0.3881987577639751,0.4076086956521739,-0.7493338584899902
1986,inhibitory,0,44,1.6304347826086956,1.886645962732919,0.45595383644104004
1987,inhibitory,0,44,10.559006211180124,9.076086956521738,0.13582003116607666
1989,inhibitory,0,44,2.329192546583851,0.6987577639751552,0.44126707315444946
1990,excitatory,0,44,0.0,0.0,
1991,excitatory,0,44,0.5434782608695652,1.416925465838509,-0.4833509922027588
1992,excitatory,0,44,0.15527950310559005,0.749223602484472,-1.6912837028503418
1993,excitatory,0,44,0.0,0.007763975155279502,
1994,excitatory,0,44,6.599378881987577,6.08307453416149,0.9278522729873657
1995,excitatory,0,44,1.6304347826086956,1.9604037267080743,9.644031524658203e-05
1997,excitatory,0,44,6.366459627329192,7.682453416149068,0.7191663980484009
1998,excitatory,0,44,0.6987577639751552,0.8928571428571428,0.4605502486228943
1999,excitatory,0,44,0.6987577639751552,2.5698757763975153,-0.5414066314697266
2000,excitatory,0,44,0.07763975155279502,0.003881987577639751,0.08056235313415527
2001,inhibitory,0,44,7.763975155279502,5.14751552795031,0.37131184339523315
2002,inhibitory,0,44,1.7857142857142856,1.0015527950310559,0.42564958333969116
2003,excitatory,0,44,89.0527950310559,91.1141304347826,0.4103689193725586
2004,excitatory,0,44,0.2329192546583851,0.44254658385093165,0.1069905161857605
2005,excitatory,0,44,18.24534161490683,16.67313664596273,0.8598010540008545
2006,excitatory,0,44,0.15527950310559005,0.7453416149068323,-2.0979177951812744
2007,excitatory,0,44,0.0,0.0,
2008,excitatory,0,44,2.872670807453416,3.3035714285714284,0.5118734240531921
2009,excitatory,0,44,2.639751552795031,2.7096273291925463,0.7275696992874146
2010,excitatory,0,44,0.15527950310559005,0.058229813664596265,0.5087266564369202
2011,excitatory,0,44,0.0,0.003881987577639751,
2012,excitatory,0,44,1.2422360248447204,1.2189440993788818,0.5688415765762329
2013,excitatory,0,44,0.0,0.0,
2015,excitatory,0,44,0.0,0.0,
2016,excitatory,0,44,25.93167701863354,31.451863354037265,0.45182573795318604
2017,excitatory,0,44,82.06521739130434,81.73524844720497,0.560519814491272
2018,excitatory,0,44,26.70807453416149,27.263198757763973,0.9536318182945251
2019,excitatory,0,44,0.0,0.0,
2020,excitatory,0,44,0.4658385093167702,1.5411490683229812,-1.2279911041259766
2021,excitatory,0,44,0.0,0.0,
2022,excitatory,0,44,0.07763975155279502,0.023291925465838508,-0.06455802917480469
2023,inhibitory,0,44,56.83229813664596,60.65605590062111,0.6776843070983887
2024,inhibitory,0,44,0.0,0.0,
2025,excitatory,0,44,0.3881987577639751,1.0093167701863353,-0.042644381523132324
2026,excitatory,0,44,0.0,0.0,
2027,inhibitory,0,44,4.3478260869565215,2.3602484472049685,0.5211554765701294
2028,excitatory,0,44,0.3105590062111801,0.32220496894409933,0.24548953771591187
2029,inhibitory,0,44,82.6086956521739,59.13819875776397,0.3866376280784607
2030,excitatory,0,44,0.0,0.0,
2031,excitatory,0,44,0.07763975155279502,0.1591614906832298,0.6272686719894409
2032,excitatory,0,44,2.1739130434782608,2.7562111801242235,0.4880080223083496
2033,excitatory,0,44,0.0,0.08540372670807453,
2034,inhibitory,0,44,5.279503105590062,4.041149068322981,0.09950566291809082
2035,inhibitory,0,44,0.7763975155279502,0.3804347826086956,0.10250699520111084
2036,excitatory,0,44,0.0,0.0,
2037,excitatory,0,44,2.950310559006211,1.7546583850931676,0.7352675199508667
2038,excitatory,0,44,0.2329192546583851,0.8773291925465838,-2.336737871170044
2039,excitatory,0,44,0.0,0.0,
2040,excitatory,0,44,0.3105590062111801,0.5163043478260869,-0.027164816856384277
2041,excitatory,0,44,0.0,0.0,
2042,inhibitory,0,44,0.2329192546583851,0.3571428571428571,-0.875930905342102
2043,excitatory,0,44,0.2329192546583851,0.48136645962732916,0.7251476645469666
2044,excitatory,0,44,0.2329192546583851,0.29891304347826086,-0.1809372901916504
2046,excitatory,0,44,0.0,0.0,
2047,excitatory,0,44,6.754658385093167,8.10170807453416,0.7138152122497559
2048,excitatory,0,44,5.822981366459627,6.529503105590061,0.9322411417961121
2049,excitatory,0,44,0.15527950310559005,0.10481366459627328,-0.21655988693237305
2050,excitatory,0,44,0.0,0.011645962732919254,
2051,excitatory,0,44,0.07763975155279502,0.007763975155279502,-0.024055838584899902
2052,excitatory,0,44,1.5527950310559004,4.033385093167701,-1.6588935852050781
2054,excitatory,0,44,4.192546583850931,3.664596273291925,0.6762237548828125
2055,inhibitory,0,44,3.493788819875776,1.8128881987577639,0.6707865595817566
2056,excitatory,0,44,0.0,0.0,
2057,excitatory,0,44,6.444099378881988,6.979813664596272,0.9166845679283142
2059,excitatory,0,44,0.0,0.0,
2060,excitatory,0,44,4.114906832298137,4.906832298136646,0.6732728481292725
2061,excitatory,0,44,0.07763975155279502,0.20962732919254656,-0.46837079524993896
2062,excitatory,0,44,0.0,0.0,
2063,excitatory,0,44,11.102484472049689,11.579968944099377,0.9346514940261841
2064,excitatory,0,44,0.0,0.0,
2065,excitatory,0,44,1.3975155279503104,1.8400621118012421,0.4732509255409241
2066,excitatory,0,44,0.8540372670807453,2.138975155279503,-1.4476442337036133
2067,excitatory,0,44,0.07763975155279502,0.011645962732919254,-0.03432321548461914
2068,excitatory,0,44,0.0,0.0,
2069,excitatory,0,44,0.0,0.0,
2070,inhibitory,0,44,89.75155279503105,73.81987577639751,0.5234193801879883
2071,inhibitory,0,44,2.0186335403726705,1.40527950310559,0.3103591203689575
2072,excitatory,0,44,0.0,0.0,
2073,excitatory,0,44,9.316770186335404,9.864130434782608,0.9673740863800049
2075,excitatory,0,44,0.2329192546583851,0.3105590062111801,0.058759450912475586
2077,excitatory,0,44,1.9409937888198756,3.982919254658385,-0.061301231384277344
2078,inhibitory,0,44,21.816770186335404,12.841614906832296,0.7109657526016235
2079,inhibitory,0,44,2.329192546583851,2.3757763975155277,0.8117092847824097
2080,inhibitory,0,44,0.4658385093167702,0.18245341614906832,0.4137658476829529
2081,excitatory,0,44,0.3105590062111801,0.22903726708074532,0.6361032724380493
2082,excitatory,0,44,0.9316770186335404,0.33773291925465837,0.3997507691383362
2084,excitatory,0,44,48.21428571428571,49.3167701863354,0.7270715236663818
2085,inhibitory,0,44,8.928571428571429,10.201863354037267,0.7047396898269653
2086,excitatory,0,44,0.0,0.0,
2087,excitatory,0,44,0.3881987577639751,0.4192546583850931,0.899581253528595
2088,excitatory,0,44,0.4658385093167702,0.9627329192546583,-0.016297221183776855
2089,excitatory,0,44,2.4068322981366457,3.540372670807453,0.35741519927978516
2091,excitatory,0,44,23.4472049689441,19.79037267080745,0.8834477663040161
2093,excitatory,0,44,0.0,0.05046583850931677,
2094,excitatory,0,44,0.0,0.12810559006211178,
2095,excitatory,0,44,0.0,0.0,
2096,inhibitory,0,44,99.9223602484472,90.29503105590061,0.9102002382278442
2097,excitatory,0,44,0.2329192546583851,0.08540372670807453,0.24774324893951416
2098,excitatory,0,44,0.0,0.0,
2099,excitatory,0,44,0.0,0.0,
2100,inhibitory,0,44,0.6987577639751552,0.1902173913043478,0.2385079264640808
2101,inhibitory,0,44,2.251552795031056,0.8501552795031055,0.4520449638366699
2102,excitatory,0,44,0.15527950310559005,0.47360248447204967,0.013824164867401123
2103,excitatory,0,44,0.0,0.0,
2104,inhibitory,0,44,13.354037267080745,7.434006211180123,0.520048201084137
2105,excitatory,0,44,0.0,0.003881987577639751,
2107,excitatory,0,44,1.2422360248447204,1.5333850931677018,0.8670576810836792
2108,inhibitory,0,44,3.3385093167701863,1.6731366459627328,0.3212350606918335
2109,excitatory,0,44,0.0,0.08928571428571427,
2110,excitatory,0,44,6.055900621118012,4.382763975155279,0.04694962501525879
2111,excitatory,0,44,0.0,0.0,
2113,excitatory,0,44,0.9316770186335404,1.7740683229813663,0.44205963611602783
2114,excitatory,0,44,0.0,0.0,
2115,excitatory,0,44,1.7080745341614907,1.5877329192546583,0.48106831312179565
2116,excitatory,0,44,4.813664596273291,6.09083850931677,0.7514077425003052
2117,excitatory,0,44,1.7080745341614907,1.25,0.4335815906524658
2118,excitatory,0,44,0.0,0.0,
2119,excitatory,0,44,0.0,0.0,
2120,excitatory,0,44,0.0,0.003881987577639751,
2121,inhibitory,0,44,20.263975155279503,8.373447204968944,0.20246493816375732
2122,excitatory,0,44,0.3881987577639751,0.9472049689440993,-2.057706117630005
2124,excitatory,0,44,10.559006211180124,10.097049689440993,0.6392843127250671
2125,excitatory,0,44,0.0,0.11257763975155279,
2126,inhibitory,0,44,0.0,0.019409937888198756,
2127,excitatory,0,44,0.07763975155279502,0.13198757763975155,-0.3148914575576782
2128,excitatory,0,44,18.633540372670808,19.860248447204967,0.969870388507843
2129,excitatory,0,44,0.0,0.0,
2131,inhibitory,0,44,0.4658385093167702,0.046583850931677016,-0.009705662727355957
2132,excitatory,0,44,16.614906832298136,12.434006211180122,0.6834612488746643
2133,excitatory,0,44,0.3105590062111801,0.2523291925465838,0.42439335584640503
2134,inhibitory,0,44,10.015527950310558,8.773291925465838,0.6355023384094238
2135,inhibitory,0,44,44.87577639751552,37.763975155279496,0.729219913482666
2136,excitatory,0,44,0.6211180124223602,0.6094720496894409,0.5743733644485474
2137,excitatory,0,44,0.15527950310559005,0.24844720496894407,-0.3452425003051758
2138,inhibitory,0,44,162.5,143.45496894409936,0.8105562925338745
2139,excitatory,0,44,4.891304347826087,6.579968944099378,0.6221348643302917
2140,excitatory,0,44,0.0,0.0,
2141,inhibitory,0,44,34.54968944099379,34.50698757763975,0.7530517578125
2142,excitatory,0,44,0.0,0.0,
2143,excitatory,0,44,0.0,0.0,
2144,inhibitory,0,44,0.0,0.0,
2145,excitatory,0,44,0.4658385093167702,0.3338509316770186,0.7615601420402527
2146,excitatory,0,44,22.127329192546583,15.326086956521738,0.3480936288833618
2147,excitatory,0,44,4.813664596273291,5.0,0.6278402209281921
2148,excitatory,0,44,18.711180124223603,21.39363354037267,0.7711120843887329
2149,inhibitory,0,44,123.99068322981365,82.97748447204968,-0.0956418514251709
2150,excitatory,0,44,0.0,0.0,
2151,excitatory,0,44,0.0,0.0,
2152,excitatory,0,44,9.782608695652174,9.99611801242236,0.8863033056259155
2153,inhibitory,0,44,0.0,0.0,
2154,inhibitory,0,44,0.0,0.011645962732919254,
2155,inhibitory,0,44,25.0,19.153726708074533,0.701373279094696
2157,excitatory,0,44,0.0,0.0,
2158,inhibitory,0,44,3.260869565217391,2.5815217391304346,0.42046910524368286
2159,excitatory,0,44,0.0,0.003881987577639751,
2160,excitatory,0,44,0.7763975155279502,1.4906832298136645,-0.0938270092010498
2161,excitatory,0,44,0.0,0.042701863354037264,
2162,excitatory,0,44,0.0,0.0,
2163,inhibitory,0,44,6.133540372670807,10.850155279503104,-0.3203686475753784
2164,excitatory,0,44,1.0869565217391304,0.9899068322981366,0.8835980296134949
2165,excitatory,0,44,1.9409937888198756,0.826863354037267,0.4901212453842163
2167,inhibitory,0,44,29.03726708074534,20.353260869565215,0.6122643351554871
2168,excitatory,0,44,1.4751552795031055,1.5489130434782608,0.5716274380683899
2169,excitatory,0,44,0.0,0.0,
2170,excitatory,0,44,0.0,0.0,
2171,excitatory,0,44,0.6987577639751552,0.733695652173913,0.05174750089645386
2172,excitatory,0,44,0.5434782608695652,0.6909937888198757,0.812176525592804
2173,excitatory,0,44,0.9316770186335404,1.1878881987577639,0.5265512466430664
2174,excitatory,0,44,0.07763975155279502,0.5124223602484471,-9.850870132446289
2175,excitatory,0,44,0.0,0.0,
2176,excitatory,0,44,0.15527950310559005,0.02717391304347826,0.09498852491378784
2177,excitatory,0,44,13.89751552795031,12.79891304347826,0.9794317483901978
2179,excitatory,0,44,0.0,0.015527950310559004,
2180,excitatory,0,44,0.0,0.0,
2181,excitatory,0,44,4.580745341614906,5.9277950310559,0.7272028923034668
2182,excitatory,0,44,19.02173913043478,25.59782608695652,0.2658243179321289
2183,excitatory,0,44,0.0,0.019409937888198756,
2184,excitatory,0,44,0.0,0.0,
2185,inhibitory,0,44,1.1645962732919255,1.9099378881987576,-1.0006442070007324
2186,excitatory,0,44,0.07763975155279502,0.003881987577639751,-0.016445159912109375
2187,excitatory,0,44,2.795031055900621,2.045807453416149,0.8073796033859253
2188,excitatory,0,44,0.0,0.08152173913043477,
2190,excitatory,0,44,0.0,0.0,
2191,excitatory,0,44,28.57142857142857,31.281055900621116,0.7055931091308594
2192,inhibitory,0,44,34.47204968944099,23.070652173913043,0.43214356899261475
2193,excitatory,0,44,0.0,0.0,
2194,inhibitory,0,44,3.105590062111801,3.8897515527950306,0.7026297450065613
2195,excitatory,0,44,0.0,0.0,
2197,inhibitory,0,44,14.67391304347826,12.360248447204969,0.7758170962333679
2198,excitatory,0,44,4.658385093167702,3.792701863354037,0.4223644733428955
2201,excitatory,0,44,8.229813664596273,12.542701863354036,0.4536705017089844
2202,inhibitory,0,44,5.046583850931676,8.179347826086955,-0.09714353084564209
2203,excitatory,0,44,0.07763975155279502,0.17080745341614906,0.2952120900154114
2204,inhibitory,0,44,0.9316770186335404,0.4541925465838509,0.15195232629776
2205,excitatory,0,44,0.3105590062111801,0.05434782608695652,0.12717986106872559
2206,excitatory,0,44,0.0,0.0,
2207,excitatory,0,44,2.0962732919254656,2.977484472049689,0.3137784004211426
2208,inhibitory,0,44,2.795031055900621,2.111801242236025,0.6730178594589233
2209,excitatory,0,44,0.0,0.015527950310559004,
2210,excitatory,0,44,0.3105590062111801,0.29503105590062106,-0.12240231037139893
2212,inhibitory,0,44,22.82608695652174,15.830745341614906,0.6547114849090576
2213,excitatory,0,44,7.5310559006211175,8.070652173913043,0.751694917678833
2214,inhibitory,0,44,4.580745341614906,7.348602484472049,-0.15740513801574707
2215,excitatory,0,44,0.0,0.0,
2216,inhibitory,0,44,4.3478260869565215,1.2538819875776397,0.31657010316848755
2217,excitatory,0,44,0.15527950310559005,0.39208074534161486,-0.23342418670654297
2219,inhibitory,0,44,0.6211180124223602,0.14751552795031053,0.18515115976333618
2220,excitatory,0,44,0.2329192546583851,0.1669254658385093,0.2496277093887329
2221,excitatory,0,44,0.15527950310559005,0.14751552795031053,0.5188881158828735
2222,inhibitory,0,44,0.15527950310559005,0.0,-0.028216838836669922
2223,excitatory,0,44,0.9316770186335404,1.7274844720496894,0.3644675612449646
2224,excitatory,0,44,0.0,0.0,
2225,excitatory,0,44,25.621118012422357,30.085403726708073,0.7679298520088196
2226,excitatory,0,44,0.0,0.0,
2227,excitatory,0,44,0.0,0.003881987577639751,
2228,inhibitory,0,44,0.2329192546583851,0.2135093167701863,0.7469278573989868
2229,excitatory,0,44,1.1645962732919255,0.9976708074534161,0.8449409008026123
2230,excitatory,0,44,0.7763975155279502,0.7763975155279502,0.41099005937576294
2231,excitatory,0,44,0.5434782608695652,1.0131987577639752,0.629264235496521
2232,inhibitory,0,44,0.4658385093167702,1.0364906832298135,-0.4653729200363159
2233,excitatory,0,44,2.0962732919254656,2.3059006211180124,0.7071492075920105
2234,excitatory,0,44,0.0,0.0,
2235,inhibitory,0,44,3.571428571428571,2.8183229813664594,0.4910733699798584
2236,excitatory,0,44,0.07763975155279502,0.011645962732919254,0.26357221603393555
2237,excitatory,0,44,0.0,0.03493788819875776,
2238,excitatory,0,44,0.5434782608695652,0.3260869565217391,-0.044908881187438965
2239,excitatory,0,44,0.0,0.019409937888198756,
2240,excitatory,0,44,0.15527950310559005,0.4852484472049689,-1.1607861518859863
2241,excitatory,0,44,0.0,0.0,
2242,excitatory,0,44,86.49068322981365,89.87189440993788,0.7794182896614075
2243,excitatory,0,44,0.9316770186335404,1.4557453416149067,0.24928981065750122
2244,excitatory,0,44,9.937888198757763,8.388975155279502,0.6133055686950684
2245,excitatory,0,44,0.0,0.0,
2246,excitatory,0,44,0.3881987577639751,0.5007763975155279,0.672607421875
2247,excitatory,0,44,0.07763975155279502,0.6444099378881987,-5.702871799468994
2248,inhibitory,0,44,0.0,0.003881987577639751,
2250,excitatory,0,44,12.65527950310559,11.960403726708073,0.3692999482154846
2251,excitatory,0,44,3.105590062111801,5.7686335403726705,0.004067599773406982
2252,excitatory,0,44,0.0,0.0,
2253,excitatory,0,44,7.5310559006211175,10.562888198757763,0.5095736980438232
2254,excitatory,0,44,5.667701863354037,7.053571428571428,0.6329566836357117
2255,excitatory,0,44,0.3881987577639751,0.4076086956521739,0.8048338890075684
2256,excitatory,0,44,0.07763975155279502,0.5512422360248447,-6.342034816741943
2257,excitatory,0,44,0.2329192546583851,0.5007763975155279,0.08445042371749878
2258,excitatory,0,44,0.0,0.019409937888198756,
2259,excitatory,0,44,0.0,0.25621118012422356,
2260,excitatory,0,44,0.07763975155279502,0.14751552795031053,-0.7418535947799683
2261,excitatory,0,44,10.714285714285714,14.215838509316768,0.5231448411941528
2262,inhibitory,0,44,20.031055900621116,13.72282608695652,0.6238957643508911
2263,excitatory,0,44,0.3105590062111801,0.4697204968944099,-0.8559168577194214
2266,inhibitory,0,44,0.07763975155279502,0.0,-0.013910770416259766
2267,excitatory,0,44,0.0,0.015527950310559004,
2268,excitatory,0,44,0.0,0.0,
2269,inhibitory,0,44,2.0186335403726705,2.3059006211180124,0.7443791627883911
2270,inhibitory,0,44,47.670807453416145,42.69798136645962,0.6433899402618408
2271,excitatory,0,44,0.0,0.0,
2272,excitatory,0,44,0.0,0.03493788819875776,
2273,inhibitory,0,44,29.19254658385093,20.8695652173913,0.6123219728469849
2274,excitatory,0,44,0.07763975155279502,0.03881987577639751,0.5379313826560974
2275,excitatory,0,44,4.114906832298137,5.791925465838509,0.22964274883270264
2276,excitatory,0,44,9.472049689440993,11.669254658385093,0.3391115069389343
2277,excitatory,0,44,0.6987577639751552,0.8812111801242235,0.7379144430160522
2279,inhibitory,0,44,0.0,0.011645962732919254,
2280,excitatory,0,44,0.8540372670807453,1.24611801242236,0.21612763404846191
2281,excitatory,0,44,6.6770186335403725,5.349378881987577,0.6290424466133118
2282,inhibitory,0,44,44.33229813664596,56.47903726708074,0.4495338797569275
2283,excitatory,0,44,0.0,0.0,
2284,excitatory,0,44,10.559006211180124,13.672360248447204,0.8413733243942261
2285,excitatory,0,44,2.0186335403726705,3.179347826086956,0.3424040675163269
2286,excitatory,0,44,16.459627329192546,20.2833850931677,0.7664604783058167
2287,excitatory,0,44,4.192546583850931,3.307453416149068,0.5154696702957153
2288,excitatory,0,44,15.76086956521739,17.395186335403725,0.8497985601425171
2290,excitatory,0,44,3.6490683229813663,4.716614906832298,0.14767003059387207
2291,excitatory,0,44,1.6304347826086956,0.8190993788819875,0.28717041015625
2292,inhibitory,0,44,0.2329192546583851,0.07763975155279502,0.4961031675338745
2293,inhibitory,0,44,0.07763975155279502,0.10481366459627328,-0.9053874015808105
2294,excitatory,0,44,0.15527950310559005,0.6094720496894409,-2.5538952350616455
2296,excitatory,0,44,0.0,0.0,
2297,excitatory,0,44,0.8540372670807453,0.4386645962732919,0.4830792546272278
2298,excitatory,0,44,0.0,0.015527950310559004,
2299,inhibitory,0,44,0.3881987577639751,0.1669254658385093,0.47628355026245117
2301,inhibitory,0,44,47.59316770186335,28.74223602484472,0.11291754245758057
2302,excitatory,0,44,1.0869565217391304,0.7880434782608695,0.2776544690132141
2303,inhibitory,0,44,0.0,0.0,
2304,excitatory,0,44,21.11801242236025,13.963509316770185,0.2954332232475281
2305,excitatory,0,44,0.0,0.0,
2306,excitatory,0,44,0.0,0.0,
2307,excitatory,0,44,13.975155279503104,12.17003105590062,0.7094098925590515
2308,excitatory,0,44,0.0,0.007763975155279502,
2309,excitatory,0,44,0.3881987577639751,0.6909937888198757,-2.168487310409546
2310,excitatory,0,44,11.41304347826087,13.322981366459626,0.9066523909568787
2311,excitatory,0,44,0.6211180124223602,1.4285714285714284,-0.5027542114257812
2312,inhibitory,0,44,16.304347826086957,15.376552795031055,0.644126296043396
2313,excitatory,0,44,0.07763975155279502,0.011645962732919254,-0.025729894638061523
2314,excitatory,0,44,0.0,0.0,
2315,excitatory,0,44,2.639751552795031,2.996894409937888,0.9474115967750549
2316,excitatory,0,44,0.15527950310559005,0.31444099378881984,0.02969151735305786
2317,inhibitory,0,44,0.15527950310559005,0.26785714285714285,-0.27344393730163574
2318,inhibitory,0,44,0.3105590062111801,0.5046583850931676,-0.2686457633972168
2319,excitatory,0,44,0.0,0.0,
2320,excitatory,0,44,5.667701863354037,4.091614906832298,0.6059081554412842
2321,excitatory,0,44,0.0,0.0,
2322,excitatory,0,44,6.288819875776397,7.391304347826086,0.8097569942474365
2323,excitatory,0,44,36.25776397515528,37.37189440993789,0.9370700716972351
2325,excitatory,0,44,0.15527950310559005,0.4541925465838509,-0.11566615104675293
2326,excitatory,0,44,28.649068322981364,23.757763975155278,0.6195505857467651
2327,excitatory,0,44,0.0,0.0,
2328,excitatory,0,44,0.6987577639751552,0.6055900621118012,0.3545476794242859
2329,inhibitory,0,44,25.77639751552795,15.77251552795031,0.45149630308151245
2330,excitatory,0,44,49.61180124223602,57.189440993788814,0.4008289575576782
2331,excitatory,0,44,0.0,0.023291925465838508,
2333,excitatory,0,44,0.0,0.18245341614906832,
2334,excitatory,0,44,0.2329192546583851,0.18245341614906832,0.011465013027191162
2335,excitatory,0,44,5.822981366459627,6.816770186335403,0.8950353860855103
2336,inhibitory,0,44,3.183229813664596,1.3004658385093166,0.3911372423171997
2337,excitatory,0,44,0.2329192546583851,0.6948757763975155,-2.056243896484375
2338,inhibitory,0,44,99.45652173913042,68.18711180124222,-0.22101926803588867
2339,excitatory,0,44,1.3975155279503104,1.9836956521739129,0.3577805161476135
2340,excitatory,0,44,0.0,0.023291925465838508,
2341,inhibitory,0,44,9.549689440993788,12.154503105590061,0.5625597238540649
2342,excitatory,0,44,3.027950310559006,5.170807453416149,0.1803572177886963
2343,excitatory,0,44,0.0,0.0,
2344,excitatory,0,44,0.6211180124223602,0.857919254658385,0.674531877040863
2345,excitatory,0,44,47.59316770186335,45.02717391304348,0.5980865359306335
2346,excitatory,0,44,0.0,0.0,
2347,excitatory,0,44,0.0,0.02717391304347826,
2348,excitatory,0,44,15.13975155279503,15.116459627329192,0.9661235809326172
2349,excitatory,0,44,0.07763975155279502,0.1669254658385093,0.289875864982605
2350,inhibitory,0,44,0.4658385093167702,0.06987577639751552,0.30330395698547363
2351,inhibitory,0,44,0.2329192546583851,0.43090062111801236,0.44794851541519165
2352,excitatory,0,44,0.0,0.09704968944099378,
2354,excitatory,0,44,27.48447204968944,35.53183229813664,0.5666024684906006
2355,inhibitory,0,44,0.07763975155279502,0.1436335403726708,-0.24889349937438965
2356,inhibitory,0,44,5.822981366459627,8.12111801242236,0.14865708351135254
2357,excitatory,0,44,3.493788819875776,4.557453416149068,0.5304268598556519
2358,excitatory,0,44,6.288819875776397,9.332298136645962,-0.10191679000854492
2359,excitatory,0,44,0.0,0.0,
2360,excitatory,0,44,27.63975155279503,33.73835403726708,0.68349289894104
2361,excitatory,0,44,0.6987577639751552,1.24611801242236,0.40550780296325684
2362,excitatory,0,44,0.2329192546583851,0.2717391304347826,0.23195093870162964
2364,excitatory,0,44,0.0,0.03493788819875776,
2365,excitatory,0,44,0.0,0.03493788819875776,
2366,excitatory,0,44,0.0,0.03105590062111801,
2368,excitatory,0,44,8.618012422360248,9.312888198757763,0.9364087581634521
2369,excitatory,0,44,0.15527950310559005,0.12422360248447203,0.6601766347885132
2370,excitatory,0,44,3.493788819875776,5.213509316770186,0.5465050935745239
2371,excitatory,0,44,20.341614906832298,25.966614906832294,0.3596181869506836
2372,excitatory,0,44,0.15527950310559005,0.764751552795031,-2.0232834815979004
2373,excitatory,0,44,0.7763975155279502,0.625,0.4942035675048828
2374,excitatory,0,44,0.0,0.02717391304347826,
2375,excitatory,0,44,0.0,0.0,
2376,excitatory,0,44,0.7763975155279502,0.8656832298136645,0.8880012631416321
2377,excitatory,0,44,5.590062111801242,5.908385093167701,0.37262362241744995
2378,excitatory,0,44,0.0,0.0,
2379,excitatory,0,44,0.0,0.05434782608695652,
2380,excitatory,0,44,1.7080745341614907,1.684782608695652,0.903776228427887
2381,excitatory,0,44,0.0,0.0,
2382,excitatory,0,44,3.804347826086956,7.717391304347825,-0.5619837045669556
2383,excitatory,0,44,0.0,0.0,
2384,excitatory,0,44,0.4658385093167702,0.6211180124223602,-0.2674909830093384
2385,excitatory,0,44,0.0,0.019409937888198756,
2386,excitatory,0,44,0.0,0.0,
2388,inhibitory,0,44,0.3881987577639751,1.0326086956521738,-1.043367624282837
2389,excitatory,0,44,2.795031055900621,4.017857142857142,0.41125696897506714
2390,inhibitory,0,44,0.3105590062111801,0.03881987577639751,0.0675235390663147
2391,excitatory,0,44,2.1739130434782608,1.1024844720496894,0.18389874696731567
2393,excitatory,0,44,6.987577639751552,7.8144409937888195,0.8267338275909424
2394,excitatory,0,44,0.8540372670807453,3.369565217391304,-6.412414073944092
2395,excitatory,0,44,0.5434782608695652,0.7880434782608695,0.8586061000823975
2396,excitatory,0,44,0.0,0.0,
2397,excitatory,0,44,0.15527950310559005,0.32220496894409933,0.5455343723297119
2398,excitatory,0,44,1.7080745341614907,2.2709627329192545,0.7300150394439697
2399,excitatory,0,44,11.41304347826087,10.834627329192546,0.7876244187355042
2400,excitatory,0,44,0.0,0.0,
2401,excitatory,0,44,0.0,0.046583850931677016,
2402,inhibitory,0,44,11.180124223602483,18.125,0.17420393228530884
2403,excitatory,0,44,0.0,0.03493788819875776,
2404,excitatory,0,44,0.07763975155279502,0.1436335403726708,0.179202139377594
2405,excitatory,0,44,0.0,0.0,
2406,inhibitory,0,44,0.4658385093167702,0.3416149068322981,-0.08036518096923828
2407,inhibitory,0,44,0.15527950310559005,0.06211180124223602,0.43894147872924805
2408,excitatory,0,44,0.07763975155279502,0.06599378881987578,0.473211407661438
2409,excitatory,0,44,1.0093167701863353,1.436335403726708,0.6019772291183472
2410,excitatory,0,44,37.732919254658384,43.505434782608695,0.8987281918525696
2411,inhibitory,0,44,16.614906832298136,10.524068322981366,0.24044251441955566
2412,excitatory,0,44,2.639751552795031,3.047360248447205,0.20679134130477905
2413,excitatory,0,44,3.4161490683229814,4.739906832298137,0.18967348337173462
2414,excitatory,0,44,10.403726708074533,11.964285714285714,0.9349285364151001
2415,excitatory,0,44,0.4658385093167702,0.9743788819875776,-0.5005499124526978
2416,inhibitory,0,44,18.167701863354036,12.344720496894409,0.5907781720161438
2417,excitatory,0,44,0.0,0.03493788819875776,
2418,excitatory,0,44,0.7763975155279502,2.4572981366459623,-1.1563949584960938
2419,excitatory,0,44,0.0,0.0,
2420,excitatory,0,44,3.260869565217391,3.555900621118012,0.08596587181091309
2421,excitatory,0,44,0.0,0.0,
2422,excitatory,0,44,0.15527950310559005,0.16304347826086954,0.2796027660369873
2423,excitatory,0,44,0.4658385093167702,0.3687888198757764,0.6439712047576904
2424,excitatory,0,44,19.40993788819876,21.579968944099377,0.9297356605529785
2425,excitatory,0,44,0.0,0.0,
2426,excitatory,0,44,0.0,0.0,
2427,inhibitory,0,44,79.03726708074534,45.56288819875776,0.6372750997543335
2429,excitatory,0,44,1.0869565217391304,1.3975155279503104,0.26394718885421753
2430,excitatory,0,44,0.0,0.0,
2431,excitatory,0,44,0.8540372670807453,0.8967391304347825,0.5027146339416504
2432,excitatory,0,44,8.152173913043478,10.011645962732919,0.8368290662765503
2433,excitatory,0,44,0.0,0.003881987577639751,
2434,excitatory,0,44,0.0,0.003881987577639751,
2435,excitatory,0,44,0.0,0.0,
2436,excitatory,0,44,2.484472049689441,2.7562111801242235,0.7045239806175232
2438,excitatory,0,44,0.0,0.0,
2439,inhibitory,0,44,0.15527950310559005,0.0,-0.014876484870910645
2440,excitatory,0,44,0.0,0.003881987577639751,
2444,excitatory,0,44,0.0,0.015527950310559004,
2445,excitatory,0,44,0.0,0.003881987577639751,
2446,inhibitory,0,44,84.472049689441,80.12034161490682,0.6477941274642944
2448,inhibitory,0,44,2.639751552795031,1.9293478260869563,0.7367616891860962
2450,excitatory,0,44,0.3105590062111801,0.03881987577639751,0.18780893087387085
2452,excitatory,0,44,0.5434782608695652,0.6987577639751552,0.01557081937789917
2453,excitatory,0,44,0.7763975155279502,1.0947204968944098,0.534984290599823
2454,excitatory,0,44,0.9316770186335404,1.436335403726708,0.427742600440979
2455,inhibitory,0,44,28.26086956521739,22.899844720496894,0.5534003376960754
2456,excitatory,0,44,24.301242236024844,27.58928571428571,0.6737813353538513
2457,excitatory,0,44,3.3385093167701863,4.930124223602484,0.650830864906311
2458,inhibitory,0,44,83.92857142857142,69.47593167701862,0.6962903738021851
2459,excitatory,0,44,0.0,0.019409937888198756,
2460,excitatory,0,44,0.0,0.0,
2461,excitatory,0,44,0.0,0.0,
2462,excitatory,0,44,0.4658385093167702,0.49689440993788814,0.5757496356964111
2463,excitatory,0,44,0.3105590062111801,0.3959627329192546,-0.06224048137664795
2464,excitatory,0,44,0.0,0.43090062111801236,
2465,excitatory,0,44,1.0093167701863353,1.1723602484472049,0.19397825002670288
2466,excitatory,0,44,0.0,0.003881987577639751,
2468,excitatory,0,44,0.7763975155279502,2.1933229813664594,-0.2393120527267456
2469,excitatory,0,44,7.841614906832298,9.06444099378882,0.9134799242019653
2470,excitatory,0,44,0.15527950310559005,0.02717391304347826,0.12760299444198608
2471,excitatory,0,44,0.0,0.0,
2473,inhibitory,0,44,23.136645962732917,17.5194099378882,0.5276800394058228
2474,excitatory,0,44,7.686335403726708,8.862577639751551,0.8548874855041504
2475,excitatory,0,44,0.0,0.003881987577639751,
2477,excitatory,0,44,3.183229813664596,4.277950310559006,-0.010582804679870605
2478,excitatory,0,44,0.0,0.0,
2479,inhibitory,0,44,61.80124223602484,50.00776397515528,0.6029697060585022
2480,inhibitory,0,44,2.639751552795031,1.5139751552795029,0.3466894030570984
2481,excitatory,0,44,31.98757763975155,26.81288819875776,0.5700247883796692
2482,excitatory,0,44,4.580745341614906,4.782608695652174,0.8203393220901489
2484,excitatory,0,44,0.07763975155279502,0.5163043478260869,-3.255258560180664
2485,excitatory,0,44,0.6987577639751552,0.966614906832298,0.3047889471054077
2486,excitatory,0,44,0.15527950310559005,0.2600931677018633,0.7391951084136963
2488,excitatory,0,44,20.962732919254655,24.49534161490683,0.45204412937164307
2489,inhibitory,0,44,1.9409937888198756,1.1684782608695652,0.29722708463668823
2490,excitatory,0,44,0.0,0.0,
2491,excitatory,0,44,0.0,0.578416149068323,
2492,excitatory,0,44,0.3881987577639751,1.8672360248447204,-2.5780863761901855
2493,excitatory,0,44,0.0,0.0,
2494,inhibitory,0,44,73.05900621118012,52.961956521739125,0.3526245951652527
2495,excitatory,0,44,16.38198757763975,11.195652173913043,0.2773808240890503
2496,excitatory,0,44,0.0,0.07763975155279502,
2497,excitatory,0,44,0.07763975155279502,0.05434782608695652,-0.26074743270874023
2498,excitatory,0,44,1.1645962732919255,1.3858695652173911,0.32664191722869873
2500,excitatory,0,44,17.546583850931675,17.876552795031053,0.6586663126945496
2501,excitatory,0,44,0.4658385093167702,1.0520186335403725,-0.23217999935150146
2502,excitatory,0,44,14.36335403726708,15.59782608695652,0.32809776067733765
2503,inhibitory,0,44,2.950310559006211,1.8167701863354035,0.7658584713935852
2504,excitatory,0,44,0.0,0.0,
2505,excitatory,0,44,6.754658385093167,8.505434782608695,0.8437947034835815
2506,excitatory,0,44,0.0,0.003881987577639751,
2507,inhibitory,0,44,0.2329192546583851,0.19409937888198756,0.29309362173080444
2508,inhibitory,0,44,23.990683229813662,18.330745341614904,0.5761609077453613
2509,excitatory,0,44,0.4658385093167702,0.9006211180124223,0.3760499358177185
2510,excitatory,0,44,5.279503105590062,5.838509316770186,0.8041729927062988
2512,excitatory,0,44,0.07763975155279502,0.23680124223602483,-0.8173331022262573
2513,excitatory,0,44,0.0,0.0,
2514,excitatory,0,44,0.9316770186335404,1.3586956521739129,0.24177920818328857
2515,inhibitory,0,44,52.01863354037267,52.546583850931675,0.6827510595321655
2516,excitatory,0,44,13.664596273291925,16.657608695652172,0.4498697519302368
2517,excitatory,0,44,33.54037267080745,45.53183229813664,0.4900020360946655
2518,excitatory,0,44,24.611801242236023,32.33307453416149,0.3107520341873169
2519,excitatory,0,44,7.142857142857142,7.973602484472049,0.6862741112709045
2520,excitatory,0,44,0.0,0.0,
2521,excitatory,0,44,0.0,0.007763975155279502,
2522,excitatory,0,44,0.4658385093167702,0.6288819875776397,0.6095682382583618
2523,excitatory,0,44,1.4751552795031055,2.5465838509316767,-0.5633443593978882
2524,excitatory,0,44,15.29503105590062,14.767080745341614,0.7982407212257385
2525,excitatory,0,44,0.3881987577639751,0.6172360248447204,0.5042552947998047
2526,excitatory,0,44,0.0,0.007763975155279502,
2527,excitatory,0,44,18.09006211180124,17.127329192546583,0.7770125865936279
2528,excitatory,0,44,1.6304347826086956,2.4262422360248443,0.3614598512649536
2529,excitatory,0,44,0.0,0.0,
2530,excitatory,0,44,3.493788819875776,5.640527950310559,0.49831104278564453
2531,excitatory,0,44,0.0,0.0,
2532,inhibitory,0,44,0.3105590062111801,0.2600931677018633,0.18000268936157227
2533,excitatory,0,44,0.0,0.0,
2534,excitatory,0,44,0.0,0.0,
2535,excitatory,0,44,0.0,0.0,
2536,excitatory,0,44,0.0,0.003881987577639751,
2537,excitatory,0,44,6.909937888198757,9.635093167701863,0.5071435570716858
2538,inhibitory,0,44,36.25776397515528,27.861024844720493,0.5678773522377014
2539,excitatory,0,44,0.0,0.015527950310559004,
2540,excitatory,0,44,1.0869565217391304,2.3951863354037264,-0.8838839530944824
2541,inhibitory,0,44,0.0,0.16304347826086954,
2542,excitatory,0,44,0.0,0.05046583850931677,
2543,inhibitory,0,44,0.2329192546583851,3.6180124223602483,-120.41944122314453
2544,excitatory,0,44,20.962732919254655,23.850931677018632,0.8574637174606323
2545,excitatory,0,44,6.288819875776397,11.281055900621118,-0.025664925575256348
2546,excitatory,0,44,0.15527950310559005,0.03881987577639751,0.387936532497406
2547,excitatory,0,44,0.6987577639751552,0.10093167701863354,0.17096179723739624
2548,excitatory,0,44,0.0,0.0,
2549,inhibitory,0,44,5.046583850931676,7.655279503105589,0.2100830078125
2550,excitatory,0,44,0.0,0.10093167701863354,
2551,inhibitory,0,44,8.229813664596273,5.531832298136646,0.4563447833061218
2552,excitatory,0,44,8.229813664596273,12.534937888198757,0.4732327461242676
2553,inhibitory,0,44,2.795031055900621,1.40139751552795,0.435343861579895
2554,excitatory,0,44,0.0,0.0,
2555,excitatory,0,44,0.0,0.042701863354037264,
2556,excitatory,0,44,0.0,0.0,
2557,excitatory,0,44,4.891304347826087,10.380434782608695,-0.23710525035858154
2558,excitatory,0,44,0.07763975155279502,0.0,-0.006945371627807617
2559,inhibitory,0,44,27.63975155279503,20.085403726708073,0.7128453254699707
2560,excitatory,0,44,1.2422360248447204,1.1995341614906831,0.662590503692627
2561,excitatory,0,44,8.928571428571429,10.236801242236023,0.781359076499939
2562,excitatory,0,44,0.15527950310559005,0.24844720496894407,0.8332396745681763
2563,excitatory,0,44,0.07763975155279502,0.40372670807453415,-5.093849182128906
2565,excitatory,0,44,107.22049689440993,103.70341614906832,0.620840311050415
2566,inhibitory,0,44,112.73291925465838,76.27329192546583,0.4328804016113281
2567,excitatory,0,44,0.0,0.0,
2568,excitatory,0,44,0.0,0.007763975155279502,
2569,excitatory,0,44,0.5434782608695652,0.7065217391304347,0.7465207576751709
2570,excitatory,0,44,8.229813664596273,6.630434782608695,0.7340380549430847
2571,excitatory,0,44,11.72360248447205,13.91304347826087,0.9289442896842957
2572,excitatory,0,44,4.503105590062112,5.217391304347825,0.8447154760360718
2573,excitatory,0,44,0.0,0.0,
2574,excitatory,0,44,33.92857142857142,36.72748447204969,0.7179851531982422
2575,excitatory,0,44,3.183229813664596,3.633540372670807,0.8738316297531128
2576,excitatory,0,44,3.3385093167701863,5.361024844720497,0.3805042505264282
2577,excitatory,0,44,0.0,0.0,
2578,excitatory,0,44,0.07763975155279502,0.22127329192546583,-0.2943077087402344
2579,excitatory,0,44,1.9409937888198756,3.7694099378881982,-0.3874998092651367
2580,excitatory,0,44,24.068322981366457,23.971273291925463,0.9837963581085205
2581,excitatory,0,44,5.2018633540372665,6.630434782608695,0.7263607978820801
2582,excitatory,0,44,12.810559006211179,14.072204968944098,0.9537773132324219
2583,excitatory,0,44,0.5434782608695652,1.1141304347826086,0.5785673260688782
2585,inhibitory,0,44,38.975155279503106,30.062111801242235,0.5484744906425476
2586,inhibitory,0,44,21.8944099378882,17.061335403726705,0.45810526609420776
2587,excitatory,0,44,0.0,0.0,
2590,excitatory,0,44,0.07763975155279502,0.10093167701863354,-1.0893502235412598
2591,excitatory,0,44,1.7857142857142856,2.3486024844720497,0.5380399227142334
2592,excitatory,0,44,49.689440993788814,50.56288819875776,0.8798357248306274
2593,excitatory,0,44,0.0,0.07375776397515527,
2594,excitatory,0,44,0.15527950310559005,0.30667701863354035,-0.42280733585357666
2595,inhibitory,0,44,4.192546583850931,2.732919254658385,0.4175450801849365
2596,excitatory,0,44,0.0,0.0,
2597,inhibitory,0,44,4.114906832298137,2.915372670807453,0.16860932111740112
2598,excitatory,0,44,0.15527950310559005,0.03105590062111801,-0.05159449577331543
2599,inhibitory,0,44,0.0,0.042701863354037264,
2600,inhibitory,0,44,8.928571428571429,8.10947204968944,0.7819850444793701
2601,excitatory,0,44,0.0,0.0,
2602,excitatory,0,44,0.3881987577639751,0.42313664596273287,0.1573382019996643
2603,inhibitory,0,44,19.720496894409937,17.818322981366457,0.42582541704177856
2604,inhibitory,0,44,0.07763975155279502,0.06987577639751552,-0.4674142599105835
2605,excitatory,0,44,0.0,0.0,
2606,excitatory,0,44,1.5527950310559004,3.5093167701863353,0.09508305788040161
2607,excitatory,0,44,0.0,0.019409937888198756,
2609,inhibitory,0,44,0.07763975155279502,0.20574534161490682,-1.139500617980957
2610,excitatory,0,44,0.0,0.0,
2611,excitatory,0,44,27.872670807453414,18.819875776397513,0.5468566417694092
2613,excitatory,0,44,0.8540372670807453,1.2577639751552794,0.5098215341567993
2614,excitatory,0,44,0.0,0.0,
2615,inhibitory,0,44,34.62732919254658,24.95729813664596,0.2792015075683594
2616,inhibitory,0,44,9.549689440993788,6.568322981366459,0.2818189859390259
2617,excitatory,0,44,0.07763975155279502,0.2795031055900621,-1.1734049320220947
2618,excitatory,0,44,3.027950310559006,4.429347826086956,0.7055975198745728
2619,inhibitory,0,44,5.046583850931676,6.114130434782608,0.40614408254623413
2620,excitatory,0,44,0.7763975155279502,0.25621118012422356,0.13095104694366455
2621,excitatory,0,44,0.2329192546583851,1.0131987577639752,-1.091261863708496
2622,excitatory,0,44,0.4658385093167702,0.5939440993788819,-0.06884980201721191
2623,excitatory,0,44,0.0,0.0,
2624,excitatory,0,44,0.0,0.0,
2625,excitatory,0,44,0.6987577639751552,1.6187888198757763,-0.6745012998580933
2626,excitatory,0,44,0.0,0.007763975155279502,
2627,excitatory,0,44,63.35403726708074,63.140527950310556,0.9721340537071228
2628,excitatory,0,44,2.329192546583851,4.759316770186335,-0.1602344512939453
2629,excitatory,0,44,0.0,0.058229813664596265,
2630,excitatory,0,44,0.15527950310559005,0.15527950310559005,0.9929062724113464
2631,excitatory,0,44,0.0,0.0,
2633,excitatory,0,44,9.006211180124224,12.321428571428571,0.4740460515022278
2634,excitatory,0,44,0.8540372670807453,0.6909937888198757,0.6524649858474731
2635,excitatory,0,44,0.0,0.03493788819875776,
2637,excitatory,0,44,0.0,0.0,
2639,inhibitory,0,44,0.0,0.48913043478260865,
2641,excitatory,0,44,4.968944099378882,5.252329192546584,0.0770263671875
2642,excitatory,0,44,0.3105590062111801,0.9899068322981366,0.2319575548171997
2643,excitatory,0,44,4.968944099378882,6.39751552795031,0.18943411111831665
2644,excitatory,0,44,6.133540372670807,6.498447204968944,0.378410279750824
2645,excitatory,0,44,0.07763975155279502,0.02717391304347826,0.49933093786239624
2646,excitatory,0,44,0.0,0.0,
2647,excitatory,0,44,17.236024844720497,14.914596273291924,0.7398821115493774
2648,excitatory,0,44,0.0,0.011645962732919254,
2650,excitatory,0,44,2.4068322981366457,3.078416149068323,0.41731685400009155
2651,excitatory,0,44,0.0,0.003881987577639751,
2652,excitatory,0,44,1.2422360248447204,3.458850931677018,-0.8222270011901855
2656,inhibitory,0,44,0.9316770186335404,0.24068322981366458,0.18072551488876343
2657,excitatory,0,44,0.3105590062111801,0.6754658385093167,-0.7612067461013794
2658,excitatory,0,44,1.1645962732919255,1.1335403726708073,0.31684690713882446
2659,inhibitory,0,44,14.98447204968944,18.004658385093165,0.7105484008789062
2660,inhibitory,0,44,0.2329192546583851,0.05434782608695652,-0.0972588062286377
2661,excitatory,0,44,0.0,0.0,
2662,excitatory,0,44,0.8540372670807453,0.5900621118012421,0.61103355884552
2664,excitatory,0,44,0.0,0.007763975155279502,
2665,inhibitory,0,44,118.24534161490682,82.6086956521739,-0.030766725540161133
2666,excitatory,0,44,0.0,0.0,
2667,excitatory,0,44,0.6211180124223602,1.4635093167701863,-0.20422124862670898
2668,inhibitory,0,44,178.18322981366458,124.11490683229813,0.09634077548980713
2669,excitatory,0,44,2.7173913043478257,3.726708074534161,0.08969378471374512
2670,excitatory,0,44,15.76086956521739,21.40916149068323,0.13937848806381226
2671,excitatory,0,44,2.872670807453416,2.5698757763975153,0.6206129789352417
2673,excitatory,0,44,0.0,0.0,
2674,excitatory,0,44,0.0,0.015527950310559004,
2675,excitatory,0,44,2.795031055900621,3.699534161490683,0.8490405082702637
2676,inhibitory,0,44,4.736024844720497,3.1327639751552794,0.48950618505477905
2677,excitatory,0,44,0.0,0.19409937888198756,
2678,excitatory,0,44,0.0,0.0,
2679,excitatory,0,44,0.0,0.0,
2680,excitatory,0,44,0.0,0.0,
2681,excitatory,0,44,5.590062111801242,7.383540372670807,0.8129441738128662
2683,excitatory,0,44,0.0,0.003881987577639751,
2684,excitatory,0,44,0.0,0.0,
2685,excitatory,0,44,2.0962732919254656,1.265527950310559,0.5002583265304565
2686,inhibitory,0,44,5.590062111801242,8.194875776397515,0.3821527361869812
2687,excitatory,0,44,0.0,0.003881987577639751,
2688,inhibitory,0,44,63.742236024844715,47.78726708074534,0.3415681719779968
2689,excitatory,0,44,0.0,0.015527950310559004,
2690,excitatory,0,44,0.3105590062111801,0.1513975155279503,0.5272685289382935
2692,excitatory,0,44,4.968944099378882,6.020962732919254,0.8372281789779663
2693,inhibitory,0,44,1.0869565217391304,0.7453416149068323,0.2520061135292053
2694,excitatory,0,44,0.6211180124223602,2.0807453416149064,-2.9734156131744385
2695,excitatory,0,44,0.15527950310559005,0.08152173913043477,0.7626227736473083
2696,excitatory,0,44,0.2329192546583851,0.3881987577639751,0.3361336588859558
2698,excitatory,0,44,0.07763975155279502,0.12034161490683229,0.7372026443481445
2699,excitatory,0,44,2.1739130434782608,4.941770186335403,-0.53023362159729
2700,excitatory,0,44,0.0,0.3571428571428571,
2701,inhibitory,0,44,22.515527950310556,13.862577639751551,0.5857475996017456
2702,excitatory,0,44,0.0,0.0,
2703,excitatory,0,44,0.0,0.0,
2705,excitatory,0,44,13.043478260869565,14.332298136645962,0.5367310047149658
2706,excitatory,0,44,0.0,0.0,
2707,excitatory,0,44,4.270186335403727,5.073757763975155,0.8228173851966858
2708,inhibitory,0,44,9.316770186335404,8.722826086956522,0.43939870595932007
2710,excitatory,0,44,0.6211180124223602,1.6304347826086956,-0.1788877248764038
2711,excitatory,0,44,0.0,0.0,
2713,excitatory,0,44,0.8540372670807453,0.3183229813664596,0.29229456186294556
2714,excitatory,0,44,24.301242236024844,25.042701863354036,0.9522826075553894
2715,excitatory,0,44,0.0,0.0,
2716,excitatory,0,44,0.0,0.023291925465838508,
2717,excitatory,0,44,2.795031055900621,2.8571428571428568,0.9275466203689575
2718,inhibitory,0,44,5.2018633540372665,2.5038819875776395,0.6023238897323608
2719,excitatory,0,44,0.3881987577639751,1.0481366459627328,-0.029439449310302734
2720,excitatory,0,44,0.0,0.0,
2721,excitatory,0,44,4.192546583850931,3.6723602484472044,0.5149286985397339
2722,excitatory,0,44,0.15527950310559005,0.046583850931677016,0.47008395195007324
2723,excitatory,0,44,0.0,0.0,
2724,excitatory,0,44,0.0,0.0,
2725,excitatory,0,44,0.07763975155279502,0.05434782608695652,-0.3180469274520874
2726,excitatory,0,44,0.0,0.0,
2727,excitatory,0,44,7.065217391304348,8.520962732919253,0.4010021686553955
2728,excitatory,0,44,0.3881987577639751,0.6017080745341614,0.40221846103668213
2729,excitatory,0,44,0.0,0.015527950310559004,
2730,inhibitory,0,44,12.422360248447204,8.618012422360248,0.4425143003463745
2731,excitatory,0,44,0.0,0.0,
2732,inhibitory,0,44,2.7173913043478257,1.5954968944099377,0.7461282014846802
2733,excitatory,0,44,0.0,0.8190993788819875,
2734,excitatory,0,44,21.816770186335404,24.072204968944096,0.907559871673584
2735,excitatory,0,44,0.07763975155279502,0.019409937888198756,0.42356956005096436
2736,excitatory,0,44,23.21428571428571,27.041925465838506,0.9179657101631165
2737,excitatory,0,44,13.509316770186334,15.392080745341614,0.7849666476249695
2738,excitatory,0,44,0.0,0.0,
2739,excitatory,0,44,0.0,0.0,
2741,excitatory,0,44,0.0,0.015527950310559004,
2742,excitatory,0,44,0.0,0.0,
2743,excitatory,0,44,0.0,0.003881987577639751,
2744,inhibitory,0,44,12.810559006211179,14.045031055900619,0.6569041013717651
2745,excitatory,0,44,0.3105590062111801,0.042701863354037264,0.12871599197387695
2746,excitatory,0,44,0.2329192546583851,0.4076086956521739,-0.31517064571380615
2749,inhibitory,0,44,0.3105590062111801,0.6288819875776397,-2.017085075378418
2750,excitatory,0,44,1.0869565217391304,1.1762422360248446,-0.07466781139373779
2751,excitatory,0,44,0.3881987577639751,1.0481366459627328,-0.4460223913192749
2752,excitatory,0,44,0.0,0.0,
2753,excitatory,0,44,0.9316770186335404,2.0923913043478257,-0.13851618766784668
2754,excitatory,0,44,0.07763975155279502,0.27562111801242234,-1.7019741535186768
2755,excitatory,0,44,0.0,0.12034161490683229,
2756,excitatory,0,44,24.767080745341612,24.693322981366457,0.7192690372467041
2757,inhibitory,0,44,14.67391304347826,9.576863354037267,0.6123024225234985
2758,excitatory,0,44,0.0,0.011645962732919254,
2759,inhibitory,0,44,49.76708074534161,36.34704968944099,0.6132641434669495
2760,inhibitory,0,44,100.23291925465838,95.06211180124222,0.8580561876296997
2761,excitatory,0,44,0.0,0.0,
2762,excitatory,0,44,0.0,0.0,
2763,excitatory,0,44,0.2329192546583851,0.18633540372670807,0.3726009130477905
2764,excitatory,0,44,0.0,0.0,
2765,excitatory,0,44,1.3975155279503104,2.2709627329192545,0.46744465827941895
2766,excitatory,0,44,0.3105590062111801,0.8812111801242235,-2.196037769317627
2767,excitatory,0,44,0.0,0.05046583850931677,
2768,excitatory,0,44,2.0186335403726705,3.1560559006211175,0.37697190046310425
2769,excitatory,0,44,0.07763975155279502,0.06599378881987578,-0.20333826541900635
2770,excitatory,0,44,3.7267080745341614,5.097049689440993,0.537266731262207
2771,excitatory,0,44,0.0,0.0,
2772,excitatory,0,44,0.15527950310559005,0.38431677018633537,0.17069673538208008
2773,excitatory,0,44,0.0,0.007763975155279502,
2775,excitatory,0,44,1.9409937888198756,2.34083850931677,0.6640191078186035
2776,inhibitory,0,44,8.618012422360248,3.979037267080745,0.42110705375671387
2777,inhibitory,0,44,83.38509316770185,83.03959627329192,0.4072728753089905
2779,excitatory,0,44,5.357142857142857,5.916149068322981,0.8334172964096069
2780,excitatory,0,44,0.0,0.003881987577639751,
2781,inhibitory,0,44,3.7267080745341614,2.8649068322981366,0.7414814233779907
2783,excitatory,0,44,0.2329192546583851,0.20574534161490682,0.9420462250709534
2784,excitatory,0,44,0.15527950310559005,0.28338509316770183,-1.1343755722045898
2785,inhibitory,0,44,2.7173913043478257,1.4557453416149067,0.22992724180221558
2786,excitatory,0,44,0.6211180124223602,1.684782608695652,-1.3057076930999756
2788,excitatory,0,44,5.124223602484472,7.162267080745341,0.6410549879074097
2789,inhibitory,0,44,0.8540372670807453,0.43478260869565216,0.23645997047424316
2791,excitatory,0,44,0.0,0.0,
2792,inhibitory,0,44,131.2111801242236,73.68788819875776,0.014503538608551025
2793,inhibitory,0,44,0.0,0.0,
2794,excitatory,0,44,0.0,0.0,
2795,excitatory,0,44,0.0,0.0,
2796,excitatory,0,44,2.7173913043478257,3.5520186335403725,-0.038504958152770996
2798,inhibitory,0,44,1.3975155279503104,1.0869565217391304,0.3370658755302429
2800,excitatory,0,44,1.7080745341614907,1.9681677018633539,0.30106455087661743
2801,excitatory,0,44,5.667701863354037,8.765527950310558,-0.137917160987854
2802,excitatory,0,44,0.9316770186335404,1.5644409937888197,0.5830830931663513
2803,excitatory,0,44,0.3881987577639751,1.0830745341614907,-0.5031659603118896
2804,excitatory,0,44,6.133540372670807,5.217391304347825,0.6440727710723877
2805,excitatory,0,44,6.055900621118012,7.620341614906832,0.8222936987876892
2806,excitatory,0,44,0.6211180124223602,0.29891304347826086,0.5686472654342651
2807,excitatory,0,44,0.07763975155279502,0.39208074534161486,-3.298980712890625
2808,excitatory,0,44,10.869565217391303,10.78027950310559,0.7931581735610962
2809,excitatory,0,44,0.2329192546583851,0.23291925465838506,0.7904919385910034
2810,excitatory,0,44,0.0,0.0,
2812,inhibitory,0,44,4.580745341614906,1.3159937888198756,0.35376787185668945
2813,excitatory,0,44,0.7763975155279502,1.2538819875776397,0.46116572618484497
2814,excitatory,0,44,0.6211180124223602,0.8152173913043478,0.44803810119628906
2816,excitatory,0,44,0.0,0.003881987577639751,
2817,excitatory,0,44,0.0,0.07375776397515527,
2818,excitatory,0,44,0.0,0.019409937888198756,
2819,inhibitory,0,44,0.07763975155279502,0.07375776397515527,0.9461590647697449
2821,excitatory,0,44,0.0,0.0,
2822,excitatory,0,44,0.0,0.0,
2823,inhibitory,0,44,5.124223602484472,8.008540372670806,-0.43963146209716797
2824,excitatory,0,44,2.7173913043478257,5.034937888198757,0.1526605486869812
2825,excitatory,0,44,0.4658385093167702,1.8594720496894408,-4.267869472503662
2826,excitatory,0,44,5.822981366459627,6.067546583850931,0.8953006863594055
2827,inhibitory,0,44,138.58695652173913,122.31754658385093,0.628366231918335
2828,excitatory,0,44,9.860248447204969,9.083850931677018,0.40166938304901123
2829,excitatory,0,44,3.9596273291925463,1.7274844720496894,0.34502530097961426
2830,excitatory,0,44,0.0,0.0,
2831,inhibitory,0,44,34.54968944099379,22.546583850931675,0.7104716897010803
2832,excitatory,0,44,1.0093167701863353,1.5100931677018632,0.5636024475097656
2833,excitatory,0,44,3.6490683229813663,2.791149068322981,0.3942651152610779
2834,excitatory,0,44,3.183229813664596,2.2282608695652173,0.534478485584259
2835,excitatory,0,44,1.4751552795031055,3.357919254658385,0.019954681396484375
2836,excitatory,0,44,0.0,0.0,
2837,excitatory,0,44,0.0,0.046583850931677016,
2838,excitatory,0,44,0.8540372670807453,0.9122670807453416,0.028570175170898438
2839,excitatory,0,44,0.0,0.0,
2840,inhibitory,0,44,0.07763975155279502,0.5939440993788819,-13.117207527160645
2842,excitatory,0,44,0.0,0.0,
2843,excitatory,0,44,0.0,0.0,
2844,excitatory,0,44,0.0,0.0,
2845,excitatory,0,44,0.3105590062111801,0.4076086956521739,-0.5061550140380859
2848,excitatory,0,44,0.0,0.058229813664596265,
2849,excitatory,0,44,0.3105590062111801,0.28338509316770183,0.24635010957717896
2850,excitatory,0,44,0.15527950310559005,0.06599378881987578,0.16312241554260254
2851,inhibitory,0,44,4.114906832298137,2.1273291925465836,0.36116576194763184
2853,excitatory,0,44,25.465838509316768,19.301242236024844,0.5080580115318298
2854,excitatory,0,44,1.4751552795031055,2.2360248447204967,-0.01902592182159424
2855,excitatory,0,44,0.5434782608695652,0.9433229813664595,0.37608128786087036
2856,excitatory,0,44,0.0,0.0,
2859,excitatory,0,44,1.0869565217391304,0.5706521739130435,0.5324618816375732
2860,inhibitory,0,44,0.7763975155279502,0.2717391304347826,0.18901610374450684
2861,excitatory,0,44,0.0,0.0,
2862,excitatory,0,44,0.07763975155279502,0.28338509316770183,-1.4859139919281006
2863,inhibitory,0,44,4.658385093167702,3.167701863354037,0.3818278908729553
2864,excitatory,0,44,0.0,0.0,
2865,excitatory,0,44,7.996894409937887,8.354037267080745,0.8352494239807129
2866,excitatory,0,44,4.891304347826087,6.009316770186335,0.5353418588638306
2867,excitatory,0,44,2.1739130434782608,3.3462732919254656,0.553162157535553
2868,excitatory,0,44,3.9596273291925463,4.017857142857142,0.6702099442481995
2869,excitatory,0,44,0.4658385093167702,0.9899068322981366,0.004197835922241211
2870,excitatory,0,44,0.0,0.05434782608695652,
2872,excitatory,0,44,0.2329192546583851,0.5900621118012421,-0.11072564125061035
2873,excitatory,0,44,9.083850931677018,7.845496894409937,0.631118655204773
2874,inhibitory,0,44,152.32919254658384,149.58462732919253,0.960523247718811
2875,excitatory,0,44,0.3105590062111801,0.16304347826086954,0.5491805672645569
2877,excitatory,0,44,6.133540372670807,4.444875776397515,0.3648585081100464
2878,inhibitory,0,44,8.618012422360248,6.036490683229813,0.15106695890426636
2879,excitatory,0,44,0.0,0.0,
2880,excitatory,0,44,3.7267080745341614,2.201086956521739,0.5937999486923218
2882,excitatory,0,44,0.0,0.1513975155279503,
2884,excitatory,0,44,1.3198757763975155,2.1972049689440993,0.5493370890617371
2885,excitatory,0,44,0.0,0.0,
2886,excitatory,0,44,0.0,0.03105590062111801,
2887,excitatory,0,44,0.07763975155279502,0.4852484472049689,-3.3646321296691895
2888,excitatory,0,44,0.0,0.011645962732919254,
2889,excitatory,0,44,0.0,0.10093167701863354,
2890,excitatory,0,44,4.192546583850931,4.5186335403726705,0.6710928678512573
2891,excitatory,0,44,10.869565217391303,13.598602484472048,0.8441431522369385
2893,inhibitory,0,44,5.900621118012422,4.196428571428571,0.21590834856033325
2894,inhibitory,0,44,0.15527950310559005,0.6599378881987578,-6.0528950691223145
2895,excitatory,0,44,37.189440993788814,36.44409937888199,0.5696895122528076
2896,excitatory,0,44,0.15527950310559005,0.12034161490683229,-0.060397982597351074
2897,excitatory,0,44,32.37577639751552,36.72748447204969,0.7068427205085754
2899,excitatory,0,44,0.0,0.015527950310559004,
2900,excitatory,0,44,0.15527950310559005,0.06599378881987578,0.3494529724121094
2901,excitatory,0,44,0.0,0.023291925465838508,
2902,inhibitory,0,44,0.8540372670807453,0.20574534161490682,0.09903085231781006
2903,excitatory,0,44,2.795031055900621,2.8959627329192545,0.19459015130996704
2904,excitatory,0,44,0.0,0.02717391304347826,
2905,excitatory,0,44,12.18944099378882,11.552795031055899,0.9182513952255249
2906,excitatory,0,44,0.0,0.0,
2907,excitatory,0,44,0.0,0.003881987577639751,
2909,excitatory,0,44,0.0,0.003881987577639751,
2910,excitatory,0,44,21.972049689440993,30.27950310559006,0.5750796794891357
2911,excitatory,0,44,1.3198757763975155,1.6964285714285712,0.606309175491333
2912,excitatory,0,44,0.0,0.0,
2913,excitatory,0,44,13.74223602484472,9.565217391304348,0.460335373878479
2914,excitatory,0,44,0.0,0.08540372670807453,
2915,inhibitory,0,44,0.2329192546583851,0.18245341614906832,-0.32034480571746826
2916,excitatory,0,44,0.15527950310559005,0.23291925465838506,0.01884084939956665
2917,excitatory,0,44,35.015527950310556,46.49068322981366,0.6059340238571167
2919,excitatory,0,44,0.0,0.0,
2920,inhibitory,0,44,8.850931677018632,7.4184782608695645,0.8117607831954956
2921,excitatory,0,44,3.571428571428571,4.262422360248447,0.4172833561897278
2922,excitatory,0,44,4.114906832298137,6.017080745341614,0.5243271589279175
2923,excitatory,0,44,3.4161490683229814,3.777173913043478,0.5693507194519043
2924,excitatory,0,44,0.0,0.0,
2925,excitatory,0,44,0.0,0.0,
2926,excitatory,0,44,0.0,0.0,
2927,excitatory,0,44,15.6055900621118,19.114906832298136,0.6650996208190918
2928,excitatory,0,44,0.0,0.0,
2931,inhibitory,0,44,76.94099378881987,96.19565217391303,0.24749255180358887
2932,inhibitory,0,44,60.7919254658385,47.01086956521739,0.8494402766227722
2933,excitatory,0,44,0.0,0.0,
2934,excitatory,0,44,0.0,0.0,
2935,inhibitory,0,44,4.813664596273291,3.637422360248447,0.612907886505127
2936,excitatory,0,44,0.15527950310559005,0.6715838509316769,-3.1483216285705566
2937,excitatory,0,44,13.354037267080745,13.788819875776396,0.9263755083084106
2938,excitatory,0,44,0.0,0.0,
2939,excitatory,0,44,0.3105590062111801,0.45807453416149063,-0.13620340824127197
2940,inhibitory,0,44,17.546583850931675,10.520186335403725,0.3391745686531067
2941,inhibitory,0,44,14.67391304347826,9.332298136645962,0.7852470874786377
2942,inhibitory,0,44,0.3881987577639751,0.29503105590062106,0.44558441638946533
2943,excitatory,0,44,1.3198757763975155,1.265527950310559,0.8077796101570129
2944,excitatory,0,44,0.0,0.003881987577639751,
2945,excitatory,0,44,14.906832298136646,21.579968944099377,0.44551628828048706
2946,excitatory,0,44,0.07763975155279502,0.046583850931677016,0.6739293336868286
2947,excitatory,0,44,0.9316770186335404,1.0442546583850931,0.4082563519477844
2948,excitatory,0,44,37.732919254658384,38.09394409937888,0.6749746203422546
2949,excitatory,0,44,6.987577639751552,8.241459627329192,0.8959239721298218
2951,excitatory,0,44,0.0,0.0,
2953,excitatory,0,44,7.298136645962733,10.718167701863353,0.40045708417892456
2955,excitatory,0,44,0.0,0.007763975155279502,
2956,inhibitory,0,44,3.3385093167701863,2.0613354037267078,0.5011667013168335
2957,excitatory,0,44,0.0,0.0,
2958,excitatory,0,44,13.664596273291925,17.4223602484472,0.703944206237793
2959,excitatory,0,44,29.19254658385093,31.486801242236023,0.9784794449806213
2960,inhibitory,0,44,3.3385093167701863,1.6187888198757763,0.42958831787109375
2961,excitatory,0,44,45.65217391304348,47.325310559006205,0.6459814310073853
2962,excitatory,0,44,0.0,0.003881987577639751,
2963,excitatory,0,44,0.0,0.07375776397515527,
2964,excitatory,0,44,0.0,0.0,
2965,excitatory,0,44,0.8540372670807453,1.4945652173913042,0.24057912826538086
2966,excitatory,0,44,0.0,0.015527950310559004,
2968,excitatory,0,44,0.0,0.03881987577639751,
2969,excitatory,0,44,0.07763975155279502,0.25621118012422356,0.0789063572883606
2970,excitatory,0,44,0.0,0.0,
2971,excitatory,0,44,0.07763975155279502,0.10869565217391304,0.6150236129760742
2973,excitatory,0,44,0.0,0.0,
2974,excitatory,0,44,0.0,0.03105590062111801,
2976,excitatory,0,44,0.0,0.06211180124223602,
2977,excitatory,0,44,0.0,0.6133540372670807,
2978,excitatory,0,44,0.0,0.0,
2979,inhibitory,0,44,69.40993788819875,43.96739130434782,0.032306551933288574
2980,excitatory,0,44,5.2018633540372665,4.510869565217391,0.7004550695419312
2981,excitatory,0,44,0.2329192546583851,1.0093167701863353,-3.343435764312744
2982,excitatory,0,44,17.236024844720497,20.865683229813662,0.710179328918457
2983,inhibitory,0,44,1.1645962732919255,0.78027950310559,0.7363220453262329
2984,excitatory,0,44,0.0,0.019409937888198756,
2985,excitatory,0,44,2.639751552795031,3.5054347826086953,0.4851154685020447
2987,inhibitory,0,44,10.326086956521738,5.376552795031055,0.36225420236587524
2988,inhibitory,0,44,0.0,0.22903726708074532,
2989,excitatory,0,44,3.6490683229813663,5.163043478260869,0.40678536891937256
2990,inhibitory,0,44,22.748447204968944,10.357142857142856,0.32367074489593506
2991,excitatory,0,44,0.0,0.023291925465838508,
2992,excitatory,0,44,0.0,0.0,
2993,inhibitory,0,44,0.0,0.007763975155279502,
2994,excitatory,0,44,0.0,0.0,
2995,inhibitory,0,44,0.0,0.0,
2996,excitatory,0,44,1.7857142857142856,3.695652173913043,-0.09786975383758545
2997,excitatory,0,44,0.6211180124223602,0.4153726708074534,0.43763041496276855
2998,excitatory,0,44,0.0,0.0,
2999,excitatory,0,44,0.0,0.0,
3000,excitatory,0,44,0.07763975155279502,0.05434782608695652,-0.12622642517089844
3001,excitatory,0,44,0.0,0.003881987577639751,
3003,inhibitory,0,44,0.0,0.0,
3004,excitatory,0,44,21.040372670807454,25.100931677018632,0.5947623252868652
3005,excitatory,0,44,2.484472049689441,4.2895962732919255,0.5301923751831055
3006,excitatory,0,44,1.7857142857142856,2.0652173913043477,0.6449745893478394
3007,excitatory,0,44,8.618012422360248,7.065217391304347,0.5043154358863831
3008,excitatory,0,44,0.07763975155279502,0.3416149068322981,-5.812494277954102
3009,excitatory,0,44,2.251552795031056,1.8749999999999998,0.3188706040382385
3010,excitatory,0,44,2.7173913043478257,3.8121118012422355,0.33129972219467163
3011,inhibitory,0,44,3.493788819875776,1.451863354037267,0.3906596302986145
3012,excitatory,0,44,0.0,0.003881987577639751,
3013,excitatory,0,44,0.0,0.0,
3014,inhibitory,0,44,0.0,0.023291925465838508,
3015,excitatory,0,44,0.2329192546583851,0.45807453416149063,0.04626387357711792
3016,excitatory,0,44,3.571428571428571,3.9402173913043477,0.2073386311531067
3017,excitatory,0,44,14.67391304347826,11.70419254658385,0.6805294156074524
3019,inhibitory,0,44,7.608695652173912,7.740683229813664,0.714249849319458
3020,excitatory,0,44,0.8540372670807453,1.0287267080745341,0.515125036239624
3022,excitatory,0,44,10.481366459627328,11.956521739130434,0.9302135705947876
3023,inhibitory,0,44,259.860248447205,207.20496894409936,-0.64762282371521
3024,excitatory,0,44,0.0,0.0,
3025,excitatory,0,44,9.627329192546583,11.416925465838508,0.8580789566040039
3026,excitatory,0,44,32.14285714285714,29.01009316770186,0.42322856187820435
3027,excitatory,0,44,0.9316770186335404,0.5085403726708074,0.4070206880569458
3028,excitatory,0,44,5.978260869565217,7.146739130434782,0.2688983082771301
3029,excitatory,0,44,12.344720496894409,9.607919254658384,0.3297092318534851
3031,excitatory,0,44,0.0,0.23291925465838506,
3032,excitatory,0,44,0.0,0.0,
3033,inhibitory,0,44,33.38509316770186,38.1444099378882,0.5765933394432068
3034,excitatory,0,44,1.0093167701863353,0.842391304347826,0.9015151858329773
3035,excitatory,0,44,0.2329192546583851,1.0403726708074532,-9.625259399414062
3036,excitatory,0,44,0.5434782608695652,1.1180124223602483,-0.053813934326171875
3037,inhibitory,0,44,0.07763975155279502,0.019409937888198756,0.295402467250824
3038,excitatory,0,44,0.0,0.0,
3039,inhibitory,0,44,10.326086956521738,10.826863354037267,0.5882437229156494
3040,excitatory,0,44,0.0,0.019409937888198756,
3041,excitatory,0,44,0.0,0.0,
3042,excitatory,0,44,0.0,0.0,
3044,excitatory,0,44,35.326086956521735,27.829968944099377,0.18245083093643188
3045,inhibitory,0,44,1.5527950310559004,0.1669254658385093,0.09227269887924194
3047,excitatory,0,44,0.0,0.0,
3048,inhibitory,0,44,9.083850931677018,11.118012422360248,0.37458229064941406
3049,excitatory,0,44,0.0,0.0,
3050,inhibitory,0,44,7.686335403726708,2.2399068322981366,0.21759575605392456
3051,excitatory,0,44,0.7763975155279502,1.1917701863354035,0.31620168685913086
3052,excitatory,0,44,0.0,0.0,
3053,excitatory,0,44,9.394409937888199,11.319875776397515,0.8112366795539856
3054,excitatory,0,44,54.347826086956516,58.05124223602484,0.6074477434158325
3055,excitatory,0,44,0.0,0.007763975155279502,
3056,excitatory,0,44,0.0,0.042701863354037264,
3057,excitatory,0,44,0.0,0.007763975155279502,
3058,excitatory,0,44,0.0,0.0,
3059,excitatory,0,44,0.4658385093167702,0.023291925465838508,0.07244515419006348
3060,inhibitory,0,44,0.0,0.0,
3061,inhibitory,0,44,28.26086956521739,18.09782608695652,0.11724400520324707
3062,excitatory,0,44,0.0,0.015527950310559004,
3063,excitatory,0,44,0.0,0.007763975155279502,
3064,excitatory,0,44,0.07763975155279502,0.05046583850931677,0.7892637252807617
3065,excitatory,0,44,1.3975155279503104,1.0364906832298135,0.2868753671646118
3066,excitatory,0,44,1.0869565217391304,1.5954968944099377,0.4796150326728821
3067,excitatory,0,44,1.8633540372670807,5.46972049689441,-1.4150452613830566
3068,excitatory,0,44,27.79503105590062,32.93478260869565,0.6210494637489319
3069,excitatory,0,44,0.07763975155279502,0.1746894409937888,0.6693445444107056
3070,excitatory,0,44,0.0,0.0,
3071,excitatory,0,44,71.73913043478261,74.79425465838509,0.6990175843238831
3072,excitatory,0,44,0.0,0.03105590062111801,
3073,excitatory,0,44,0.0,0.05046583850931677,
3074,excitatory,0,44,0.0,0.0,
3076,inhibitory,0,44,0.07763975155279502,0.35326086956521735,-2.6677305698394775
3077,excitatory,0,44,0.0,0.0,
3078,excitatory,0,44,1.0093167701863353,1.0559006211180124,-0.10886049270629883
3079,excitatory,0,44,0.0,0.0,
3080,excitatory,0,44,2.484472049689441,2.8222049689440993,0.5444951057434082
3081,excitatory,0,44,0.07763975155279502,0.4464285714285714,-4.245452404022217
3082,excitatory,0,44,0.9316770186335404,1.6265527950310557,0.0333825945854187
3083,excitatory,0,44,0.0,0.0,
3084,inhibitory,0,44,0.0,0.0,
3085,inhibitory,0,44,24.611801242236023,20.559006211180122,0.6578843593597412
3086,inhibitory,0,44,0.07763975155279502,0.0,-0.013905644416809082
3087,inhibitory,0,44,10.093167701863353,5.970496894409937,0.5332155823707581
3088,excitatory,0,44,0.6211180124223602,1.420807453416149,-0.4242323637008667
3089,inhibitory,0,44,6.599378881987577,4.965062111801242,0.41794079542160034
3090,excitatory,0,44,0.0,0.046583850931677016,
3091,excitatory,0,44,0.0,0.05046583850931677,
3092,excitatory,0,44,0.15527950310559005,0.30667701863354035,0.4393777847290039
3093,excitatory,0,44,0.0,0.0,
3094,excitatory,0,44,45.10869565217391,44.28183229813664,0.7462766170501709
3095,excitatory,0,44,0.0,0.0,
3096,excitatory,0,44,2.329192546583851,2.3951863354037264,0.5565910339355469
3097,excitatory,0,44,0.0,0.007763975155279502,
3098,excitatory,0,44,0.4658385093167702,0.5667701863354037,0.596479058265686
3099,inhibitory,0,44,6.521739130434782,2.391304347826087,0.29134559631347656
3100,excitatory,0,44,0.6987577639751552,1.261645962732919,0.2698482871055603
3101,excitatory,0,44,0.0,0.0,
3102,excitatory,0,44,1.0869565217391304,0.9937888198757763,0.7572056651115417
3103,excitatory,0,44,0.0,0.0,
3104,excitatory,0,44,0.0,0.0,
3105,excitatory,0,44,0.3881987577639751,0.702639751552795,0.004422664642333984
3106,excitatory,0,44,0.0,0.0,
3107,excitatory,0,44,0.0,0.011645962732919254,
3108,excitatory,0,44,0.0,0.0,
3109,excitatory,0,44,0.0,0.0,
3111,inhibitory,0,44,0.2329192546583851,0.1902173913043478,0.09887903928756714
3112,excitatory,0,44,2.0186335403726705,2.2088509316770186,0.851533055305481
3113,excitatory,0,44,1.6304347826086956,2.3175465838509313,0.2463526725769043
3114,excitatory,0,44,0.0,0.08540372670807453,
3115,excitatory,0,44,29.03726708074534,30.345496894409933,0.47418874502182007
3116,excitatory,0,44,0.0,0.05046583850931677,
3117,excitatory,0,44,47.20496894409938,45.92391304347826,0.5385947823524475
3118,inhibitory,0,44,13.12111801242236,8.505434782608695,0.5001482963562012
3121,excitatory,0,44,0.0,0.0,
3123,excitatory,0,44,0.15527950310559005,0.1358695652173913,-0.17166781425476074
3124,excitatory,0,44,1.0869565217391304,1.5877329192546583,0.4019216299057007
3125,excitatory,0,44,2.1739130434782608,0.8850931677018633,0.31472134590148926
3126,excitatory,0,44,1.4751552795031055,2.760093167701863,0.21710914373397827
3127,excitatory,0,44,2.7173913043478257,4.21583850931677,0.5052350759506226
3128,inhibitory,0,44,0.4658385093167702,0.3998447204968944,0.8822936415672302
3129,excitatory,0,44,0.3105590062111801,0.5512422360248447,-0.29123175144195557
3130,excitatory,0,44,0.0,0.0,
3132,excitatory,0,44,1.3975155279503104,2.274844720496894,0.1785842776298523
3133,excitatory,0,44,0.0,0.0,
3134,excitatory,0,44,6.754658385093167,7.8726708074534155,0.882468044757843
3136,excitatory,0,44,156.1335403726708,158.1055900621118,0.6773856282234192
3137,inhibitory,0,44,2.950310559006211,1.3004658385093166,0.554900050163269
3138,excitatory,0,44,0.0,0.1902173913043478,
3139,excitatory,0,44,21.428571428571427,21.37034161490683,0.9068666100502014
3140,excitatory,0,44,0.8540372670807453,1.4091614906832297,0.48236143589019775
3141,inhibitory,0,44,0.2329192546583851,0.7453416149068323,-6.35883903503418
3142,inhibitory,0,44,3.881987577639751,1.389751552795031,0.4562855362892151
3143,excitatory,0,44,0.7763975155279502,0.7453416149068323,0.45812976360321045
3144,excitatory,0,44,0.15527950310559005,1.591614906832298,-15.303924560546875
3146,excitatory,0,44,0.0,0.3105590062111801,
3147,excitatory,0,44,0.15527950310559005,0.058229813664596265,-0.11170411109924316
3148,excitatory,0,44,11.102484472049689,8.823757763975154,0.627914547920227
3150,inhibitory,0,44,30.978260869565215,29.6583850931677,0.663979172706604
3151,excitatory,0,44,4.114906832298137,2.453416149068323,0.5298177003860474
3152,excitatory,0,44,0.0,0.011645962732919254,
3153,excitatory,0,44,1.5527950310559004,2.201086956521739,0.4793536067008972
3155,excitatory,0,44,0.0,0.0,
3156,excitatory,0,44,0.0,0.003881987577639751,
3158,excitatory,0,44,0.0,0.003881987577639751,
3159,excitatory,0,44,0.07763975155279502,0.10481366459627328,0.8741778135299683
3161,excitatory,0,44,0.0,0.0,
3162,excitatory,0,44,0.0,0.0,
3163,excitatory,0,44,1.0093167701863353,1.933229813664596,-0.37116706371307373
3164,excitatory,0,44,0.3105590062111801,0.22127329192546583,0.780019998550415
3165,excitatory,0,44,0.2329192546583851,2.150621118012422,-46.38874816894531
3166,excitatory,0,44,18.322981366459626,20.970496894409937,0.9033474326133728
3167,excitatory,0,44,0.4658385093167702,1.3703416149068322,-0.6735316514968872
3168,excitatory,0,44,1.4751552795031055,2.387422360248447,0.2995373606681824
3169,excitatory,0,44,16.07142857142857,16.323757763975152,0.3032970428466797
3170,excitatory,0,44,2.872670807453416,1.8827639751552794,0.20011061429977417
3171,excitatory,0,44,0.2329192546583851,0.22127329192546583,0.8261814713478088
3172,inhibitory,0,44,0.6211180124223602,0.7841614906832297,0.14402413368225098
3173,excitatory,0,44,8.385093167701863,10.30667701863354,0.4816359877586365
3174,excitatory,0,44,8.229813664596273,7.849378881987577,0.565315842628479
3175,excitatory,0,44,0.0,0.0,
3176,excitatory,0,44,1.3198757763975155,0.9316770186335402,0.42671650648117065
3177,excitatory,0,44,3.7267080745341614,3.7810559006211175,0.8125441670417786
3178,inhibitory,0,44,28.804347826086953,23.23757763975155,0.6281909942626953
3179,excitatory,0,44,0.15527950310559005,0.03105590062111801,0.1948775053024292
3180,inhibitory,0,44,20.263975155279503,11.750776397515526,0.43401026725769043
3181,excitatory,0,44,5.900621118012422,6.366459627329192,0.6969958543777466
3182,excitatory,0,44,60.7919254658385,56.222826086956516,0.3624263405799866
3183,excitatory,0,44,0.15527950310559005,0.011645962732919254,0.01969289779663086
3184,excitatory,0,44,1.0093167701863353,0.78027950310559,0.8377347588539124
3185,excitatory,0,44,0.0,0.007763975155279502,
3186,excitatory,0,44,0.2329192546583851,0.26785714285714285,0.28028035163879395
3187,inhibitory,0,44,66.38198757763975,41.02872670807453,0.47851598262786865
3188,excitatory,0,44,0.8540372670807453,0.8190993788819875,0.0368381142616272
3189,inhibitory,0,44,0.6987577639751552,0.4541925465838509,-0.24386084079742432
3190,excitatory,0,44,0.0,0.08540372670807453,
3191,excitatory,0,44,0.4658385093167702,0.6715838509316769,0.5588512420654297
3192,excitatory,0,44,0.0,0.0,
3193,excitatory,0,44,0.07763975155279502,0.058229813664596265,0.8555144667625427
3194,excitatory,0,44,48.05900621118012,45.38043478260869,0.37664252519607544
3195,inhibitory,0,44,0.0,0.2795031055900621,
3196,excitatory,0,44,1.1645962732919255,1.1180124223602483,0.7414655685424805
3198,excitatory,0,44,73.2919254658385,72.98524844720497,0.5907027721405029
3199,excitatory,0,44,8.074534161490682,11.071428571428571,0.15859949588775635
3201,excitatory,0,44,2.0186335403726705,2.8571428571428568,0.7086433172225952
3202,excitatory,0,44,0.07763975155279502,0.39208074534161486,-2.2940821647644043
3203,excitatory,0,44,0.0,0.0,
3204,excitatory,0,44,0.0,0.06599378881987578,
3205,excitatory,0,44,5.2018633540372665,6.424689440993788,0.8541767597198486
3206,inhibitory,0,44,0.07763975155279502,0.0,-0.013919472694396973
3207,excitatory,0,44,2.251552795031056,3.078416149068323,0.7544766068458557
3208,excitatory,0,44,0.0,0.0,
3210,excitatory,0,44,13.27639751552795,8.781055900621118,0.44306743144989014
3211,inhibitory,0,44,10.481366459627328,4.9184782608695645,0.6059852838516235
3212,inhibitory,0,44,0.07763975155279502,0.003881987577639751,-0.016449689865112305
3213,excitatory,0,44,0.3881987577639751,0.36490683229813664,0.8154555559158325
3214,excitatory,0,44,0.07763975155279502,0.03881987577639751,0.5627970695495605
3215,excitatory,0,44,1.8633540372670807,0.6677018633540373,0.14972716569900513
3216,excitatory,0,44,0.0,0.0,
3217,excitatory,0,44,0.0,0.003881987577639751,
3218,excitatory,0,44,0.0,0.0,
3219,excitatory,0,44,2.4068322981366457,2.837732919254658,0.5291580557823181
3220,excitatory,0,44,0.2329192546583851,0.3416149068322981,-0.08095145225524902
3221,excitatory,0,44,0.3105590062111801,0.795807453416149,-0.385032057762146
3222,excitatory,0,44,0.15527950310559005,0.06599378881987578,0.592313289642334
3224,excitatory,0,44,0.0,0.003881987577639751,
3225,excitatory,0,44,0.0,0.0,
3227,excitatory,0,44,0.0,0.003881987577639751,
3228,excitatory,0,44,0.0,0.0,
3229,inhibitory,0,44,0.07763975155279502,0.007763975155279502,0.07473140954971313
3230,excitatory,0,44,3.493788819875776,3.2531055900621113,0.5390021800994873
3231,excitatory,0,44,0.0,0.0,
3232,excitatory,0,44,0.0,0.0,
3233,excitatory,0,44,0.0,0.058229813664596265,
3234,excitatory,0,44,0.6211180124223602,1.0520186335403725,0.5785788297653198
3235,excitatory,0,44,0.0,0.0,
3236,inhibitory,0,44,2.872670807453416,2.65139751552795,0.5371158719062805
3237,excitatory,0,44,0.0,0.0,
3239,excitatory,0,44,0.5434782608695652,0.8074534161490683,0.32417911291122437
3240,excitatory,0,44,0.2329192546583851,0.3416149068322981,0.6263236999511719
3241,excitatory,0,44,0.0,0.06211180124223602,
3242,excitatory,0,44,0.0,0.03105590062111801,
3243,inhibitory,0,44,5.512422360248447,6.331521739130435,0.44512587785720825
3244,inhibitory,0,44,32.14285714285714,18.819875776397513,0.31735312938690186
3245,excitatory,0,44,10.714285714285714,12.119565217391303,0.7820109128952026
3246,excitatory,0,44,0.07763975155279502,0.48913043478260865,-2.169560670852661
3247,inhibitory,0,44,2.0962732919254656,2.2088509316770186,0.563271164894104
3248,excitatory,0,44,1.3198757763975155,1.5683229813664594,0.3428947329521179
3250,excitatory,0,44,0.3105590062111801,0.9976708074534161,-0.8614569902420044
3251,excitatory,0,44,0.0,0.0,
3252,inhibitory,0,44,6.987577639751552,2.8649068322981366,0.4439085125923157
3253,excitatory,0,44,0.8540372670807453,1.09083850931677,0.4537866711616516
3254,inhibitory,0,44,2.329192546583851,1.529503105590062,0.18371111154556274
3255,excitatory,0,44,5.124223602484472,6.54891304347826,0.6751257181167603
3256,excitatory,0,44,0.0,0.003881987577639751,
3257,excitatory,0,44,0.0,0.0,
3260,excitatory,0,44,0.3105590062111801,0.6055900621118012,-0.5691163539886475
3261,excitatory,0,44,0.0,0.0,
3262,excitatory,0,44,19.02173913043478,18.26863354037267,0.7521727681159973
3263,excitatory,0,44,3.493788819875776,4.68167701863354,0.862924337387085
3264,excitatory,0,44,35.55900621118012,31.82841614906832,0.5724495053291321
3265,inhibitory,0,44,0.2329192546583851,0.1591614906832298,0.3434406518936157
3266,inhibitory,0,44,61.80124223602484,48.9363354037267,0.6237540245056152
3268,excitatory,0,44,0.15527950310559005,0.10093167701863354,0.7907239198684692
3269,excitatory,0,44,0.0,0.0,
3272,excitatory,0,44,1.6304347826086956,1.8439440993788818,0.758484423160553
3273,excitatory,0,44,0.0,0.0,
3274,excitatory,0,44,0.15527950310559005,0.1746894409937888,0.21079415082931519
3275,excitatory,0,44,0.0,0.0,
3276,inhibitory,0,44,13.198757763975154,12.088509316770185,0.6519609689712524
3277,excitatory,0,44,0.07763975155279502,0.2600931677018633,-0.7128232717514038
3278,excitatory,0,44,0.0,0.0,
3279,excitatory,0,44,17.77950310559006,18.392857142857142,0.5229607820510864
3280,excitatory,0,44,2.329192546583851,2.0690993788819876,0.45714133977890015
3281,excitatory,0,44,0.0,0.0,
3282,inhibitory,0,44,0.0,0.003881987577639751,
3283,excitatory,0,44,0.0,0.007763975155279502,
3284,excitatory,0,44,4.037267080745341,6.925465838509316,0.07743078470230103
3285,excitatory,0,44,0.0,0.0,
3286,excitatory,0,44,0.7763975155279502,0.8967391304347825,0.7816460728645325
3287,inhibitory,0,44,9.549689440993788,6.444099378881987,0.7282580137252808
3288,excitatory,0,44,0.0,0.05046583850931677,
3289,inhibitory,0,44,8.773291925465838,8.008540372670806,0.5103329420089722
3290,excitatory,0,44,8.928571428571429,8.451086956521738,0.8407190442085266
3291,excitatory,0,44,0.15527950310559005,0.2523291925465838,0.8377170562744141
3292,excitatory,0,44,0.07763975155279502,0.023291925465838508,-0.039641380310058594
3293,inhibitory,0,44,0.0,0.0,
3294,excitatory,0,44,1.5527950310559004,2.7251552795031055,0.3028517961502075
3295,excitatory,0,44,20.419254658385093,22.527173913043477,0.32097482681274414
3296,excitatory,0,44,0.07763975155279502,0.45031055900621114,-9.442963600158691
3297,excitatory,0,44,0.07763975155279502,0.046583850931677016,0.1310333013534546
3298,excitatory,0,44,0.0,0.0,
3299,excitatory,0,44,0.15527950310559005,0.06987577639751552,0.3994746804237366
3300,excitatory,0,44,0.6211180124223602,0.4541925465838509,0.8419069647789001
3301,excitatory,0,44,1.3975155279503104,1.2150621118012421,0.6698087453842163
3302,excitatory,0,44,0.3105590062111801,0.5590062111801242,-0.8629436492919922
3303,excitatory,0,44,1.2422360248447204,2.414596273291925,0.10884010791778564
3304,excitatory,0,44,0.0,0.0,
3305,excitatory,0,44,0.3105590062111801,0.34549689440993786,0.8702732920646667
3306,inhibitory,0,44,0.15527950310559005,0.22127329192546583,0.40170496702194214
3307,inhibitory,0,44,30.667701863354036,25.815217391304344,0.8086432218551636
3308,inhibitory,0,44,0.0,0.0,
3309,excitatory,0,44,0.0,0.0,
3310,excitatory,0,44,0.0,0.0,
3311,inhibitory,0,44,4.114906832298137,3.179347826086956,0.630569338798523
3312,excitatory,0,44,48.369565217391305,52.138975155279496,0.49870115518569946
3313,inhibitory,0,44,1.0093167701863353,0.08152173913043477,0.12883222103118896
3314,excitatory,0,44,0.0,0.0,
3315,excitatory,0,44,0.2329192546583851,0.35326086956521735,0.6612062454223633
3316,inhibitory,0,44,0.0,0.0,
3317,excitatory,0,44,0.7763975155279502,1.0830745341614907,0.5949393510818481
3318,excitatory,0,44,0.5434782608695652,0.8152173913043478,0.2557426691055298
3319,excitatory,0,44,0.4658385093167702,0.058229813664596265,0.07501792907714844
3320,inhibitory,0,44,10.714285714285714,7.577639751552795,0.8569943904876709
3321,excitatory,0,44,36.024844720496894,32.325310559006205,0.4234834313392639
3322,excitatory,0,44,3.493788819875776,4.9728260869565215,0.26755619049072266
3323,excitatory,0,44,0.3881987577639751,0.4464285714285714,0.5979033708572388
3324,excitatory,0,44,0.0,0.0,
3325,excitatory,0,44,0.0,0.0,
3327,excitatory,0,44,2.562111801242236,1.5644409937888197,0.28400683403015137
3328,excitatory,0,44,0.15527950310559005,0.43090062111801236,0.6470038890838623
3329,excitatory,0,44,0.0,0.046583850931677016,
3331,excitatory,0,44,0.0,0.0,
3332,excitatory,0,44,0.0,0.0,
3333,excitatory,0,44,0.0,0.0,
3335,excitatory,0,44,3.4161490683229814,5.6560559006211175,0.11386662721633911
3336,excitatory,0,44,0.07763975155279502,0.023291925465838508,-0.06316077709197998
3337,excitatory,0,44,0.07763975155279502,0.10481366459627328,-0.04450666904449463
3338,excitatory,0,44,0.0,0.0,
3339,excitatory,0,44,41.69254658385093,38.74611801242236,0.3723381757736206
3340,excitatory,0,44,0.0,0.0,
3341,excitatory,0,44,5.822981366459627,12.95807453416149,-0.1803274154663086
3342,inhibitory,0,44,0.9316770186335404,0.3881987577639751,0.47538089752197266
3343,excitatory,0,44,0.0,0.0,
3344,excitatory,0,44,0.0,0.0,
3346,excitatory,0,44,0.3881987577639751,0.857919254658385,0.3422200679779053
3347,excitatory,0,44,4.968944099378882,1.3819875776397514,0.1417074203491211
3348,inhibitory,0,44,71.972049689441,51.52562111801242,0.6173756122589111
3350,excitatory,0,44,0.0,0.1358695652173913,
3352,excitatory,0,44,0.15527950310559005,0.28338509316770183,0.5253211259841919
3353,excitatory,0,44,25.31055900621118,35.57065217391304,0.29005932807922363
3354,excitatory,0,44,5.978260869565217,8.621894409937887,0.4077070951461792
3355,excitatory,0,44,0.0,0.019409937888198756,
3356,excitatory,0,44,0.0,0.003881987577639751,
3357,excitatory,0,44,12.732919254658384,11.587732919254657,0.774164080619812
3358,excitatory,0,44,0.07763975155279502,0.042701863354037264,0.21114444732666016
3359,excitatory,0,44,0.0,0.0,
3360,excitatory,0,44,2.329192546583851,2.697981366459627,0.4500904083251953
3361,excitatory,0,44,5.667701863354037,6.789596273291925,0.6561750769615173
3362,inhibitory,0,44,2.0186335403726705,0.5978260869565217,0.23214638233184814
3363,inhibitory,0,44,7.763975155279502,7.038043478260869,0.7022392749786377
3364,excitatory,0,44,0.0,0.0,
3365,excitatory,0,44,0.0,0.003881987577639751,
3366,excitatory,0,44,0.0,0.0,
3367,inhibitory,0,44,4.114906832298137,2.7484472049689437,0.17193055152893066
3368,excitatory,0,44,101.16459627329192,102.04968944099377,0.3907267451286316
3369,excitatory,0,44,0.15527950310559005,0.8850931677018633,-2.9575328826904297
3370,excitatory,0,44,0.0,0.0,
3371,excitatory,0,44,28.649068322981364,30.403726708074533,0.9658965468406677
3372,excitatory,0,44,0.0,0.0,
3373,excitatory,0,44,0.0,0.0,
3374,excitatory,0,44,0.0,0.0,
3375,excitatory,0,44,11.024844720496894,6.8517080745341605,0.6050854325294495
3376,excitatory,0,44,0.3881987577639751,0.562888198757764,0.022282540798187256
3377,inhibitory,0,44,0.07763975155279502,0.0,-0.013928890228271484
3378,inhibitory,0,44,4.3478260869565215,2.4883540372670807,0.19795078039169312
3379,excitatory,0,44,0.6211180124223602,0.5900621118012421,0.660851240158081
3380,inhibitory,0,44,0.0,0.0,
3381,excitatory,0,44,0.0,0.0,
3382,excitatory,0,44,1.4751552795031055,2.934782608695652,-0.030127286911010742
3383,excitatory,0,44,0.07763975155279502,0.2911490683229813,-1.210195779800415
3384,excitatory,0,44,0.0,0.019409937888198756,
3385,excitatory,0,44,0.3105590062111801,0.4270186335403726,0.7743875980377197
3387,excitatory,0,44,0.0,0.019409937888198756,
3388,inhibitory,0,44,76.70807453416148,55.4697204968944,0.8840175867080688
3389,inhibitory,0,44,0.0,0.0,
3390,excitatory,0,44,0.07763975155279502,0.25621118012422356,0.392086386680603
3391,excitatory,0,44,0.0,0.023291925465838508,
3392,excitatory,0,44,0.2329192546583851,0.14751552795031053,0.6774476766586304
3394,excitatory,0,44,15.217391304347824,20.12810559006211,0.4317280650138855
3395,excitatory,0,44,0.07763975155279502,0.11645962732919253,0.8874031901359558
3396,excitatory,0,44,0.5434782608695652,0.10481366459627328,0.28049880266189575
3397,excitatory,0,44,0.0,0.0,
3398,excitatory,0,44,0.0,0.023291925465838508,
3399,inhibitory,0,44,1.5527950310559004,0.702639751552795,0.5721260905265808
3400,excitatory,0,44,0.0,0.0,
3401,excitatory,0,44,0.0,0.0,
3403,inhibitory,0,44,4.658385093167702,2.2049689440993787,0.33988630771636963
3404,excitatory,0,44,0.0,0.0,
3405,inhibitory,0,44,0.0,0.0,
3406,excitatory,0,44,0.0,0.0,
3407,excitatory,0,44,0.0,0.046583850931677016,
3408,excitatory,0,44,0.0,0.007763975155279502,
3409,excitatory,0,44,0.0,0.06599378881987578,
3410,excitatory,0,44,0.3105590062111801,0.28338509316770183,0.714565098285675
3411,excitatory,0,44,0.0,0.011645962732919254,
3412,excitatory,0,44,0.0,0.05046583850931677,
3413,inhibitory,0,44,185.32608695652172,174.78260869565216,0.621593713760376
3414,excitatory,0,44,0.3105590062111801,0.3183229813664596,0.18788641691207886
3415,excitatory,0,44,4.114906832298137,7.115683229813664,0.2803117632865906
3416,excitatory,0,44,0.0,0.10869565217391304,
3417,excitatory,0,44,0.15527950310559005,0.046583850931677016,0.38882195949554443
3418,excitatory,0,44,0.0,0.0,
3419,excitatory,0,44,0.0,0.05434782608695652,
3420,inhibitory,0,44,13.27639751552795,8.722826086956522,0.8824067115783691
3421,excitatory,0,44,2.251552795031056,2.3369565217391304,0.7288166284561157
3422,excitatory,0,44,32.91925465838509,32.56987577639751,0.5887359380722046
3423,excitatory,0,44,0.0,0.0,
3425,excitatory,0,44,0.4658385093167702,0.5706521739130435,0.6470156908035278
3426,excitatory,0,44,1.1645962732919255,0.5590062111801242,0.6414463520050049
3427,excitatory,0,44,1.9409937888198756,3.9208074534161486,-0.23908698558807373
3428,inhibitory,0,44,9.782608695652174,7.771739130434782,0.8641223907470703
3429,excitatory,0,44,0.0,0.007763975155279502,
3431,excitatory,0,44,1.6304347826086956,2.6863354037267078,0.6266309022903442
3432,excitatory,0,44,0.0,0.0,
3433,inhibitory,0,44,0.4658385093167702,0.17080745341614906,0.5060203075408936
3434,excitatory,0,44,0.0,0.07763975155279502,
3435,excitatory,0,44,5.745341614906832,4.902950310559006,-0.0068198442459106445
3436,excitatory,0,44,0.0,0.019409937888198756,
3437,excitatory,0,44,6.444099378881988,6.537267080745341,0.3450460433959961
3438,inhibitory,0,44,1.0869565217391304,0.5318322981366459,0.26629209518432617
3439,excitatory,0,44,0.5434782608695652,0.1513975155279503,0.34721285104751587
3440,excitatory,0,44,3.6490683229813663,3.559782608695652,0.27023404836654663
3441,excitatory,0,44,3.804347826086956,6.576086956521738,0.07730203866958618
3442,excitatory,0,44,0.7763975155279502,2.278726708074534,-0.3461490869522095
3443,excitatory,0,44,0.2329192546583851,0.07375776397515527,0.15095192193984985
3444,excitatory,0,44,10.248447204968944,11.991459627329192,0.6492388844490051
3445,inhibitory,0,44,0.0,0.0,
3446,inhibitory,0,44,268.4782608695652,250.55124223602482,0.5640690922737122
3447,inhibitory,0,44,0.8540372670807453,1.1917701863354035,-0.1616208553314209
3448,excitatory,0,44,2.0186335403726705,5.322204968944099,-0.5521895885467529
3449,inhibitory,0,44,22.903726708074533,15.636645962732917,0.7678359150886536
3450,inhibitory,0,44,17.77950310559006,26.921583850931675,0.18106240034103394
3452,excitatory,0,44,8.773291925465838,9.607919254658384,0.5053145289421082
3453,excitatory,0,44,0.07763975155279502,0.015527950310559004,-0.03655397891998291
3454,excitatory,0,44,0.0,0.0,
3455,excitatory,0,44,0.15527950310559005,0.24844720496894407,0.003393113613128662
3456,excitatory,0,44,1.5527950310559004,2.138975155279503,0.7995874881744385
3457,inhibitory,0,44,12.732919254658384,8.866459627329192,0.5817906260490417
3458,excitatory,0,44,0.0,0.015527950310559004,
3459,excitatory,0,44,0.0,0.0,
3460,excitatory,0,44,0.0,0.15527950310559005,
3462,excitatory,0,44,0.0,0.0,
3463,excitatory,0,44,0.0,0.0,
3464,inhibitory,0,44,2.950310559006211,1.2344720496894408,0.46748417615890503
3465,excitatory,0,44,0.3881987577639751,0.5939440993788819,0.35502707958221436
3466,excitatory,0,44,56.98757763975155,58.2919254658385,0.6069296598434448
3467,excitatory,0,44,0.5434782608695652,1.1451863354037266,-0.06412339210510254
3468,excitatory,0,44,12.344720496894409,10.555124223602483,0.39767980575561523
3469,excitatory,0,44,0.0,0.0,
3470,inhibitory,0,44,0.0,0.22127329192546583,
3471,inhibitory,0,44,0.0,0.03493788819875776,
3472,excitatory,0,44,1.0093167701863353,1.296583850931677,0.4179748296737671
3473,excitatory,0,44,0.0,0.29503105590062106,
3475,excitatory,0,44,0.7763975155279502,0.718167701863354,0.9822099804878235
3476,excitatory,0,44,13.509316770186334,15.745341614906831,0.8945469856262207
3478,excitatory,0,44,0.07763975155279502,0.0,-0.013950347900390625
3479,excitatory,0,44,0.0,0.0,
3480,excitatory,0,44,2.1739130434782608,1.638198757763975,0.9280738830566406
3481,excitatory,0,44,53.95962732919254,46.33928571428571,0.9581112265586853
3482,excitatory,0,44,5.357142857142857,4.732142857142857,0.6968797445297241
3483,excitatory,0,44,0.15527950310559005,0.30667701863354035,0.22779589891433716
3484,excitatory,0,44,3.6490683229813663,4.759316770186335,0.5187737345695496
3486,excitatory,0,44,0.3881987577639751,0.2600931677018633,0.34388411045074463
3487,excitatory,0,44,0.0,0.0,
3488,excitatory,0,44,0.7763975155279502,1.261645962732919,0.08445000648498535
3489,inhibitory,0,44,6.133540372670807,5.45419254658385,0.9011191129684448
3490,excitatory,0,44,0.0,0.0,
3492,excitatory,0,44,0.0,0.0,
3493,excitatory,0,44,0.2329192546583851,0.1513975155279503,0.12909948825836182
3494,inhibitory,0,44,4.503105590062112,3.3385093167701863,0.5948361158370972
3495,excitatory,0,44,0.0,0.09704968944099378,
3496,excitatory,0,44,6.211180124223602,7.146739130434782,0.8313382267951965
3497,excitatory,0,44,3.4161490683229814,3.7499999999999996,0.865006685256958
3498,inhibitory,0,44,53.80434782608695,38.10170807453416,0.3801630735397339
3499,excitatory,0,44,0.0,0.0,
3500,excitatory,0,44,0.07763975155279502,0.31444099378881984,-2.1007113456726074
3501,excitatory,0,44,0.07763975155279502,0.08152173913043477,0.9973503351211548
3502,excitatory,0,44,0.0,0.0,
3503,excitatory,0,44,0.15527950310559005,0.873447204968944,-3.8377304077148438
3504,inhibitory,0,44,22.127329192546583,13.0861801242236,0.22984278202056885
3506,excitatory,0,44,0.07763975155279502,0.007763975155279502,0.1414317488670349
3507,inhibitory,0,44,0.2329192546583851,2.3486024844720497,-15.309993743896484
3508,excitatory,0,44,0.07763975155279502,0.12034161490683229,0.5619943141937256
3509,excitatory,0,44,9.006211180124224,9.464285714285714,0.8154682517051697
3510,inhibitory,0,44,2.484472049689441,3.11723602484472,-0.2530750036239624
3511,excitatory,0,44,0.0,0.023291925465838508,
3512,excitatory,0,44,1.3198757763975155,5.702639751552795,-2.671257495880127
3513,excitatory,0,44,0.0,0.0,
3514,excitatory,0,44,4.114906832298137,4.506987577639751,0.8787150382995605
3515,inhibitory,0,44,0.3105590062111801,1.8633540372670805,-10.634790420532227
3516,excitatory,0,44,0.0,0.003881987577639751,
3517,excitatory,0,44,0.15527950310559005,0.12034161490683229,0.27894437313079834
3519,excitatory,0,44,4.891304347826087,4.937888198757763,0.8632848262786865
3520,excitatory,0,44,0.0,0.0,
3521,excitatory,0,44,1.1645962732919255,1.7236024844720494,0.5418497920036316
3522,excitatory,0,44,0.0,0.0,
3523,excitatory,0,44,28.027950310559003,31.739130434782606,0.4170876145362854
3525,excitatory,0,44,0.0,0.18633540372670807,
3526,excitatory,0,44,0.0,0.0,
3527,excitatory,0,44,0.0,0.0,
3528,excitatory,0,44,0.4658385093167702,0.5007763975155279,0.16482681035995483
3530,excitatory,0,44,1.1645962732919255,1.8788819875776397,0.20430409908294678
3531,excitatory,0,44,0.3881987577639751,0.35326086956521735,0.8799453973770142
3532,excitatory,0,44,0.07763975155279502,0.09316770186335403,0.30715423822402954
3533,excitatory,0,44,0.0,0.0,
3534,inhibitory,0,44,24.14596273291925,27.47670807453416,0.5127499103546143
3536,excitatory,0,44,18.944099378881987,20.13975155279503,0.8422628045082092
3537,inhibitory,0,44,4.891304347826087,7.5310559006211175,-0.04108071327209473
3538,excitatory,0,44,0.0,0.015527950310559004,
3539,excitatory,0,44,0.0,0.0,
3540,excitatory,0,44,0.0,0.0,
3541,excitatory,0,44,0.15527950310559005,0.3416149068322981,-1.2222201824188232
3542,excitatory,0,44,0.07763975155279502,0.17080745341614906,-0.7915973663330078
3543,inhibitory,0,44,27.32919254658385,21.347049689440993,0.5618810653686523
3544,excitatory,0,44,0.0,0.003881987577639751,
3545,excitatory,0,44,2.795031055900621,3.6607142857142856,-1.1445481777191162
3546,inhibitory,0,44,0.5434782608695652,1.4790372670807452,-1.9224343299865723
3547,excitatory,0,44,1.0869565217391304,1.24611801242236,0.13319414854049683
3548,excitatory,0,44,0.0,0.03493788819875776,
3549,excitatory,0,44,0.0,0.0,
3550,excitatory,0,44,3.6490683229813663,5.912267080745341,0.08269709348678589
3551,excitatory,0,44,0.2329192546583851,0.6133540372670807,-0.7091513872146606
3552,excitatory,0,44,0.3105590062111801,0.5085403726708074,-0.2677316665649414
3553,excitatory,0,44,2.639751552795031,4.4604037267080745,0.4286455512046814
3554,excitatory,0,44,16.925465838509314,18.458850931677016,0.47428828477859497
3555,excitatory,0,44,0.0,0.011645962732919254,
3556,excitatory,0,44,0.0,0.0,
3557,excitatory,0,44,1.0869565217391304,0.2639751552795031,0.25995028018951416
3558,excitatory,0,44,0.0,0.3027950310559006,
3559,excitatory,0,44,1.0093167701863353,0.7763975155279502,-0.01637399196624756
3560,excitatory,0,44,0.0,0.03881987577639751,
3561,excitatory,0,44,0.0,0.10093167701863354,
3563,excitatory,0,44,0.0,0.0,
3564,excitatory,0,44,0.0,0.007763975155279502,
3565,excitatory,0,44,0.0,0.0,
3566,excitatory,0,44,0.0,0.08152173913043477,
3567,excitatory,0,44,0.0,0.0,
3568,excitatory,0,44,13.27639751552795,14.798136645962732,0.8954548835754395
3569,excitatory,0,44,1.8633540372670807,1.3043478260869563,0.5857089757919312
3570,excitatory,0,44,51.86335403726708,50.82298136645962,0.37899792194366455
3571,excitatory,0,44,0.3881987577639751,1.0442546583850931,-1.1966586112976074
3572,inhibitory,0,44,8.307453416149068,6.909937888198757,0.7163825035095215
3573,excitatory,0,44,0.07763975155279502,0.019409937888198756,-0.053926944732666016
3574,excitatory,0,44,0.0,0.0,
3575,excitatory,0,44,1.3198757763975155,1.5566770186335401,-0.07391750812530518
3576,excitatory,0,44,0.15527950310559005,0.22127329192546583,0.8187761902809143
3577,inhibitory,0,44,1.5527950310559004,0.47360248447204967,0.34861356019973755
3578,excitatory,0,44,0.0,0.058229813664596265,
3579,excitatory,0,44,8.385093167701863,11.777950310559005,0.5497523546218872
3581,excitatory,0,44,0.0,0.0,
3582,excitatory,0,44,0.0,0.0,
3583,excitatory,0,44,4.968944099378882,6.378105590062111,0.6072341203689575
3584,excitatory,0,44,0.07763975155279502,0.003881987577639751,0.08487582206726074
3585,excitatory,0,44,0.0,0.0,
3586,excitatory,0,44,0.2329192546583851,0.10481366459627328,0.22014033794403076
3587,excitatory,0,44,0.0,0.13198757763975155,
3588,excitatory,0,44,1.3975155279503104,1.6964285714285712,0.09919899702072144
3589,inhibitory,0,44,0.15527950310559005,0.03493788819875776,0.14689141511917114
3590,inhibitory,0,44,2.1739130434782608,2.0263975155279503,0.685165286064148
3591,inhibitory,0,44,94.48757763975155,58.462732919254655,-0.5241073369979858
3592,excitatory,0,44,0.2329192546583851,0.22515527950310557,0.8313342332839966
3594,excitatory,0,44,0.0,0.16304347826086954,
3595,excitatory,0,44,0.0,0.02717391304347826,
3596,excitatory,0,44,0.0,0.0,
3597,excitatory,0,44,0.0,0.0,
3598,excitatory,0,44,0.07763975155279502,0.10869565217391304,0.5284742116928101
3599,excitatory,0,44,1.3975155279503104,3.109472049689441,-0.1778709888458252
3600,excitatory,0,44,3.027950310559006,2.9541925465838506,0.6557611227035522
3601,excitatory,0,44,0.0,0.0,
3602,excitatory,0,44,0.8540372670807453,0.7880434782608695,0.25980693101882935
3603,excitatory,0,44,0.0,0.023291925465838508,
3604,excitatory,0,44,26.24223602484472,25.687111801242235,0.4467504024505615
3605,inhibitory,0,44,1.3975155279503104,0.1902173913043478,0.10138833522796631
3606,excitatory,0,44,1.0093167701863353,2.981366459627329,-2.045933961868286
3607,inhibitory,0,44,1.0093167701863353,0.842391304347826,0.2501041889190674
3608,excitatory,0,44,1.3975155279503104,1.6304347826086956,0.416326105594635
3609,inhibitory,0,44,32.45341614906832,30.392080745341612,0.4695706367492676
3610,excitatory,0,44,1.0093167701863353,1.296583850931677,0.49339085817337036
3612,excitatory,0,44,0.0,0.0,
3613,excitatory,0,44,11.257763975155278,15.6055900621118,0.4617922306060791
3615,excitatory,0,44,52.639751552795026,53.53260869565217,0.7453740239143372
3616,excitatory,0,44,10.559006211180124,10.570652173913043,0.653369665145874
3617,excitatory,0,44,5.590062111801242,6.902173913043478,0.3730483651161194
3618,excitatory,0,44,0.0,0.003881987577639751,
3619,excitatory,0,44,0.0,0.0,
3621,excitatory,0,44,0.6987577639751552,1.1296583850931676,-0.11433207988739014
3622,excitatory,0,44,2.7173913043478257,2.872670807453416,0.8605860471725464
3623,excitatory,0,44,0.3105590062111801,1.0093167701863353,-1.050229549407959
3624,excitatory,0,44,0.0,0.02717391304347826,
3625,excitatory,0,44,0.6211180124223602,0.6017080745341614,0.08286821842193604
3626,excitatory,0,44,0.07763975155279502,0.007763975155279502,0.08188199996948242
3627,excitatory,0,44,0.0,0.03105590062111801,
3628,excitatory,0,44,1.2422360248447204,1.622670807453416,0.3967926502227783
3629,inhibitory,0,44,1.7857142857142856,2.1972049689440993,-0.07577729225158691
3630,excitatory,0,44,0.0,0.023291925465838508,
3631,excitatory,0,44,0.0,0.0,
3632,excitatory,0,44,0.0,0.0,
3634,inhibitory,0,44,31.599378881987576,23.986801242236023,0.4389416575431824
3635,excitatory,0,44,0.0,0.02717391304347826,
3636,excitatory,0,44,0.0,0.0,
3637,excitatory,0,44,0.0,0.0,
3638,excitatory,0,44,0.0,0.003881987577639751,
3639,inhibitory,0,44,0.0,0.08928571428571427,
3640,excitatory,0,44,0.0,0.1979813664596273,
3641,inhibitory,0,44,0.0,0.0,
3642,excitatory,0,44,0.4658385093167702,1.6964285714285712,-1.588078498840332
3643,inhibitory,0,44,0.0,0.003881987577639751,
3644,excitatory,0,44,0.0,0.0,
3645,excitatory,0,44,1.6304347826086956,3.1948757763975153,-1.5577945709228516
3646,excitatory,0,44,3.6490683229813663,6.1102484472049685,0.25550371408462524
3647,excitatory,0,44,0.0,0.0,
3648,inhibitory,0,44,0.0,0.45031055900621114,
3649,excitatory,0,44,5.434782608695651,6.836180124223602,0.5536108016967773
3650,excitatory,0,44,2.4068322981366457,5.329968944099378,0.34326642751693726
3651,excitatory,0,44,0.0,0.0,
3652,inhibitory,0,44,18.788819875776397,16.98369565217391,0.6655633449554443
3653,excitatory,0,44,0.0,0.0,
3654,inhibitory,0,44,0.07763975155279502,0.08152173913043477,0.6528458595275879
3655,excitatory,0,44,0.3881987577639751,0.5434782608695652,0.5737558603286743
3656,excitatory,0,44,0.0,0.0,
3657,inhibitory,0,44,37.034161490683225,31.098602484472046,0.7922645211219788
3658,excitatory,0,44,0.0,0.1358695652173913,
3659,inhibitory,0,44,0.0,0.0,
3661,excitatory,0,44,1.0093167701863353,1.436335403726708,0.6184027194976807
3662,inhibitory,0,44,40.838509316770185,29.460403726708073,0.7821246981620789
3663,excitatory,0,44,30.357142857142854,33.753881987577635,0.5926560163497925
3664,excitatory,0,44,1.0869565217391304,1.3392857142857142,-0.08522820472717285
3665,excitatory,0,44,0.07763975155279502,0.1358695652173913,-0.7909735441207886
3666,excitatory,0,44,0.0,0.003881987577639751,
3667,excitatory,0,44,0.0,0.0,
3668,inhibitory,0,44,6.521739130434782,4.309006211180124,0.7398024797439575
3669,excitatory,0,44,0.07763975155279502,0.019409937888198756,0.32869887351989746
3670,excitatory,0,44,0.0,0.0,
3671,excitatory,0,44,0.15527950310559005,0.24456521739130432,-0.6515458822250366
3672,excitatory,0,44,7.065217391304348,8.027950310559005,0.7325112223625183
3673,excitatory,0,44,23.990683229813662,29.9417701863354,0.3367270231246948
3675,excitatory,0,44,0.6211180124223602,0.749223602484472,0.7299443483352661
3676,excitatory,0,44,12.422360248447204,13.88586956521739,0.8165874481201172
3677,excitatory,0,44,0.0,0.0,
3678,excitatory,0,44,7.686335403726708,11.141304347826086,0.1866810917854309
3679,excitatory,0,44,0.0,0.5007763975155279,
3680,excitatory,0,44,0.07763975155279502,1.230590062111801,-127.83966064453125
3683,excitatory,0,44,0.5434782608695652,0.43090062111801236,0.39107537269592285
3684,excitatory,0,44,0.0,0.0,
3685,inhibitory,0,44,23.21428571428571,29.3361801242236,0.6730355620384216
3686,excitatory,0,44,0.0,0.0,
3688,excitatory,0,44,0.2329192546583851,0.7725155279503105,-0.7126059532165527
3689,inhibitory,0,44,0.0,0.0,
3690,excitatory,0,44,0.0,0.0,
3691,excitatory,0,44,0.15527950310559005,0.2872670807453416,-0.772040843963623
3692,excitatory,0,44,45.88509316770186,42.9697204968944,0.6315123438835144
3693,excitatory,0,44,6.133540372670807,7.507763975155279,0.7590436339378357
3694,excitatory,0,44,0.0,0.007763975155279502,
3695,excitatory,0,44,0.15527950310559005,0.2872670807453416,0.7800324559211731
3696,excitatory,0,44,0.15527950310559005,0.18245341614906832,0.3034648299217224
3697,excitatory,0,44,9.083850931677018,10.13586956521739,0.5300677418708801
3698,excitatory,0,44,0.07763975155279502,0.3881987577639751,-6.912698268890381
3699,excitatory,0,44,17.701863354037265,19.048913043478258,0.951711893081665
3700,excitatory,0,44,0.07763975155279502,0.29503105590062106,-3.2703871726989746
3701,excitatory,0,44,11.801242236024844,15.60947204968944,0.4117196798324585
3702,excitatory,0,44,71.8167701863354,74.11102484472049,0.6234901547431946
3703,excitatory,0,44,0.0,0.0,
3704,inhibitory,0,44,18.711180124223603,12.977484472049689,0.7972277998924255
3705,excitatory,0,44,0.3881987577639751,0.8656832298136645,0.39757442474365234
3706,excitatory,0,44,0.0,0.03105590062111801,
3707,excitatory,0,44,1.0093167701863353,0.9588509316770185,0.5103033185005188
3708,excitatory,0,44,7.453416149068323,7.9852484472049685,0.6235246658325195
3709,excitatory,0,44,0.0,0.0,
3710,excitatory,0,44,1.0869565217391304,1.9681677018633539,-0.0891338586807251
3711,inhibitory,0,44,0.0,0.0,
3712,inhibitory,0,44,3.7267080745341614,3.835403726708074,0.3990049958229065
3713,excitatory,0,44,28.57142857142857,30.376552795031053,0.47059857845306396
3714,excitatory,0,44,0.0,0.28338509316770183,
3715,excitatory,0,44,0.4658385093167702,0.8035714285714285,0.31941860914230347
3716,excitatory,0,44,0.0,0.0,
3717,excitatory,0,44,3.9596273291925463,5.632763975155279,0.7326910495758057
3718,excitatory,0,44,0.0,0.058229813664596265,
3719,excitatory,0,44,4.968944099378882,5.279503105590062,0.5608551502227783
3720,inhibitory,0,44,22.282608695652172,21.653726708074533,0.7047030925750732
3721,excitatory,0,44,2.1739130434782608,3.1754658385093166,0.657833993434906
3722,inhibitory,0,44,23.60248447204969,16.494565217391305,0.0715453028678894
3723,excitatory,0,44,1.5527950310559004,3.447204968944099,-0.16183733940124512
3724,inhibitory,0,44,0.0,0.0,
3726,excitatory,0,44,1.4751552795031055,1.2150621118012421,0.40099501609802246
3727,excitatory,0,44,0.0,0.0,
3728,excitatory,0,44,96.04037267080744,93.07065217391303,0.6281527876853943
3729,excitatory,0,44,0.3105590062111801,0.4192546583850931,0.4618883728981018
3730,excitatory,0,44,29.50310559006211,31.940993788819874,0.7948505282402039
3731,excitatory,0,44,0.0,0.0,
3732,inhibitory,0,44,6.211180124223602,5.706521739130435,0.5873174667358398
3733,excitatory,0,44,1.3975155279503104,1.2072981366459625,0.47962164878845215
3734,excitatory,0,44,5.590062111801242,6.545031055900621,0.6716040968894958
3735,excitatory,0,44,0.0,0.0,
3736,inhibitory,0,44,32.45341614906832,27.705745341614904,0.6868176460266113
3737,inhibitory,0,44,0.4658385093167702,0.25621118012422356,0.6850649118423462
3738,excitatory,0,44,3.493788819875776,5.900621118012422,0.4996800422668457
3739,excitatory,0,44,0.07763975155279502,0.046583850931677016,-0.0366131067276001
3740,excitatory,0,44,0.0,0.0,
3741,excitatory,0,44,0.2329192546583851,0.640527950310559,-0.45932483673095703
3742,inhibitory,0,44,18.788819875776397,15.104813664596271,0.8201568722724915
3743,excitatory,0,44,0.07763975155279502,0.26785714285714285,-2.2206637859344482
3744,excitatory,0,44,0.0,0.0,
3745,excitatory,0,44,0.0,0.0,
3746,inhibitory,0,44,8.618012422360248,7.864906832298136,0.6026504039764404
3747,excitatory,0,44,0.0,0.0,
3748,inhibitory,0,44,25.621118012422357,12.123447204968944,0.01975005865097046
3749,excitatory,0,44,0.6211180124223602,1.0209627329192545,0.4259055256843567
3750,excitatory,0,44,0.0,0.0,
3751,excitatory,0,44,1.2422360248447204,0.9277950310559006,0.5936670899391174
3752,excitatory,0,44,0.0,0.0,
3753,excitatory,0,44,3.027950310559006,3.105590062111801,0.8446067571640015
3754,excitatory,0,44,0.15527950310559005,0.22515527950310557,0.5943655371665955
3755,excitatory,0,44,0.0,0.0,
3756,excitatory,0,44,0.0,0.26785714285714285,
3757,inhibitory,0,44,6.832298136645963,4.180900621118012,0.5028319358825684
3758,excitatory,0,44,1.9409937888198756,3.3734472049689437,0.45175665616989136
3759,excitatory,0,44,0.0,0.03105590062111801,
3760,excitatory,0,44,0.07763975155279502,0.003881987577639751,0.08488374948501587
3761,excitatory,0,44,16.149068322981364,18.668478260869563,0.6416459083557129
3762,excitatory,0,44,0.4658385093167702,0.32220496894409933,0.415679931640625
3764,inhibitory,0,44,8.850931677018632,11.70031055900621,-0.14728975296020508
3765,excitatory,0,44,0.0,0.015527950310559004,
3766,excitatory,0,44,36.49068322981366,34.701086956521735,0.6383790373802185
3767,inhibitory,0,44,93.55590062111801,114.07608695652173,0.7688032388687134
3768,excitatory,0,44,1.7857142857142856,3.1754658385093166,0.07590168714523315
3769,excitatory,0,44,0.2329192546583851,0.3959627329192546,0.7229660153388977
3770,excitatory,0,44,0.0,0.0,
3771,excitatory,0,44,1.2422360248447204,1.8827639751552794,0.6827871799468994
3772,inhibitory,0,44,56.98757763975155,44.49922360248447,0.4560896158218384
3773,inhibitory,0,44,19.02173913043478,16.37810559006211,0.6270624399185181
3774,excitatory,0,44,0.0,0.0,
3775,excitatory,0,44,0.0,0.003881987577639751,
3777,excitatory,0,44,0.0,0.0,
3778,excitatory,0,44,2.251552795031056,2.589285714285714,0.6975160241127014
3779,excitatory,0,44,10.559006211180124,13.039596273291924,0.7159902453422546
3780,excitatory,0,44,5.357142857142857,7.32531055900621,0.4704705476760864
3781,excitatory,0,44,0.0,0.0,
3782,excitatory,0,44,0.15527950310559005,0.3183229813664596,-0.048770904541015625
3783,excitatory,0,44,0.0,0.0,
3784,excitatory,0,44,4.891304347826087,8.955745341614906,0.2185230851173401
3786,excitatory,0,44,8.307453416149068,7.748447204968944,0.775768518447876
3787,excitatory,0,44,0.0,0.0,
3788,excitatory,0,44,0.3881987577639751,0.8462732919254657,-0.05303072929382324
3789,excitatory,0,44,0.15527950310559005,0.29891304347826086,0.5789583921432495
3790,excitatory,0,44,0.7763975155279502,0.9394409937888198,0.9350411295890808
3791,excitatory,0,44,0.07763975155279502,0.05046583850931677,-0.23604893684387207
3792,excitatory,0,44,26.397515527950308,20.209627329192546,0.8266591429710388
3794,excitatory,0,44,0.0,0.0,
3795,excitatory,0,44,2.795031055900621,2.779503105590062,0.8533158898353577
3796,excitatory,0,44,0.8540372670807453,2.107919254658385,0.02864980697631836
3797,excitatory,0,44,15.062111801242235,18.016304347826086,0.6841541528701782
3798,excitatory,0,44,25.93167701863354,28.346273291925463,0.9809997081756592
3799,excitatory,0,44,13.27639751552795,14.390527950310558,0.6787042021751404
3800,excitatory,0,44,0.0,0.015527950310559004,
3801,inhibitory,0,44,0.07763975155279502,0.0,-0.013925671577453613
3802,excitatory,0,44,0.0,0.0,
3803,excitatory,0,44,0.0,0.4153726708074534,
3804,excitatory,0,44,33.307453416149066,32.1777950310559,0.2964287996292114
3805,excitatory,0,44,4.813664596273291,5.407608695652174,0.5194834470748901
3806,excitatory,0,44,0.0,0.0,
3807,excitatory,0,44,12.267080745341614,10.683229813664596,0.501140296459198
3808,excitatory,0,44,0.0,0.0,
3809,inhibitory,0,44,6.366459627329192,2.5854037267080745,0.1641831398010254
3811,excitatory,0,44,0.07763975155279502,0.24068322981366458,0.09169256687164307
3812,inhibitory,0,44,7.220496894409937,2.216614906832298,0.15670251846313477
3813,excitatory,0,44,16.53726708074534,19.51086956521739,0.7903019189834595
3816,excitatory,0,44,15.91614906832298,14.029503105590061,0.6520423293113708
3818,excitatory,0,44,1.0093167701863353,1.24611801242236,0.4199903607368469
3819,excitatory,0,44,0.5434782608695652,0.4541925465838509,0.4248029589653015
3820,inhibitory,0,44,106.36645962732919,102.208850931677,0.9398446083068848
3821,inhibitory,0,44,12.18944099378882,6.766304347826086,0.21483004093170166
3822,excitatory,0,44,0.3881987577639751,0.6909937888198757,0.3620246648788452
3823,inhibitory,0,44,0.0,0.0,
3824,excitatory,0,44,2.872670807453416,3.8237577639751548,0.777825117111206
3825,excitatory,0,44,0.0,0.0,
3826,excitatory,0,44,0.0,0.0,
3827,excitatory,0,44,0.0,0.0,
3828,inhibitory,0,44,0.0,0.0,
3829,excitatory,0,44,0.3881987577639751,1.576086956521739,0.12133347988128662
3830,excitatory,0,44,0.2329192546583851,0.3765527950310559,0.1994364857673645
3831,excitatory,0,44,0.2329192546583851,0.019409937888198756,-0.0158158540725708
3832,excitatory,0,44,0.0,0.0,
3833,excitatory,0,44,0.15527950310559005,0.08540372670807453,0.3431025743484497
3834,excitatory,0,44,8.385093167701863,9.448757763975154,0.5510072708129883
3835,excitatory,0,44,14.440993788819874,13.000776397515526,0.5675508379936218
3836,excitatory,0,44,1.9409937888198756,2.9619565217391304,0.28232765197753906
3837,excitatory,0,44,1.4751552795031055,1.8051242236024843,0.821010410785675
3838,excitatory,0,44,0.0,0.0,
3839,excitatory,0,44,0.0,0.003881987577639751,
3840,excitatory,0,44,0.7763975155279502,1.25,-0.5869108438491821
3841,excitatory,0,44,0.0,0.003881987577639751,
3842,excitatory,0,44,0.0,0.019409937888198756,
3845,excitatory,0,44,3.3385093167701863,4.169254658385093,0.07618284225463867
3846,excitatory,0,44,0.0,0.0,
3847,excitatory,0,44,0.0,0.0,
3848,excitatory,0,44,0.3881987577639751,0.7686335403726707,-0.11726248264312744
3849,inhibitory,0,44,0.6211180124223602,0.2872670807453416,0.34681040048599243
3850,excitatory,0,44,0.0,0.0,
3851,excitatory,0,44,0.3105590062111801,0.27562111801242234,0.22536379098892212
3852,inhibitory,0,44,6.832298136645963,6.669254658385093,0.14542031288146973
3853,excitatory,0,44,0.0,0.0,
3854,excitatory,0,44,0.0,0.003881987577639751,
3855,excitatory,0,44,3.881987577639751,3.447204968944099,0.3726867437362671
3856,excitatory,0,44,0.0,0.0,
3857,excitatory,0,44,0.0,0.015527950310559004,
3858,excitatory,0,44,0.0,0.0,
3859,inhibitory,0,44,52.25155279503105,40.66770186335403,0.7444988489151001
3860,inhibitory,0,44,15.91614906832298,19.14596273291925,0.3649422526359558
3861,excitatory,0,44,0.0,0.12034161490683229,
3862,excitatory,0,44,0.0,0.0,
3863,excitatory,0,44,1.3198757763975155,1.8012422360248446,0.12803053855895996
3864,inhibitory,0,44,17.857142857142858,25.41149068322981,0.2417619824409485
3866,excitatory,0,44,0.15527950310559005,0.2911490683229813,0.16349560022354126
3868,inhibitory,0,44,2.329192546583851,1.3509316770186335,0.5229556560516357
3869,excitatory,0,44,0.0,0.019409937888198756,
3870,excitatory,0,44,0.07763975155279502,0.08540372670807453,0.9419438242912292
3871,excitatory,0,44,1.4751552795031055,3.0512422360248443,0.2740682363510132
3872,excitatory,0,44,0.0,0.0,
3873,excitatory,0,44,0.0,0.023291925465838508,
3874,excitatory,0,44,0.0,0.042701863354037264,
3876,excitatory,0,44,0.0,0.0,
3877,excitatory,0,44,0.07763975155279502,0.10093167701863354,0.8652269840240479
3878,excitatory,0,44,0.0,0.0,
3879,excitatory,0,44,42.546583850931675,36.878881987577635,0.6790531277656555
3880,excitatory,0,44,19.487577639751553,13.57919254658385,0.4653027653694153
3881,excitatory,0,44,0.07763975155279502,0.011645962732919254,0.26735419034957886
3882,excitatory,0,44,3.881987577639751,3.2686335403726705,0.5896185636520386
3883,excitatory,0,44,4.114906832298137,4.192546583850931,0.8047707676887512
3884,excitatory,0,44,0.07763975155279502,0.007763975155279502,0.08043503761291504
3885,excitatory,0,44,0.15527950310559005,0.2872670807453416,-0.2637258768081665
3886,excitatory,0,44,5.900621118012422,5.0310559006211175,0.3658025860786438
3887,excitatory,0,44,26.319875776397513,23.322981366459626,0.966704249382019
3889,excitatory,0,44,0.0,0.003881987577639751,
3890,excitatory,0,44,0.0,0.0,
3891,excitatory,0,44,0.15527950310559005,0.37267080745341613,0.2519086003303528
3892,excitatory,0,44,6.521739130434782,9.142080745341614,0.15182030200958252
3893,excitatory,0,44,4.658385093167702,5.690993788819875,0.6184513568878174
3894,inhibitory,0,44,0.0,0.003881987577639751,
3895,excitatory,0,44,0.07763975155279502,0.015527950310559004,0.06176096200942993
3896,excitatory,0,44,65.45031055900621,72.68245341614906,0.6631497144699097
3897,excitatory,0,44,4.580745341614906,4.868012422360248,0.9037073850631714
3898,excitatory,0,44,35.9472049689441,27.550465838509314,0.25934892892837524
3899,excitatory,0,44,0.6211180124223602,1.8245341614906831,-1.95758056640625
3900,excitatory,0,44,0.0,0.011645962732919254,
3901,excitatory,0,44,14.130434782608695,13.71894409937888,0.48938655853271484
3902,excitatory,0,44,0.0,0.003881987577639751,
3903,excitatory,0,44,14.36335403726708,15.562888198757763,0.9573690295219421
3904,excitatory,0,44,0.0,0.11257763975155279,
3906,excitatory,0,44,0.3881987577639751,0.826863354037267,-0.16060268878936768
3908,inhibitory,0,44,0.2329192546583851,0.22127329192546583,0.24404257535934448
3909,excitatory,0,44,0.9316770186335404,0.8928571428571428,0.5646776556968689
3910,excitatory,0,44,0.0,0.0,
3911,inhibitory,0,44,0.0,0.0,
3912,excitatory,0,44,0.07763975155279502,0.13198757763975155,0.743401050567627
3913,excitatory,0,44,0.0,0.0,
3914,excitatory,0,44,0.3105590062111801,0.18245341614906832,0.4172061085700989
3915,excitatory,0,44,0.2329192546583851,0.24456521739130432,0.3849000930786133
3916,excitatory,0,44,2.0186335403726705,2.589285714285714,0.5455305576324463
3917,excitatory,0,44,0.15527950310559005,0.20574534161490682,0.6203745603561401
3918,excitatory,0,44,0.0,0.0,
3919,excitatory,0,44,0.0,0.05434782608695652,
3920,excitatory,0,44,0.0,0.10093167701863354,
3921,excitatory,0,44,3.260869565217391,1.9953416149068322,0.6138972640037537
3922,inhibitory,0,44,9.549689440993788,6.218944099378882,0.657882571220398
3923,excitatory,0,44,0.6211180124223602,0.9200310559006211,0.46816176176071167
3924,inhibitory,0,44,4.968944099378882,3.179347826086956,0.6944867968559265
3925,excitatory,0,44,0.0,0.1358695652173913,
3926,excitatory,0,44,1.3198757763975155,1.3819875776397514,0.8062165379524231
3927,inhibitory,0,44,0.0,0.0,
3928,excitatory,0,44,0.6987577639751552,0.5551242236024844,0.3832547068595886
3929,excitatory,0,44,17.701863354037265,23.524844720496894,0.47326207160949707
3930,excitatory,0,44,0.0,0.0,
3931,excitatory,0,44,4.192546583850931,2.779503105590062,0.6430295705795288
3932,excitatory,0,44,0.0,0.0,
3933,excitatory,0,44,7.142857142857142,7.697981366459627,0.4954703450202942
3934,excitatory,0,44,0.6987577639751552,0.9200310559006211,-0.06360304355621338
3935,inhibitory,0,44,0.7763975155279502,0.33773291925465837,-0.01967298984527588
3936,excitatory,0,44,30.978260869565215,32.558229813664596,0.9519423246383667
3937,inhibitory,0,44,181.444099378882,119.58462732919254,-2.553762435913086
3938,excitatory,0,44,0.3105590062111801,0.5357142857142857,0.787991464138031
3939,excitatory,0,44,0.8540372670807453,0.7220496894409937,-0.22655141353607178
3940,excitatory,0,44,0.0,0.003881987577639751,
3941,excitatory,0,44,1.6304347826086956,1.7080745341614905,0.9797186851501465
3942,excitatory,0,44,0.15527950310559005,0.34549689440993786,0.6264379620552063
3943,excitatory,0,44,2.950310559006211,4.670031055900621,0.6270945072174072
3944,inhibitory,0,44,6.521739130434782,5.209627329192546,0.3263903260231018
3945,excitatory,0,44,0.0,0.0,
3946,excitatory,0,44,0.3881987577639751,0.4697204968944099,0.71315997838974
3947,excitatory,0,44,0.0,0.0,
3948,excitatory,0,44,2.872670807453416,3.493788819875776,0.4481719732284546
3949,excitatory,0,44,1.0093167701863353,2.0496894409937885,0.6188358068466187
3950,excitatory,0,44,0.15527950310559005,0.28338509316770183,0.4317513108253479
3951,excitatory,0,44,0.6211180124223602,0.7104037267080745,0.8643984794616699
3952,excitatory,0,44,0.0,0.0,
3953,excitatory,0,44,0.0,0.0,
3954,inhibitory,0,44,17.158385093167702,7.065217391304347,0.2630711793899536
3955,excitatory,0,44,35.40372670807453,36.05201863354037,0.707327127456665
3957,excitatory,0,44,0.0,0.0,
3958,excitatory,0,44,0.0,0.003881987577639751,
3959,excitatory,0,44,1.0869565217391304,2.4456521739130435,-0.3768494129180908
3960,excitatory,0,44,0.0,0.019409937888198756,
3961,excitatory,0,44,0.0,0.0,
3962,excitatory,0,44,0.2329192546583851,0.11257763975155279,-0.09867537021636963
3963,excitatory,0,44,0.0,0.0,
3964,excitatory,0,44,11.645962732919253,10.838509316770185,0.8277267217636108
3965,inhibitory,0,44,0.0,0.0,
3966,excitatory,0,44,0.0,0.019409937888198756,
3968,excitatory,0,44,3.571428571428571,3.043478260869565,0.8779394626617432
3969,excitatory,0,44,14.67391304347826,16.366459627329192,0.5498234033584595
3970,inhibitory,0,44,0.0,0.0,
3971,inhibitory,0,44,0.0,0.046583850931677016,
3972,inhibitory,0,44,13.27639751552795,12.697981366459626,0.4986022114753723
3973,excitatory,0,44,0.07763975155279502,0.042701863354037264,-0.31487584114074707
3974,excitatory,0,44,2.0962732919254656,2.6436335403726705,0.39867454767227173
3975,inhibitory,0,44,103.33850931677019,82.69409937888199,0.8621212244033813
3976,excitatory,0,44,1.0093167701863353,0.9821428571428571,0.3635237216949463
3977,excitatory,0,44,0.15527950310559005,0.08152173913043477,0.1896533966064453
3979,excitatory,0,44,1.7080745341614907,1.09083850931677,0.39192306995391846
3982,excitatory,0,44,0.0,0.0,
3983,inhibitory,0,44,0.9316770186335404,0.8967391304347825,-0.5996582508087158
3984,inhibitory,0,44,0.15527950310559005,0.07763975155279502,0.7475937604904175
3985,inhibitory,0,44,17.934782608695652,23.295807453416145,0.3971632719039917
3986,excitatory,0,44,3.571428571428571,2.5194099378881987,0.36759698390960693
3987,excitatory,0,44,1.0093167701863353,0.6055900621118012,0.2642648220062256
3988,excitatory,0,44,0.8540372670807453,0.4619565217391304,0.6760331988334656
3989,excitatory,0,44,0.07763975155279502,0.17080745341614906,0.0773504376411438
3990,excitatory,0,44,0.0,0.0,
3991,inhibitory,0,44,2.251552795031056,1.0403726708074532,0.11417871713638306
3992,excitatory,0,44,21.50621118012422,23.660714285714285,0.970541775226593
3994,excitatory,0,44,0.0,0.0,
3995,excitatory,0,44,12.732919254658384,14.992236024844718,0.38440847396850586
3996,excitatory,0,44,0.07763975155279502,0.11257763975155279,0.002966940402984619
3997,excitatory,0,44,0.0,0.0,
3998,excitatory,0,44,0.07763975155279502,0.011645962732919254,0.2605419158935547
3999,excitatory,0,44,0.2329192546583851,0.24068322981366458,0.044324398040771484
4000,excitatory,0,44,2.0962732919254656,2.6436335403726705,0.45897501707077026
4001,excitatory,0,44,0.0,0.046583850931677016,
4003,excitatory,0,44,0.0,0.0,
4004,inhibitory,0,44,0.0,0.07375776397515527,
4005,excitatory,0,44,0.0,0.03105590062111801,
4006,excitatory,0,44,2.1739130434782608,3.4239130434782608,0.49364858865737915
4007,excitatory,0,44,2.795031055900621,3.2996894409937885,0.7888070344924927
4008,excitatory,0,44,0.15527950310559005,0.015527950310559004,0.13493645191192627
4010,excitatory,0,44,0.0,0.0,
4012,excitatory,0,44,0.3105590062111801,0.11645962732919253,0.23725581169128418
4013,excitatory,0,44,1.5527950310559004,2.123447204968944,0.8154901266098022
4014,excitatory,0,44,2.251552795031056,2.313664596273292,0.6567049026489258
4015,excitatory,0,44,0.6211180124223602,0.5861801242236024,0.691731870174408
4016,excitatory,0,44,0.0,0.0,
4017,excitatory,0,44,0.15527950310559005,0.3338509316770186,-0.07039034366607666
4018,excitatory,0,44,0.07763975155279502,0.48136645962732916,-5.6955647468566895
4019,excitatory,0,44,0.0,0.0,
4020,inhibitory,0,44,93.09006211180123,70.81521739130434,0.7824341058731079
4021,inhibitory,0,44,48.68012422360248,27.752329192546583,0.7216939926147461
4023,inhibitory,0,44,0.0,0.003881987577639751,
4024,excitatory,0,44,5.2018633540372665,3.8004658385093166,0.32680559158325195
4025,excitatory,0,44,0.0,0.023291925465838508,
4026,excitatory,0,44,0.0,0.22515527950310557,
4027,excitatory,0,44,0.0,0.0,
4028,excitatory,0,44,0.07763975155279502,0.1436335403726708,-1.2951133251190186
4030,excitatory,0,44,0.0,0.0,
4031,excitatory,0,44,0.0,0.0,
4032,inhibitory,0,44,21.040372670807454,13.637422360248445,0.8106020092964172
4033,excitatory,0,44,0.4658385093167702,0.5473602484472049,0.6392972469329834
4035,excitatory,0,44,3.804347826086956,3.6840062111801237,0.6935563087463379
4036,excitatory,0,44,0.8540372670807453,0.6211180124223602,0.5865848064422607
4037,excitatory,0,44,0.4658385093167702,0.32220496894409933,-0.14270997047424316
4038,excitatory,0,44,0.0,0.0,
4039,excitatory,0,44,0.0,0.0,
4040,excitatory,0,44,0.15527950310559005,2.119565217391304,-34.29168701171875
4041,excitatory,0,44,0.0,0.007763975155279502,
4042,excitatory,0,44,0.0,0.0,
4043,inhibitory,0,44,15.993788819875775,8.668478260869565,0.4208953380584717
4044,excitatory,0,44,0.5434782608695652,0.7569875776397514,0.6999441981315613
4045,excitatory,0,44,7.220496894409937,9.378881987577639,0.5519362688064575
4046,inhibitory,0,44,10.093167701863353,4.250776397515527,0.5749043226242065
4047,excitatory,0,44,3.260869565217391,3.6723602484472044,0.8150439858436584
4048,excitatory,0,44,0.3105590062111801,0.08540372670807453,0.1360803246498108
4049,excitatory,0,44,0.0,0.0,
4050,excitatory,0,44,0.0,0.0,
4051,inhibitory,0,44,0.6211180124223602,1.2228260869565217,0.5591210126876831
4053,excitatory,0,44,0.0,0.0,
4054,inhibitory,0,44,0.0,0.0,
4055,excitatory,0,44,0.3105590062111801,0.6715838509316769,-0.9799549579620361
4057,excitatory,0,44,0.6211180124223602,1.0287267080745341,0.6613723039627075
4058,inhibitory,0,44,5.512422360248447,4.297360248447204,0.5606226325035095
4059,excitatory,0,44,0.9316770186335404,0.8152173913043478,0.499939501285553
4060,inhibitory,0,44,5.2018633540372665,5.799689440993788,0.44762760400772095
4061,excitatory,0,44,0.07763975155279502,0.07763975155279502,0.7551954984664917
4062,excitatory,0,44,5.512422360248447,6.304347826086956,0.8939634561538696
4063,excitatory,0,44,25.0,25.147515527950308,0.9539823532104492
4065,excitatory,0,44,0.0,0.0,
4066,excitatory,0,44,0.2329192546583851,0.023291925465838508,-0.0480879545211792
4067,excitatory,0,44,0.0,0.0,
4069,excitatory,0,44,0.0,0.0,
4070,inhibitory,0,44,11.956521739130434,13.781055900621118,-0.20968234539031982
4071,excitatory,0,44,0.0,0.08152173913043477,
4072,inhibitory,0,44,31.754658385093165,28.831521739130434,0.7306822538375854
4073,excitatory,0,44,39.20807453416149,51.45962732919254,0.5480200052261353
4074,excitatory,0,44,0.0,0.12810559006211178,
4075,excitatory,0,44,0.0,0.0,
4077,excitatory,0,44,0.07763975155279502,0.0,-0.0074579715728759766
4078,inhibitory,0,44,1.7080745341614907,1.1607142857142856,0.3053165674209595
4079,excitatory,0,44,0.0,0.0,
4080,excitatory,0,44,0.0,0.019409937888198756,
4081,excitatory,0,44,0.3105590062111801,0.4658385093167701,0.1426878571510315
4082,excitatory,0,44,0.0,0.0,
4084,inhibitory,0,44,49.76708074534161,47.02639751552795,0.6237176656723022
4086,inhibitory,0,44,0.0,0.0,
4088,inhibitory,0,44,8.385093167701863,3.668478260869565,0.1424916386604309
4090,excitatory,0,44,0.07763975155279502,0.16304347826086954,0.5300856828689575
4091,excitatory,0,44,0.3105590062111801,0.8385093167701863,-1.032289743423462
4092,excitatory,0,44,11.41304347826087,10.392080745341614,0.5829190611839294
4093,inhibitory,0,44,28.959627329192546,21.607142857142854,0.7633129954338074
4094,excitatory,0,44,0.0,0.0,
4096,excitatory,0,44,0.0,0.0,
4098,excitatory,0,44,0.07763975155279502,0.015527950310559004,0.1132325530052185
4099,excitatory,0,44,2.484472049689441,2.6436335403726705,0.40763914585113525
4101,inhibitory,0,44,72.28260869565217,55.50077639751552,0.5033681988716125
4102,excitatory,0,44,0.0,0.0,
4103,inhibitory,0,44,0.5434782608695652,0.6871118012422359,0.19034349918365479
4105,inhibitory,0,44,0.0,0.03881987577639751,
4106,excitatory,0,44,0.0,0.0,
4109,excitatory,0,44,0.0,0.0,
4110,excitatory,0,44,0.0,0.007763975155279502,
4111,excitatory,0,44,0.15527950310559005,0.1902173913043478,0.8941053152084351
4112,excitatory,0,44,1.1645962732919255,1.0559006211180124,0.23523938655853271
4113,excitatory,0,44,8.229813664596273,16.913819875776397,-0.19981205463409424
4114,excitatory,0,44,3.6490683229813663,5.054347826086956,0.7494525909423828
4115,excitatory,0,44,0.7763975155279502,0.3183229813664596,0.3403708338737488
4116,excitatory,0,44,0.7763975155279502,0.9045031055900621,0.7729578018188477
4118,excitatory,0,44,25.232919254658384,26.731366459627328,0.6479798555374146
4119,excitatory,0,44,0.0,0.003881987577639751,
4120,excitatory,0,44,0.2329192546583851,0.3183229813664596,0.4432193636894226
4121,excitatory,0,44,0.2329192546583851,0.30667701863354035,0.545171856880188
4122,excitatory,0,44,0.07763975155279502,0.05046583850931677,0.6332881450653076
4123,excitatory,0,44,0.0,0.0,
4124,excitatory,0,44,3.3385093167701863,4.316770186335403,0.48438626527786255
4125,excitatory,0,44,0.07763975155279502,0.07375776397515527,0.3289784789085388
4126,excitatory,0,44,0.0,0.0,
4127,excitatory,0,44,13.27639751552795,14.309006211180122,0.747791051864624
4128,excitatory,0,44,0.0,0.03881987577639751,
4129,excitatory,0,44,0.0,0.0,
4130,excitatory,0,44,0.0,0.10093167701863354,
4131,excitatory,0,44,0.0,0.0,
4132,excitatory,0,44,0.0,0.0,
4133,excitatory,0,44,1.1645962732919255,1.9293478260869563,0.18994218111038208
4134,excitatory,0,44,0.0,0.007763975155279502,
4135,inhibitory,0,44,19.33229813664596,14.386645962732919,0.4768766164779663
4136,inhibitory,0,44,30.512422360248447,29.914596273291924,0.5966720581054688
4137,excitatory,0,44,52.48447204968944,52.189440993788814,0.9793905019760132
4138,excitatory,0,44,0.0,0.0,
4139,excitatory,0,44,4.968944099378882,4.258540372670807,0.8568739891052246
4142,excitatory,0,44,4.968944099378882,6.269409937888198,0.7030017375946045
4143,excitatory,0,44,11.335403726708075,13.365683229813664,0.8110582828521729
4144,excitatory,0,44,0.0,0.0,
4145,inhibitory,0,44,1.7080745341614907,0.7919254658385092,0.41547536849975586
4146,excitatory,0,44,6.444099378881988,6.106366459627329,0.9405088424682617
4147,excitatory,0,44,0.0,0.0,
4148,excitatory,0,44,9.627329192546583,9.04503105590062,0.7991414070129395
4149,excitatory,0,44,26.86335403726708,31.622670807453414,0.7688201069831848
4150,inhibitory,0,44,31.52173913043478,22.989130434782606,0.6928404569625854
4151,excitatory,0,44,1.7857142857142856,2.422360248447205,0.4406958222389221
4152,excitatory,0,44,0.4658385093167702,1.0520186335403725,0.6233532428741455
4153,inhibitory,0,44,0.0,0.08928571428571427,
4154,inhibitory,0,44,22.43788819875776,20.229037267080745,0.7150909900665283
4155,excitatory,0,44,0.0,0.0,
4156,excitatory,0,44,2.1739130434782608,3.070652173913043,0.37993431091308594
4157,inhibitory,0,44,2.1739130434782608,0.6599378881987578,0.5012646913528442
4158,excitatory,0,44,0.0,0.0,
4159,excitatory,0,44,0.0,0.0,
4160,excitatory,0,44,0.0,0.0,
4161,excitatory,0,44,0.0,0.046583850931677016,
4162,inhibitory,0,44,231.3664596273292,187.51552795031054,-0.24616575241088867
4163,excitatory,0,44,0.0,0.1436335403726708,
4164,excitatory,0,44,1.0869565217391304,0.9627329192546583,0.6141946911811829
4165,excitatory,0,44,0.4658385093167702,0.4386645962732919,0.9453487992286682
4166,excitatory,0,44,0.0,0.0,
4167,inhibitory,0,44,7.220496894409937,4.21972049689441,0.5020020008087158
4168,excitatory,0,44,0.0,0.0,
4169,excitatory,0,44,0.0,0.0,
4170,inhibitory,0,44,0.07763975155279502,0.15527950310559005,-0.9075407981872559
4171,excitatory,0,44,0.2329192546583851,0.4192546583850931,0.43851906061172485
4172,excitatory,0,44,0.0,0.06599378881987578,
4173,excitatory,0,44,0.6211180124223602,0.9161490683229813,0.5699901580810547
4174,inhibitory,0,44,0.3881987577639751,2.038043478260869,-10.367864608764648
4175,inhibitory,0,44,0.15527950310559005,0.7608695652173912,-12.415379524230957
4176,excitatory,0,44,6.211180124223602,6.618788819875776,0.5980380773544312
4177,excitatory,0,44,0.0,0.1436335403726708,
4178,excitatory,0,44,0.0,0.0,
4179,excitatory,0,44,0.7763975155279502,1.622670807453416,0.17613446712493896
4180,excitatory,0,44,2.484472049689441,2.5698757763975153,0.9416850209236145
4181,excitatory,0,44,75.31055900621118,71.25388198757763,0.22575581073760986
4182,excitatory,0,44,0.2329192546583851,0.003881987577639751,0.01983499526977539
4183,excitatory,0,44,0.07763975155279502,0.17857142857142855,-0.910187840461731
4184,excitatory,0,44,0.0,0.05046583850931677,
4185,excitatory,0,44,0.15527950310559005,0.6017080745341614,-2.2548532485961914
4186,excitatory,0,44,0.0,0.0,
4187,excitatory,0,44,0.0,0.0,
4188,excitatory,0,44,2.7173913043478257,2.49611801242236,0.6212913393974304
4189,inhibitory,0,44,40.06211180124223,32.43012422360248,0.8941910266876221
4190,excitatory,0,44,0.15527950310559005,0.1902173913043478,0.6113433837890625
4191,excitatory,0,44,0.0,0.0,
4192,excitatory,0,44,0.9316770186335404,1.9293478260869563,-0.26711177825927734
4193,inhibitory,0,44,57.99689440993789,49.14596273291925,0.7822591662406921
4194,excitatory,0,44,4.813664596273291,7.666925465838508,0.3649248480796814
4195,excitatory,0,44,1.0869565217391304,2.0031055900621118,0.29944872856140137
4196,excitatory,0,44,14.20807453416149,10.951086956521738,0.6110849380493164
4197,excitatory,0,44,0.0,0.007763975155279502,
4198,inhibitory,0,44,0.15527950310559005,0.7608695652173912,-4.141246318817139
4199,excitatory,0,44,39.36335403726708,41.69642857142857,0.7781478762626648
4200,excitatory,0,44,0.0,0.0,
4201,excitatory,0,44,18.40062111801242,20.943322981366457,0.9343790411949158
4202,inhibitory,0,44,0.07763975155279502,0.003881987577639751,0.08454334735870361
4203,excitatory,0,44,0.15527950310559005,0.0,-0.0071877241134643555
4204,excitatory,0,44,0.6987577639751552,1.9099378881987576,-0.18439066410064697
4205,excitatory,0,44,0.3105590062111801,0.6094720496894409,-0.48270583152770996
4206,excitatory,0,44,0.0,0.0,
4207,excitatory,0,44,0.0,0.0,
4208,excitatory,0,44,0.6987577639751552,0.18633540372670807,0.43709444999694824
4209,excitatory,0,44,28.881987577639748,31.777950310559003,0.7049049735069275
4210,excitatory,0,44,0.0,0.0,
4211,excitatory,0,44,0.2329192546583851,0.5939440993788819,-0.5059155225753784
4212,excitatory,0,44,0.07763975155279502,0.015527950310559004,-0.028245925903320312
4213,excitatory,0,44,0.9316770186335404,0.5434782608695652,0.6756536364555359
4214,excitatory,0,44,2.0962732919254656,3.148291925465838,0.3672279119491577
4215,excitatory,0,44,0.2329192546583851,0.10093167701863354,0.5080463886260986
4216,inhibitory,0,44,31.366459627329192,15.213509316770185,0.439943790435791
4217,excitatory,0,44,6.6770186335403725,5.819099378881987,0.771876871585846
4218,excitatory,0,44,13.89751552795031,14.301242236024844,0.6364344358444214
4219,excitatory,0,44,0.0,0.0,
4221,excitatory,0,44,0.0,0.0,
4222,excitatory,0,44,0.15527950310559005,0.08540372670807453,0.15345364809036255
4223,inhibitory,0,44,0.0,0.0,
4224,excitatory,0,44,1.7080745341614907,3.008540372670807,0.2909976840019226
4225,excitatory,0,44,0.0,0.0,
4226,inhibitory,0,44,4.658385093167702,5.539596273291925,0.7669180035591125
4228,inhibitory,0,44,0.0,0.0,
4229,excitatory,0,44,0.0,0.0,
4230,excitatory,0,44,1.6304347826086956,2.2670807453416146,0.11325019598007202
4231,excitatory,0,44,1.7857142857142856,2.356366459627329,0.7052404880523682
4232,inhibitory,0,44,7.996894409937887,6.723602484472049,0.42872220277786255
4233,excitatory,0,44,0.0,0.0,
4234,inhibitory,0,44,0.07763975155279502,0.05046583850931677,-0.1894010305404663
4235,inhibitory,0,44,0.0,0.1513975155279503,
4236,excitatory,0,44,0.0,0.0,
4237,excitatory,0,44,0.9316770186335404,1.2111801242236024,0.26032090187072754
4238,excitatory,0,44,0.0,0.0,
4239,inhibitory,0,44,52.01863354037267,44.23524844720497,0.9197809100151062
4240,excitatory,0,44,0.0,0.0,
4241,excitatory,0,44,0.0,0.12422360248447203,
4242,excitatory,0,44,0.0,0.0,
4243,excitatory,0,44,0.0,0.0,
4244,excitatory,0,44,0.0,0.0,
4245,excitatory,0,44,0.07763975155279502,0.2523291925465838,-0.45684385299682617
4246,inhibitory,0,44,9.472049689440993,5.500776397515527,0.5938196778297424
4247,excitatory,0,44,4.968944099378882,11.366459627329192,-1.1811871528625488
4248,excitatory,0,44,0.0,0.0,
4249,excitatory,0,44,0.6987577639751552,0.9588509316770185,0.673736572265625
4250,inhibitory,0,44,0.6211180124223602,0.4619565217391304,0.2162533402442932
4251,excitatory,0,44,0.0,0.015527950310559004,
4252,excitatory,0,44,2.562111801242236,4.169254658385093,0.20195353031158447
4253,inhibitory,0,44,1.5527950310559004,1.25,0.16789758205413818
4254,excitatory,0,44,0.15527950310559005,0.26785714285714285,0.7902126312255859
4255,excitatory,0,44,0.0,0.05434782608695652,
4256,excitatory,0,44,0.3881987577639751,0.5434782608695652,0.2833293676376343
4257,excitatory,0,44,1.6304347826086956,2.5,0.3034626245498657
4258,excitatory,0,44,0.4658385093167702,1.6032608695652173,-1.9476895332336426
4259,excitatory,0,44,26.08695652173913,28.454968944099377,0.9528845548629761
4260,excitatory,0,44,0.0,0.0,
4261,excitatory,0,44,6.832298136645963,10.624999999999998,0.3580765128135681
4262,excitatory,0,44,0.0,0.4774844720496894,
4263,excitatory,0,44,0.0,0.0,
4264,excitatory,0,44,0.2329192546583851,0.36102484472049684,0.4237394332885742
4265,excitatory,0,44,0.8540372670807453,0.8540372670807452,0.4772964119911194
4266,inhibitory,0,44,69.40993788819875,49.98447204968944,0.6063965559005737
4267,excitatory,0,44,3.804347826086956,5.61723602484472,0.6513314247131348
4268,inhibitory,0,44,8.385093167701863,5.0892857142857135,0.3638457655906677
4269,excitatory,0,44,0.0,0.003881987577639751,
4270,excitatory,0,44,2.484472049689441,5.9277950310559,-0.6490827798843384
4271,excitatory,0,44,0.07763975155279502,0.03493788819875776,-0.0821765661239624
4272,excitatory,0,44,0.0,0.058229813664596265,
4273,excitatory,0,44,0.0,0.2717391304347826,
4274,excitatory,0,44,0.0,0.0,
4275,excitatory,0,44,1.6304347826086956,3.1133540372670803,0.19716930389404297
4276,excitatory,0,44,1.3975155279503104,3.0667701863354035,-0.5505473613739014
4277,excitatory,0,44,14.052795031055899,16.304347826086953,0.797183632850647
4278,excitatory,0,44,0.0,0.015527950310559004,
4279,inhibitory,0,44,4.968944099378882,3.5170807453416146,0.35739558935165405
4280,excitatory,0,44,35.481366459627324,25.500776397515526,0.7996770143508911
4281,excitatory,0,44,0.0,0.0,
4283,excitatory,0,44,24.844720496894407,25.2833850931677,0.6240968704223633
4284,excitatory,0,44,0.0,0.02717391304347826,
4285,excitatory,0,44,0.9316770186335404,4.1770186335403725,-4.569584369659424
4286,inhibitory,0,44,2.251552795031056,1.71583850931677,0.5373866558074951
4287,excitatory,0,44,0.0,0.0,
4289,excitatory,0,44,3.7267080745341614,4.169254658385093,0.8359652757644653
4290,excitatory,0,44,0.2329192546583851,0.6366459627329192,-0.40337252616882324
4291,excitatory,0,44,0.5434782608695652,0.7686335403726707,0.07783770561218262
4292,excitatory,0,44,1.6304347826086956,1.5722049689440993,0.35492974519729614
4293,excitatory,0,44,12.267080745341614,7.554347826086956,0.32974952459335327
4294,inhibitory,0,44,3.3385093167701863,1.9409937888198756,0.6589018106460571
4295,excitatory,0,44,0.5434782608695652,0.5667701863354037,0.24346500635147095
4296,excitatory,0,44,0.3881987577639751,0.4852484472049689,0.2817094326019287
4297,excitatory,0,44,0.0,0.0,
4298,excitatory,0,44,0.8540372670807453,1.9254658385093166,-0.7492470741271973
4299,excitatory,0,44,0.0,0.0,
4300,inhibitory,0,44,4.503105590062112,7.779503105590061,-0.6666923761367798
4302,excitatory,0,44,0.0,0.0,
4303,excitatory,0,44,42.2360248447205,45.8695652173913,0.9317481517791748
4305,excitatory,0,44,0.0,0.0,
4306,excitatory,0,44,0.0,0.0,
4307,excitatory,0,44,0.0,0.0,
4308,excitatory,0,44,0.15527950310559005,0.17080745341614906,0.7673498392105103
4309,excitatory,0,44,0.0,0.0,
4310,excitatory,0,44,28.959627329192546,32.65139751552795,0.6879001259803772
4311,excitatory,0,44,0.0,0.0,
4312,excitatory,0,44,0.6987577639751552,1.0636645962732918,0.709473729133606
4313,excitatory,0,44,15.527950310559005,19.541925465838506,0.377514123916626
4315,excitatory,0,44,0.3881987577639751,1.0403726708074532,-0.06470680236816406
4318,excitatory,0,44,4.425465838509316,4.774844720496894,0.7547255754470825
4320,inhibitory,0,44,0.0,0.0,
4321,inhibitory,0,44,20.88509316770186,11.995341614906831,0.46035653352737427
4322,excitatory,0,44,1.3975155279503104,1.2072981366459625,0.30308037996292114
4323,excitatory,0,44,0.0,0.0,
4324,excitatory,0,44,0.0,0.0,
4325,excitatory,0,44,0.15527950310559005,0.13198757763975155,0.4900926351547241
4326,excitatory,0,44,2.4068322981366457,3.3152173913043477,0.5475048422813416
4327,excitatory,0,44,0.0,0.4386645962732919,
4328,excitatory,0,44,0.7763975155279502,0.7880434782608695,0.04672539234161377
4329,excitatory,0,44,1.7857142857142856,2.076863354037267,0.9536078572273254
4330,inhibitory,0,44,1.4751552795031055,0.7453416149068323,0.5168960094451904
4331,excitatory,0,44,0.0,0.007763975155279502,
4332,excitatory,0,44,0.0,0.06987577639751552,
4333,excitatory,0,44,0.07763975155279502,0.09316770186335403,-0.0157315731048584
4334,excitatory,0,44,0.0,0.0,
4336,excitatory,0,44,0.6211180124223602,0.5667701863354037,0.7595065832138062
4337,excitatory,0,44,0.0,0.12034161490683229,
4338,inhibitory,0,44,43.94409937888199,24.97282608695652,0.25697392225265503
4339,excitatory,0,44,0.0,0.003881987577639751,
4341,excitatory,0,44,10.403726708074533,17.228260869565215,0.4898548126220703
4342,excitatory,0,44,0.0,0.007763975155279502,
4343,excitatory,0,44,0.0,0.22127329192546583,
4344,excitatory,0,44,1.8633540372670807,2.7717391304347823,0.2383345365524292
4345,inhibitory,0,44,22.43788819875776,14.309006211180122,0.6144574880599976
4346,inhibitory,0,44,63.35403726708074,42.232142857142854,0.7061507105827332
4347,excitatory,0,44,43.55590062111801,45.98990683229813,0.6373845338821411
4348,excitatory,0,44,0.0,0.0,
4349,excitatory,0,44,9.394409937888199,10.395962732919253,0.9322918057441711
4350,excitatory,0,44,0.2329192546583851,0.33773291925465837,0.17733889818191528
4351,excitatory,0,44,3.881987577639751,5.45419254658385,-0.6304285526275635
4352,inhibitory,0,44,30.667701863354036,22.088509316770185,0.5475481748580933
4353,excitatory,0,44,0.15527950310559005,0.26785714285714285,0.7485642433166504
4354,inhibitory,0,44,23.913043478260867,21.331521739130434,0.8663849830627441
4355,excitatory,0,44,27.096273291925463,35.8113354037267,0.6279876232147217
4356,excitatory,0,44,0.15527950310559005,0.14751552795031053,0.9948482513427734
4357,excitatory,0,44,0.4658385093167702,0.6055900621118012,-0.24644196033477783
4358,excitatory,0,44,0.4658385093167702,0.24068322981366458,0.3016964793205261
4359,excitatory,0,44,0.15527950310559005,0.562888198757764,-1.2194850444793701
4360,excitatory,0,44,0.2329192546583851,0.3183229813664596,-0.32979118824005127
4361,excitatory,0,44,0.07763975155279502,0.17857142857142855,0.1480470895767212
4362,inhibitory,0,44,6.599378881987577,6.249999999999999,0.5187658071517944
4363,excitatory,0,44,0.0,0.015527950310559004,
4364,excitatory,0,44,1.0869565217391304,1.5527950310559004,0.6881226301193237
4365,excitatory,0,44,0.2329192546583851,0.39208074534161486,0.783076286315918
4366,excitatory,0,44,0.07763975155279502,0.02717391304347826,0.48792368173599243
4367,excitatory,0,44,0.0,0.003881987577639751,
4368,excitatory,0,44,0.9316770186335404,1.937111801242236,-1.0562353134155273
4369,excitatory,0,44,0.0,0.003881987577639751,
4370,excitatory,0,44,0.0,0.003881987577639751,
4371,excitatory,0,44,0.0,0.0,
4372,excitatory,0,44,0.4658385093167702,0.4774844720496894,0.6279218196868896
4373,inhibitory,0,44,211.10248447204967,159.17701863354037,0.2775101065635681
4374,excitatory,0,44,3.4161490683229814,4.079968944099378,0.45708996057510376
4375,excitatory,0,44,0.0,0.02717391304347826,
4376,excitatory,0,44,0.15527950310559005,0.4076086956521739,-0.9827803373336792
4377,excitatory,0,44,0.07763975155279502,0.27562111801242234,-0.7195875644683838
4378,excitatory,0,44,7.5310559006211175,10.011645962732919,0.8023982644081116
4379,excitatory,0,44,0.3881987577639751,1.0015527950310559,0.3611162304878235
4380,excitatory,0,44,1.4751552795031055,2.201086956521739,0.11273384094238281
4381,inhibitory,0,44,54.03726708074534,40.78804347826087,0.0565798282623291
4382,inhibitory,0,44,9.549689440993788,6.354813664596273,0.6890300512313843
4383,inhibitory,0,44,0.0,0.07375776397515527,
4385,excitatory,0,44,5.046583850931676,6.327639751552795,0.23330914974212646
4386,excitatory,0,44,6.521739130434782,8.105590062111801,0.8700911998748779
4387,excitatory,0,44,0.0,0.0,
4388,inhibitory,0,44,0.0,0.0,
4389,excitatory,0,44,0.0,0.05046583850931677,
4390,excitatory,0,44,0.0,0.17080745341614906,
4391,inhibitory,0,44,0.0,0.007763975155279502,
4392,excitatory,0,44,0.0,0.007763975155279502,
4393,excitatory,0,44,0.0,0.0,
4394,excitatory,0,44,0.0,0.046583850931677016,
4395,excitatory,0,44,0.2329192546583851,0.1513975155279503,0.8367316722869873
4396,excitatory,0,44,0.2329192546583851,0.2911490683229813,0.31805068254470825
4397,inhibitory,0,44,10.714285714285714,12.534937888198757,0.5461181402206421
4398,inhibitory,0,44,0.07763975155279502,0.05434782608695652,-0.22210609912872314
4399,excitatory,0,44,0.0,0.0,
4400,excitatory,0,44,31.67701863354037,29.20031055900621,0.9057130813598633
4401,excitatory,0,44,4.503105590062112,6.797360248447204,0.5130170583724976
4402,excitatory,0,44,0.2329192546583851,0.3299689440993789,0.8018041849136353
4403,excitatory,0,44,2.251552795031056,3.0551242236024843,0.43300503492355347
4404,excitatory,0,44,0.0,0.0,
4405,inhibitory,0,44,0.0,0.0,
4406,excitatory,0,44,0.0,0.003881987577639751,
4408,excitatory,0,44,0.0,0.0,
4409,excitatory,0,44,0.0,0.0,
4410,excitatory,0,44,18.09006211180124,11.86723602484472,0.36258673667907715
4412,excitatory,0,44,0.0,0.003881987577639751,
4413,excitatory,0,44,0.3881987577639751,0.2523291925465838,-0.10277605056762695
4414,inhibitory,0,44,43.94409937888199,34.78260869565217,0.5771433711051941
4415,excitatory,0,44,1.1645962732919255,1.638198757763975,0.16581374406814575
4416,excitatory,0,44,0.0,0.0,
4417,inhibitory,0,44,0.4658385093167702,0.11645962732919253,-0.11337828636169434
4420,excitatory,0,44,1.3198757763975155,1.7119565217391304,0.16886037588119507
4423,excitatory,0,44,0.0,0.003881987577639751,
4424,excitatory,0,44,0.0,0.0,
4425,excitatory,0,44,0.0,0.058229813664596265,
4426,excitatory,0,44,11.257763975155278,14.266304347826086,0.6114175915718079
4427,inhibitory,0,44,1.8633540372670807,2.4378881987577636,0.3841925263404846
4428,inhibitory,0,44,12.267080745341614,8.963509316770185,0.70110684633255
4429,inhibitory,0,44,22.360248447204967,17.247670807453414,0.5711972713470459
4430,inhibitory,0,44,3.4161490683229814,3.497670807453416,0.3927578926086426
4431,excitatory,0,44,0.0,0.0,
4432,excitatory,0,44,0.15527950310559005,0.41149068322981364,-0.1608513593673706
4433,excitatory,0,44,0.3105590062111801,0.5357142857142857,0.5405049920082092
4434,inhibitory,0,44,46.50621118012422,29.782608695652172,0.17732608318328857
4435,excitatory,0,44,0.0,0.0,
4436,excitatory,0,44,0.0,0.019409937888198756,
4437,inhibitory,0,44,18.711180124223603,13.377329192546583,0.7616929411888123
4438,excitatory,0,44,0.3105590062111801,0.37267080745341613,0.01727086305618286
4439,excitatory,0,44,0.0,0.3105590062111801,
4440,excitatory,0,44,101.78571428571428,100.09704968944098,0.676115095615387
4441,excitatory,0,44,0.0,0.08540372670807453,
4442,excitatory,0,44,2.795031055900621,2.1273291925465836,0.5943057537078857
4443,excitatory,0,44,6.444099378881988,7.763975155279502,0.2384832501411438
4444,excitatory,0,44,47.04968944099379,49.510869565217384,0.6267871856689453
4445,excitatory,0,44,2.0186335403726705,3.9246894409937885,0.565670371055603
4447,excitatory,0,44,0.0,0.0,
4448,inhibitory,0,44,0.0,0.0,
4449,inhibitory,0,44,11.41304347826087,10.430900621118012,0.34664618968963623
4450,inhibitory,0,44,0.15527950310559005,3.2065217391304346,-25.348669052124023
4451,excitatory,0,44,12.18944099378882,13.427795031055899,0.6575472354888916
4452,excitatory,0,44,0.2329192546583851,0.3183229813664596,0.5200200080871582
4453,excitatory,0,44,8.695652173913043,16.70807453416149,-0.10442841053009033
4454,excitatory,0,44,0.0,0.02717391304347826,
4455,excitatory,0,44,0.07763975155279502,0.06987577639751552,0.7162925004959106
4456,excitatory,0,44,0.0,0.0,
4458,excitatory,0,44,0.07763975155279502,0.42313664596273287,-6.42197322845459
4461,excitatory,0,44,15.13975155279503,16.5527950310559,0.916312038898468
4462,inhibitory,0,44,11.180124223602483,14.926242236024843,0.12174606323242188
4463,excitatory,0,44,0.0,0.0,
4464,excitatory,0,44,0.0,0.0,
4465,excitatory,0,44,0.0,0.0,
4466,inhibitory,0,44,4.968944099378882,2.2593167701863353,0.12492376565933228
4467,excitatory,0,44,7.220496894409937,8.11723602484472,0.8512594103813171
4468,excitatory,0,44,0.15527950310559005,0.8385093167701863,-3.8013553619384766
4469,excitatory,0,44,0.4658385093167702,0.7414596273291925,-0.35614168643951416
4470,excitatory,0,44,46.8944099378882,57.45729813664596,0.6983065605163574
4471,excitatory,0,44,0.07763975155279502,0.5512422360248447,-19.51793670654297
4472,excitatory,0,44,0.07763975155279502,0.14751552795031053,0.6581176519393921
4473,excitatory,0,44,0.3105590062111801,0.3338509316770186,0.24843674898147583
4475,excitatory,0,44,0.0,0.0,
4476,excitatory,0,44,0.0,0.33773291925465837,
4477,inhibitory,0,44,6.211180124223602,2.6009316770186333,0.4056438207626343
4478,excitatory,0,44,1.3198757763975155,1.3936335403726707,0.6732807159423828
4479,excitatory,0,44,0.0,0.0,
4480,excitatory,0,44,20.496894409937887,26.397515527950308,0.5806832313537598
4482,inhibitory,0,44,0.5434782608695652,0.640527950310559,0.6441450119018555
4483,excitatory,0,44,115.21739130434781,112.9891304347826,0.7507003545761108
4484,excitatory,0,44,0.0,0.0,
4485,excitatory,0,44,0.3881987577639751,1.3043478260869563,-2.0687270164489746
4486,inhibitory,0,44,54.42546583850931,45.838509316770185,0.7323946952819824
4487,excitatory,0,44,1.7857142857142856,1.781832298136646,0.7786166667938232
4488,excitatory,0,44,0.3881987577639751,0.4852484472049689,0.3181496858596802
4489,excitatory,0,44,0.07763975155279502,0.06987577639751552,-0.39731717109680176
4490,excitatory,0,44,13.27639751552795,19.592391304347824,0.49500858783721924
4492,excitatory,0,44,1.7857142857142856,3.7694099378881982,-0.05997025966644287
4493,excitatory,0,44,0.0,0.17857142857142855,
4496,excitatory,0,44,0.0,0.011645962732919254,
4497,inhibitory,0,44,72.74844720496894,52.515527950310556,0.6385059952735901
4498,inhibitory,0,44,0.0,0.0,
4499,inhibitory,0,44,123.60248447204968,93.65683229813664,0.24680697917938232
4500,excitatory,0,44,0.15527950310559005,0.03881987577639751,0.24834901094436646
4501,excitatory,0,44,1.3198757763975155,1.3858695652173911,0.7551108002662659
4502,excitatory,0,44,0.0,0.0,
4503,excitatory,0,44,32.065217391304344,39.72826086956521,0.4124017357826233
4504,excitatory,0,44,0.07763975155279502,0.1513975155279503,-0.36451077461242676
4505,inhibitory,0,44,0.0,0.0,
4506,inhibitory,0,44,1.5527950310559004,0.5512422360248447,0.5357574224472046
4507,excitatory,0,44,28.959627329192546,33.88198757763975,0.5841014385223389
4508,excitatory,0,44,5.046583850931676,9.53027950310559,0.155556321144104
4509,excitatory,0,44,0.07763975155279502,1.0093167701863353,-24.35856819152832
4510,excitatory,0,44,0.0,0.042701863354037264,
4511,excitatory,0,44,6.444099378881988,10.399844720496894,0.35702717304229736
4512,excitatory,0,44,0.0,0.0,
4514,excitatory,0,44,2.7173913043478257,4.425465838509316,0.563058078289032
4516,excitatory,0,44,0.4658385093167702,1.0015527950310559,-0.2102605104446411
4517,excitatory,0,44,0.6211180124223602,2.3990683229813663,-3.5817251205444336
4518,excitatory,0,44,0.07763975155279502,0.046583850931677016,0.4191579222679138
4519,excitatory,0,44,0.9316770186335404,3.105590062111801,-2.3537511825561523
4520,excitatory,0,44,6.444099378881988,7.562111801242235,0.8923686146736145
4522,excitatory,0,44,20.341614906832298,22.79114906832298,0.5521483421325684
4523,excitatory,0,44,0.6211180124223602,0.4852484472049689,0.36941230297088623
4525,excitatory,0,44,0.0,0.0,
4526,excitatory,0,44,12.732919254658384,17.18167701863354,0.5088469982147217
4527,excitatory,0,44,1.1645962732919255,2.3951863354037264,-0.031551480293273926
4528,excitatory,0,44,2.251552795031056,3.4433229813664594,0.46361589431762695
4529,excitatory,0,44,0.0,0.0,
4530,inhibitory,0,44,103.88198757763975,75.38043478260869,0.8054928779602051
4531,inhibitory,0,44,1.0093167701863353,0.625,0.21199464797973633
4533,excitatory,0,44,0.3105590062111801,0.2523291925465838,0.4364624619483948
4534,excitatory,0,44,5.357142857142857,6.944875776397515,0.7315702438354492
4535,excitatory,0,44,0.15527950310559005,0.45807453416149063,-1.118488073348999
4536,excitatory,0,44,6.288819875776397,6.7352484472049685,0.9241412281990051
4537,excitatory,0,44,0.2329192546583851,0.36102484472049684,-0.10336792469024658
4538,excitatory,0,44,0.0,0.0,
4539,excitatory,0,44,0.7763975155279502,0.4697204968944099,0.55815589427948
4540,excitatory,0,44,0.15527950310559005,0.3493788819875776,-0.22987627983093262
4541,inhibitory,0,44,1.0869565217391304,1.137422360248447,0.06157439947128296
4542,inhibitory,0,44,6.444099378881988,3.0822981366459623,0.15204548835754395
4543,excitatory,0,44,6.366459627329192,8.140527950310558,0.3252861499786377
4544,inhibitory,0,44,0.0,0.015527950310559004,
4545,excitatory,0,44,1.0093167701863353,1.0093167701863353,0.537102460861206
4546,inhibitory,0,44,7.298136645962733,5.559006211180124,0.7846039533615112
4547,inhibitory,0,44,0.6987577639751552,0.5551242236024844,0.6485937833786011
4548,excitatory,0,44,5.2018633540372665,6.727484472049689,0.19245660305023193
4549,excitatory,0,44,0.2329192546583851,0.23680124223602483,0.9345316290855408
4550,excitatory,0,44,0.07763975155279502,0.4192546583850931,-1.0819220542907715
4551,inhibitory,0,44,0.15527950310559005,0.40372670807453415,0.1846793293952942
4552,excitatory,0,44,0.0,0.0,
4554,excitatory,0,44,0.0,0.0,
4555,inhibitory,0,44,63.81987577639751,38.81211180124223,0.49388206005096436
4556,excitatory,0,44,0.3881987577639751,0.21739130434782608,0.5559102296829224
4557,inhibitory,0,44,23.913043478260867,14.899068322981366,0.31973379850387573
4558,excitatory,0,44,0.0,0.11645962732919253,
4559,excitatory,0,44,0.3881987577639751,0.35326086956521735,0.7654691338539124
4560,excitatory,0,44,0.15527950310559005,0.43478260869565216,0.2974928617477417
4561,excitatory,0,44,10.015527950310558,11.428571428571427,0.7460908889770508
4562,excitatory,0,44,19.565217391304348,22.91537267080745,0.6999343633651733
4563,excitatory,0,44,0.0,0.0,
4564,excitatory,0,44,0.15527950310559005,0.08540372670807453,0.39414167404174805
4566,inhibitory,0,44,2.0962732919254656,1.6304347826086956,0.47596651315689087
4567,excitatory,0,44,69.40993788819875,70.53959627329192,0.3466567397117615
4568,excitatory,0,44,0.15527950310559005,0.3338509316770186,0.008775115013122559
4569,excitatory,0,44,0.3105590062111801,0.1513975155279503,0.13468921184539795
4570,inhibitory,0,44,25.77639751552795,17.4417701863354,0.5549594163894653
4571,excitatory,0,44,2.1739130434782608,2.872670807453416,0.40322065353393555
4572,inhibitory,0,44,8.229813664596273,4.468167701863353,0.33709269762039185
4573,inhibitory,0,44,28.105590062111798,29.111024844720493,0.33948367834091187
4574,excitatory,0,44,0.0,0.0,
4575,inhibitory,0,44,10.869565217391303,4.926242236024844,0.30591434240341187
4576,excitatory,0,44,0.3881987577639751,0.12422360248447203,0.4445233941078186
4577,inhibitory,0,44,7.453416149068323,4.305124223602484,0.40859758853912354
4578,inhibitory,0,44,5.046583850931676,6.684782608695651,0.3060917258262634
4579,excitatory,0,44,0.0,0.0,
4581,excitatory,0,44,13.509316770186334,16.611024844720497,0.43014436960220337
4582,excitatory,0,44,0.15527950310559005,0.08540372670807453,-0.15395796298980713
4583,excitatory,0,44,0.4658385093167702,1.106366459627329,0.15951716899871826
4584,excitatory,0,44,0.3105590062111801,0.2639751552795031,0.2066541314125061
4585,excitatory,0,44,0.5434782608695652,0.7142857142857142,-1.3715312480926514
4586,inhibitory,0,44,0.4658385093167702,0.13198757763975155,-0.07126283645629883
4587,excitatory,0,44,0.0,0.0,
4589,excitatory,0,44,0.07763975155279502,0.11257763975155279,0.8488448858261108
4590,excitatory,0,44,0.15527950310559005,0.1591614906832298,0.26998370885849
4591,excitatory,0,44,0.3881987577639751,0.6482919254658385,-0.40026354789733887
4592,excitatory,0,44,0.6987577639751552,0.8928571428571428,0.351878821849823
4593,excitatory,0,44,0.3105590062111801,0.45807453416149063,0.019977092742919922
4594,excitatory,0,44,0.0,0.0,
4595,inhibitory,0,44,0.0,0.046583850931677016,
4596,excitatory,0,44,0.15527950310559005,0.11257763975155279,-0.039885640144348145
4597,excitatory,0,44,8.229813664596273,14.945652173913043,-0.004186034202575684
4598,excitatory,0,44,0.07763975155279502,0.40372670807453415,-4.996617794036865
4599,excitatory,0,44,0.6211180124223602,1.3392857142857142,0.31151002645492554
4600,excitatory,0,44,1.2422360248447204,2.2593167701863353,0.3820042610168457
4601,inhibitory,0,44,13.586956521739129,11.894409937888197,0.6953556537628174
4602,inhibitory,0,44,2.484472049689441,1.7701863354037266,0.23799270391464233
4603,excitatory,0,44,22.282608695652172,20.41537267080745,0.6313204169273376
4604,excitatory,0,44,0.07763975155279502,0.06211180124223602,-0.0464097261428833
4605,inhibitory,0,44,1.6304347826086956,1.125776397515528,0.6840264797210693
4606,excitatory,0,44,8.695652173913043,9.770962732919253,0.45866715908050537
4607,excitatory,0,44,0.0,0.11257763975155279,
4608,excitatory,0,44,74.61180124223603,80.18245341614906,0.7394975423812866
4609,inhibitory,0,44,0.3105590062111801,0.39208074534161486,0.782400369644165
4610,inhibitory,0,44,2.639751552795031,1.1645962732919253,0.2397174835205078
4611,excitatory,0,44,1.8633540372670807,3.3734472049689437,0.6095311045646667
4612,inhibitory,0,44,32.37577639751552,23.210403726708073,0.479442834854126
4613,excitatory,0,44,0.0,0.0,
4614,excitatory,0,44,12.577639751552795,16.428571428571427,0.5749631524085999
4615,excitatory,0,44,7.841614906832298,7.81055900621118,0.6185662746429443
4616,excitatory,0,44,0.0,0.0,
4617,excitatory,0,44,0.15527950310559005,0.29503105590062106,-1.1810715198516846
4618,inhibitory,0,44,15.527950310559005,13.87810559006211,0.15531736612319946
4619,excitatory,0,44,7.686335403726708,10.263975155279502,0.7073718309402466
4620,excitatory,0,44,12.888198757763975,15.310559006211179,0.8370082378387451
4622,inhibitory,0,44,0.07763975155279502,0.023291925465838508,-0.10440254211425781
4623,excitatory,0,44,1.0093167701863353,0.8190993788819875,0.43570560216903687
4624,excitatory,0,44,0.0,0.3493788819875776,
4625,excitatory,0,44,4.425465838509316,3.74611801242236,-0.015513300895690918
4627,excitatory,0,44,0.3105590062111801,0.29891304347826086,-0.20081698894500732
4628,excitatory,0,44,0.0,0.0,
4629,inhibitory,0,44,0.2329192546583851,0.2795031055900621,0.6841211318969727
4630,excitatory,0,44,0.0,0.0,
4631,excitatory,0,44,0.0,0.0,
4632,excitatory,0,44,0.0,0.0,
4633,excitatory,0,44,0.0,0.0,
4634,excitatory,0,44,0.0,0.1902173913043478,
4635,inhibitory,0,44,92.0031055900621,72.55046583850931,0.4779418110847473
4637,inhibitory,0,44,11.956521739130434,11.424689440993788,0.7605620622634888
4638,excitatory,0,44,0.3105590062111801,0.32220496894409933,-0.5061057806015015
4639,excitatory,0,44,0.15527950310559005,0.08152173913043477,0.46108168363571167
4640,excitatory,0,44,189.51863354037266,186.62655279503105,0.3548956513404846
4641,inhibitory,0,44,4.3478260869565215,1.731366459627329,0.4073357582092285
4642,inhibitory,0,44,0.0,0.0,
4643,excitatory,0,44,0.0,0.1591614906832298,
4644,excitatory,0,44,101.86335403726707,97.32919254658384,0.4437231421470642
4645,excitatory,0,44,0.6211180124223602,1.8400621118012421,-1.5492572784423828
4646,inhibitory,0,44,12.034161490683228,7.4767080745341605,0.36134445667266846
4647,excitatory,0,44,1.7857142857142856,2.3059006211180124,0.6797704696655273
4648,excitatory,0,44,0.0,0.0,
4649,excitatory,0,44,0.0,0.011645962732919254,
4650,excitatory,0,44,0.0,0.09316770186335403,
4651,inhibitory,0,44,3.493788819875776,1.607142857142857,0.09473162889480591
4653,inhibitory,0,44,4.736024844720497,6.2267080745341605,0.7646619081497192
4654,excitatory,0,44,1.2422360248447204,0.4619565217391304,0.4147794842720032
4655,excitatory,0,44,0.07763975155279502,0.11257763975155279,-0.24537301063537598
4656,excitatory,0,44,0.0,0.0,
4657,inhibitory,0,44,0.4658385093167702,0.5163043478260869,-0.09085428714752197
4658,excitatory,0,44,2.562111801242236,2.903726708074534,0.1469188928604126
4659,inhibitory,0,44,1.9409937888198756,0.3027950310559006,-0.030550122261047363
4660,excitatory,0,44,0.2329192546583851,1.059782608695652,-1.844003438949585
4661,excitatory,0,44,0.0,0.0,
4663,excitatory,0,44,26.08695652173913,25.073757763975152,0.6534465551376343
4664,inhibitory,0,44,2.0186335403726705,1.886645962732919,0.8585206866264343
4665,excitatory,0,44,1.3198757763975155,1.917701863354037,0.7291008830070496
4666,excitatory,0,44,11.568322981366459,25.788043478260867,-0.2452535629272461
4667,excitatory,0,44,2.484472049689441,4.743788819875776,0.4044402241706848
4668,inhibitory,0,44,10.9472049689441,9.433229813664596,0.8992693424224854
4669,excitatory,0,44,2.562111801242236,5.0,-0.10825765132904053
4670,excitatory,0,44,0.0,0.046583850931677016,
4671,excitatory,0,44,1.4751552795031055,1.2383540372670807,0.3402630686759949
4672,excitatory,0,44,0.3881987577639751,0.5007763975155279,0.16724944114685059
4673,excitatory,0,44,0.0,0.0,
4675,excitatory,0,44,1.3975155279503104,2.111801242236025,0.7068606615066528
4676,excitatory,0,44,105.43478260869564,107.2282608695652,0.5298912525177002
4677,excitatory,0,44,0.0,0.0,
4678,excitatory,0,44,0.3881987577639751,0.08928571428571427,0.28027063608169556
4679,excitatory,0,44,0.0,0.0,
4680,excitatory,0,44,0.0,0.31444099378881984,
4681,excitatory,0,44,0.2329192546583851,0.6366459627329192,-0.9354289770126343
4682,inhibitory,0,44,74.61180124223603,51.432453416149066,0.26860684156417847
4683,excitatory,0,44,52.09627329192546,53.56754658385093,0.6081788539886475
4684,excitatory,0,44,2.872670807453416,3.326863354037267,0.5714632272720337
4685,excitatory,0,44,1.0869565217391304,1.6692546583850931,0.5244534611701965
4686,excitatory,0,44,19.17701863354037,18.6723602484472,0.5882298946380615
4687,excitatory,0,44,2.7173913043478257,5.163043478260869,-0.24795949459075928
4688,excitatory,0,44,4.658385093167702,5.749223602484472,0.7700282335281372
4689,excitatory,0,44,0.0,0.0,
4690,excitatory,0,44,3.493788819875776,5.850155279503105,0.268288254737854
4692,excitatory,0,44,13.43167701863354,20.17080745341615,0.3618953227996826
4693,excitatory,0,44,13.509316770186334,17.061335403726705,0.5523829460144043
4694,excitatory,0,44,0.4658385093167702,0.4153726708074534,-0.43728065490722656
4695,inhibitory,0,44,1.1645962732919255,1.8633540372670805,-0.46206939220428467
4696,excitatory,0,44,23.059006211180122,24.254658385093165,0.8871316909790039
4697,excitatory,0,44,0.0,0.011645962732919254,
4698,excitatory,0,44,0.0,0.023291925465838508,
4699,excitatory,0,44,8.462732919254657,8.854813664596273,0.4332072138786316
4700,inhibitory,0,44,1.5527950310559004,0.43478260869565216,0.35665470361709595
4701,excitatory,0,44,0.0,0.0,
4702,excitatory,0,44,15.993788819875775,17.7639751552795,0.9586328864097595
4703,inhibitory,0,44,1.0869565217391304,1.6964285714285712,-0.2046205997467041
4704,inhibitory,0,44,1.2422360248447204,0.6017080745341614,0.5716471672058105
4705,excitatory,0,44,0.7763975155279502,0.9472049689440993,0.46727609634399414
4706,excitatory,0,44,0.0,0.0,
4707,excitatory,0,44,0.0,0.0,
4708,excitatory,0,44,0.0,0.0,
4709,excitatory,0,44,2.1739130434782608,3.6180124223602483,0.4243561625480652
4710,excitatory,0,44,0.0,0.0,
4711,excitatory,0,44,0.0,0.02717391304347826,
4713,excitatory,0,44,10.559006211180124,11.739130434782608,0.27556097507476807
4714,excitatory,0,44,0.0,0.02717391304347826,
4715,excitatory,0,44,7.142857142857142,8.870341614906831,0.7240431308746338
4716,excitatory,0,44,23.680124223602483,28.027950310559003,0.48071378469467163
4717,excitatory,0,44,0.2329192546583851,0.36102484472049684,-1.017733097076416
4718,excitatory,0,44,0.07763975155279502,0.07375776397515527,0.07652431726455688
4719,inhibitory,0,44,5.900621118012422,8.4277950310559,0.5393433570861816
4720,inhibitory,0,44,0.5434782608695652,0.3299689440993789,0.7057852745056152
4721,inhibitory,0,44,2.1739130434782608,0.9433229813664595,0.45855534076690674
4722,inhibitory,0,44,22.67080745341615,12.026397515527949,0.5111114382743835
4723,inhibitory,0,44,91.77018633540372,77.2282608695652,0.723750650882721
4724,excitatory,0,44,0.0,0.003881987577639751,
4725,excitatory,0,44,0.2329192546583851,0.6521739130434782,0.048265695571899414
4726,excitatory,0,44,0.2329192546583851,0.45031055900621114,0.16392159461975098
4728,excitatory,0,44,1.3975155279503104,2.383540372670807,0.3942291736602783
4729,excitatory,0,44,0.15527950310559005,0.3959627329192546,-0.8307704925537109
4730,excitatory,0,44,3.881987577639751,6.215062111801242,0.5165035724639893
4731,excitatory,0,44,17.00310559006211,17.14673913043478,0.7483545541763306
4733,excitatory,0,44,0.3881987577639751,0.6987577639751552,0.7859952449798584
4734,excitatory,0,44,0.5434782608695652,0.9627329192546583,0.06844604015350342
4735,excitatory,0,44,107.91925465838509,102.50776397515527,0.8281614184379578
4736,excitatory,0,44,7.763975155279502,7.705745341614906,0.9823845624923706
4737,excitatory,0,44,59.08385093167701,65.26009316770185,0.7530792951583862
4738,excitatory,0,44,0.0,0.10869565217391304,
4739,inhibitory,0,44,17.857142857142858,9.04114906832298,0.2767167091369629
4740,excitatory,0,44,0.3881987577639751,0.5512422360248447,0.5766254663467407
4741,excitatory,0,44,0.0,0.03881987577639751,
4742,excitatory,0,44,0.0,0.0,
4743,excitatory,0,44,0.0,0.0,
4744,inhibitory,0,44,0.0,0.0,
4745,excitatory,0,44,0.0,0.003881987577639751,
4747,excitatory,0,44,0.0,0.003881987577639751,
4748,excitatory,0,44,0.0,0.0,
4749,excitatory,0,44,51.630434782608695,59.627329192546576,0.8734678030014038
4750,excitatory,0,44,2.795031055900621,2.7096273291925463,0.3231160640716553
4751,excitatory,0,44,0.0,0.003881987577639751,
4752,excitatory,0,44,1.5527950310559004,1.3198757763975155,0.7121478915214539
4754,excitatory,0,44,0.0,0.02717391304347826,
4755,inhibitory,0,44,0.3105590062111801,0.2911490683229813,0.4295769929885864
4756,excitatory,0,44,0.6987577639751552,1.6265527950310557,-1.4008984565734863
4757,excitatory,0,44,4.891304347826087,5.512422360248447,0.4925737977027893
4758,excitatory,0,44,0.3105590062111801,0.2795031055900621,0.943767786026001
4759,excitatory,0,44,9.937888198757763,14.165372670807452,0.3474912643432617
4760,excitatory,0,44,1.9409937888198756,3.7655279503105588,-0.03269815444946289
4761,excitatory,0,44,0.0,0.0,
4762,excitatory,0,44,0.7763975155279502,1.2189440993788818,0.5842797756195068
4763,excitatory,0,44,0.0,0.0,
4764,excitatory,0,44,0.4658385093167702,0.5357142857142857,0.29042553901672363
4766,excitatory,0,44,0.2329192546583851,2.1933229813664594,-10.278629302978516
4767,excitatory,0,44,1.2422360248447204,2.8493788819875774,-1.0204999446868896
4768,excitatory,0,44,0.07763975155279502,0.03105590062111801,0.4852412939071655
4769,excitatory,0,44,0.0,0.21739130434782608,
4770,excitatory,0,44,15.29503105590062,16.37810559006211,0.9522836804389954
4771,excitatory,0,44,3.260869565217391,6.824534161490683,0.12816888093948364
4772,excitatory,0,44,27.872670807453414,18.866459627329192,0.16058671474456787
4773,excitatory,0,44,0.0,0.0,
4774,excitatory,0,44,0.2329192546583851,0.4386645962732919,-0.8390680551528931
4775,inhibitory,0,44,1.4751552795031055,0.9821428571428571,0.18563956022262573
4776,inhibitory,0,44,33.618012422360245,28.83928571428571,0.6886272430419922
4778,excitatory,0,44,9.70496894409938,12.63198757763975,0.4459074139595032
4780,inhibitory,0,44,24.611801242236023,25.543478260869563,0.6919315457344055
4781,excitatory,0,44,20.574534161490682,22.62034161490683,0.16887205839157104
4782,excitatory,0,44,0.07763975155279502,0.03881987577639751,0.05415928363800049
4783,excitatory,0,44,6.055900621118012,10.011645962732919,0.034359753131866455
4784,excitatory,0,44,0.0,0.0,
4785,excitatory,0,44,0.0,0.015527950310559004,
4786,excitatory,0,44,0.0,0.0,
4787,excitatory,0,44,0.0,0.13198757763975155,
4789,excitatory,0,44,0.0,0.0,
4790,excitatory,0,44,0.0,0.0,
4791,excitatory,0,44,0.07763975155279502,0.08540372670807453,0.9788414835929871
4792,excitatory,0,44,10.326086956521738,14.19642857142857,0.6244962215423584
4793,excitatory,0,44,0.0,0.18245341614906832,
4794,excitatory,0,44,0.0,0.0,
4795,excitatory,0,44,0.0,0.003881987577639751,
4796,excitatory,0,44,9.782608695652174,13.520962732919253,0.6354014873504639
4797,excitatory,0,44,7.5310559006211175,9.173136645962732,0.7438211441040039
4800,excitatory,0,44,0.07763975155279502,0.003881987577639751,-0.016660213470458984
4801,excitatory,0,44,0.0,0.0,
4802,excitatory,0,44,0.0,0.0,
4804,excitatory,0,44,3.027950310559006,4.087732919254658,0.730777382850647
4805,excitatory,0,44,2.0186335403726705,4.083850931677018,-0.038080453872680664
4806,excitatory,0,44,0.0,0.0,
4807,excitatory,0,44,1.1645962732919255,0.4270186335403726,0.5555226802825928
4808,excitatory,0,44,1.0869565217391304,0.9899068322981366,0.8265841007232666
4809,excitatory,0,44,0.3881987577639751,0.41149068322981364,0.10830032825469971
4810,inhibitory,0,44,0.2329192546583851,0.015527950310559004,0.019015073776245117
4811,excitatory,0,44,0.15527950310559005,0.13975155279503104,0.01474684476852417
4812,excitatory,0,44,0.0,0.0,
4813,excitatory,0,44,1.1645962732919255,0.9239130434782608,0.8138133883476257
4814,inhibitory,0,44,13.509316770186334,12.410714285714285,0.6033305525779724
4816,excitatory,0,44,0.0,0.0,
4817,inhibitory,0,44,231.52173913043478,173.45496894409936,-0.3696329593658447
4818,inhibitory,0,44,1.3198757763975155,0.9588509316770185,0.5776803493499756
4819,excitatory,0,44,3.493788819875776,4.114906832298137,0.6226788759231567
4821,excitatory,0,44,4.658385093167702,5.205745341614906,0.7967555522918701
4822,excitatory,0,44,7.5310559006211175,7.682453416149068,0.7501497268676758
4823,excitatory,0,44,1.9409937888198756,3.8159937888198754,0.2471245527267456
4824,excitatory,0,44,24.767080745341612,30.166925465838506,0.6017553210258484
4825,excitatory,0,44,0.4658385093167702,0.31444099378881984,0.7008894681930542
4826,excitatory,0,44,0.0,0.03493788819875776,
4827,excitatory,0,44,1.0093167701863353,0.41149068322981364,0.5772088766098022
4828,excitatory,0,44,0.0,0.0,
4829,inhibitory,0,44,34.70496894409938,18.70729813664596,-0.23570036888122559
4830,excitatory,0,44,5.124223602484472,6.653726708074534,0.765060544013977
4831,excitatory,0,44,0.3105590062111801,0.733695652173913,-0.7143127918243408
4833,inhibitory,0,44,0.4658385093167702,0.5939440993788819,0.39453548192977905
4834,excitatory,0,44,0.2329192546583851,0.6211180124223602,-0.06095719337463379
4836,excitatory,0,44,19.720496894409937,23.423913043478258,0.7947208285331726
4838,excitatory,0,44,0.0,0.0,
4839,excitatory,0,44,0.0,0.0,
4840,inhibitory,0,44,33.07453416149068,30.694875776397513,0.7134799957275391
4841,excitatory,0,44,0.07763975155279502,0.13198757763975155,-0.8556190729141235
4842,excitatory,0,44,5.900621118012422,6.809006211180123,0.6639714241027832
4843,excitatory,0,44,2.0962732919254656,2.8920807453416146,0.5042515993118286
4844,excitatory,0,44,0.3105590062111801,0.1436335403726708,0.19479244947433472
4845,excitatory,0,44,0.0,0.042701863354037264,
4847,excitatory,0,44,0.0,0.0,
4848,inhibitory,0,44,3.6490683229813663,4.9728260869565215,0.5739122629165649
4849,excitatory,0,44,0.0,0.0,
4850,excitatory,0,44,12.888198757763975,15.232919254658384,0.5610010623931885
4851,excitatory,0,44,0.0,0.015527950310559004,
4852,excitatory,0,44,5.124223602484472,7.7018633540372665,0.4425877332687378
4853,excitatory,0,44,0.4658385093167702,0.42313664596273287,0.8916054964065552
4854,excitatory,0,44,11.41304347826087,11.731366459627328,0.8184252977371216
4855,inhibitory,0,44,0.0,0.0,
4856,excitatory,0,44,0.0,0.0,
4857,excitatory,0,44,0.5434782608695652,0.011645962732919254,-0.032399892807006836
4858,excitatory,0,44,1.2422360248447204,1.5799689440993787,0.37848228216171265
4859,excitatory,0,44,0.0,0.003881987577639751,
4860,excitatory,0,44,0.0,0.0,
4861,excitatory,0,44,0.0,0.0,
4862,excitatory,0,44,2.484472049689441,2.9114906832298133,0.5970704555511475
4863,excitatory,0,44,0.0,0.0,
4864,excitatory,0,44,5.512422360248447,6.770186335403726,0.8782446980476379
4865,excitatory,0,44,15.6055900621118,20.384316770186334,0.6635291576385498
4867,excitatory,0,44,0.0,0.0,
4868,inhibitory,0,44,19.40993788819876,21.04037267080745,0.613440752029419
4869,excitatory,0,44,0.0,0.0,
4871,inhibitory,0,44,3.183229813664596,1.8517080745341614,0.5451086759567261
4872,inhibitory,0,44,0.0,0.03881987577639751,
4873,inhibitory,0,44,15.527950310559005,12.127329192546583,0.4551464319229126
4874,inhibitory,0,44,4.658385093167702,3.229813664596273,0.6817736625671387
4875,excitatory,0,44,0.2329192546583851,0.011645962732919254,0.0814170241355896
4876,excitatory,0,44,2.4068322981366457,1.482919254658385,0.36028701066970825
4878,excitatory,0,44,10.326086956521738,12.076863354037267,0.8450866341590881
4879,excitatory,0,44,6.444099378881988,6.23835403726708,0.3744940757751465
4880,excitatory,0,44,0.0,0.05046583850931677,
4881,excitatory,0,44,0.07763975155279502,0.019409937888198756,0.4102354049682617
4882,excitatory,0,44,0.07763975155279502,0.39208074534161486,-2.030271530151367
4883,inhibitory,0,44,4.425465838509316,2.418478260869565,0.575351357460022
4884,excitatory,0,44,0.0,0.0,
4885,excitatory,0,44,0.0,0.0,
4887,inhibitory,0,44,15.29503105590062,10.248447204968944,0.5126161575317383
4888,inhibitory,0,44,1.0093167701863353,0.5822981366459626,0.3350493907928467
4890,excitatory,0,44,0.0,0.1746894409937888,
4891,excitatory,0,44,1.0093167701863353,1.8788819875776397,0.25303733348846436
4892,excitatory,0,44,0.0,0.0,
4893,excitatory,0,44,0.0,0.0,
4894,excitatory,0,44,0.0,0.0,
4895,excitatory,0,44,0.2329192546583851,0.33773291925465837,-0.2779877185821533
4896,inhibitory,0,44,0.0,0.02717391304347826,
4897,excitatory,0,44,0.0,0.0,
4898,inhibitory,0,44,4.114906832298137,2.8144409937888195,0.7064447402954102
4899,excitatory,0,44,0.0,0.0,
4900,inhibitory,0,44,25.388198757763973,20.12422360248447,0.7484936714172363
4901,inhibitory,0,44,5.745341614906832,3.8781055900621113,0.8508158326148987
4902,excitatory,0,44,0.0,0.019409937888198756,
4903,excitatory,0,44,0.0,0.0,
4904,inhibitory,0,44,6.987577639751552,5.058229813664596,0.14306193590164185
4906,excitatory,0,44,2.795031055900621,4.045031055900621,0.15585064888000488
4907,excitatory,0,44,0.0,0.1669254658385093,
4908,excitatory,0,44,0.15527950310559005,0.3998447204968944,0.0007284879684448242
4910,excitatory,0,44,133.92857142857142,134.32065217391303,0.5845837593078613
4911,excitatory,0,44,0.07763975155279502,0.007763975155279502,0.17829781770706177
4912,excitatory,0,44,0.0,0.0,
4913,inhibitory,0,44,1.7080745341614907,1.1723602484472049,0.5120115876197815
4914,inhibitory,0,44,0.2329192546583851,0.3027950310559006,0.23038071393966675
4915,excitatory,0,44,0.0,0.0,
4916,inhibitory,0,44,9.860248447204969,4.736024844720497,0.5887981653213501
4917,excitatory,0,44,1.5527950310559004,2.5349378881987574,0.43247777223587036
4918,inhibitory,0,44,4.891304347826087,2.1622670807453415,0.5523021817207336
4919,excitatory,0,44,0.0,0.023291925465838508,
4920,excitatory,0,44,0.0,0.09704968944099378,
4921,excitatory,0,44,3.6490683229813663,5.139751552795031,0.586248517036438
4922,excitatory,0,44,0.0,0.0,
4923,excitatory,0,44,0.07763975155279502,0.08152173913043477,0.7077312469482422
4924,inhibitory,0,44,31.909937888198755,25.240683229813662,0.6808046102523804
4925,inhibitory,0,44,16.925465838509314,10.722049689440993,0.3366695046424866
4926,excitatory,0,44,0.2329192546583851,0.3183229813664596,0.5475574731826782
4927,excitatory,0,44,25.621118012422357,29.46816770186335,0.47900086641311646
4928,excitatory,0,44,0.07763975155279502,0.21739130434782608,-0.0264437198638916
4929,excitatory,0,44,0.0,0.011645962732919254,
4930,excitatory,0,44,0.0,0.0,
4931,inhibitory,0,44,0.4658385093167702,0.6288819875776397,0.724284827709198
4932,excitatory,0,44,0.0,0.32220496894409933,
4933,excitatory,0,44,2.7173913043478257,3.187111801242236,0.3629103899002075
4934,excitatory,0,44,0.0,0.015527950310559004,
4935,excitatory,0,44,0.2329192546583851,0.35326086956521735,0.41427260637283325
4937,excitatory,0,44,5.822981366459627,8.928571428571427,0.38803863525390625
4938,excitatory,0,44,14.130434782608695,16.490683229813662,0.8473227024078369
4939,excitatory,0,44,0.07763975155279502,0.20574534161490682,-0.6262553930282593
4940,excitatory,0,44,6.366459627329192,6.416925465838509,0.6588581800460815
4942,excitatory,0,44,0.0,0.0,
4943,excitatory,0,44,1.4751552795031055,3.1133540372670803,0.07852113246917725
4946,excitatory,0,44,1.3975155279503104,2.038043478260869,0.1604333519935608
4948,excitatory,0,44,0.07763975155279502,0.24844720496894407,-1.4027879238128662
4949,inhibitory,0,44,34.54968944099379,26.23835403726708,0.23333024978637695
4950,excitatory,0,44,1.3198757763975155,2.0535714285714284,0.643046498298645
4951,excitatory,0,44,0.0,0.0,
4952,excitatory,0,44,0.15527950310559005,0.14751552795031053,0.8001883625984192
4953,excitatory,0,44,0.0,0.0,
4954,excitatory,0,44,0.0,0.0,
4955,excitatory,0,44,0.0,0.0,
4956,excitatory,0,44,0.0,0.023291925465838508,
4957,excitatory,0,44,0.0,0.011645962732919254,
4958,inhibitory,0,44,0.07763975155279502,0.702639751552795,-9.767586708068848
4960,inhibitory,0,44,0.0,0.0,
4961,excitatory,0,44,0.0,0.0,
4962,excitatory,0,44,0.07763975155279502,0.12034161490683229,0.692743182182312
4963,excitatory,0,44,0.0,0.019409937888198756,
4965,excitatory,0,44,0.0,0.0,
4966,excitatory,0,44,0.0,0.003881987577639751,
4968,excitatory,0,44,0.15527950310559005,0.4619565217391304,-0.18654799461364746
4969,inhibitory,0,44,2.4068322981366457,3.1249999999999996,-0.1290527582168579
4971,excitatory,0,44,22.204968944099377,23.757763975155278,0.6488425731658936
4972,excitatory,0,44,0.0,0.0,
4973,inhibitory,0,44,14.130434782608695,10.256211180124224,0.4707326292991638
4974,excitatory,0,44,0.0,0.1979813664596273,
4975,excitatory,0,44,0.0,0.0,
4976,inhibitory,0,44,244.87577639751552,221.486801242236,0.7294013500213623
4977,excitatory,0,44,0.0,0.0,
4978,excitatory,0,44,0.0,0.05046583850931677,
4980,excitatory,0,44,11.41304347826087,14.281832298136644,0.37083274126052856
4981,inhibitory,0,44,11.024844720496894,6.71972049689441,0.5276744365692139
4982,excitatory,0,44,17.00310559006211,18.09394409937888,0.6177147626876831
4983,excitatory,0,44,0.5434782608695652,0.28338509316770183,0.3010762333869934
4984,excitatory,0,44,0.0,0.0,
4985,excitatory,0,44,0.15527950310559005,0.20574534161490682,0.2136603593826294
4986,inhibitory,0,44,5.590062111801242,4.246894409937888,0.7940675616264343
4987,excitatory,0,44,0.07763975155279502,0.007763975155279502,-0.023913264274597168
4988,excitatory,0,44,0.3105590062111801,3.58695652173913,-20.65807342529297
4989,excitatory,0,44,0.07763975155279502,0.1358695652173913,0.4082714915275574
4990,inhibitory,0,44,16.38198757763975,13.509316770186334,0.3941041827201843
4991,inhibitory,0,44,2.872670807453416,2.573757763975155,0.1706598401069641
4992,excitatory,0,44,0.4658385093167702,0.4541925465838509,0.5351561307907104
4993,excitatory,0,44,0.0,0.0,
4994,excitatory,0,44,0.0,0.042701863354037264,
4995,excitatory,0,44,0.07763975155279502,0.21739130434782608,-2.2251641750335693
4996,excitatory,0,44,0.3105590062111801,1.0986024844720497,-2.1730287075042725
4997,excitatory,0,44,0.07763975155279502,0.015527950310559004,0.34936726093292236
4998,excitatory,0,44,3.571428571428571,4.759316770186335,0.4471445083618164
4999,excitatory,0,44,0.0,0.0,
