seed,neuron_id,cell_type,targeted,teacher_delta_rate_hz,student_delta_rate_hz,ceiling_delta_rate_hz
44,0,inhibitory,0,13.27639751552795,19.429347826086957,15.77251552795031
44,1,excitatory,0,0.23291925465838506,-0.03493788819875776,0.17080745341614906
44,2,inhibitory,1,-5.434782608695652,-9.549689440993788,-5.702639751552795
44,3,excitatory,0,-0.07763975155279502,0.05434782608695652,0.019409937888198753
44,4,excitatory,0,0.0,0.0,0.0
44,5,inhibitory,0,-1.0093167701863355,0.5279503105590061,0.03105590062111796
44,6,excitatory,0,-5.434782608695652,-5.5939440993788825,-5.539596273291925
44,7,excitatory,0,3.804347826086956,6.374223602484472,4.029503105590062
44,9,excitatory,0,0.5434782608695651,1.1218944099378882,0.5822981366459625
44,11,excitatory,0,4.813664596273292,3.229813664596273,3.6063664596273295
44,12,inhibitory,1,-0.5434782608695652,-0.023291925465838508,-0.13198757763975155
44,13,inhibitory,0,-0.621118012422361,-4.1265527950310545,-2.5698757763975166
44,14,excitatory,0,-14.906832298136647,-15.100931677018632,-17.387422360248447
44,15,excitatory,0,0.3105590062111801,0.41537267080745344,0.3416149068322981
44,16,excitatory,0,0.5434782608695654,1.2383540372670807,0.6444099378881987
44,17,excitatory,0,5.357142857142857,8.365683229813666,6.114130434782608
44,18,excitatory,0,0.3105590062111801,0.23291925465838506,0.22127329192546583
44,19,inhibitory,1,0.0,0.0,0.0
44,20,excitatory,0,0.46583850931676807,-0.47360248447204967,-0.5978260869565233
44,21,excitatory,0,0.07763975155279502,0.019409937888198753,-0.011645962732919249
44,22,excitatory,0,16.459627329192546,16.52173913043478,14.646739130434781
44,23,excitatory,0,-0.8540372670807452,-0.6987577639751552,-0.7725155279503106
44,24,inhibitory,0,2.872670807453416,2.8959627329192545,2.18555900621118
44,25,excitatory,0,-3.959627329192557,-3.668478260869577,-1.118012422360252
44,26,inhibitory,0,-0.15527950310559008,0.7880434782608695,0.18245341614906832
44,27,excitatory,0,1.2422360248447204,0.7375776397515527,0.8695652173913043
44,29,excitatory,0,0.0,0.45419254658385083,0.1203416149068323
44,30,excitatory,0,6.9099378881987565,7.127329192546584,6.331521739130435
44,31,excitatory,0,-0.1552795031055898,-0.40760869565217384,0.01164596273291929
44,32,inhibitory,0,0.6987577639751553,0.8385093167701863,0.7763975155279503
44,33,excitatory,0,0.0,0.0,0.0
44,34,excitatory,0,0.15527950310559005,0.11257763975155279,0.05434782608695652
44,35,excitatory,0,4.658385093167702,7.527173913043477,5.329968944099378
44,36,excitatory,0,0.0,-0.003881987577639751,-0.003881987577639751
44,37,excitatory,0,0.0,0.0,0.0
44,38,excitatory,0,1.0093167701863353,1.2344720496894408,0.6366459627329192
44,39,excitatory,0,0.0,0.0,0.0
44,40,excitatory,0,-2.096273291925466,-1.6653726708074532,-1.5527950310559004
44,41,excitatory,0,0.6211180124223602,1.0520186335403725,0.6172360248447204
44,42,excitatory,0,-7.763975155279503,-11.23447204968944,-7.81055900621118
44,43,excitatory,0,0.6211180124223601,2.204968944099379,1.3858695652173907
44,45,inhibitory,0,-0.07763975155279502,-0.11645962732919253,-0.10481366459627327
44,46,excitatory,0,1.6304347826086956,3.179347826086956,2.2748447204968945
44,47,excitatory,0,0.0,0.17080745341614906,-0.03493788819875776
44,48,excitatory,0,14.36335403726708,10.423136645962732,12.697981366459626
44,49,excitatory,0,0.0,0.0,0.0
44,51,inhibitory,0,5.667701863354036,6.413043478260867,8.575310559006208
44,52,excitatory,0,0.0,0.0,0.0
44,53,excitatory,0,0.0,0.0,0.0
44,54,excitatory,0,1.6304347826086953,0.48913043478260754,0.7181677018633543
44,55,excitatory,0,-1.0093167701863355,-2.290372670807453,-0.9899068322981366
44,56,inhibitory,1,0.0,0.0,-0.007763975155279502
44,57,inhibitory,1,-22.049689440993788,-17.47282608695652,-23.388975155279503
44,58,excitatory,0,0.07763975155279502,0.015527950310559004,0.03881987577639751
44,59,excitatory,0,2.4844720496894412,3.128881987577639,2.612577639751553
44,60,inhibitory,1,-0.6987577639751552,-0.9937888198757764,0.1902173913043479
44,62,excitatory,0,-1.8633540372670812,-1.7779503105590067,-1.308229813664596
44,63,excitatory,0,3.260869565217391,3.5170807453416146,3.0201863354037264
44,64,excitatory,0,0.5434782608695652,0.7298136645962732,0.5318322981366459
44,65,excitatory,0,7.686335403726709,8.586956521739129,7.162267080745341
44,67,inhibitory,0,6.211180124223601,15.069875776397515,9.277950310559007
44,68,excitatory,0,0.07763975155279502,0.03493788819875776,0.06599378881987578
44,69,excitatory,0,0.3105590062111801,0.5163043478260869,0.5046583850931676
44,70,inhibitory,1,-0.5434782608695652,-4.36335403726708,-0.7996894409937887
44,71,excitatory,0,0.9316770186335401,-0.9083850931677016,0.2678571428571428
44,73,excitatory,0,0.0,0.011645962732919254,0.011645962732919254
44,74,excitatory,0,1.2422360248447204,0.5861801242236024,0.7298136645962732
44,75,excitatory,0,2.7173913043478257,2.895962732919254,2.1467391304347823
44,76,excitatory,0,0.0,0.39984472049689435,0.06599378881987576
44,77,excitatory,0,5.745341614906832,18.059006211180122,8.711180124223603
44,78,inhibitory,0,4.658385093167702,1.9448757763975153,2.1389751552795033
44,79,excitatory,0,0.6987577639751552,1.6149068322981366,0.8385093167701863
44,80,excitatory,0,-2.8726708074534164,-3.986801242236025,-3.629658385093167
44,81,excitatory,0,-1.475155279503106,0.27562111801242395,0.5551242236024869
44,82,excitatory,0,-0.7763975155279503,-0.3338509316770186,-0.9006211180124224
44,83,excitatory,0,0.9316770186335404,0.4580745341614907,0.38431677018633537
44,84,excitatory,0,0.0,0.0,0.0
44,85,excitatory,0,0.07763975155279502,0.31444099378881984,0.07375776397515527
44,86,inhibitory,0,1.4751552795031055,3.2220496894409933,2.767857142857143
44,89,excitatory,0,0.0,0.046583850931677016,0.007763975155279502
44,91,inhibitory,0,1.1645962732919255,1.137422360248447,1.9875776397515528
44,92,inhibitory,0,-11.257763975155285,-41.36257763975155,-11.374223602484477
44,93,excitatory,0,0.0,0.34161490683229806,0.03493788819875776
44,94,excitatory,0,-0.15527950310559005,-0.11645962732919254,-0.015527950310559008
44,95,excitatory,0,0.7763975155279503,1.2072981366459627,0.93555900621118
44,96,inhibitory,1,0.0,0.0,0.0
44,97,excitatory,0,-8.850931677018632,-9.079968944099377,-9.701086956521738
44,98,excitatory,0,0.0,0.0,0.0
44,99,inhibitory,0,0.4658385093167702,0.0931677018633541,-0.06599378881987578
44,100,inhibitory,0,0.3881987577639751,0.27950310559006214,0.6366459627329192
44,101,inhibitory,1,-4.114906832298137,-1.0248447204968942,-3.4821428571428568
44,102,excitatory,0,0.0,-0.019409937888198756,0.003881987577639751
44,104,excitatory,0,0.0,0.046583850931677016,0.015527950310559004
44,105,excitatory,0,0.0,-0.019409937888198753,-0.011645962732919252
44,106,excitatory,0,0.15527950310559024,-1.0947204968944098,-1.2150621118012417
44,107,excitatory,0,0.0,-0.3377329192546581,0.015527950310559202
44,108,excitatory,0,0.07763975155279502,0.007763975155279502,0.003881987577639751
44,109,excitatory,0,0.0,0.11257763975155279,0.1902173913043478
44,110,excitatory,0,0.2329192546583851,0.8346273291925466,0.18245341614906832
44,111,inhibitory,0,-18.47826086956522,-15.36102484472049,-17.864906832298146
44,112,excitatory,0,2.639751552795031,2.154503105590062,1.8206521739130432
44,113,excitatory,0,0.0,0.0,0.0
44,114,excitatory,0,2.872670807453416,4.204192546583851,2.585403726708074
44,115,excitatory,0,0.0,-0.10481366459627328,-0.02717391304347827
44,116,excitatory,0,-0.07763975155279512,0.3687888198757765,0.34161490683229845
44,117,excitatory,0,0.3105590062111801,0.5318322981366459,0.26785714285714285
44,119,inhibitory,1,-1.0869565217391304,-0.2911490683229813,-0.7065217391304347
44,120,excitatory,0,0.0,0.007763975155279502,0.003881987577639751
44,121,inhibitory,0,-0.31055900621118004,-0.0815217391304347,-0.6793478260869565
44,122,excitatory,0,-0.07763975155279501,1.5799689440993787,0.7569875776397516
44,123,excitatory,0,0.2329192546583851,0.5240683229813664,0.06211180124223603
44,124,excitatory,0,-31.832298136645953,-35.108695652173914,-32.21273291925466
44,125,excitatory,0,11.878881987577639,12.670807453416147,11.102484472049687
44,126,excitatory,0,1.0093167701863357,-1.6576086956521738,2.406832298136646
44,128,inhibitory,1,-43.24534161490683,-34.67391304347826,-46.098602484472046
44,129,excitatory,0,0.3105590062111801,0.124223602484472,0.21350931677018634
44,130,excitatory,0,0.3105590062111801,0.011645962732919254,0.058229813664596265
44,131,excitatory,0,3.416149068322981,2.4534161490683224,2.989130434782608
44,132,excitatory,0,5.124223602484472,6.409161490683229,4.483695652173913
44,133,excitatory,0,1.7857142857142856,2.3447204968944098,1.576086956521739
44,134,excitatory,0,0.07763975155279507,-0.12810559006211175,0.32608695652173914
44,135,excitatory,0,0.5434782608695653,4.258540372670807,0.9122670807453416
44,136,excitatory,0,0.0,-0.007763975155279502,0.0
44,137,excitatory,0,7.298136645962728,10.90450310559006,9.902950310559007
44,138,excitatory,0,-0.4658385093167702,-0.3571428571428571,-0.4736024844720496
44,139,excitatory,0,0.0,0.39984472049689435,0.17857142857142855
44,141,inhibitory,0,-3.1055900621118013,-2.391304347826087,-2.9231366459627326
44,142,excitatory,0,-0.38819875776397517,-0.32608695652173925,-0.543478260869565
44,143,excitatory,0,3.183229813664596,4.239130434782608,3.2647515527950306
44,144,excitatory,0,0.0,0.007763975155279502,0.03881987577639751
44,146,excitatory,0,0.07763975155279502,0.05434782608695652,0.06987577639751552
44,147,inhibitory,0,0.0,0.7181677018633543,0.5590062111801242
44,148,excitatory,0,1.08695652173913,2.208850931677018,1.6032608695652169
44,149,excitatory,0,-9.316770186335404,-8.222049689440993,-10.085403726708066
44,150,excitatory,0,0.8540372670807453,1.106366459627329,0.6677018633540373
44,151,excitatory,0,1.0869565217391304,4.592391304347825,1.6925465838509313
44,152,inhibitory,0,0.1552795031055898,-0.05434782608695654,0.5395962732919255
44,153,excitatory,0,-0.2329192546583851,-0.16304347826086954,-0.5279503105590062
44,154,excitatory,0,0.0,-0.015527950310559004,0.0
44,155,excitatory,0,-0.07763975155279502,-0.16692546583850928,-0.06211180124223602
44,156,excitatory,0,0.07763975155279502,0.27950310559006214,0.15916149068322977
44,157,excitatory,0,0.0,0.8773291925465838,0.12422360248447203
44,158,excitatory,0,2.484472049689441,4.254658385093167,3.12111801242236
44,160,excitatory,0,0.0,0.22127329192546583,0.04270186335403725
44,161,excitatory,0,0.0,0.019409937888198756,0.007763975155279503
44,162,excitatory,0,1.0093167701863361,0.2212732919254652,0.6677018633540364
44,163,excitatory,0,3.649068322981366,2.434006211180124,3.171583850931677
44,164,excitatory,0,0.15527950310559005,0.16304347826086954,0.12034161490683229
44,165,excitatory,0,0.0,1.9177018633540373,0.640527950310559
44,166,excitatory,0,-0.4658385093167703,-0.21350931677018625,-0.737577639751553
44,167,excitatory,0,-2.1739130434782608,-2.045807453416149,-2.3097826086956523
44,168,inhibitory,0,2.484472049689441,2.5427018633540373,2.449534161490683
44,169,excitatory,0,0.0,0.0,0.0
44,170,excitatory,0,-0.9316770186335404,-1.1529503105590062,-0.8190993788819874
44,171,excitatory,0,0.0,0.07763975155279504,0.07375776397515528
44,172,excitatory,0,0.15527950310559008,0.2795031055900621,0.22903726708074534
44,173,excitatory,0,0.07763975155279502,-0.3649068322981366,-0.17080745341614906
44,174,inhibitory,0,-2.7173913043478253,0.050465838509317074,-1.4324534161490696
44,175,excitatory,0,6.832298136645962,7.166149068322982,6.576086956521738
44,176,excitatory,0,2.4068322981366457,3.9440993788819876,2.4650621118012426
44,177,excitatory,0,1.2422360248447204,0.7763975155279501,1.0869565217391304
44,178,excitatory,0,-0.15527950310559013,1.0869565217391306,0.5318322981366459
44,179,excitatory,0,13.89751552795031,22.10791925465838,14.576863354037267
44,180,excitatory,0,1.5527950310559004,4.196428571428571,2.9541925465838506
44,181,excitatory,0,0.0,0.03105590062111801,0.0
44,182,excitatory,0,0.0,0.011645962732919254,0.003881987577639751
44,183,excitatory,0,-0.9316770186335415,1.7236024844720497,-0.962732919254659
44,184,excitatory,0,0.6211180124223602,0.8346273291925466,0.6715838509316769
44,186,excitatory,0,0.6211180124223602,1.1568322981366457,0.8695652173913042
44,187,excitatory,0,0.07763975155279504,-0.015527950310559008,0.015527950310559008
44,188,excitatory,0,0.0,0.1281055900621118,0.10481366459627328
44,189,excitatory,0,-0.15527950310559005,-0.019409937888198756,-0.03493788819875776
44,190,excitatory,0,0.6987577639751557,2.600931677018634,1.3237577639751548
44,191,excitatory,0,0.07763975155279502,0.31055900621118004,0.03493788819875776
44,192,excitatory,0,0.0,0.0,0.007763975155279502
44,193,excitatory,0,-4.580745341614907,-2.899844720496893,-4.204192546583851
44,194,excitatory,0,0.07763975155279502,-0.03105590062111801,0.007763975155279504
44,195,inhibitory,0,17.93478260869565,11.58385093167702,15.427018633540373
44,196,excitatory,0,-38.043478260869556,-41.54114906832298,-38.963509316770185
44,197,excitatory,0,-19.33229813664596,-17.725155279503106,-20.407608695652172
44,198,excitatory,0,-0.07763975155279502,0.04658385093167702,-0.007763975155279504
44,199,excitatory,0,-0.15527950310559002,-0.0892857142857143,-0.2290372670807453
44,200,excitatory,0,-7.453416149068325,0.9627329192546554,-5.209627329192546
44,201,excitatory,0,0.0,0.019409937888198753,0.015527950310559004
44,202,excitatory,0,1.0869565217391304,0.7492236024844718,0.7492236024844718
44,203,excitatory,0,0.15527950310559005,0.3493788819875776,0.1591614906832298
44,204,inhibitory,0,0.07763975155279468,-1.1878881987577636,-0.7996894409937885
44,205,excitatory,0,-0.07763975155279504,0.4192546583850931,-0.13198757763975152
44,206,excitatory,0,-7.142857142857142,-3.9208074534161472,-7.166149068322982
44,207,excitatory,0,-3.2608695652173907,1.2927018633540381,-0.10093167701863415
44,208,excitatory,0,-0.6987577639751552,0.4541925465838508,0.01552795031055898
44,210,inhibitory,0,21.972049689440993,21.137422360248443,25.12422360248447
44,211,excitatory,0,-0.07763975155279501,-0.07763975155279501,-0.03493788819875776
44,212,excitatory,0,0.0,0.046583850931677016,0.007763975155279502
44,213,inhibitory,1,-0.46583850931677007,-0.6366459627329192,-0.46195652173913027
44,214,excitatory,0,0.15527950310559005,0.1824534161490683,0.16304347826086957
44,215,excitatory,0,0.07763975155279501,-0.29891304347826086,-0.12422360248447206
44,216,excitatory,0,-0.07763975155279502,0.031055900621118012,0.003881987577639752
44,217,excitatory,0,1.0869565217391308,2.333074534161492,0.19409937888198847
44,218,excitatory,0,0.0,0.019409937888198756,0.0
44,219,excitatory,0,1.0869565217391304,0.8346273291925465,1.0403726708074532
44,220,excitatory,0,0.0,0.0,0.0
44,221,inhibitory,1,-10.32608695652174,-13.652950310559003,-10.209627329192546
44,222,excitatory,0,0.38819875776397517,-0.4852484472049694,-0.23680124223602483
44,223,excitatory,0,-0.3881987577639751,-0.06987577639751552,-0.6366459627329192
44,224,inhibitory,0,11.878881987577639,5.593944099378882,8.016304347826086
44,225,excitatory,0,0.3105590062111801,0.19409937888198758,0.29891304347826086
44,226,excitatory,0,-0.07763975155279502,0.01940993788819878,0.02329192546583851
44,227,excitatory,0,0.4658385093167702,1.2422360248447204,0.4076086956521739
44,228,inhibitory,1,-15.372670807453414,-15.384316770186333,-13.788819875776396
44,229,inhibitory,0,4.425465838509316,3.866459627329193,2.911490683229813
44,230,excitatory,0,-1.0093167701863353,-1.3509316770186337,-1.2383540372670807
44,231,excitatory,0,0.0,0.003881987577639751,0.0
44,232,excitatory,0,0.07763975155279502,0.15527950310559005,0.11645962732919253
44,233,excitatory,0,0.0,-0.007763975155279502,0.0
44,234,excitatory,0,1.2422360248447204,1.9099378881987576,1.3509316770186335
44,235,excitatory,0,-1.7857142857142865,-4.479813664596273,-0.9976708074534155
44,236,excitatory,0,-0.07763975155279502,-0.05822981366459626,0.027173913043478243
44,237,excitatory,0,-0.07763975155279501,-0.3532608695652173,-0.2523291925465838
44,240,inhibitory,1,-23.524844720496894,-21.38198757763975,-29.130434782608695
44,241,excitatory,0,0.2329192546583851,0.20186335403726707,0.18633540372670807
44,242,excitatory,0,2.2515527950310563,2.690217391304346,2.32531055900621
44,243,excitatory,0,-1.7857142857142865,-1.1141304347826075,-2.5776397515527947
44,244,inhibitory,0,0.7763975155279502,1.8245341614906831,1.1723602484472049
44,245,excitatory,0,0.543478260869565,-0.22903726708074545,0.5512422360248448
44,246,excitatory,0,-5.512422360248447,-3.8897515527950315,-5.034937888198757
44,247,excitatory,0,0.0,0.062111801242236024,0.015527950310559004
44,248,excitatory,0,0.0,0.1902173913043478,0.03881987577639751
44,249,excitatory,0,5.590062111801243,6.164596273291925,5.3804347826086945
44,250,inhibitory,0,10.170807453416147,5.364906832298137,7.371894409937886
44,251,inhibitory,0,9.782608695652172,4.821428571428573,7.383540372670804
44,255,excitatory,0,2.4068322981366457,1.5954968944099377,2.1156832298136647
44,256,excitatory,0,0.5434782608695652,1.141304347826087,0.49301242236024845
44,257,excitatory,0,-0.7763975155279503,-0.4270186335403727,-0.41149068322981364
44,258,excitatory,0,0.07763975155279502,0.1746894409937888,0.12034161490683229
44,259,excitatory,0,0.07763975155279502,0.07763975155279502,0.07375776397515527
44,260,excitatory,0,0.0,-0.003881987577639751,0.0
44,261,excitatory,0,-0.23291925465838514,-0.20574534161490687,-0.41537267080745344
44,262,inhibitory,1,-0.07763975155279502,-0.05046583850931677,-0.09316770186335403
44,263,inhibitory,0,6.832298136645962,1.3858695652173916,5.30667701863354
44,264,inhibitory,0,1.6304347826086953,1.121894409937888,2.1933229813664594
44,265,excitatory,0,0.38819875776397517,0.6094720496894412,0.12034161490683237
44,266,excitatory,0,0.0,0.12034161490683229,0.019409937888198756
44,267,excitatory,0,0.07763975155279502,0.2795031055900621,0.027173913043478257
44,268,inhibitory,0,0.3881987577639734,-0.8656832298136639,-1.649844720496894
44,270,excitatory,0,0.0,0.015527950310559004,0.0
44,271,excitatory,0,-0.4658385093167702,1.1878881987577639,0.33385093167701857
44,272,excitatory,0,0.2329192546583851,0.2872670807453416,0.45031055900621114
44,273,excitatory,0,3.9596273291925463,1.3625776397515512,2.3097826086956523
44,274,excitatory,0,0.0,0.0,0.003881987577639751
44,275,excitatory,0,0.0,0.0,0.0
44,276,excitatory,0,0.0,0.0,0.0
44,277,excitatory,0,2.4068322981366457,5.469720496894407,2.0186335403726723
44,278,excitatory,0,0.0,0.003881987577639751,0.011645962732919254
44,279,inhibitory,0,6.211180124223603,1.1762422360248443,6.444099378881987
44,280,excitatory,0,2.795031055900621,2.511645962732919,2.449534161490683
44,281,excitatory,0,0.6211180124223602,0.8501552795031054,0.8656832298136645
44,282,excitatory,0,0.0,0.015527950310559004,0.007763975155279502
44,283,excitatory,0,24.9223602484472,25.520186335403725,21.14518633540372
44,284,inhibitory,0,2.1739130434782608,0.7608695652173911,0.7181677018633534
44,285,excitatory,0,1.0869565217391304,0.5978260869565216,0.39984472049689435
44,286,excitatory,0,0.0,0.10093167701863354,0.08928571428571427
44,287,excitatory,0,0.0,0.023291925465838508,0.007763975155279502
44,288,excitatory,0,0.3105590062111801,0.10481366459627328,0.7336956521739131
44,289,inhibitory,1,-0.07763975155279502,0.0,-0.06987577639751552
44,290,excitatory,0,2.795031055900621,3.8276397515527947,3.0667701863354035
44,291,excitatory,0,0.0,0.007763975155279502,0.0
44,292,inhibitory,0,5.357142857142858,10.13586956521739,5.644409937888199
44,293,inhibitory,0,81.44409937888197,124.12267080745342,85.47360248447204
44,294,excitatory,0,0.0,0.05046583850931677,0.03105590062111801
44,295,excitatory,0,-0.5434782608695652,-0.12810559006211186,-0.12422360248447206
44,296,inhibitory,1,-66.30434782608697,-68.7888198757764,-64.42158385093168
44,297,excitatory,0,7.142857142857142,7.422360248447204,5.302795031055901
44,299,excitatory,0,0.15527950310559005,0.2523291925465838,0.11645962732919253
44,300,excitatory,0,0.3105590062111801,0.46195652173913043,0.3765527950310559
44,301,excitatory,0,-1.6304347826086953,-1.479037267080745,-1.3392857142857142
44,304,excitatory,0,-2.4068322981366457,-2.3680124223602483,-1.1840062111801242
44,305,excitatory,0,0.6211180124223602,0.625,0.6055900621118012
44,306,excitatory,0,0.2329192546583851,-0.40372670807453415,0.06599378881987576
44,307,inhibitory,0,3.9596273291925455,3.711180124223602,4.541925465838509
44,309,excitatory,0,0.8540372670807453,0.8850931677018633,0.7841614906832297
44,310,excitatory,0,0.0,0.0,0.0
44,311,excitatory,0,14.052795031055899,14.941770186335402,14.34394409937888
44,312,inhibitory,0,-0.854037267080745,-0.07763975155279468,-2.0031055900621126
44,313,excitatory,0,-4.114906832298139,-12.884316770186334,-3.3152173913043477
44,314,excitatory,0,-1.3198757763975157,-0.7414596273291929,-0.3183229813664603
44,315,excitatory,0,0.0,0.019409937888198756,0.0
44,316,excitatory,0,0.2329192546583851,0.9394409937888198,0.5861801242236023
44,317,excitatory,0,0.2329192546583851,0.6017080745341614,0.17857142857142855
44,318,excitatory,0,4.5807453416149055,6.0015527950310545,1.929347826086957
44,319,excitatory,0,0.0,0.0,0.0
44,320,excitatory,0,4.658385093167701,6.032608695652173,4.953416149068323
44,321,excitatory,0,0.9316770186335404,0.9161490683229812,0.904503105590062
44,322,excitatory,0,0.15527950310559005,0.14751552795031053,0.18633540372670804
44,323,excitatory,0,0.3105590062111805,0.2600931677018634,0.4813664596273286
44,324,excitatory,0,0.0,0.09704968944099378,0.0
44,325,inhibitory,1,0.0,-0.03493788819875776,-0.003881987577639751
44,326,excitatory,0,0.3881987577639751,0.1785714285714286,0.15527950310559002
44,327,inhibitory,0,22.515527950310556,20.675465838509314,19.891304347826086
44,328,excitatory,0,0.3105590062111805,0.1979813664596275,0.3649068322981375
44,329,excitatory,0,0.3105590062111801,0.11645962732919252,0.3610248447204969
44,330,inhibitory,0,1.0869565217391304,0.2639751552795031,0.7181677018633541
44,331,excitatory,0,0.23291925465838506,0.11257763975155277,0.06987577639751552
44,332,excitatory,0,0.0,0.0,0.0
44,333,excitatory,0,-0.4658385093167702,-0.5706521739130435,-0.29114906832298126
44,334,excitatory,0,-1.3198757763975157,-2.096273291925466,-0.9316770186335406
44,336,inhibitory,0,0.8540372670807453,1.545031055900621,1.6459627329192543
44,337,excitatory,0,1.0093167701863353,2.465062111801242,0.9083850931677018
44,338,inhibitory,1,-2.872670807453416,-1.9099378881987576,-2.80667701863354
44,339,excitatory,0,-4.425465838509316,-6.541149068322981,-4.0100931677018625
44,340,excitatory,0,0.0,0.02717391304347826,0.011645962732919254
44,341,excitatory,0,0.0,0.015527950310559004,0.0
44,343,excitatory,0,0.0,0.0,0.0
44,344,excitatory,0,-0.9316770186335404,-0.9627329192546584,-0.93555900621118
44,345,excitatory,0,-0.07763975155279512,-0.3571428571428572,-0.07375776397515521
44,346,excitatory,0,1.6304347826086958,1.2694099378881987,1.121894409937888
44,347,excitatory,0,0.0,0.019409937888198756,0.007763975155279503
44,348,excitatory,0,0.0,0.015527950310559004,0.003881987577639751
44,349,excitatory,0,0.2329192546583851,0.19798136645962733,0.4619565217391304
44,350,excitatory,0,0.6211180124223602,1.4906832298136645,0.6172360248447205
44,351,excitatory,0,0.0,0.0,0.0
44,352,inhibitory,0,-9.627329192546583,-3.2763975155279494,-9.17701863354037
44,353,excitatory,0,0.38819875776397517,0.566770186335404,0.17468944099378847
44,354,excitatory,0,0.0,0.0,0.0
44,355,excitatory,0,1.4751552795031053,2.173913043478261,1.3431677018633539
44,356,excitatory,0,0.07763975155279502,0.07763975155279502,0.046583850931677016
44,357,excitatory,0,0.9316770186335404,1.6692546583850931,1.218944099378882
44,358,excitatory,0,0.07763975155279502,0.10481366459627328,0.07763975155279502
44,359,inhibitory,1,-105.20186335403724,-115.81521739130433,-107.77950310559007
44,360,inhibitory,1,-76.08695652173913,-69.22748447204968,-83.20652173913044
44,361,excitatory,0,0.0,0.4270186335403726,0.07763975155279502
44,362,excitatory,0,0.0,0.0,0.0
44,363,excitatory,0,0.0,0.003881987577639751,0.003881987577639751
44,365,excitatory,0,-0.07763975155279501,0.1785714285714286,0.16304347826086957
44,366,inhibitory,1,-3.027950310559006,-1.4091614906832297,-2.9270186335403725
44,368,excitatory,0,6.987577639751553,6.141304347826086,7.065217391304348
44,369,excitatory,0,0.0,0.0,0.0
44,370,excitatory,0,0.0,0.0,0.0
44,371,excitatory,0,0.0,-0.023291925465838508,-0.023291925465838508
44,372,excitatory,0,-0.38819875776397506,-0.9627329192546581,-0.5706521739130435
44,373,excitatory,0,0.5434782608695652,-0.8307453416149069,0.19409937888198758
44,374,excitatory,0,0.6987577639751552,0.3027950310559002,0.5667701863354035
44,375,excitatory,0,1.1645962732919255,1.1917701863354035,1.106366459627329
44,376,excitatory,0,-3.4937888198757765,-4.755434782608695,-3.800465838509316
44,377,inhibitory,0,19.40993788819876,24.701086956521742,21.921583850931675
44,378,excitatory,0,0.23291925465838514,0.5434782608695652,0.7569875776397516
44,381,excitatory,0,0.0,0.0,0.0
44,382,excitatory,0,1.5527950310559004,4.6933229813664585,1.9293478260869563
44,383,inhibitory,0,0.0,0.0,0.0
44,384,inhibitory,0,0.23291925465838503,0.6909937888198756,0.7414596273291925
44,385,excitatory,0,0.0,0.0,0.0
44,386,excitatory,0,0.0,0.003881987577639751,0.003881987577639751
44,387,excitatory,0,0.0,0.0,0.0
44,388,excitatory,0,0.3881987577639751,1.24611801242236,0.6444099378881987
44,389,excitatory,0,-0.7763975155279502,-0.22127329192546585,-0.4658385093167702
44,390,excitatory,0,-3.416149068322981,0.12810559006211175,-0.8618012422360253
44,391,excitatory,0,0.2329192546583851,0.1358695652173913,0.10481366459627328
44,393,inhibitory,0,3.0279503105590058,2.3447204968944098,5.745341614906832
44,394,excitatory,0,0.15527950310559005,0.10093167701863354,0.13975155279503104
44,395,inhibitory,0,1.6304347826086958,1.890527950310559,2.33307453416149
44,397,inhibitory,1,-0.3105590062111801,-0.28338509316770183,-0.5745341614906831
44,398,excitatory,0,0.3881987577639751,0.1669254658385093,-2.4456521739130435
44,399,excitatory,0,0.0,0.011645962732919254,0.0
44,400,inhibitory,1,21.972049689440993,1.9371118012422386,24.584627329192543
44,401,inhibitory,0,2.4068322981366457,1.5799689440993774,1.8711180124223574
44,402,excitatory,0,5.2018633540372665,5.6560559006211175,4.010093167701863
44,403,excitatory,0,0.0,0.019409937888198756,0.0
44,404,excitatory,0,-0.3881987577639751,0.1824534161490683,0.26785714285714285
44,405,excitatory,0,-0.07763975155279502,-0.15527950310559005,-0.05822981366459627
44,407,excitatory,0,0.0,0.0,0.0
44,408,excitatory,0,1.1645962732919253,1.0597826086956519,1.1490683229813663
44,409,excitatory,0,3.0279503105590058,4.468167701863353,3.1094720496894404
44,410,excitatory,0,-0.2329192546583851,-0.1358695652173913,-0.04658385093167705
44,411,excitatory,0,1.3198757763975155,1.5217391304347825,1.4091614906832297
44,412,excitatory,0,1.9409937888198758,3.218167701863354,1.5062111801242235
44,413,excitatory,0,0.3105590062111801,-0.40760869565217384,-0.1358695652173913
44,414,excitatory,0,0.0,0.003881987577639751,0.0
44,415,excitatory,0,-4.347826086956521,-8.237577639751553,-5.44254658385093
44,416,inhibitory,0,-83.38509316770184,-91.152950310559,-91.8478260869565
44,418,excitatory,0,0.0,0.019409937888198756,0.042701863354037264
44,419,inhibitory,0,0.0,0.0,0.0
44,421,excitatory,0,1.5527950310559007,2.5349378881987565,1.5450310559006208
44,423,excitatory,0,0.0,0.19798136645962705,-0.7880434782608696
44,424,excitatory,0,1.0869565217391304,0.7298136645962732,0.8656832298136645
44,425,excitatory,0,0.3105590062111801,1.3975155279503104,0.4619565217391304
44,426,inhibitory,0,1.0093167701863355,0.749223602484472,0.9045031055900621
44,427,excitatory,0,0.0,0.015527950310559004,0.03105590062111801
44,428,excitatory,0,-3.9596273291925463,-6.319875776397515,-4.076086956521738
44,429,excitatory,0,0.0,0.007763975155279502,0.019409937888198756
44,430,excitatory,0,2.329192546583851,1.9215838509316767,1.8167701863354035
44,431,excitatory,0,0.0,0.031055900621118012,0.0
44,432,excitatory,0,0.3105590062111801,0.7375776397515527,0.18633540372670807
44,433,excitatory,0,0.0,0.22515527950310557,0.0
44,434,inhibitory,0,0.15527950310559005,0.24456521739130432,0.20962732919254656
44,435,excitatory,0,0.0,0.003881987577639751,0.003881987577639751
44,436,excitatory,0,0.07763975155279501,-0.13586956521739124,-0.36102484472049684
44,437,excitatory,0,0.4658385093167702,-0.3377329192546583,0.2445652173913043
44,438,inhibitory,0,0.07763975155279502,0.4425465838509316,0.2678571428571428
44,439,excitatory,0,0.0,0.0,0.0
44,440,excitatory,0,0.07763975155279502,0.08540372670807451,0.03881987577639751
44,441,excitatory,0,0.0,0.0,0.0
44,442,excitatory,0,-2.4068322981366466,-3.237577639751553,-2.8571428571428568
44,443,excitatory,0,0.0,0.0,0.0
44,444,inhibitory,0,-6.677018633540371,-11.750776397515523,-10.023291925465834
44,445,excitatory,0,0.0,0.06211180124223601,0.02717391304347826
44,446,inhibitory,0,16.847826086956523,12.96583850931677,15.714285714285712
44,447,excitatory,0,0.0,0.32220496894409933,0.07375776397515527
44,448,excitatory,0,0.0,0.0,0.0
44,449,inhibitory,0,21.118012422360245,14.94953416149068,19.85248447204969
44,450,excitatory,0,0.31055900621118004,-0.170807453416149,0.2795031055900621
44,451,excitatory,0,0.15527950310559005,0.1902173913043478,0.10869565217391304
44,452,excitatory,0,3.9596273291925463,8.618012422360247,4.592391304347826
44,453,inhibitory,0,0.7763975155279503,1.4635093167701863,0.8850931677018634
44,454,excitatory,0,-2.7950310559006217,-6.0015527950310545,-2.7096273291925455
44,455,inhibitory,0,-0.15527950310559008,0.019409937888198753,-0.21739130434782605
44,456,excitatory,0,0.8540372670807453,0.7841614906832297,1.0559006211180122
44,457,excitatory,0,0.0,0.046583850931677016,0.011645962732919254
44,458,excitatory,0,0.15527950310559008,0.39208074534161486,0.24456521739130432
44,459,excitatory,0,3.2608695652173907,2.3447204968944106,-0.23291925465839114
44,460,excitatory,0,0.0,0.23680124223602483,0.18245341614906832
44,461,excitatory,0,0.0,0.0,0.0
44,462,excitatory,0,-0.07763975155279502,-0.062111801242236024,-0.04658385093167702
44,463,inhibitory,0,0.3881987577639751,0.4192546583850931,0.1630434782608695
44,464,excitatory,0,0.3881987577639743,0.35714285714285676,0.6211180124223601
44,465,excitatory,0,0.38819875776397517,0.038819875776397506,0.19409937888198753
44,466,excitatory,0,2.484472049689441,3.6878881987577636,2.4728260869565215
44,467,excitatory,0,-0.07763975155279502,0.03493788819875776,-0.019409937888198753
44,468,excitatory,0,0.07763975155279502,0.0,0.007763975155279502
44,469,excitatory,0,0.0,-0.00388198757763975,0.007763975155279502
44,470,inhibitory,1,-28.804347826086953,-26.855590062111798,-29.572981366459626
44,471,excitatory,0,0.5434782608695652,0.5512422360248447,0.2989130434782608
44,472,excitatory,0,-0.38819875776397517,-0.3222049689440991,-0.3338509316770186
44,474,excitatory,0,0.0,0.10481366459627328,0.02717391304347826
44,475,excitatory,0,0.0,0.0,0.0
44,476,excitatory,0,-3.0279503105590067,-2.0069875776397508,-2.4572981366459627
44,477,excitatory,0,0.38819875776397517,0.12810559006211175,0.78027950310559
44,478,excitatory,0,3.493788819875776,5.4852484472049685,3.8586956521739126
44,479,excitatory,0,0.0,0.0,0.0
44,480,excitatory,0,-0.07763975155279502,-0.03493788819875776,-0.1591614906832298
44,481,excitatory,0,0.0,0.0,0.0
44,482,excitatory,0,4.503105590062112,8.043478260869565,5.877329192546583
44,483,inhibitory,0,0.6987577639751552,0.6211180124223601,1.4052795031055898
44,484,excitatory,0,-2.3291925465838506,-1.6537267080745341,-1.0597826086956523
44,486,excitatory,0,-2.6397515527950297,-9.914596273291924,-6.731366459627328
44,487,inhibitory,0,0.7763975155279506,-0.29891304347826086,-0.4541925465838508
44,488,excitatory,0,-3.804347826086957,-1.525621118012424,-3.7267080745341623
44,489,excitatory,0,11.490683229813666,14.05667701863354,13.590838509316768
44,490,inhibitory,0,9.62732919254659,2.4184782608695627,9.786490683229815
44,491,excitatory,0,0.0,0.05046583850931677,0.003881987577639751
44,492,excitatory,0,2.6397515527950306,5.104813664596274,1.7236024844720497
44,493,excitatory,0,0.0,0.0,0.0
44,494,excitatory,0,0.0,0.0,0.0
44,495,inhibitory,1,-0.9316770186335404,-0.6055900621118012,-1.0093167701863353
44,496,excitatory,0,-5.357142857142858,-6.090838509316771,-8.528726708074533
44,497,excitatory,0,-0.15527950310559005,0.11645962732919253,-0.007763975155279504
44,498,excitatory,0,0.0,-0.7492236024844718,0.2329192546583858
44,499,excitatory,0,-0.6987577639751548,-2.892080745341615,-0.7104037267080745
44,500,inhibitory,0,0.0,0.0,-0.003881987577639751
44,501,excitatory,0,4.813664596273291,6.253881987577639,4.557453416149068
44,503,excitatory,0,0.46583850931677007,0.11645962732919257,0.6133540372670806
44,504,excitatory,0,0.15527950310559005,0.28338509316770183,0.1746894409937888
44,505,excitatory,0,0.15527950310559002,-0.03493788819875776,0.15527950310559005
44,506,excitatory,0,0.0,0.1669254658385093,0.06599378881987576
44,507,excitatory,0,-3.6490683229813676,-2.1389751552794998,-3.3734472049689437
44,508,excitatory,0,1.6304347826086958,2.2593167701863353,1.5372670807453415
44,509,excitatory,0,0.0,0.0,-0.003881987577639751
44,510,excitatory,0,0.0,0.08540372670807453,0.02717391304347826
44,511,excitatory,0,0.31055900621118016,0.1630434782608695,0.050465838509316754
44,512,excitatory,0,-1.70807453416149,-4.262422360248447,-3.024068322981364
44,513,excitatory,0,2.795031055900621,4.37111801242236,2.387422360248447
44,514,excitatory,0,0.6211180124223603,1.4673913043478257,0.7104037267080745
44,515,excitatory,0,0.6211180124223602,0.2833850931677019,0.4153726708074534
44,516,inhibitory,0,-15.838509316770182,-5.419254658385096,-14.77872670807453
44,517,excitatory,0,1.4751552795031055,0.7569875776397516,1.106366459627329
44,518,excitatory,0,6.2888198757763965,8.800465838509316,6.137422360248447
44,519,excitatory,0,0.0,0.0,-0.007763975155279502
44,520,excitatory,0,0.07763975155279502,0.4192546583850931,0.12810559006211178
44,521,excitatory,0,0.0,0.023291925465838508,0.015527950310559004
44,524,excitatory,0,5.8229813664596275,8.722826086956522,5.326086956521739
44,525,excitatory,0,6.133540372670807,7.127329192546583,6.354813664596272
44,526,excitatory,0,-0.3105590062111801,-0.8618012422360248,-0.4968944099378882
44,527,excitatory,0,0.0,0.0,0.0
44,528,inhibitory,0,6.211180124223603,5.248447204968944,5.454192546583851
44,529,inhibitory,0,22.981366459627328,17.01475155279503,22.1195652173913
44,531,excitatory,0,-1.0093167701863361,1.0908385093167698,-0.8967391304347831
44,532,excitatory,0,2.329192546583851,1.6964285714285712,2.480590062111801
44,533,inhibitory,0,1.086956521739129,1.4402173913043477,4.293478260869563
44,534,excitatory,0,0.3105590062111801,0.2018633540372671,0.11257763975155277
44,535,excitatory,0,-0.07763975155279502,-0.003881987577639751,0.023291925465838508
44,536,excitatory,0,0.38819875776397517,0.20574534161490687,0.4347826086956521
44,537,excitatory,0,0.0,0.0,0.0
44,538,excitatory,0,0.0,0.0,0.0
44,539,excitatory,0,-9.161490683229813,-12.798913043478262,-10.524068322981364
44,540,excitatory,0,1.0093167701863353,1.0636645962732922,1.199534161490683
44,541,excitatory,0,-0.6211180124223602,-1.0636645962732916,-1.0209627329192545
44,542,excitatory,0,0.15527950310559002,-0.06987577639751552,0.0038819875776398005
44,543,excitatory,0,0.0,-0.06211180124223603,0.031055900621118016
44,544,excitatory,0,-11.878881987577628,-11.533385093167709,-12.25931677018633
44,545,inhibitory,0,14.440993788819876,18.614130434782606,17.717391304347824
44,547,inhibitory,0,0.31055900621118004,-0.05046583850931674,-0.0931677018633541
44,549,inhibitory,1,-13.509316770186334,-10.46583850931677,-14.751552795031055
44,550,inhibitory,0,8.229813664596273,5.6017080745341605,8.944099378881987
44,551,excitatory,0,0.6211180124223602,0.45807453416149063,0.38819875776397517
44,552,excitatory,0,0.0,-0.03493788819875776,0.0
44,553,excitatory,0,11.801242236024844,13.637422360248445,12.15062111801242
44,554,excitatory,0,0.6987577639751552,1.7818322981366457,1.0559006211180124
44,555,excitatory,0,-0.7763975155279503,1.816770186335403,-0.26785714285714324
44,556,excitatory,0,0.8540372670807455,1.1257763975155277,0.7104037267080745
44,557,inhibitory,1,-1.6304347826086956,-0.8928571428571428,-1.7430124223602483
44,558,excitatory,0,0.0,0.02717391304347826,0.003881987577639751
44,559,excitatory,0,0.0,0.0,0.0
44,560,excitatory,0,0.23291925465838506,-0.20574534161490682,-0.5978260869565217
44,561,excitatory,0,-0.6211180124223602,-1.2111801242236024,-0.5279503105590061
44,562,inhibitory,0,0.15527950310559002,0.3804347826086957,0.22515527950310565
44,563,excitatory,0,0.0,0.0,0.0
44,564,excitatory,0,0.0,0.058229813664596265,0.011645962732919252
44,565,inhibitory,0,0.0,0.0,0.058229813664596265
44,566,excitatory,0,-1.9409937888198758,-1.8400621118012417,-2.2166149068322976
44,568,excitatory,0,0.07763975155279502,0.046583850931677016,0.05434782608695652
44,569,inhibitory,1,0.0,0.0,0.0
44,570,inhibitory,0,-43.55590062111801,-38.0861801242236,-49.825310559006205
44,571,excitatory,0,34.00621118012422,40.05046583850931,40.4697204968944
44,572,inhibitory,0,4.114906832298137,5.283385093167702,5.287267080745341
44,574,excitatory,0,0.2329192546583851,0.888975155279503,0.20574534161490682
44,575,excitatory,0,-0.7763975155279486,0.9821428571428577,0.15139751552795033
44,577,excitatory,0,2.950310559006211,3.5559006211180124,3.1133540372670803
44,578,excitatory,0,0.0,0.003881987577639752,0.03881987577639751
44,579,excitatory,0,0.07763975155279502,0.007763975155279503,0.058229813664596265
44,580,excitatory,0,0.0,0.0,0.03105590062111801
44,581,excitatory,0,0.38819875776397494,0.1863354037267082,0.26785714285714257
44,582,excitatory,0,1.9409937888198758,2.1622670807453415,2.7950310559006204
44,583,inhibitory,0,1.5527950310559004,0.6638198757763973,3.2841614906832297
44,584,excitatory,0,0.2329192546583851,0.35326086956521735,0.17080745341614906
44,585,excitatory,0,1.0093167701863355,0.18633540372670804,0.7841614906832297
44,586,inhibitory,0,25.155279503105596,25.077639751552795,34.77484472049689
44,587,inhibitory,0,0.15527950310559002,-1.2694099378881987,3.3656832298136643
44,588,inhibitory,0,-36.41304347826087,-23.19487577639751,-36.46739130434783
44,590,excitatory,0,-0.07763975155279502,0.40372670807453415,0.04270186335403725
44,591,excitatory,0,-0.07763975155279502,-0.023291925465838505,-0.03493788819875776
44,592,inhibitory,0,0.15527950310559005,0.19409937888198756,0.25232919254658387
44,593,excitatory,0,-0.621118012422361,-1.7585403726708044,-0.9355590062111823
44,594,excitatory,0,0.0,0.0,0.0
44,596,excitatory,0,0.07763975155279502,0.5007763975155279,0.21739130434782608
44,597,excitatory,0,0.0,-0.027173913043478493,-0.15916149068323016
44,599,excitatory,0,-0.38819875776397517,-0.22127329192546585,-0.14363354037267073
44,600,excitatory,0,0.07763975155279502,0.11645962732919254,0.07763975155279501
44,601,excitatory,0,0.38819875776397517,0.2872670807453417,0.7375776397515528
44,602,excitatory,0,0.15527950310559005,0.5861801242236024,0.5434782608695652
44,604,excitatory,0,-0.07763975155279501,-0.19798136645962727,-0.01164596273291929
44,605,excitatory,0,0.2329192546583851,0.49689440993788814,0.20962732919254656
44,606,inhibitory,0,-3.881987577639748,-29.08773291925465,-23.45108695652172
44,607,excitatory,0,0.0,0.011645962732919254,0.015527950310559004
44,608,excitatory,0,0.15527950310559008,0.3027950310559006,-0.00776397515527949
44,609,inhibitory,0,8.695652173913043,12.597049689440992,9.899068322981364
44,610,excitatory,0,-0.4658385093167702,-0.00776397515527949,-0.3765527950310559
44,611,excitatory,0,0.3881987577639751,0.4192546583850931,0.3571428571428571
44,612,excitatory,0,-0.4658385093167702,-0.30667701863354024,-0.09704968944099379
44,615,excitatory,0,0.23291925465838492,-1.0947204968944098,-0.08152173913043503
44,616,inhibitory,1,-5.745341614906833,-6.281055900621118,-4.320652173913042
44,617,excitatory,0,0.0,0.0,0.003881987577639751
44,618,inhibitory,0,0.0,0.0,0.0
44,619,excitatory,0,7.608695652173914,5.392080745341616,6.238354037267079
44,620,inhibitory,0,1.4751552795031053,2.228260869565217,1.4130434782608694
44,621,excitatory,0,-0.5434782608695652,-0.7065217391304347,-0.4541925465838509
44,622,excitatory,0,-0.07763975155279512,0.23291925465838492,0.15916149068323016
44,623,excitatory,0,0.2329192546583851,0.656055900621118,0.39596273291925466
44,624,excitatory,0,-0.15527950310559005,-0.07763975155279502,-0.03881987577639752
44,627,excitatory,0,0.0,0.0,0.0077639751552795
44,628,inhibitory,0,-0.15527950310559005,0.10093167701863354,-0.07375776397515527
44,629,excitatory,0,1.0869565217391302,0.997670807453416,1.1684782608695652
44,630,excitatory,0,0.07763975155279502,0.09316770186335403,0.08928571428571429
44,632,excitatory,0,0.0,0.0,0.0
44,633,inhibitory,0,1.1645962732919246,2.0225155279503104,2.0768633540372665
44,634,excitatory,0,0.0,0.019409937888198756,0.05434782608695652
44,635,excitatory,0,0.0,0.21739130434782608,0.11257763975155279
44,636,excitatory,0,-0.2329192546583851,-0.22515527950310554,-0.19021739130434784
44,637,excitatory,0,1.8633540372670807,2.1739130434782608,2.3447204968944098
44,638,excitatory,0,0.07763975155279501,0.00776397515527949,0.3726708074534161
44,639,excitatory,0,1.5527950310559007,2.278726708074534,1.1917701863354038
44,640,excitatory,0,0.15527950310559005,0.5745341614906831,0.2911490683229814
44,641,excitatory,0,8.850931677018632,7.686335403726708,7.934782608695652
44,642,excitatory,0,0.0,0.0,0.0
44,644,inhibitory,0,-5.279503105590061,-3.229813664596273,-4.52639751552795
44,645,excitatory,0,5.590062111801245,4.293478260869563,4.336180124223603
44,647,excitatory,0,0.9316770186335404,1.4751552795031055,0.873447204968944
44,648,excitatory,0,-0.6211180124223603,-0.7569875776397514,-0.4541925465838509
44,649,excitatory,0,0.0,0.007763975155279502,0.0
44,650,excitatory,0,0.23291925465838403,0.15916149068323016,0.19409937888198847
44,651,excitatory,0,4.736024844720497,5.225155279503104,5.578416149068323
44,652,excitatory,0,12.577639751552795,9.980590062111801,11.211180124223603
44,653,excitatory,0,4.891304347826087,4.184782608695652,4.320652173913043
44,655,excitatory,0,0.15527950310559005,0.3610248447204969,0.13198757763975155
44,656,inhibitory,1,0.0,0.0,-0.003881987577639751
44,657,inhibitory,1,-7.220496894409938,-3.7849378881987574,-6.284937888198757
44,658,excitatory,0,0.3105590062111801,0.015527950310559008,0.015527950310559008
44,659,excitatory,0,-0.07763975155279502,-0.05434782608695651,-0.046583850931677016
44,660,inhibitory,0,0.0,0.0,0.0
44,661,excitatory,0,-3.41614906832298,-3.078416149068323,-4.945652173913043
44,662,excitatory,0,0.0,-0.1669254658385093,-0.06211180124223602
44,663,excitatory,0,0.3105590062111801,0.12810559006211178,0.22903726708074534
44,664,inhibitory,0,17.77950310559006,12.868788819875776,17.294254658385093
44,665,excitatory,0,0.07763975155279502,0.2600931677018633,0.058229813664596265
44,666,excitatory,0,0.4658385093167702,0.5318322981366459,0.47360248447204967
44,667,excitatory,0,0.0,0.0,0.0
44,668,inhibitory,0,-0.4658385093167703,-0.3454968944099379,0.8695652173913042
44,669,excitatory,0,0.0,0.0,-0.003881987577639751
44,670,excitatory,0,1.6304347826086956,0.5939440993788819,0.5007763975155278
44,671,inhibitory,1,-103.57142857142857,-70.66770186335403,-98.17158385093167
44,672,excitatory,0,0.15527950310559005,0.3222049689440994,0.32220496894409933
44,673,excitatory,0,39.0527950310559,43.08229813664596,36.07142857142857
44,674,inhibitory,1,0.5434782608695645,-7.0768633540372665,-1.0675465838509304
44,675,excitatory,0,3.0279503105590067,13.761645962732917,6.913819875776397
44,676,excitatory,0,0.0,0.0,0.0
44,677,inhibitory,0,0.2329192546583851,0.08928571428571427,0.26009316770186336
44,678,excitatory,0,0.0,0.0,0.0
44,679,excitatory,0,0.0,0.05046583850931685,0.09704968944099379
44,680,excitatory,0,2.4844720496894404,1.8672360248447202,2.33307453416149
44,681,excitatory,0,0.0,0.0,0.0
44,682,inhibitory,0,9.472049689440993,10.78027950310559,11.164596273291924
44,683,excitatory,0,-0.15527950310559005,-0.43090062111801236,-0.44254658385093165
44,685,excitatory,0,-0.6987577639751552,-1.3470496894409936,-0.6366459627329191
44,686,inhibitory,0,1.2422360248447204,1.6731366459627328,1.141304347826087
44,687,excitatory,0,1.6304347826086958,0.9394409937888197,1.5178571428571426
44,688,excitatory,0,-3.649068322981364,-3.24922360248447,-2.212732919254659
44,689,excitatory,0,0.0,0.0,0.007763975155279502
44,690,excitatory,0,0.0,-0.48524844720496885,-0.1979813664596273
44,691,excitatory,0,0.0,0.023291925465838505,0.07763975155279502
44,692,excitatory,0,0.15527950310559005,0.1591614906832298,0.24456521739130435
44,693,excitatory,0,1.0869565217391304,1.0675465838509317,0.5939440993788819
44,694,inhibitory,0,-25.621118012422357,-50.72204968944101,-42.503881987577614
44,695,excitatory,0,-0.15527950310559005,0.6677018633540373,0.12422360248447203
44,696,excitatory,0,0.07763975155279502,0.15527950310559005,0.062111801242236024
44,697,excitatory,0,0.3105590062111801,0.2639751552795031,0.13586956521739127
44,698,inhibitory,1,-45.807453416149066,-31.459627329192543,-46.73136645962733
44,699,excitatory,0,0.0,0.0,0.0
44,700,inhibitory,0,1.9409937888198758,1.1374223602484472,1.475155279503105
44,701,excitatory,0,0.0,0.0,0.0
44,702,excitatory,0,0.07763975155279502,0.023291925465838508,0.023291925465838508
44,703,excitatory,0,3.105590062111801,3.6063664596273286,2.9270186335403725
44,704,excitatory,0,0.0,0.0,0.0
44,705,excitatory,0,0.0,0.11257763975155279,0.05822981366459627
44,706,excitatory,0,0.0,0.05046583850931676,0.046583850931677016
44,707,excitatory,0,0.15527950310559005,0.00776397515527949,-0.03881987577639752
44,708,inhibitory,0,6.754658385093168,5.182453416149068,6.5527950310559
44,709,excitatory,0,0.3881987577639751,0.12422360248447203,0.16304347826086957
44,710,inhibitory,1,-4.658385093167702,-5.846273291925465,-4.82531055900621
44,711,excitatory,0,0.0,0.0,0.0
44,712,excitatory,0,0.8540372670807453,0.06211180124223592,0.4464285714285714
44,713,excitatory,0,0.07763975155279502,0.03493788819875776,0.08152173913043477
44,714,excitatory,0,0.0,0.0,0.0
44,715,excitatory,0,0.0,0.640527950310559,0.3377329192546583
44,716,inhibitory,0,1.0093167701863344,1.308229813664597,-0.04658385093167716
44,717,excitatory,0,1.70807453416149,1.812888198757764,1.8167701863354035
44,718,excitatory,0,0.4658385093167702,1.8517080745341614,0.826863354037267
44,719,excitatory,0,0.2329192546583851,0.28338509316770183,0.25621118012422356
44,720,excitatory,0,-0.3105590062111787,-3.9906832298136656,-0.8734472049689437
44,721,inhibitory,0,0.07763975155279502,0.1436335403726708,0.08928571428571427
44,722,excitatory,0,0.0,0.0,0.0
44,723,excitatory,0,0.0,0.03881987577639751,0.046583850931677016
44,725,inhibitory,0,4.813664596273291,5.6017080745341605,6.211180124223602
44,726,inhibitory,0,1.9409937888198756,2.795031055900621,3.416149068322981
44,727,inhibitory,0,-0.2329192546583851,-0.019409937888198753,-0.12810559006211178
44,728,excitatory,0,1.5527950310559004,1.059782608695652,1.5644409937888197
44,730,inhibitory,0,65.6832298136646,45.547360248447205,67.12344720496894
44,731,excitatory,0,0.07763975155279502,0.03105590062111801,0.06211180124223602
44,733,excitatory,0,2.484472049689441,3.6102484472049685,1.8167701863354035
44,734,excitatory,0,0.3105590062111801,0.12422360248447203,0.3105590062111801
44,735,excitatory,0,0.4658385093167702,1.0869565217391304,0.6017080745341614
44,736,inhibitory,0,3.260869565217391,2.0263975155279503,2.5776397515527947
44,737,excitatory,0,-0.6987577639751552,-0.00776397515527949,-0.23680124223602483
44,738,excitatory,0,1.3975155279503104,2.7989130434782603,2.996894409937888
44,739,excitatory,0,0.0,0.0,0.0
44,740,inhibitory,0,23.602484472049696,12.212732919254655,24.557453416149066
44,742,excitatory,0,-1.7857142857142865,-1.4013975155279503,-1.5100931677018643
44,743,excitatory,0,0.07763975155279504,0.19409937888198758,0.16304347826086957
44,744,excitatory,0,0.15527950310559005,0.1513975155279503,0.1513975155279503
44,745,excitatory,0,-0.31055900621118016,-0.33385093167701857,-0.26785714285714285
44,746,inhibitory,0,8.229813664596271,2.449534161490682,6.358695652173914
44,747,inhibitory,0,-1.9409937888198758,4.534161490683232,-1.8594720496894421
44,749,inhibitory,0,13.664596273291924,12.903726708074533,13.501552795031055
44,750,excitatory,0,0.4658385093167702,0.27562111801242234,0.5861801242236024
44,751,excitatory,0,4.037267080745342,3.12111801242236,2.7484472049689437
44,752,excitatory,0,0.07763975155279502,-0.015527950310559004,0.011645962732919256
44,754,excitatory,0,-3.260869565217391,-2.7523291925465836,-3.074534161490683
44,755,excitatory,0,0.4658385093167702,0.4270186335403727,0.4464285714285714
44,756,excitatory,0,-7.375776397515526,-4.239130434782609,-4.736024844720497
44,757,excitatory,0,0.0,0.0,0.0
44,758,excitatory,0,-1.5527950310559007,-2.270962732919255,-0.9549689440993792
44,759,excitatory,0,0.0,0.003881987577639751,0.0
44,760,inhibitory,0,1.6304347826086953,0.8889751552795033,-0.3183229813664594
44,761,excitatory,0,1.0869565217391308,0.628881987577639,-0.6366459627329197
44,763,excitatory,0,0.23291925465838514,-0.5279503105590062,0.2872670807453416
44,764,excitatory,0,0.0,-0.05434782608695652,-0.08928571428571427
44,765,excitatory,0,0.8540372670807452,1.1374223602484472,0.5046583850931678
44,766,excitatory,0,0.07763975155279502,0.06211180124223602,0.05434782608695652
44,767,excitatory,0,1.0093167701863353,1.576086956521739,0.6405279503105589
44,768,excitatory,0,1.0093167701863353,0.40760869565217384,0.46195652173913015
44,769,excitatory,0,2.795031055900621,1.2344720496894412,2.045807453416149
44,770,inhibitory,0,-6.211180124223603,-0.6172360248447291,-4.627329192546583
44,771,excitatory,0,0.0,0.015527950310559,0.007763975155279503
44,772,excitatory,0,-3.4937888198757747,-7.639751552795033,-3.315217391304344
44,773,excitatory,0,0.07763975155279501,0.05434782608695654,0.26009316770186336
44,774,excitatory,0,-0.6987577639751552,-0.29503105590062106,-0.5667701863354037
44,775,excitatory,0,-0.15527950310559002,0.5007763975155279,0.20962732919254656
44,776,excitatory,0,0.15527950310559002,0.5473602484472049,0.3687888198757765
44,778,excitatory,0,0.2329192546583851,0.39596273291925466,0.2368012422360248
44,779,excitatory,0,0.07763975155279504,-0.15527950310559005,0.08540372670807453
44,780,excitatory,0,-0.15527950310559005,-0.08152173913043477,-0.13586956521739127
44,781,excitatory,0,0.0,0.027173913043478264,0.023291925465838505
44,782,excitatory,0,3.2608695652173916,1.5489130434782608,2.216614906832298
44,783,excitatory,0,0.0,0.0,0.0
44,784,inhibitory,0,10.947204968944098,31.191770186335397,12.725155279503106
44,785,excitatory,0,0.0,-0.003881987577639751,-0.03881987577639751
44,786,excitatory,0,6.0559006211180115,4.013975155279502,5.795807453416148
44,787,excitatory,0,0.15527950310559005,0.18633540372670807,0.18245341614906832
44,788,excitatory,0,-2.2515527950310563,-2.16614906832298,-2.4223602484472053
44,789,excitatory,0,0.31055900621118004,-0.023291925465838526,0.2639751552795031
44,790,excitatory,0,0.4658385093167702,0.17857142857142855,0.18633540372670807
44,791,excitatory,0,0.0,-0.007763975155279502,0.0
44,792,excitatory,0,-0.15527950310559013,0.8035714285714284,0.5357142857142857
44,793,excitatory,0,0.3881987577639751,0.3532608695652173,0.19798136645962727
44,794,inhibitory,0,-1.3975155279503042,-6.230590062111787,-4.138198757763973
44,795,excitatory,0,0.6211180124223601,0.46972049689440987,0.656055900621118
44,796,inhibitory,0,9.083850931677018,8.41614906832298,8.11723602484472
44,798,excitatory,0,0.07763975155279512,-0.05822981366459601,-0.04270186335403725
44,799,excitatory,0,-1.0869565217391255,-0.9588509316770164,-1.482919254658384
44,800,excitatory,0,-3.4937888198757765,-0.5085403726708071,-0.7220496894409933
44,802,excitatory,0,0.0,0.003881987577639751,0.007763975155279502
44,803,inhibitory,0,0.6987577639751521,-3.024068322981371,-1.4013975155279503
44,804,excitatory,0,7.531055900621116,7.426242236024843,8.187111801242233
44,805,excitatory,0,-1.6304347826086953,-1.2616459627329188,0.450310559006212
44,806,excitatory,0,0.38819875776397517,0.2135093167701863,0.2290372670807453
44,807,excitatory,0,0.0,0.0,0.015527950310559004
44,808,excitatory,0,-0.15527950310559005,-0.13975155279503104,-0.14751552795031053
44,809,inhibitory,0,0.854037267080745,-1.479037267080745,-2.2282608695652186
44,810,excitatory,0,-0.9316770186335402,-1.7041925465838506,-0.14363354037267095
44,811,excitatory,0,0.0,0.0,0.0
44,812,excitatory,0,0.07763975155279502,0.12034161490683229,0.07763975155279502
44,813,excitatory,0,1.3975155279503104,7.441770186335404,2.9425465838509317
44,814,inhibitory,0,9.394409937888197,5.77639751552795,8.09006211180124
44,815,excitatory,0,-5.279503105590063,-4.274068322981368,-3.8897515527950333
44,816,excitatory,0,0.0,0.1281055900621118,0.07375776397515527
44,817,excitatory,0,0.0,0.007763975155279502,-0.003881987577639751
44,818,excitatory,0,-0.23291925465838492,-0.7841614906832297,-0.5279503105590062
44,819,inhibitory,0,8.152173913043478,4.561335403726708,8.862577639751553
44,821,excitatory,0,0.4658385093167702,0.40372670807453415,0.18633540372670807
44,822,inhibitory,0,-0.23291925465838514,-0.054347826086956486,-0.05434782608695654
44,824,excitatory,0,0.0,0.5784161490683228,0.640527950310559
44,825,excitatory,0,0.0,0.003881987577639751,0.003881987577639751
44,826,excitatory,0,0.0,0.0,0.0
44,827,excitatory,0,0.07763975155279502,0.05822981366459626,0.19409937888198756
44,829,excitatory,0,0.621118012422361,1.2072981366459619,0.6366459627329188
44,830,excitatory,0,-0.07763975155279502,0.007763975155279504,-0.011645962732919252
44,831,excitatory,0,7.841614906832298,6.805124223602487,6.618788819875778
44,832,excitatory,0,0.3881987577639751,-0.07375776397515527,0.2717391304347826
44,833,excitatory,0,0.0,0.07375776397515528,0.04658385093167701
44,834,excitatory,0,-0.07763975155279502,0.06599378881987576,0.09316770186335403
44,835,excitatory,0,0.0,0.0,0.0
44,836,excitatory,0,0.0,-0.003881987577639751,0.0
44,837,inhibitory,0,24.767080745341616,27.74844720496894,23.87034161490683
44,838,excitatory,0,0.15527950310559008,0.023291925465838498,0.07375776397515528
44,839,excitatory,0,0.0,0.0,0.0
44,841,excitatory,0,5.046583850931676,3.229813664596273,3.4510869565217384
44,842,excitatory,0,27.79503105590062,24.06055900621118,24.743788819875775
44,843,excitatory,0,0.9316770186335404,0.6172360248447204,0.2795031055900621
44,844,excitatory,0,-1.5527950310559007,-1.4440993788819867,-1.4479813664596275
44,845,excitatory,0,0.0,0.0,0.003881987577639751
44,846,excitatory,0,0.6211180124223601,2.107919254658386,1.1490683229813667
44,847,excitatory,0,0.0,-0.0854037267080745,0.40760869565217384
44,849,excitatory,0,-0.07763975155279502,0.21739130434782605,-0.031055900621118
44,850,inhibitory,0,7.608695652173914,-0.1475155279503113,4.107142857142856
44,851,excitatory,0,0.0,0.0,0.0
44,852,excitatory,0,0.8540372670807455,1.1490683229813663,1.3121118012422355
44,854,excitatory,0,2.4844720496894412,2.7484472049689437,2.581521739130434
44,855,inhibitory,0,0.854037267080745,-0.31055900621118016,-0.04270186335403725
44,856,excitatory,0,15.605590062111801,15.795807453416147,16.141304347826086
44,857,excitatory,0,0.0,0.0,0.0
44,858,inhibitory,1,-1.5527950310559007,-6.673136645962732,-1.6149068322981357
44,859,excitatory,0,-0.15527950310559024,0.19409937888198758,-0.21350931677018625
44,860,excitatory,0,0.15527950310559024,-0.29503105590062084,-0.1436335403726714
44,861,excitatory,0,0.0,-0.01940993788819878,0.07763975155279501
44,862,excitatory,0,2.251552795031056,2.7989130434782608,2.4689440993788816
44,863,excitatory,0,0.0,0.0,0.0
44,864,excitatory,0,-6.754658385093165,0.03493788819875476,-5.054347826086953
44,865,excitatory,0,0.07763975155279502,0.04658385093167701,0.011645962732919254
44,866,excitatory,0,0.0,0.023291925465838508,0.015527950310559004
44,867,excitatory,0,8.695652173913043,11.24611801242236,9.747670807453416
44,868,inhibitory,1,-33.15217391304348,-39.010093167701854,-34.01785714285714
44,870,inhibitory,0,0.07763975155279502,0.019409937888198756,0.09704968944099379
44,871,excitatory,0,-10.714285714285715,-2.4883540372670794,-12.880434782608695
44,872,excitatory,0,0.5434782608695652,0.5395962732919254,0.49301242236024845
44,873,excitatory,0,0.07763975155279502,0.09704968944099378,0.11645962732919253
44,874,excitatory,0,-0.07763975155279502,0.08152173913043478,0.046583850931677016
44,875,excitatory,0,0.0,0.06211180124223602,0.05434782608695652
44,877,excitatory,0,0.0,0.06599378881987578,0.015527950310559004
44,878,excitatory,0,0.0,0.3454968944099379,0.15139751552795033
44,879,excitatory,0,0.07763975155279502,0.03493788819875776,0.015527950310559006
44,880,excitatory,0,0.0,0.0,0.0
44,883,excitatory,0,-2.173913043478261,0.01164596273291929,-0.33773291925465854
44,884,excitatory,0,-1.5527950310559007,-0.15527950310559024,-0.015527950310558758
44,885,excitatory,0,0.15527950310559002,0.5473602484472049,0.10869565217391308
44,886,excitatory,0,0.23291925465838514,0.007763975155279379,0.7996894409937889
44,887,excitatory,0,5.822981366459626,6.319875776397517,4.712732919254659
44,888,excitatory,0,4.037267080745341,5.112577639751553,3.536490683229813
44,889,inhibitory,0,5.201863354037265,2.725155279503106,3.29192546583851
44,890,excitatory,0,-0.3881987577639753,-0.12034161490683237,-0.03105590062111796
44,891,excitatory,0,9.316770186335408,10.43090062111801,8.0667701863354
44,892,inhibitory,1,-0.7763975155279502,-0.5939440993788819,-0.8540372670807452
44,893,excitatory,0,1.0093167701863353,2.274844720496894,0.1669254658385091
44,894,excitatory,0,0.0,0.015527950310559004,0.046583850931677016
44,895,inhibitory,0,0.4658385093167702,0.6599378881987576,0.9239130434782606
44,897,excitatory,0,-1.2422360248447202,-1.8051242236024843,-1.1762422360248443
44,898,excitatory,0,-3.41614906832298,-0.44254658385093393,-5.613354037267079
44,899,excitatory,0,-0.07763975155279502,0.10481366459627328,0.07763975155279502
44,900,inhibitory,0,-0.7763975155279503,24.984472049689437,9.976708074534162
44,901,excitatory,0,0.0,0.0,0.015527950310559004
44,902,inhibitory,1,-2.1739130434782608,-0.9782608695652173,-2.045807453416149
44,903,excitatory,0,-0.15527950310559002,0.32608695652173914,0.15527950310559002
44,904,excitatory,0,0.6987577639751552,0.7259316770186335,0.6677018633540373
44,905,excitatory,0,0.0,0.05046583850931677,0.10093167701863354
44,906,excitatory,0,0.3881987577639751,0.8190993788819874,0.3105590062111801
44,907,excitatory,0,19.332298136645964,20.143633540372665,20.108695652173914
44,909,excitatory,0,0.0,0.05434782608695651,0.03881987577639752
44,910,excitatory,0,0.0,0.011645962732919254,0.015527950310559004
44,911,excitatory,0,-0.15527950310559005,0.019409937888198753,-0.08152173913043478
44,912,inhibitory,0,-5.745341614906833,-2.9192546583850927,-4.305124223602483
44,914,excitatory,0,-0.3105590062111801,-0.40760869565217384,-0.15139751552795028
44,915,excitatory,0,1.3975155279503104,2.0846273291925463,1.447981366459627
44,916,excitatory,0,6.211180124223603,8.051242236024844,4.743788819875775
44,917,excitatory,0,0.0,0.1979813664596273,0.08540372670807453
44,918,excitatory,0,-0.2329192546583851,1.0248447204968945,0.2833850931677019
44,919,excitatory,0,0.8540372670807455,1.106366459627329,0.9239130434782608
44,920,excitatory,0,0.07763975155279502,0.09704968944099379,0.1824534161490683
44,921,excitatory,0,0.0,0.003881987577639751,0.0
44,922,excitatory,0,0.0,0.0,0.0
44,923,excitatory,0,0.07763975155279512,0.6288819875776399,0.6211180124223601
44,924,excitatory,0,-0.07763975155279504,0.1902173913043478,-0.015527950310559036
44,925,excitatory,0,-0.23291925465838492,-0.683229813664596,-0.13586956521739157
44,926,excitatory,0,0.0,0.0,0.0
44,927,excitatory,0,2.3291925465838506,0.4309006211180123,1.5295031055900619
44,928,excitatory,0,0.0,0.06211180124223602,0.03881987577639751
44,929,excitatory,0,-0.07763975155279512,-2.1894409937888195,0.5512422360248448
44,930,excitatory,0,0.0,0.0,0.0
44,932,excitatory,0,0.07763975155279502,-0.07375776397515528,0.007763975155279504
44,933,excitatory,0,-1.4751552795031055,-2.4689440993788825,-2.0574534161490683
44,934,excitatory,0,0.2329192546583851,0.46195652173913043,0.1746894409937888
44,936,excitatory,0,0.15527950310559005,0.17080745341614906,0.10093167701863352
44,937,excitatory,0,0.07763975155279502,0.003881987577639751,0.003881987577639751
44,938,inhibitory,0,2.4844720496894404,2.7135093167701863,3.338509316770186
44,940,excitatory,0,0.2329192546583851,0.5357142857142857,0.038819875776397506
44,941,excitatory,0,0.07763975155279502,0.32220496894409933,0.17080745341614906
44,942,excitatory,0,0.0,0.1591614906832298,0.023291925465838508
44,945,excitatory,0,1.708074534161491,1.6537267080745341,1.2499999999999998
44,946,excitatory,0,0.07763975155279502,0.011645962732919254,0.019409937888198753
44,947,excitatory,0,-1.3975155279503104,0.027173913043478493,-0.298913043478261
44,948,excitatory,0,-8.695652173913043,-13.361801242236025,-11.556677018633538
44,949,excitatory,0,0.6987577639751553,1.0986024844720497,0.9083850931677018
44,950,inhibitory,0,9.394409937888199,21.389751552795033,21.11413043478261
44,951,inhibitory,0,6.0559006211180115,4.475931677018633,4.456521739130434
44,952,excitatory,0,0.07763975155279502,-0.08152173913043478,-0.042701863354037264
44,953,excitatory,0,-0.07763975155279468,2.1312111801242235,2.2593167701863353
44,954,inhibitory,0,0.5434782608695652,0.3183229813664596,0.28338509316770183
44,955,excitatory,0,2.0962732919254656,2.150621118012422,2.49611801242236
44,956,excitatory,0,0.0,0.05046583850931677,0.003881987577639751
44,958,excitatory,0,0.0,0.0,0.0
44,959,excitatory,0,36.87888198757764,33.06677018633539,31.30046583850931
44,960,excitatory,0,-0.3881987577639751,-0.24456521739130432,-0.34549689440993786
44,962,excitatory,0,0.0,0.0,0.0
44,964,excitatory,0,0.0,0.0,0.0
44,965,excitatory,0,0.0,0.08928571428571427,-0.05822981366459627
44,966,inhibitory,0,5.978260869565217,10.205745341614907,9.906832298136646
44,967,excitatory,0,0.0,-0.1436335403726708,0.02717391304347827
44,968,excitatory,0,3.5714285714285694,2.4184782608695627,2.426242236024848
44,969,excitatory,0,9.937888198757763,-1.1335403726708044,7.969720496894411
44,970,inhibitory,0,13.431677018633538,8.10947204968944,10.729813664596271
44,971,excitatory,0,4.114906832298136,3.7771739130434776,4.188664596273291
44,972,excitatory,0,0.15527950310559008,0.04658385093167702,0.22903726708074534
44,973,excitatory,0,0.0,0.03881987577639751,0.0
44,974,excitatory,0,0.0,-0.03493788819875776,-0.003881987577639752
44,975,excitatory,0,3.416149068322981,5.104813664596272,3.354037267080745
44,976,excitatory,0,0.9316770186335406,2.0807453416149064,1.1490683229813663
44,977,excitatory,0,-32.99689440993788,-43.94409937888199,-36.6886645962733
44,978,excitatory,0,0.0,0.0,0.0
44,979,excitatory,0,0.0,0.0,0.0
44,980,excitatory,0,1.5527950310559004,1.420807453416149,1.2655279503105588
44,981,excitatory,0,0.0,0.0,0.0
44,982,excitatory,0,-0.7763975155279503,-1.052018633540373,-1.5256211180124222
44,983,excitatory,0,0.15527950310559005,0.24456521739130432,0.18633540372670807
44,984,excitatory,0,0.07763975155279502,0.042701863354037264,0.023291925465838508
44,985,excitatory,0,0.9316770186335404,1.3431677018633539,0.7531055900621116
44,986,excitatory,0,0.15527950310559002,-0.12034161490683237,-0.09704968944099379
44,987,excitatory,0,-0.07763975155279504,0.4697204968944099,0.1591614906832298
44,988,excitatory,0,1.6304347826086953,3.140527950310558,1.8944099378881987
44,989,excitatory,0,-0.15527950310559013,0.8035714285714284,-0.4464285714285714
44,990,excitatory,0,-0.621118012422361,-1.0791925465838474,-0.24844720496894368
44,991,excitatory,0,0.3105590062111801,0.015527950310559004,0.015527950310559004
44,992,excitatory,0,0.6211180124223602,0.8307453416149068,1.1102484472049687
44,994,excitatory,0,3.9596273291925463,2.3136645962732914,4.720496894409937
44,995,inhibitory,0,-1.1645962732919255,-0.4386645962732919,-0.687111801242236
44,996,excitatory,0,-0.4658385093167702,-0.08540372670807453,-0.1591614906832298
44,997,inhibitory,0,-15.993788819875789,-33.92857142857143,-25.458074534161483
44,998,inhibitory,1,-10.559006211180122,-8.159937888198757,-9.697204968944098
44,999,excitatory,0,1.3975155279503106,1.4402173913043474,0.8734472049689441
44,1000,excitatory,0,6.6770186335403725,3.1405279503105588,5.213509316770186
44,1001,excitatory,0,0.9316770186335404,0.7880434782608695,1.308229813664596
44,1003,inhibitory,0,-2.2515527950310554,-0.5551242236024843,-2.204968944099379
44,1004,excitatory,0,0.38819875776397517,0.04658385093167716,-0.01552795031055898
44,1005,inhibitory,0,-0.4658385093167702,0.02717391304347827,-0.03493788819875776
44,1007,excitatory,0,4.3478260869565215,1.9293478260869563,3.862577639751553
44,1008,inhibitory,0,2.0186335403726705,0.6172360248447204,1.9448757763975155
44,1009,excitatory,0,0.0,0.003881987577639751,0.0
44,1010,inhibitory,0,0.2329192546583851,0.41149068322981364,0.023291925465838526
44,1011,excitatory,0,1.0869565217391304,1.6498447204968942,1.312111801242236
44,1012,excitatory,0,22.67080745341615,21.890527950310556,19.97670807453416
44,1013,inhibitory,0,3.416149068322981,3.3812111801242235,5.329968944099378
44,1014,excitatory,0,0.4658385093167702,0.5784161490683231,0.2600931677018633
44,1016,inhibitory,0,20.962732919254655,11.502329192546583,16.96428571428571
44,1018,inhibitory,0,4.736024844720497,5.30667701863354,4.623447204968945
44,1019,excitatory,0,0.07763975155279502,0.06987577639751552,0.12422360248447203
44,1020,excitatory,0,1.4751552795031055,2.8183229813664594,2.2049689440993787
44,1021,excitatory,0,-0.07763975155279512,0.6366459627329191,0.3338509316770186
44,1022,inhibitory,1,0.0,0.0,0.0
44,1023,excitatory,0,0.0,0.0,0.0
44,1024,excitatory,0,0.38819875776397694,-3.0978260869565233,-2.5815217391304373
44,1025,excitatory,0,0.0,0.0,0.003881987577639751
44,1026,excitatory,0,1.4751552795031053,3.3229813664596275,2.2631987577639747
44,1027,inhibitory,0,5.900621118012422,13.28027950310559,9.309006211180122
44,1028,excitatory,0,0.0,0.023291925465838526,-0.05046583850931677
44,1029,excitatory,0,0.15527950310559005,0.011645962732919254,0.03493788819875776
44,1031,excitatory,0,0.0,0.04658385093167701,0.0
44,1032,inhibitory,0,13.819875776397513,17.93090062111801,14.305124223602482
44,1033,excitatory,0,0.0,0.0,0.0
44,1034,excitatory,0,0.0,-0.06599378881987576,-0.08540372670807453
44,1035,excitatory,0,0.0,0.003881987577639751,-0.007763975155279502
44,1036,excitatory,0,0.8540372670807453,0.9782608695652173,0.6832298136645962
44,1037,inhibitory,0,2.0962732919254656,2.2360248447204967,2.6863354037267078
44,1038,excitatory,0,0.0,0.023291925465838505,-0.003881987577639752
44,1039,excitatory,0,0.0,0.0,0.0
44,1040,excitatory,0,-1.9409937888198754,-1.0559006211180124,-0.5628881987577641
44,1041,excitatory,0,0.0,0.0,0.0
44,1042,excitatory,0,-10.248447204968947,-10.656055900621116,-10.966614906832291
44,1043,excitatory,0,0.3105590062111801,0.45419254658385094,0.20962732919254656
44,1044,inhibitory,1,-7.065217391304348,-11.09083850931677,-6.315993788819874
44,1045,excitatory,0,0.0,0.0,0.0
44,1046,excitatory,0,-0.07763975155279502,0.015527950310559004,-0.015527950310559004
44,1047,excitatory,0,1.1645962732919255,-2.003105590062111,0.5822981366459636
44,1048,excitatory,0,1.7857142857142856,1.731366459627329,1.3819875776397512
44,1050,excitatory,0,0.0,0.0,0.0
44,1051,excitatory,0,1.2422360248447206,1.793478260869565,0.3765527950310559
44,1053,excitatory,0,0.3105590062111801,0.0,0.22903726708074534
44,1055,excitatory,0,0.07763975155279468,2.732919254658386,0.9394409937888195
44,1056,excitatory,0,-2.795031055900621,-2.391304347826086,-3.3190993788819876
44,1057,inhibitory,0,14.673913043478265,11.906055900621112,15.951086956521735
44,1058,excitatory,0,0.0,0.0,-0.007763975155279502
44,1059,inhibitory,0,-0.9316770186335397,20.14363354037267,8.847049689440993
44,1060,excitatory,0,2.562111801242236,1.8827639751552798,2.212732919254658
44,1061,excitatory,0,-0.07763975155279502,0.003881987577639745,0.04658385093167701
44,1062,excitatory,0,0.0,0.0,0.0
44,1063,excitatory,0,0.0,0.0,0.0
44,1064,excitatory,0,0.15527950310559005,0.2135093167701863,0.20962732919254656
44,1065,excitatory,0,-0.46583850931676984,3.249223602484472,0.6482919254658386
44,1066,inhibitory,0,0.0,0.0,0.003881987577639751
44,1067,inhibitory,0,-0.2329192546583858,-0.687111801242235,-4.52639751552795
44,1069,excitatory,0,0.0,-0.007763975155279504,-0.023291925465838508
44,1070,excitatory,0,0.3881987577639751,0.7531055900621118,0.5163043478260869
44,1071,excitatory,0,0.0,0.1591614906832298,0.06211180124223602
44,1072,excitatory,0,-2.6397515527950333,-2.779503105590063,-4.277950310559007
44,1073,excitatory,0,-0.4658385093167702,-0.26009316770186336,-0.5551242236024845
44,1074,excitatory,0,0.07763975155279502,0.18633540372670807,0.10869565217391304
44,1075,excitatory,0,1.6304347826086958,1.4130434782608692,1.7468944099378878
44,1076,excitatory,0,0.07763975155279502,0.03493788819875776,0.02717391304347826
44,1077,excitatory,0,-0.07763975155279501,-0.4619565217391305,-0.22903726708074534
44,1078,excitatory,0,2.1739130434782608,2.8144409937888195,1.9992236024844716
44,1079,excitatory,0,0.07763975155279502,-0.05046583850931677,0.019409937888198753
44,1080,excitatory,0,-1.0869565217391304,-0.749223602484472,-0.5822981366459627
44,1081,excitatory,0,0.0,-0.023291925465838508,-0.031055900621118016
44,1084,excitatory,0,-0.07763975155279501,-0.12810559006211186,0.03881987577639745
44,1085,excitatory,0,2.1739130434782608,1.6576086956521734,2.150621118012422
44,1086,excitatory,0,0.4658385093167702,0.15139751552795028,0.4736024844720496
44,1088,inhibitory,0,-0.23291925465838506,-0.5124223602484472,-0.3532608695652174
44,1090,excitatory,0,-3.649068322981366,-2.107919254658385,-3.9596273291925472
44,1091,inhibitory,1,2.639751552795031,-0.1281055900621118,1.9759316770186333
44,1092,inhibitory,1,-21.661490683229815,-14.600155279503106,-16.06754658385093
44,1093,excitatory,0,0.2329192546583851,0.3416149068322981,0.4541925465838509
44,1094,excitatory,0,0.0,0.0,0.0
44,1095,excitatory,0,0.0,0.0,0.0
44,1096,excitatory,0,1.3975155279503104,1.8478260869565215,1.3392857142857142
44,1097,excitatory,0,0.0,0.0,0.0
44,1098,excitatory,0,-3.416149068322982,-6.479037267080745,-5.640527950310558
44,1099,excitatory,0,0.38819875776397517,0.14363354037267084,-0.038819875776397506
44,1100,excitatory,0,1.0093167701863353,0.0,0.5434782608695651
44,1101,excitatory,0,-0.3105590062111796,-1.937111801242236,-0.3765527950310559
44,1102,excitatory,0,7.298136645962732,10.333850931677016,7.0768633540372665
44,1104,excitatory,0,1.0093167701863353,0.5590062111801242,0.78027950310559
44,1105,excitatory,0,-0.07763975155279504,0.08928571428571427,-0.031055900621118016
44,1106,inhibitory,0,12.732919254658384,8.707298136645962,12.899844720496894
44,1107,inhibitory,0,16.459627329192543,6.028726708074533,13.396739130434781
44,1108,inhibitory,0,-2.1739130434782608,0.7220496894409933,-1.5450310559006208
44,1109,excitatory,0,-0.23291925465838403,-0.4425465838509304,-1.9798136645962732
44,1110,excitatory,0,0.0,0.0,0.015527950310559004
44,1111,excitatory,0,0.0,-0.011645962732919254,0.0
44,1112,excitatory,0,0.0,0.0,0.007763975155279502
44,1113,excitatory,0,-0.4658385093167703,-0.32220496894409933,-0.29503105590062084
44,1114,excitatory,0,32.99689440993789,38.73447204968944,34.231366459627324
44,1115,inhibitory,0,-4.037267080745341,-1.7895962732919273,-4.809782608695652
44,1116,excitatory,0,0.0,0.007763975155279502,0.0
44,1117,excitatory,0,-1.009316770186335,-0.8346273291925466,-0.2717391304347827
44,1118,excitatory,0,0.2329192546583851,0.32220496894409933,0.19409937888198756
44,1120,excitatory,0,-0.15527950310559005,-0.1513975155279503,-0.2212732919254658
44,1121,excitatory,0,1.3975155279503104,0.5124223602484472,0.6444099378881987
44,1122,inhibitory,0,-2.2515527950310563,-0.7375776397515528,-1.618788819875776
44,1123,excitatory,0,1.3198757763975155,0.6677018633540373,1.0054347826086956
44,1124,excitatory,0,3.7267080745341614,3.602484472049689,3.808229813664596
44,1125,excitatory,0,4.425465838509317,4.250776397515526,4.20807453416149
44,1126,excitatory,0,-0.07763975155279502,0.3571428571428571,0.15139751552795028
44,1127,inhibitory,0,3.105590062111801,2.554347826086956,3.6257763975155277
44,1128,excitatory,0,0.07763975155279502,-0.10481366459627328,-0.007763975155279504
44,1129,excitatory,0,0.07763975155279502,0.17468944099378877,0.14751552795031053
44,1130,excitatory,0,1.6304347826086958,1.960403726708074,1.0248447204968942
44,1131,excitatory,0,0.0,0.0,0.0
44,1132,excitatory,0,0.2329192546583851,0.2329192546583851,0.03881987577639752
44,1133,excitatory,0,0.0,-0.007763975155279503,-0.007763975155279503
44,1134,excitatory,0,0.0,0.0,0.0
44,1135,excitatory,0,1.2422360248447204,0.9045031055900621,0.733695652173913
44,1136,excitatory,0,0.6211180124223602,0.1979813664596273,0.39208074534161486
44,1137,excitatory,0,0.0,0.0,0.0
44,1138,excitatory,0,0.3105590062111801,0.1863354037267081,0.06599378881987572
44,1140,excitatory,0,0.0,0.0,0.0
44,1141,excitatory,0,0.7763975155279502,0.7725155279503105,0.4968944099378882
44,1142,inhibitory,1,-10.093167701863354,-9.04503105590062,-8.940217391304348
44,1143,inhibitory,0,21.42857142857143,14.215838509316768,17.09239130434782
44,1144,excitatory,0,0.15527950310559005,0.3027950310559006,0.11645962732919253
44,1145,excitatory,0,0.0,0.0,0.0
44,1146,excitatory,0,-0.6211180124223603,0.18633540372670804,-0.39208074534161486
44,1147,excitatory,0,2.251552795031056,2.876552795031056,2.212732919254658
44,1148,inhibitory,1,-12.18944099378882,-11.874999999999998,-17.100155279503106
44,1149,excitatory,0,4.5807453416149055,6.06754658385093,3.8548136645962723
44,1150,excitatory,0,-0.15527950310559024,-0.16304347826087096,-0.35714285714285676
44,1151,inhibitory,0,-1.8633540372670807,-1.2538819875776397,-2.041925465838509
44,1152,inhibitory,1,0.9316770186335406,-0.39208074534161486,1.0675465838509317
44,1153,excitatory,0,0.0,0.0,0.0
44,1155,inhibitory,0,2.1739130434782608,4.134316770186334,2.123447204968944
44,1156,inhibitory,0,1.0093167701863353,0.6715838509316769,0.7880434782608695
44,1157,excitatory,0,-3.0279503105590058,-2.3136645962732914,-2.4262422360248443
44,1158,excitatory,0,0.0,0.03881987577639751,0.007763975155279502
44,1159,excitatory,0,0.5434782608695651,0.8618012422360248,0.6638198757763976
44,1160,excitatory,0,1.3198757763975153,1.5954968944099375,1.028726708074534
44,1161,excitatory,0,-0.07763975155279468,1.3781055900621118,0.17080745341614945
44,1162,excitatory,0,0.0,0.0,0.0
44,1163,excitatory,0,0.0,0.05434782608695652,0.03105590062111801
44,1164,excitatory,0,0.0,0.023291925465838498,-0.03105590062111801
44,1165,inhibitory,0,-5.745341614906835,-7.282608695652172,-7.123447204968954
44,1166,excitatory,0,0.07763975155279501,0.4619565217391304,0.3416149068322981
44,1167,excitatory,0,0.0,0.0,0.0
44,1168,excitatory,0,1.3975155279503104,1.5877329192546583,0.7259316770186335
44,1169,excitatory,0,0.0,-0.003881987577639751,0.0
44,1170,inhibitory,0,0.07763975155279502,-0.003881987577639751,0.07375776397515528
44,1171,excitatory,0,2.096273291925466,1.9720496894409938,1.4984472049689441
44,1172,excitatory,0,0.07763975155279502,0.10093167701863348,0.11645962732919253
44,1173,excitatory,0,2.484472049689441,6.3392857142857135,3.43944099378882
44,1174,inhibitory,1,-0.9316770186335402,-1.436335403726708,-1.669254658385093
44,1175,inhibitory,0,15.605590062111801,19.16149068322981,15.10093167701863
44,1176,inhibitory,0,1.3198757763975155,1.1607142857142856,1.5333850931677018
44,1177,excitatory,0,0.2329192546583858,0.8889751552795015,0.9821428571428559
44,1178,inhibitory,0,2.950310559006211,1.3819875776397514,-2.2593167701863357
44,1179,inhibitory,1,-7.453416149068323,-9.316770186335404,-11.948757763975156
44,1180,excitatory,0,0.0,-0.003881987577639751,-0.023291925465838508
44,1183,inhibitory,0,0.0,0.046583850931677016,0.5007763975155279
44,1184,inhibitory,0,9.704968944099377,10.551242236024844,8.850931677018632
44,1185,excitatory,0,6.133540372670807,6.995341614906831,5.850155279503105
44,1187,excitatory,0,0.7763975155279503,1.622670807453416,0.873447204968944
44,1188,excitatory,0,1.3975155279503113,1.2694099378881987,1.2072981366459619
44,1189,excitatory,0,0.0,0.15527950310559005,0.042701863354037264
44,1190,excitatory,0,0.5434782608695652,0.2795031055900621,0.4541925465838509
44,1191,excitatory,0,11.72360248447205,6.40916149068323,9.615683229813664
44,1193,inhibitory,0,13.198757763975152,9.293478260869565,11.587732919254657
44,1194,inhibitory,0,0.9316770186335404,0.5240683229813664,0.5434782608695651
44,1195,excitatory,0,0.0,0.0,-0.003881987577639751
44,1196,excitatory,0,-1.0093167701863353,-0.9472049689440993,-0.8618012422360247
44,1197,inhibitory,0,-0.6987577639751552,-1.1335403726708073,-0.3338509316770186
44,1198,excitatory,0,4.037267080745341,5.6599378881987565,4.079968944099379
44,1199,excitatory,0,0.0,0.003881987577639751,0.003881987577639751
44,1200,excitatory,0,0.07763975155279502,0.019409937888198756,0.07375776397515528
44,1201,excitatory,0,0.0,0.003881987577639751,0.0
44,1202,excitatory,0,0.15527950310559005,0.32996894409937894,0.2562111801242236
44,1203,excitatory,0,0.0,-0.04658385093167701,-0.011645962732919252
44,1205,inhibitory,0,10.714285714285715,13.524844720496892,10.865683229813666
44,1206,excitatory,0,1.7857142857142854,2.263198757763975,1.6343167701863353
44,1207,excitatory,0,0.31055900621118004,0.49301242236024845,0.06599378881987572
44,1208,excitatory,0,1.6304347826086956,1.0559006211180124,1.1801242236024845
44,1209,inhibitory,0,0.5434782608695652,0.15527950310559005,0.22515527950310557
44,1210,excitatory,0,0.0,0.1902173913043478,0.03881987577639751
44,1211,excitatory,0,0.07763975155279502,0.023291925465838508,0.03105590062111801
44,1212,inhibitory,0,1.6304347826086953,9.336180124223603,5.97437888198758
44,1213,excitatory,0,0.8540372670807453,0.3959627329192546,0.4774844720496894
44,1214,excitatory,0,3.4937888198757765,3.2259316770186333,3.6218944099378882
44,1216,excitatory,0,0.0,0.011645962732919254,0.02717391304347826
44,1217,excitatory,0,0.0,-0.10869565217391305,0.007763975155279518
44,1218,excitatory,0,0.8540372670807453,1.6110248447204967,0.40372670807453415
44,1219,excitatory,0,0.0,0.05434782608695652,0.0
44,1221,excitatory,0,0.15527950310559002,0.1746894409937888,0.058229813664596286
44,1222,excitatory,0,0.2329192546583851,0.4270186335403726,0.14363354037267081
44,1223,excitatory,0,0.0,0.0,0.0
44,1224,excitatory,0,-1.9409937888198758,-0.9316770186335406,-1.304347826086956
44,1225,inhibitory,0,-8.695652173913043,-6.999223602484472,-9.378881987577639
44,1226,excitatory,0,0.6987577639751552,3.152173913043478,1.2732919254658384
44,1227,inhibitory,0,-1.3975155279503104,-0.9899068322981366,-0.6482919254658384
44,1228,excitatory,0,-0.07763975155279502,-0.07763975155279501,-0.1048136645962733
44,1229,excitatory,0,5.745341614906832,4.149844720496894,3.3695652173913038
44,1230,inhibitory,0,7.453416149068322,4.8680124223602474,9.844720496894407
44,1231,excitatory,0,-0.2329192546583851,-0.5667701863354038,-0.5939440993788819
44,1232,excitatory,0,9.704968944099377,11.999223602484472,10.76086956521739
44,1233,excitatory,0,0.0,-0.003881987577639751,-0.046583850931677016
44,1235,excitatory,0,0.0,0.019409937888198756,-0.007763975155279502
44,1237,excitatory,0,0.0,-0.2717391304347826,0.15139751552795033
44,1238,inhibitory,0,12.422360248447204,13.831521739130434,12.065217391304348
44,1239,excitatory,0,-0.8540372670807453,0.10481366459627334,-0.47360248447204967
44,1241,excitatory,0,10.093167701863353,12.379658385093167,9.67391304347826
44,1242,excitatory,0,0.0,0.37267080745341613,0.10093167701863354
44,1243,excitatory,0,0.0,0.05046583850931677,0.08540372670807453
44,1244,excitatory,0,1.8633540372670807,3.3812111801242235,2.0613354037267078
44,1245,excitatory,0,0.7763975155279503,1.5799689440993792,0.9045031055900621
44,1246,excitatory,0,-0.23291925465838403,-0.8229813664596275,-0.49301242236024834
44,1247,excitatory,0,0.15527950310559005,0.02717391304347826,0.02717391304347826
44,1248,excitatory,0,4.270186335403725,5.112577639751553,5.496894409937891
44,1249,excitatory,0,0.15527950310559008,0.3687888198757764,0.22127329192546583
44,1250,inhibitory,0,0.5434782608695652,0.749223602484472,0.5822981366459626
44,1251,excitatory,0,-4.736024844720497,-3.7655279503105596,-4.3517080745341605
44,1252,excitatory,0,2.7173913043478257,-0.49301242236024845,1.1762422360248448
44,1253,excitatory,0,1.3975155279503104,1.6653726708074532,1.3742236024844718
44,1254,excitatory,0,0.07763975155279502,0.058229813664596265,0.03493788819875776
44,1255,excitatory,0,2.0962732919254656,1.2422360248447204,1.3781055900621118
44,1256,inhibitory,0,5.667701863354036,11.273291925465838,9.277950310559007
44,1257,excitatory,0,2.950310559006211,3.0861801242236018,2.480590062111801
44,1258,excitatory,0,0.38819875776397517,0.10093167701863237,0.11645962732919202
44,1259,excitatory,0,-0.15527950310559002,-2.267080745341614,-1.4208074534161488
44,1260,excitatory,0,0.0,0.015527950310559004,0.046583850931677016
44,1261,excitatory,0,0.0,0.0,0.0
44,1262,excitatory,0,0.38819875776397517,-0.112577639751553,0.30667701863354146
44,1263,inhibitory,0,18.012422360248447,15.741459627329192,22.24378881987578
44,1264,inhibitory,0,-80.35714285714286,-50.90838509316768,-74.34394409937887
44,1265,excitatory,0,0.0,0.22903726708074532,0.05046583850931677
44,1266,excitatory,0,5.978260869565218,4.615683229813665,4.67391304347826
44,1267,excitatory,0,0.6211180124223603,0.19409937888198758,0.9899068322981364
44,1269,excitatory,0,0.07763975155279501,0.2212732919254658,0.05822981366459626
44,1270,excitatory,0,0.0,0.0,0.0
44,1271,excitatory,0,-1.7857142857142858,-3.695652173913043,-2.49223602484472
44,1272,excitatory,0,0.07763975155279504,-0.78027950310559,-0.32608695652173914
44,1273,inhibitory,0,-1.1645962732919255,0.6366459627329193,-0.22127329192546608
44,1274,excitatory,0,0.2329192546583858,-0.34937888198757605,-0.1669254658385082
44,1275,excitatory,0,0.31055900621118004,-0.07375776397515521,-0.5473602484472049
44,1276,excitatory,0,0.07763975155279502,0.1281055900621118,0.11257763975155279
44,1277,inhibitory,1,-2.1739130434782608,-1.1878881987577639,-2.138975155279503
44,1278,excitatory,0,0.0,-0.019409937888198756,-0.015527950310559004
44,1279,excitatory,0,13.74223602484472,21.952639751552795,16.106366459627324
44,1280,excitatory,0,-0.4658385093167702,-0.01552795031055898,-0.7569875776397514
44,1281,excitatory,0,-1.3975155279503113,-3.5015527950310563,-3.423913043478258
44,1282,excitatory,0,4.580745341614907,6.350931677018633,5.423136645962732
44,1283,excitatory,0,3.105590062111801,2.3680124223602483,2.841614906832298
44,1284,excitatory,0,0.15527950310559024,2.670807453416148,0.015527950310558758
44,1285,inhibitory,0,3.2608695652173907,2.5776397515527947,1.8905279503105588
44,1286,inhibitory,0,0.6987577639751552,0.8695652173913042,0.9239130434782608
44,1287,excitatory,0,7.298136645962733,8.004658385093167,6.766304347826087
44,1288,excitatory,0,0.0,0.0,0.0
44,1289,excitatory,0,18.633540372670804,28.913043478260867,19.778726708074533
44,1290,excitatory,0,0.0,0.007763975155279502,0.0
44,1291,excitatory,0,5.124223602484471,3.4860248447204967,5.135869565217391
44,1292,excitatory,0,0.0,-0.019409937888198756,-0.019409937888198756
44,1293,excitatory,0,0.0,0.007763975155279504,0.07763975155279502
44,1294,excitatory,0,0.0,-0.062111801242236024,-0.02717391304347826
44,1295,inhibitory,0,-5.90062111801242,-3.462732919254657,-3.812111801242235
44,1296,inhibitory,1,-13.664596273291925,-9.375,-13.87810559006211
44,1297,excitatory,0,0.07763975155279502,0.10481366459627328,0.07375776397515527
44,1298,inhibitory,0,61.25776397515527,36.630434782608695,52.81055900621118
44,1299,inhibitory,0,6.987577639751549,-5.951086956521749,4.013975155279496
44,1300,inhibitory,1,-2.329192546583851,-1.7507763975155277,-2.2282608695652173
44,1301,excitatory,0,-1.0093167701863344,-3.5559006211180115,-3.179347826086957
44,1302,excitatory,0,0.0,0.0,0.0
44,1305,excitatory,0,1.0869565217391306,0.6172360248447202,1.1995341614906834
44,1306,excitatory,0,6.366459627329194,8.202639751552795,6.711956521739131
44,1307,excitatory,0,-1.4751552795031055,-1.013198757763975,-2.0341614906832297
44,1308,excitatory,0,-0.07763975155279501,-0.3532608695652173,-0.24456521739130427
44,1309,excitatory,0,0.07763975155279501,-0.6172360248447204,-0.2872670807453417
44,1310,excitatory,0,0.0,0.0,-0.003881987577639751
44,1312,inhibitory,0,7.686335403726708,4.739906832298136,6.350931677018632
44,1313,excitatory,0,0.0,0.08540372670807453,0.058229813664596265
44,1314,inhibitory,1,-4.813664596273292,-5.170807453416149,-4.9184782608695645
44,1315,excitatory,0,-0.07763975155279502,0.0,-0.05434782608695651
44,1316,inhibitory,0,-6.909937888198758,-4.472049689440993,-9.413819875776394
44,1317,excitatory,0,0.0,0.0,0.0
44,1318,excitatory,0,0.07763975155279502,0.3610248447204969,0.16692546583850928
44,1320,excitatory,0,0.2329192546583851,0.31832298136645965,0.17080745341614903
44,1321,inhibitory,0,-1.4751552795031053,-0.566770186335404,-1.292701863354037
44,1322,inhibitory,1,-1.7857142857142856,-1.420807453416149,-2.325310559006211
44,1324,excitatory,0,-12.5,-11.70031055900621,-13.660714285714281
44,1325,excitatory,0,0.0,0.0,0.0
44,1326,excitatory,0,-0.07763975155279502,-0.06211180124223602,-0.046583850931677016
44,1327,excitatory,0,-3.4937888198757756,-1.9992236024844723,-2.092391304347826
44,1328,excitatory,0,0.0,0.0,0.0
44,1330,inhibitory,0,-1.5527950310559007,-0.10481366459627317,-0.43478260869565233
44,1331,inhibitory,1,-6.366459627329192,-3.4549689440993787,-6.102484472049689
44,1332,excitatory,0,0.0,0.0,0.0
44,1333,inhibitory,0,0.0,0.0,-0.02717391304347826
44,1334,excitatory,0,-1.6304347826086958,-1.4635093167701863,-1.510093167701863
44,1335,excitatory,0,1.7857142857142856,2.3913043478260865,1.4945652173913042
44,1336,inhibitory,0,6.987577639751553,6.925465838509316,6.564440993788819
44,1337,inhibitory,0,-0.7763975155279501,-0.05434782608695654,-0.9976708074534162
44,1338,excitatory,0,0.07763975155279502,0.011645962732919254,0.003881987577639751
44,1339,excitatory,0,0.0,0.015527950310559004,0.023291925465838508
44,1340,excitatory,0,0.0,0.10481366459627327,0.003881987577639752
44,1341,excitatory,0,0.0,3.0822981366459623,1.0869565217391304
44,1342,excitatory,0,0.0,0.0,0.0
44,1343,excitatory,0,-2.0962732919254656,-2.2826086956521734,-1.700310559006211
44,1345,excitatory,0,0.07763975155279502,0.003881987577639751,0.02717391304347826
44,1346,excitatory,0,0.7763975155279502,1.8478260869565215,0.6909937888198758
44,1347,excitatory,0,0.0,0.0,0.0
44,1348,excitatory,0,0.9316770186335406,2.2593167701863353,0.283385093167702
44,1349,inhibitory,0,0.0,-0.007763975155279502,-0.015527950310559008
44,1350,excitatory,0,10.9472049689441,4.142080745341612,8.963509316770182
44,1352,excitatory,0,0.0,0.0,0.0
44,1353,excitatory,0,0.0,0.06599378881987578,0.05046583850931677
44,1354,excitatory,0,0.15527950310559008,-0.011645962732919249,0.13975155279503104
44,1355,inhibitory,0,-4.658385093167702,-3.9518633540372647,-4.856366459627331
44,1358,inhibitory,1,0.0,-0.019409937888198756,-0.05434782608695652
44,1359,excitatory,0,-0.4658385093167702,-0.7531055900621118,-0.6987577639751552
44,1360,excitatory,0,0.0,0.0,0.0
44,1361,excitatory,0,1.1645962732919255,1.952639751552795,1.3781055900621118
44,1362,inhibitory,0,7.996894409937888,0.9045031055900621,4.142080745341615
44,1364,excitatory,0,3.0279503105590058,1.595496894409938,2.5194099378881987
44,1365,inhibitory,0,0.2329192546583851,0.5240683229813664,0.1824534161490683
44,1366,excitatory,0,3.3385093167701863,8.808229813664596,3.2414596273291925
44,1367,excitatory,0,0.07763975155279502,0.04658385093167701,0.015527950310559004
44,1368,excitatory,0,-5.201863354037267,-6.54114906832298,-6.07919254658385
44,1369,excitatory,0,0.0,0.0,0.0
44,1370,excitatory,0,0.0,0.0,0.0
44,1371,excitatory,0,0.15527950310559005,0.07763975155279501,0.12034161490683228
44,1372,excitatory,0,-2.4068322981366492,-2.057453416149068,-2.7406832298136656
44,1373,excitatory,0,0.0,0.0,0.0
44,1374,excitatory,0,0.2329192546583851,0.4037267080745341,0.4464285714285714
44,1375,inhibitory,0,3.4937888198757765,6.673136645962732,6.288819875776397
44,1376,excitatory,0,0.0,0.0,0.0
44,1377,excitatory,0,0.0,0.0,0.0
44,1378,excitatory,0,-1.1645962732919255,-1.7352484472049694,-1.2305900621118009
44,1379,excitatory,0,0.15527950310559008,0.21350931677018636,0.08928571428571425
44,1380,excitatory,0,0.15527950310559024,3.066770186335404,1.24611801242236
44,1381,excitatory,0,0.0,0.007763975155279502,0.0
44,1382,excitatory,0,0.0,0.0,0.0
44,1383,excitatory,0,-0.621118012422361,-0.3726708074534173,1.0015527950310563
44,1384,excitatory,0,0.15527950310559002,0.47748447204968936,0.1436335403726708
44,1385,excitatory,0,1.5527950310559004,1.0714285714285714,1.0093167701863353
44,1386,excitatory,0,0.0,0.0,0.0
44,1387,excitatory,0,0.0,0.0,0.0
44,1388,excitatory,0,-0.07763975155279502,0.0,-0.015527950310559004
44,1389,excitatory,0,-2.795031055900619,-3.6568322981366457,-4.246894409937887
44,1390,excitatory,0,0.0,-0.3571428571428572,0.170807453416149
44,1391,excitatory,0,0.07763975155279502,0.007763975155279511,0.0
44,1392,excitatory,0,-0.07763975155279502,-0.1746894409937888,-0.04658385093167701
44,1393,inhibitory,0,14.052795031055899,15.3027950310559,13.75
44,1394,excitatory,0,0.0,0.023291925465838508,0.0
44,1395,excitatory,0,4.658385093167702,2.17003105590062,3.253105590062111
44,1397,excitatory,0,0.4658385093167701,0.31055900621118004,0.3532608695652174
44,1398,excitatory,0,0.0,0.003881987577639751,-0.3571428571428571
44,1399,inhibitory,0,-16.92546583850931,-11.145186335403722,-31.16459627329192
44,1401,inhibitory,1,0.0,0.0,0.0
44,1402,excitatory,0,0.07763975155279502,0.11645962732919254,-0.003881987577639745
44,1403,inhibitory,0,-0.6211180124223603,0.8268633540372672,1.0481366459627326
44,1405,excitatory,0,13.742236024844718,12.628105590062109,12.247670807453414
44,1406,inhibitory,0,0.7763975155279503,-0.04270186335403725,0.5512422360248443
44,1407,inhibitory,0,-0.2329192546583858,-2.158385093167701,-1.7973602484472053
44,1408,excitatory,0,0.0,0.023291925465838508,0.007763975155279502
44,1409,excitatory,0,1.3198757763975153,2.4728260869565215,1.591614906832298
44,1410,excitatory,0,7.996894409937888,4.142080745341614,6.2228260869565215
44,1411,excitatory,0,14.67391304347826,17.391304347826086,15.376552795031055
44,1412,excitatory,0,1.0869565217391304,-0.32220496894409933,0.7919254658385092
44,1413,excitatory,0,0.3105590062111801,0.02717391304347825,0.08540372670807453
44,1414,excitatory,0,-0.4658385093167703,-0.6133540372670807,-0.6599378881987576
44,1415,excitatory,0,-2.7173913043478253,-3.2414596273291925,-3.0434782608695654
44,1416,excitatory,0,-23.447204968944092,-13.008540372670808,-19.460403726708073
44,1418,excitatory,0,-1.4751552795031055,-3.27639751552795,-1.5062111801242235
44,1419,excitatory,0,0.07763975155279502,0.982142857142857,0.23680124223602483
44,1420,excitatory,0,0.07763975155279502,0.019409937888198756,-0.015527950310559004
44,1421,inhibitory,0,0.7763975155279503,1.2228260869565217,1.304347826086956
44,1422,excitatory,0,1.5527950310559004,1.230590062111801,1.1878881987577639
44,1423,excitatory,0,0.07763975155279512,0.5007763975155279,0.8928571428571428
44,1424,inhibitory,0,0.0,0.0,-0.03105590062111801
44,1425,excitatory,0,0.0,-0.007763975155279502,-0.003881987577639751
44,1426,excitatory,0,0.0,0.03105590062111801,0.011645962732919254
44,1428,excitatory,0,1.3975155279503104,0.6172360248447206,0.6444099378881987
44,1429,excitatory,0,-0.07763975155279501,-0.1319875776397515,-0.12810559006211175
44,1430,excitatory,0,0.15527950310559024,1.1529503105590062,1.0326086956521738
44,1431,excitatory,0,0.07763975155279502,0.003881987577639751,0.003881987577639751
44,1432,excitatory,0,0.0,0.03881987577639751,0.02717391304347826
44,1434,excitatory,0,2.484472049689441,2.2903726708074537,3.1327639751552794
44,1435,excitatory,0,0.15527950310559005,0.1669254658385093,0.13198757763975152
44,1436,excitatory,0,-0.46583850931676807,-3.7111801242236027,1.413043478260871
44,1437,excitatory,0,0.0,0.0,0.0
44,1438,inhibitory,1,-5.512422360248447,-6.72360248447205,-5.729813664596273
44,1439,excitatory,0,0.07763975155279507,-0.2717391304347826,0.038819875776397506
44,1440,excitatory,0,-0.3105590062111801,-0.40372670807453415,-0.2833850931677019
44,1441,excitatory,0,-1.70807453416149,-3.489906832298136,-1.7274844720496896
44,1443,inhibitory,0,1.5527950310559007,-0.1397515527950306,3.2104037267080745
44,1444,excitatory,0,1.0869565217391304,1.5295031055900619,1.0947204968944098
44,1445,inhibitory,0,-2.2515527950310563,0.621118012422361,1.1529503105590067
44,1446,inhibitory,0,19.79813664596273,20.357142857142854,21.67313664596273
44,1447,excitatory,0,1.7857142857142856,3.1405279503105588,1.5993788819875774
44,1448,excitatory,0,0.0,0.027173913043478257,0.023291925465838505
44,1449,excitatory,0,0.15527950310559008,0.3493788819875776,0.1125776397515528
44,1450,excitatory,0,0.0,-0.027173913043478257,-0.03105590062111801
44,1451,excitatory,0,0.07763975155279502,0.11257763975155277,0.28338509316770183
44,1452,excitatory,0,0.0,0.3338509316770186,0.05434782608695651
44,1453,inhibitory,0,3.3385093167701863,2.624223602484472,3.8392857142857135
44,1454,excitatory,0,0.07763975155279502,0.1746894409937888,0.10481366459627327
44,1455,excitatory,0,3.1832298136645965,2.1467391304347823,2.6591614906832297
44,1456,excitatory,0,0.0,0.019409937888198756,0.0
44,1457,excitatory,0,4.425465838509317,5.978260869565217,4.596273291925466
44,1458,excitatory,0,-0.31055900621118016,0.03881987577639745,0.16304347826086962
44,1459,excitatory,0,0.07763975155279502,0.023291925465838508,0.058229813664596265
44,1460,excitatory,0,0.0,-0.042701863354037264,-0.03493788819875776
44,1461,excitatory,0,1.3975155279503095,0.6327639751552798,1.0326086956521738
44,1462,excitatory,0,0.2329192546583851,0.8385093167701863,0.687111801242236
44,1463,excitatory,0,0.0,0.0,0.0
44,1464,excitatory,0,0.07763975155279502,0.1591614906832298,0.10093167701863354
44,1465,excitatory,0,0.0,-0.058229813664596265,-0.015527950310559006
44,1466,inhibitory,0,5.745341614906831,0.0,5.186335403726709
44,1467,inhibitory,1,-7.919254658385092,-9.899068322981366,-8.10170807453416
44,1468,excitatory,0,0.0,0.11645962732919252,-0.06599378881987578
44,1469,inhibitory,0,0.0,-0.03493788819875743,0.5473602484472053
44,1470,excitatory,0,0.23291925465838506,-0.2212732919254658,0.01940993788819878
44,1471,excitatory,0,-1.4751552795031053,-0.9549689440993787,-1.7701863354037264
44,1472,excitatory,0,0.0,-0.046583850931677016,-0.03881987577639751
44,1473,excitatory,0,0.0,0.0,0.0
44,1474,excitatory,0,0.0,0.0,0.0
44,1475,excitatory,0,-0.15527950310559005,-0.18633540372670804,-0.1902173913043478
44,1476,inhibitory,0,11.413043478260867,8.862577639751553,9.937888198757765
44,1478,excitatory,0,0.0,0.0,0.0
44,1479,excitatory,0,-15.527950310559007,-14.402173913043477,-13.3889751552795
44,1480,excitatory,0,0.0,0.12810559006211178,0.05434782608695652
44,1481,excitatory,0,13.509316770186336,13.924689440993788,14.208074534161488
44,1482,excitatory,0,13.509316770186334,17.72903726708074,14.382763975155278
44,1483,excitatory,0,0.0,-0.05046583850931677,0.023291925465838508
44,1484,excitatory,0,0.0,0.058229813664596265,0.011645962732919254
44,1486,inhibitory,0,26.94099378881987,18.342391304347828,25.229037267080745
44,1487,excitatory,0,0.0,0.0,0.0
44,1488,excitatory,0,2.6397515527950297,4.142080745341616,1.7895962732919255
44,1489,excitatory,0,11.878881987577639,15.892857142857142,13.866459627329192
44,1490,excitatory,0,-0.5434782608695652,-0.09704968944099379,-0.1669254658385093
44,1491,excitatory,0,0.0,0.10869565217391304,0.023291925465838508
44,1492,excitatory,0,0.0,0.058229813664596265,0.003881987577639751
44,1493,excitatory,0,1.2422360248447206,1.3781055900621118,1.09083850931677
44,1494,excitatory,0,-0.7763975155279503,-5.582298136645964,0.3105590062111805
44,1495,excitatory,0,0.0,0.0,0.0
44,1496,excitatory,0,4.114906832298137,6.083074534161489,2.4068322981366466
44,1497,inhibitory,0,16.925465838509314,18.225931677018632,16.397515527950308
44,1500,inhibitory,0,0.15527950310559008,0.023291925465838508,-0.0854037267080745
44,1501,inhibitory,1,-18.944099378881983,-13.90139751552795,-18.815993788819874
44,1502,excitatory,0,0.07763975155279557,1.191770186335403,0.4503105590062111
44,1503,excitatory,0,0.07763975155279502,-0.05822981366459623,0.019409937888198753
44,1504,excitatory,0,-0.854037267080745,1.4479813664596275,-1.6187888198757765
44,1506,excitatory,0,1.8633540372670807,4.569099378881988,2.670807453416149
44,1507,inhibitory,0,2.4068322981366457,0.8773291925465838,2.2282608695652173
44,1508,excitatory,0,-1.2422360248447202,-2.6513975155279503,-0.09704968944099335
44,1509,excitatory,0,0.46583850931677023,0.8656832298136645,0.48913043478260865
44,1510,excitatory,0,0.5434782608695654,0.9782608695652177,0.5473602484472053
44,1511,excitatory,0,0.0,-0.015527950310559004,-0.003881987577639751
44,1512,excitatory,0,26.16459627329192,26.657608695652172,26.692546583850934
44,1513,excitatory,0,0.0,0.011645962732919254,-0.003881987577639752
44,1515,inhibitory,1,-1.0869565217391304,-0.4231366459627329,0.8346273291925463
44,1516,excitatory,0,14.36335403726708,14.736024844720497,14.0527950310559
44,1517,excitatory,0,0.23291925465838506,0.1902173913043478,0.22515527950310554
44,1518,excitatory,0,0.0,-0.07375776397515527,-0.07375776397515527
44,1519,excitatory,0,0.0,0.0,0.0
44,1520,excitatory,0,0.0,0.031055900621118012,-0.0038819875776397485
44,1521,excitatory,0,-0.8540372670807452,-1.3509316770186337,-0.7569875776397514
44,1522,excitatory,0,0.0,0.007763975155279502,0.003881987577639751
44,1523,excitatory,0,1.0093167701863353,0.6094720496894408,0.6017080745341615
44,1524,inhibitory,1,-7.453416149068323,-11.54114906832298,-9.433229813664596
44,1525,excitatory,0,0.0,0.0,0.0
44,1526,excitatory,0,0.4658385093167702,1.0403726708074532,0.6987577639751552
44,1528,excitatory,0,1.0869565217391302,3.237577639751552,1.638198757763975
44,1529,excitatory,0,0.3105590062111801,0.30667701863354035,0.34549689440993786
44,1530,excitatory,0,0.0,0.0,0.0
44,1531,excitatory,0,0.0,0.07763975155279501,0.019409937888198756
44,1532,inhibitory,1,-50.85403726708074,-58.866459627329185,-52.0419254658385
44,1533,excitatory,0,0.0,0.0,0.0
44,1534,excitatory,0,-0.46583850931677073,-0.2018633540372674,-0.112577639751553
44,1535,excitatory,0,-0.15527950310559008,-0.02717391304347826,-0.22127329192546583
44,1536,excitatory,0,3.804347826086956,7.620341614906832,4.250776397515527
44,1537,excitatory,0,1.5527950310559004,0.8618012422360247,1.7119565217391304
44,1539,excitatory,0,0.6211180124223603,0.593944099378882,0.811335403726708
44,1540,excitatory,0,0.5434782608695652,1.5217391304347825,0.8462732919254657
44,1541,inhibitory,0,3.3385093167701854,7.771739130434781,2.5815217391304337
44,1542,excitatory,0,0.0,0.0,0.0
44,1543,excitatory,0,-0.3881987577639754,-0.8462732919254656,-0.41149068322981375
44,1544,excitatory,0,0.07763975155279502,0.07763975155279502,0.03881987577639751
44,1545,inhibitory,0,-3.4161490683229836,-9.223602484472046,-2.565993788819874
44,1546,excitatory,0,-0.2329192546583851,-0.2678571428571429,-0.26009316770186336
44,1549,excitatory,0,0.0,0.015527950310559004,0.003881987577639751
44,1551,excitatory,0,2.4068322981366457,2.9309006211180124,2.709627329192546
44,1552,inhibitory,0,6.444099378881987,2.243788819875776,7.014751552795031
44,1553,excitatory,0,0.15527950310559008,-0.038819875776397506,0.12810559006211178
44,1554,excitatory,0,0.4658385093167702,0.20186335403726707,0.4270186335403726
44,1555,excitatory,0,0.0,0.0,0.0
44,1558,excitatory,0,0.0,-0.13198757763975155,-0.11257763975155279
44,1559,excitatory,0,18.322981366459626,23.369565217391305,21.548913043478258
44,1560,excitatory,0,0.0,0.0,0.0
44,1561,excitatory,0,0.07763975155279502,0.042701863354037264,0.09316770186335403
44,1562,excitatory,0,0.15527950310559005,0.10093167701863354,0.10869565217391304
44,1563,excitatory,0,1.5527950310559007,0.1785714285714286,1.2577639751552794
44,1565,excitatory,0,0.15527950310559005,0.038819875776397506,0.10481366459627327
44,1566,excitatory,0,1.6304347826086953,3.350155279503104,1.3586956521739122
44,1567,excitatory,0,0.07763975155279502,0.17080745341614906,0.10093167701863354
44,1568,inhibitory,0,9.627329192546583,3.58307453416149,7.465062111801242
44,1569,excitatory,0,0.15527950310559008,0.24068322981366463,-0.08152173913043476
44,1570,excitatory,0,6.055900621118012,8.291925465838508,6.001552795031055
44,1571,excitatory,0,2.8726708074534155,0.2600931677018625,3.2647515527950315
44,1572,excitatory,0,0.0,0.11645962732919253,0.02717391304347826
44,1573,excitatory,0,0.3105590062111805,0.49301242236024834,0.36102484472049756
44,1574,inhibitory,0,13.121118012422361,12.391304347826086,13.486024844720495
44,1575,inhibitory,0,20.419254658385093,13.769409937888197,19.386645962732917
44,1576,inhibitory,1,-23.835403726708073,-17.216614906832298,-22.088509316770185
44,1581,inhibitory,1,-66.77018633540372,-39.316770186335404,-72.04580745341615
44,1582,excitatory,0,0.0,0.0,0.0
44,1583,excitatory,0,-0.3105590062111801,-0.44642857142857134,-0.3959627329192546
44,1584,excitatory,0,-0.15527950310559005,-0.09316770186335402,-0.07763975155279502
44,1587,excitatory,0,0.07763975155279512,0.9899068322981366,0.7220496894409937
44,1588,inhibitory,1,-0.9316770186335404,-1.2694099378881987,-1.358695652173913
44,1589,excitatory,0,18.633540372670808,21.315993788819874,17.368012422360252
44,1590,inhibitory,1,-0.5434782608695652,-0.10481366459627328,-0.6793478260869564
44,1591,excitatory,0,2.0186335403726705,1.8090062111801242,1.5062111801242233
44,1592,excitatory,0,-0.7763975155279503,-1.2383540372670812,-0.625
44,1593,excitatory,0,0.0,0.10093167701863354,0.023291925465838508
44,1594,inhibitory,0,3.416149068322982,2.142857142857144,2.666925465838508
44,1595,excitatory,0,1.4751552795031055,2.7329192546583845,1.8594720496894408
44,1596,excitatory,0,-0.7763975155279503,-1.5217391304347825,-1.152950310559006
44,1598,excitatory,0,0.0,0.007763975155279502,0.0
44,1599,excitatory,0,0.0,0.007763975155279502,0.09316770186335403
44,1601,inhibitory,1,-0.6211180124223602,-0.6133540372670807,-0.5434782608695652
44,1602,excitatory,0,0.3105590062111801,0.00776397515527949,0.3105590062111801
44,1603,excitatory,0,0.2329192546583851,0.04658385093167705,0.06987577639751552
44,1604,excitatory,0,0.15527950310559005,0.18633540372670807,0.13198757763975155
44,1605,excitatory,0,-2.329192546583851,-1.805124223602487,-2.5698757763975166
44,1606,excitatory,0,1.0869565217391304,-0.007763975155279379,-0.5745341614906834
44,1607,excitatory,0,0.2329192546583851,0.24068322981366458,0.10869565217391304
44,1608,excitatory,0,-0.4658385093167702,-0.6987577639751552,-0.37267080745341596
44,1609,excitatory,0,0.0,0.0,0.003881987577639751
44,1610,inhibitory,0,-1.4751552795031055,-0.2911490683229813,0.1591614906832297
44,1611,excitatory,0,0.0,0.0,0.003881987577639751
44,1612,excitatory,0,3.571428571428571,3.3307453416149064,3.2686335403726705
44,1614,excitatory,0,0.0,0.0,0.0
44,1615,excitatory,0,-0.38819875776397517,1.3392857142857135,0.19021739130434767
44,1616,excitatory,0,-0.31055900621118004,0.08152173913043481,-0.170807453416149
44,1617,inhibitory,0,-15.295031055900619,-10.61723602484472,-9.80590062111801
44,1618,inhibitory,0,19.33229813664596,16.785714285714285,20.31055900621118
44,1619,inhibitory,0,36.10248447204968,28.975155279503106,35.298913043478265
44,1620,excitatory,0,-3.804347826086956,-7.600931677018633,-3.746118012422359
44,1621,excitatory,0,0.0,0.003881987577639751,-1.9487577639751552
44,1622,excitatory,0,0.3105590062111801,1.1024844720496894,0.5357142857142857
44,1623,inhibitory,1,-0.4658385093167702,-0.4852484472049689,-0.5240683229813664
44,1624,excitatory,0,0.3105590062111801,0.6211180124223602,0.24068322981366458
44,1625,excitatory,0,-0.2329192546583851,-0.05046583850931677,-0.19409937888198756
44,1626,excitatory,0,0.4658385093167702,1.4013975155279503,0.7026397515527949
44,1627,excitatory,0,-2.0186335403726705,-2.0186335403726705,-1.7779503105590062
44,1628,excitatory,0,2.406832298136646,2.379658385093167,2.34083850931677
44,1629,excitatory,0,0.0,0.0,0.0
44,1630,excitatory,0,0.07763975155279502,0.058229813664596265,0.11257763975155279
44,1631,excitatory,0,0.3105590062111801,0.2795031055900621,0.3610248447204969
44,1632,excitatory,0,0.0,0.11645962732919253,0.1902173913043478
44,1633,excitatory,0,0.0,0.19798136645962733,0.046583850931677016
44,1634,inhibitory,0,0.7763975155279503,-0.11645962732919246,-0.1591614906832297
44,1635,excitatory,0,0.0,0.05434782608695652,0.019409937888198756
44,1636,excitatory,0,0.07763975155279502,0.05046583850931677,0.03493788819875776
44,1638,excitatory,0,0.0,0.0,0.0
44,1639,inhibitory,0,-3.027950310559005,-0.512422360248447,-3.812111801242235
44,1640,inhibitory,1,63.19875776397516,101.4557453416149,64.80590062111801
44,1641,inhibitory,0,4.425465838509316,4.654503105590062,-7.643633540372672
44,1642,excitatory,0,-0.3105590062111805,-0.24068322981366386,0.15527950310558936
44,1643,inhibitory,1,-9.627329192546583,-6.24223602484472,-9.22360248447205
44,1644,inhibitory,0,8.928571428571427,12.092391304347824,7.752329192546583
44,1645,excitatory,0,0.0,0.007763975155279502,0.023291925465838508
44,1646,inhibitory,0,18.788819875776397,14.048913043478258,17.375776397515526
44,1647,excitatory,0,0.0,-0.023291925465838508,0.007763975155279502
44,1648,excitatory,0,0.0,0.023291925465838505,0.0
44,1649,excitatory,0,-0.15527950310559024,1.816770186335404,0.8695652173913038
44,1650,excitatory,0,1.8633540372670805,2.6319875776397517,1.684782608695652
44,1651,excitatory,0,0.0,0.0,0.0
44,1652,excitatory,0,-3.2608695652173907,-4.553571428571427,-7.655279503105593
44,1653,inhibitory,0,8.618012422360248,14.134316770186336,9.297360248447205
44,1654,inhibitory,0,4.968944099378881,-0.9976708074534173,-1.979813664596275
44,1655,inhibitory,0,25.23291925465838,21.12965838509317,24.9805900621118
44,1656,excitatory,0,0.46583850931677007,1.1451863354037268,0.4813664596273292
44,1657,inhibitory,0,2.872670807453416,1.3975155279503102,4.312888198757764
44,1658,excitatory,0,0.0,0.023291925465838508,0.003881987577639751
44,1659,excitatory,0,1.7080745341614905,2.0186335403726705,1.358695652173913
44,1660,excitatory,0,0.0,0.0,0.0
44,1661,inhibitory,0,2.7950310559006213,3.8121118012422355,2.888198757763975
44,1662,excitatory,0,0.15527950310559005,0.05822981366459627,0.08540372670807453
44,1663,excitatory,0,0.0,-0.011645962732919254,-0.06987577639751552
44,1664,excitatory,0,0.46583850931677007,-0.48136645962732905,0.3493788819875776
44,1665,excitatory,0,0.3105590062111801,0.2717391304347826,0.023291925465838526
44,1667,excitatory,0,0.0,0.023291925465838508,0.0
44,1668,excitatory,0,0.15527950310559013,0.2251552795031056,0.5046583850931676
44,1669,excitatory,0,0.0776397515527949,-0.007763975155279601,0.23680124223602472
44,1670,inhibitory,0,6.366459627329192,8.656832298136646,7.732919254658388
44,1671,excitatory,0,1.7857142857142856,2.5737577639751548,1.1723602484472049
44,1672,excitatory,0,12.888198757763973,17.088509316770185,13.850931677018632
44,1673,excitatory,0,0.0,-0.10093167701863354,-0.07375776397515527
44,1674,excitatory,0,0.0,0.09316770186335403,0.08152173913043477
44,1675,excitatory,0,-0.15527950310559024,0.10481366459627317,0.29114906832298093
44,1676,excitatory,0,0.0,0.0,0.0
44,1677,excitatory,0,0.0,0.04658385093167701,0.011645962732919254
44,1678,excitatory,0,2.1739130434782603,0.22127329192546563,2.744565217391304
44,1679,excitatory,0,0.0,0.019409937888198756,0.06987577639751552
44,1680,inhibitory,1,-1.5527950310559007,-1.7119565217391304,-1.9759316770186333
44,1681,excitatory,0,0.0,-0.023291925465838505,0.05046583850931676
44,1682,inhibitory,0,28.959627329192543,26.607142857142858,38.850931677018636
44,1683,excitatory,0,0.0,-0.015527950310559006,0.019409937888198756
44,1684,inhibitory,1,-28.338509316770185,-19.724378881987576,-25.555124223602483
44,1685,excitatory,0,2.5621118012422355,2.263198757763975,2.6281055900621118
44,1686,excitatory,0,0.0,0.0,0.0
44,1687,inhibitory,0,15.916149068322984,8.936335403726709,7.492236024844722
44,1688,excitatory,0,0.0,0.0,0.0
44,1689,excitatory,0,-0.5434782608695652,-0.7725155279503104,-0.4503105590062112
44,1690,excitatory,0,0.15527950310559005,0.19409937888198758,0.17080745341614906
44,1691,excitatory,0,0.0,0.06599378881987576,0.019409937888198756
44,1692,excitatory,0,6.133540372670808,8.835403726708073,7.903726708074534
44,1693,inhibitory,0,0.0,-0.7880434782608695,-0.32220496894409933
44,1694,inhibitory,1,2.0962732919254634,-16.2888198757764,-4.006211180124225
44,1695,inhibitory,0,1.7857142857142856,0.7492236024844714,2.9231366459627326
44,1696,excitatory,0,0.38819875776397517,-0.1746894409937888,0.2872670807453416
44,1697,excitatory,0,2.562111801242236,1.9953416149068324,1.824534161490683
44,1698,excitatory,0,0.15527950310559005,0.17080745341614906,0.06987577639751552
44,1699,excitatory,0,0.0,-0.24068322981366458,-0.05046583850931677
44,1700,excitatory,0,0.0,0.011645962732919254,0.015527950310559004
44,1701,excitatory,0,0.0,0.0,0.0
44,1702,excitatory,0,9.161490683229811,13.637422360248436,11.886645962732914
44,1703,excitatory,0,0.4658385093167702,0.5007763975155279,-3.27639751552795
44,1704,excitatory,0,6.288819875776397,7.95031055900621,7.628105590062111
44,1705,excitatory,0,-1.1645962732919255,-3.517080745341614,-2.170031055900621
44,1708,excitatory,0,0.0,0.003881987577639751,0.0
44,1709,excitatory,0,0.0,0.0,0.0
44,1710,excitatory,0,1.7080745341614905,2.352484472049689,1.5372670807453415
44,1711,excitatory,0,-0.31055900621118004,-0.1397515527950315,0.13975155279503104
44,1712,excitatory,0,-0.3105590062111801,-1.1568322981366457,-0.18633540372670807
44,1713,excitatory,0,5.5900621118012435,11.013198757763975,7.6979813664596275
44,1714,excitatory,0,2.7173913043478257,3.5287267080745344,1.638198757763975
44,1716,inhibitory,0,0.38819875776397517,-2.2631987577639747,0.8385093167701863
44,1717,excitatory,0,0.23291925465838492,0.20186335403726696,0.5590062111801242
44,1718,inhibitory,0,-0.31055900621118027,0.5978260869565217,-0.2445652173913042
44,1719,excitatory,0,0.0,0.0,0.0
44,1720,inhibitory,1,-0.5434782608695652,-0.13975155279503104,-0.3959627329192546
44,1721,excitatory,0,-0.07763975155279502,-0.007763975155279503,-0.015527950310559004
44,1723,excitatory,0,0.15527950310559005,0.058229813664596265,0.06987577639751552
44,1724,excitatory,0,-0.15527950310559008,0.02717391304347826,-0.01940993788819876
44,1725,excitatory,0,-0.3881987577639751,-0.3571428571428571,0.29503105590062106
44,1726,inhibitory,0,2.9503105590062106,1.6498447204968942,2.418478260869565
44,1727,excitatory,0,1.2422360248447204,2.057453416149068,1.110248447204969
44,1728,excitatory,0,-0.1552795031055898,1.0986024844720497,0.01940993788819867
44,1729,excitatory,0,10.636645962732917,10.147515527950308,11.086956521739133
44,1730,excitatory,0,-0.07763975155279502,-0.007763975155279503,0.011645962732919252
44,1731,excitatory,0,-0.07763975155279502,0.22127329192546585,0.07375776397515528
44,1732,inhibitory,0,27.251552795031053,33.26086956521739,30.78027950310559
44,1734,excitatory,0,0.0,0.5745341614906831,0.19409937888198756
44,1735,excitatory,0,0.0,0.0,0.0
44,1736,excitatory,0,0.0,0.1902173913043478,0.06987577639751552
44,1737,excitatory,0,2.2515527950310554,12.503881987577637,4.902950310559006
44,1738,inhibitory,1,-2.9503105590062106,-1.8206521739130432,-2.763975155279503
44,1739,excitatory,0,0.0,0.0,0.0
44,1740,excitatory,0,0.0,0.011645962732919254,0.06599378881987578
44,1741,excitatory,0,-0.2329192546583858,-0.06211180124223681,-0.21350931677018714
44,1742,inhibitory,0,-1.1645962732919255,-0.5124223602484471,-0.7142857142857143
44,1743,excitatory,0,-0.2329192546583851,-0.05046583850931685,-0.09704968944099374
44,1744,excitatory,0,0.0,-0.12422360248447203,-0.015527950310558994
44,1745,inhibitory,0,-38.74223602484473,-27.484472049689437,-44.460403726708066
44,1748,excitatory,0,0.0,0.0,0.0
44,1749,excitatory,0,0.0,0.0,0.0
44,1750,inhibitory,0,3.649068322981364,6.940993788819878,5.073757763975159
44,1751,inhibitory,0,11.568322981366459,5.438664596273292,9.522515527950311
44,1752,excitatory,0,0.0,0.00388198757763975,0.003881987577639751
44,1753,excitatory,0,0.07763975155279501,0.027173913043478257,-0.01940993788819878
44,1755,excitatory,0,0.0,0.0,0.0
44,1756,inhibitory,0,-12.034161490683228,-6.440217391304347,-12.779503105590061
44,1757,excitatory,0,-0.07763975155279512,-1.4440993788819874,-0.48524844720496896
44,1758,excitatory,0,0.07763975155279501,-0.07375776397515527,0.08928571428571425
44,1759,excitatory,0,0.2329192546583851,0.2989130434782608,0.1358695652173913
44,1760,excitatory,0,5.978260869565217,6.40916149068323,3.75
44,1761,excitatory,0,0.07763975155279502,-0.05434782608695651,0.015527950310559008
44,1762,excitatory,0,0.0,0.007763975155279502,0.0
44,1763,excitatory,0,3.881987577639751,4.627329192546584,4.324534161490683
44,1764,excitatory,0,0.0,0.0,0.0
44,1765,excitatory,0,0.0,0.019409937888198756,0.003881987577639751
44,1767,inhibitory,0,0.2329192546583851,0.44254658385093165,0.2523291925465838
44,1768,excitatory,0,0.0,-0.12810559006211178,-0.03105590062111801
44,1769,excitatory,0,-1.3198757763975153,-1.0364906832298137,-0.8928571428571428
44,1770,inhibitory,0,7.919254658385093,13.121118012422361,6.894409937888198
44,1771,excitatory,0,0.0,0.10481366459627328,0.03881987577639751
44,1772,inhibitory,0,25.232919254658384,15.555124223602483,29.138198757763973
44,1773,excitatory,0,28.027950310559,26.26164596273292,25.073757763975152
44,1774,inhibitory,0,13.198757763975156,12.95419254658385,13.299689440993786
44,1775,excitatory,0,-0.31055900621118004,-0.4231366459627329,-0.08928571428571441
44,1776,excitatory,0,-0.07763975155279501,-0.29891304347826086,-0.16304347826086957
44,1777,excitatory,0,-0.6211180124223602,-0.03493788819875776,-0.1669254658385093
44,1778,excitatory,0,9.782608695652172,12.527173913043477,9.390527950310558
44,1779,excitatory,0,0.07763975155279501,0.1436335403726708,0.062111801242236
44,1780,excitatory,0,0.15527950310559005,0.011645962732919254,0.042701863354037264
44,1781,excitatory,0,1.1645962732919255,-0.8850931677018625,-0.4852484472049685
44,1782,excitatory,0,2.251552795031056,2.3796583850931676,3.214285714285714
44,1783,excitatory,0,0.6987577639751552,0.36878881987577633,0.19409937888198753
44,1784,excitatory,0,0.0,0.011645962732919254,0.023291925465838508
44,1785,excitatory,0,21.506211180124218,24.798136645962735,21.281055900621112
44,1786,excitatory,0,1.0869565217391302,0.9472049689440991,1.028726708074534
44,1787,inhibitory,0,3.0279503105590058,3.062888198757764,3.1444099378881987
44,1788,excitatory,0,0.9316770186335404,2.0807453416149064,1.5411490683229814
44,1789,excitatory,0,2.0186335403726705,5.333850931677018,2.7368012422360244
44,1790,excitatory,0,-4.891304347826086,-5.559006211180126,-5.0582298136645925
44,1792,excitatory,0,0.0,0.0,0.0
44,1793,excitatory,0,0.0,0.0,0.03493788819875776
44,1794,excitatory,0,0.07763975155279501,0.2833850931677018,0.17468944099378875
44,1795,inhibitory,0,-2.4068322981366457,-1.389751552795031,-1.0714285714285716
44,1796,excitatory,0,0.0,0.23680124223602483,0.03881987577639751
44,1797,excitatory,0,-1.9409937888198758,-2.732919254658384,-3.237577639751553
44,1798,excitatory,0,-6.366459627329192,-6.86723602484472,-7.845496894409937
44,1799,excitatory,0,0.0,0.40760869565217384,-0.43866459627329224
44,1800,excitatory,0,4.1149068322981375,2.154503105590062,4.588509316770185
44,1801,inhibitory,0,-6.288819875776397,0.5434782608695627,-5.939440993788821
44,1802,excitatory,0,-3.1055900621118013,-4.336180124223601,-3.179347826086957
44,1803,excitatory,0,0.07763975155279502,-0.007763975155279504,0.08928571428571427
44,1804,excitatory,0,6.366459627329191,7.18167701863354,6.809006211180124
44,1805,inhibitory,1,-12.03416149068323,-9.701086956521738,-11.54891304347826
44,1806,excitatory,0,18.012422360248443,22.635869565217387,20.741459627329192
44,1807,excitatory,0,1.1645962732919253,1.5838509316770184,1.416925465838509
44,1808,excitatory,0,7.065217391304348,12.51164596273292,8.497670807453414
44,1809,excitatory,0,7.298136645962732,8.334627329192546,6.785714285714285
44,1810,excitatory,0,1.2422360248447204,2.2010869565217392,1.4402173913043477
44,1812,excitatory,0,-4.347826086956521,-4.165372670807453,-4.84860248447205
44,1813,inhibitory,0,12.577639751552795,18.93633540372671,17.158385093167702
44,1814,excitatory,0,0.0,-0.03493788819875776,-0.0077639751552795
44,1815,excitatory,0,-0.6987577639751552,-0.08928571428571419,-0.640527950310559
44,1816,excitatory,0,0.07763975155279512,0.170807453416149,1.0364906832298137
44,1817,excitatory,0,0.6211180124223601,3.990683229813664,0.7569875776397517
44,1818,excitatory,0,-0.15527950310559002,-0.1281055900621118,-0.08540372670807456
44,1819,excitatory,0,-0.07763975155279468,-0.5318322981366457,-0.7608695652173907
44,1820,excitatory,0,0.07763975155279501,0.7725155279503106,0.4347826086956522
44,1821,inhibitory,0,-0.23291925465838503,-0.5318322981366459,-0.8579192546583849
44,1822,inhibitory,0,6.2888198757763965,4.724378881987578,4.041149068322981
44,1823,inhibitory,0,8.773291925465838,6.09860248447205,6.40916149068323
44,1824,inhibitory,0,14.440993788819876,10.205745341614906,15.718167701863353
44,1825,excitatory,0,0.15527950310559008,0.1281055900621118,0.02717391304347827
44,1826,excitatory,0,-0.2329192546583851,-0.31055900621118016,-0.3454968944099379
44,1827,excitatory,0,-0.6211180124223601,-0.48913043478260887,-2.092391304347826
44,1828,excitatory,0,12.577639751552795,13.365683229813664,11.440217391304348
44,1829,excitatory,0,-0.23291925465838537,-0.05046583850931663,-0.03881987577639734
44,1830,excitatory,0,-0.3105590062111801,-0.6288819875776397,-0.1979813664596273
44,1831,excitatory,0,0.0,0.0,0.0
44,1832,inhibitory,1,-11.801242236024844,-16.191770186335404,-11.308229813664596
44,1833,excitatory,0,2.4068322981366457,3.2104037267080745,2.666925465838509
44,1834,excitatory,0,0.0,0.5628881987577639,0.07375776397515528
44,1835,excitatory,0,2.1739130434782608,2.0652173913043477,1.5178571428571428
44,1836,inhibitory,1,-2.0962732919254656,-1.028726708074534,0.5590062111801242
44,1837,excitatory,0,0.0,-0.29891304347826075,-0.015527950310558758
44,1838,excitatory,0,0.15527950310559024,0.12034161490683193,-0.0038819875776390234
44,1839,excitatory,0,0.0,-0.003881987577639751,-0.042701863354037264
44,1840,excitatory,0,0.0,0.019409937888198756,0.003881987577639751
44,1841,excitatory,0,4.891304347826086,6.273291925465836,4.142080745341614
44,1842,excitatory,0,0.07763975155279501,0.21739130434782605,0.07763975155279507
44,1843,excitatory,0,1.1645962732919264,1.533385093167702,-0.04658385093167716
44,1844,inhibitory,0,0.07763975155279502,0.019409937888198756,0.019409937888198756
44,1845,excitatory,0,0.8540372670807455,1.7041925465838506,0.4386645962732919
44,1846,excitatory,0,4.503105590062111,5.3027950310559,2.8066770186335406
44,1847,inhibitory,0,-2.0186335403726705,-2.49223602484472,-1.6809006211180124
44,1848,excitatory,0,2.795031055900621,6.1645962732919255,2.8299689440993787
44,1849,excitatory,0,0.0,0.0,0.0
44,1850,excitatory,0,0.0,0.042701863354037264,0.0
44,1851,excitatory,0,0.0,-0.02717391304347826,0.0
44,1852,excitatory,0,1.70807453416149,1.300465838509317,-0.5590062111801242
44,1853,excitatory,0,0.07763975155279502,0.019409937888198756,0.02717391304347826
44,1854,excitatory,0,0.7763975155279503,0.8462732919254657,0.8423913043478259
44,1855,excitatory,0,6.521739130434782,8.695652173913043,6.2305900621118
44,1856,excitatory,0,1.3975155279503104,0.49301242236024834,0.9899068322981366
44,1857,excitatory,0,-0.9316770186335404,-1.1917701863354035,-1.0869565217391304
44,1858,excitatory,0,0.07763975155279512,-0.18633540372670798,0.5046583850931676
44,1859,inhibitory,1,-9.937888198757763,-9.66614906832298,-10.170807453416147
44,1860,inhibitory,1,0.0,0.0,-0.08540372670807453
44,1861,excitatory,0,-0.5434782608695651,0.2795031055900621,0.09704968944099379
44,1862,excitatory,0,0.7763975155279503,1.2150621118012421,0.8967391304347825
44,1863,excitatory,0,0.0,0.0,0.0
44,1864,excitatory,0,4.192546583850932,1.587732919254659,3.4472049689440993
44,1867,excitatory,0,0.2329192546583851,0.2639751552795031,0.22515527950310557
44,1868,excitatory,0,0.0,0.03105590062111801,0.05046583850931677
44,1869,excitatory,0,0.0,0.03493788819875776,-0.03105590062111801
44,1870,inhibitory,0,1.7080745341614936,9.965062111801242,0.10481366459627495
44,1871,excitatory,0,0.5434782608695654,1.71195652173913,0.5240683229813663
44,1873,excitatory,0,0.0,-0.00776397515527949,0.04658385093167694
44,1874,excitatory,0,-1.3198757763975149,-0.690993788819874,-2.3796583850931654
44,1876,excitatory,0,0.46583850931677007,0.5900621118012422,0.6948757763975154
44,1877,excitatory,0,0.4658385093167702,0.31444099378881984,0.30667701863354035
44,1878,excitatory,0,0.2329192546583851,0.03493788819875779,0.10481366459627327
44,1880,inhibitory,0,1.7857142857142856,1.1762422360248448,1.4402173913043477
44,1881,excitatory,0,9.08385093167702,15.838509316770185,14.266304347826086
44,1883,excitatory,0,0.0,0.042701863354037264,0.019409937888198756
44,1884,inhibitory,1,-2.484472049689441,-2.5038819875776395,-4.541925465838509
44,1885,excitatory,0,-4.037267080745341,-3.0279503105590058,-3.524844720496893
44,1886,excitatory,0,0.7763975155279503,0.9316770186335404,0.27173913043478254
44,1887,excitatory,0,4.658385093167702,5.29891304347826,4.029503105590062
44,1888,excitatory,0,0.0,0.08152173913043478,0.062111801242236024
44,1889,excitatory,0,9.161490683229813,12.713509316770185,10.046583850931677
44,1890,excitatory,0,0.2329192546583851,0.29891304347826086,0.2135093167701863
44,1892,excitatory,0,5.745341614906833,4.879658385093167,5.667701863354037
44,1893,excitatory,0,0.3105590062111805,0.4192546583850927,-0.18633540372670865
44,1895,excitatory,0,-0.2329192546583851,-0.16304347826086957,-0.18633540372670804
44,1896,excitatory,0,-0.15527950310559002,-0.019409937888199114,-0.19409937888198758
44,1897,excitatory,0,0.2329192546583851,0.45807453416149063,0.23680124223602483
44,1898,excitatory,0,3.3385093167701863,2.0302795031055902,2.399068322981366
44,1899,excitatory,0,0.15527950310559002,1.1607142857142856,0.6288819875776399
44,1900,excitatory,0,0.0,0.0,0.0
44,1902,excitatory,0,0.0,0.0,0.0
44,1903,excitatory,0,0.0,0.0,0.0
44,1904,excitatory,0,2.6397515527950297,3.3773291925465827,-0.6094720496894404
44,1905,excitatory,0,0.07763975155279502,-0.023291925465838498,0.02329192546583847
44,1906,excitatory,0,0.38819875776397517,-0.07763975155279512,0.24456521739130432
44,1908,excitatory,0,-0.3881987577639751,-0.27173913043478254,-0.1436335403726708
44,1909,excitatory,0,2.2515527950310563,13.40062111801242,3.586956521739129
44,1910,excitatory,0,1.3975155279503104,1.9177018633540373,0.9627329192546583
44,1911,inhibitory,0,1.0869565217391304,1.5566770186335397,0.6133540372670803
44,1913,excitatory,0,0.07763975155279501,-0.4270186335403726,0.0
44,1914,excitatory,0,0.0,0.0,0.0
44,1915,excitatory,0,0.6211180124223603,0.5551242236024844,0.6327639751552795
44,1916,excitatory,0,0.0,0.011645962732919254,0.007763975155279502
44,1917,excitatory,0,0.3881987577639751,0.12422360248447203,0.22515527950310557
44,1918,excitatory,0,-0.6211180124223601,-0.6793478260869565,-1.028726708074534
44,1919,excitatory,0,0.0,0.058229813664596265,0.03105590062111801
44,1920,excitatory,0,-0.6211180124223601,-0.7492236024844718,-0.6871118012422359
44,1921,excitatory,0,7.453416149068325,13.435559006211179,9.930124223602483
44,1922,excitatory,0,0.0,0.015527950310559004,0.058229813664596265
44,1923,excitatory,0,0.0,-0.19798136645962733,0.015527950310559004
44,1924,excitatory,0,-0.07763975155279502,-0.22515527950310554,-0.10481366459627328
44,1925,excitatory,0,-0.15527950310559008,-0.2096273291925466,-0.17468944099378877
44,1926,excitatory,0,5.279503105590062,7.899844720496894,5.9433229813664585
44,1927,excitatory,0,7.919254658385093,12.224378881987576,8.315217391304348
44,1928,excitatory,0,12.034161490683228,15.659937888198762,14.549689440993788
44,1929,excitatory,0,0.31055900621118004,1.5644409937888197,0.19409937888198758
44,1931,excitatory,0,0.15527950310559005,-0.02329192546583851,0.12422360248447203
44,1932,excitatory,0,0.6211180124223602,2.5349378881987574,1.2888198757763973
44,1933,excitatory,0,0.0,0.0,0.0
44,1934,excitatory,0,0.0,0.0,0.019409937888198756
44,1935,excitatory,0,-0.6987577639751553,0.6327639751552796,-0.2600931677018632
44,1936,inhibitory,1,-1.0869565217391304,-1.0093167701863353,-1.3858695652173914
44,1937,excitatory,0,0.6211180124223605,2.472826086956521,1.6576086956521738
44,1938,inhibitory,1,-12.577639751552795,-8.311335403726707,-10.803571428571427
44,1939,inhibitory,0,1.9409937888198758,2.4728260869565215,2.3563664596273286
44,1940,excitatory,0,7.996894409937887,4.67391304347826,4.363354037267079
44,1941,excitatory,0,-0.07763975155279507,0.6017080745341615,0.24068322981366452
44,1942,excitatory,0,0.0,0.0,0.0
44,1943,excitatory,0,0.5434782608695654,0.7531055900621109,-0.15139751552795033
44,1944,inhibitory,1,-1.1645962732919255,-1.7546583850931674,-0.6754658385093169
44,1945,excitatory,0,1.0869565217391308,2.713509316770187,1.366459627329192
44,1947,inhibitory,0,3.183229813664596,2.387422360248447,2.8571428571428568
44,1948,inhibitory,0,8.540372670807452,4.926242236024844,7.752329192546583
44,1949,excitatory,0,0.0,0.0,0.0
44,1950,excitatory,0,0.0,-0.03881987577639751,0.04658385093167701
44,1951,excitatory,0,0.0,0.0,0.007763975155279502
44,1952,excitatory,0,10.79192546583851,8.86257763975155,13.501552795031053
44,1953,excitatory,0,1.9409937888198758,3.1444099378881982,3.233695652173913
44,1954,excitatory,0,1.7857142857142856,0.904503105590062,1.2150621118012421
44,1955,inhibitory,0,1.0093167701863353,3.781055900621118,1.0015527950310554
44,1956,inhibitory,0,12.267080745341614,10.768633540372672,8.24922360248447
44,1957,excitatory,0,0.0,0.0,0.0
44,1959,excitatory,0,-1.0093167701863353,-0.29891304347826164,-0.39208074534161463
44,1960,inhibitory,0,1.4751552795030989,-3.0861801242236027,-6.925465838509318
44,1961,excitatory,0,0.0,0.003881987577639751,0.003881987577639751
44,1962,excitatory,0,6.444099378881988,6.156832298136646,4.98447204968944
44,1963,excitatory,0,4.114906832298137,5.927795031055901,3.8392857142857144
44,1965,excitatory,0,1.3975155279503104,1.25388198757764,0.7569875776397514
44,1969,excitatory,0,-0.6211180124223602,-0.5046583850931676,-0.6249999999999999
44,1970,inhibitory,0,1.9409937888198758,-0.47360248447204967,1.024844720496895
44,1972,excitatory,0,3.338509316770186,3.012422360248447,3.1948757763975153
44,1973,excitatory,0,0.15527950310559005,0.6832298136645962,0.2872670807453416
44,1974,excitatory,0,0.38819875776397517,1.6032608695652173,0.5240683229813663
44,1976,inhibitory,1,-1.1645962732919255,-1.7546583850931676,-1.40527950310559
44,1977,inhibitory,0,8.074534161490682,6.385869565217391,9.274068322981366
44,1978,excitatory,0,4.658385093167701,4.483695652173913,3.819875776397515
44,1979,excitatory,0,0.07763975155279502,0.17857142857142855,0.20574534161490682
44,1980,excitatory,0,0.07763975155279501,0.3843167701863355,0.01940993788819867
44,1981,excitatory,0,0.0,0.06987577639751552,0.019409937888198756
44,1982,inhibitory,1,-7.375776397515527,-6.766304347826086,-6.8555900621118
44,1983,excitatory,0,0.0,-0.003881987577639751,-0.003881987577639751
44,1984,excitatory,0,-0.15527950310559008,0.4658385093167701,0.10869565217391303
44,1985,inhibitory,0,8.307453416149068,5.830745341614906,7.725155279503105
44,1986,inhibitory,0,3.3385093167701863,1.6304347826086956,2.670807453416149
44,1987,inhibitory,0,0.6987577639751539,-4.161490683229814,3.245341614906833
44,1989,inhibitory,0,0.3881987577639747,0.764751552795031,1.7507763975155277
44,1990,excitatory,0,0.0,0.023291925465838508,0.019409937888198756
44,1991,excitatory,0,0.46583850931677007,0.4270186335403727,0.38431677018633525
44,1992,excitatory,0,0.07763975155279504,0.4386645962732919,0.06211180124223603
44,1993,excitatory,0,0.0,-0.003881987577639751,0.0
44,1994,excitatory,0,6.444099378881988,11.304347826086957,7.721273291925465
44,1995,excitatory,0,-0.31055900621118004,-0.9743788819875775,-0.5706521739130435
44,1997,excitatory,0,18.09006211180124,15.093167701863353,17.61257763975155
44,1998,excitatory,0,0.0,0.4425465838509317,0.13975155279503104
44,1999,excitatory,0,1.3975155279503104,-1.156832298136646,0.5745341614906831
44,2000,excitatory,0,0.7763975155279503,0.7181677018633539,0.640527950310559
44,2001,inhibitory,0,-4.114906832298136,-3.9906832298136647,-3.245341614906832
44,2002,inhibitory,0,1.3198757763975153,1.168478260869565,1.339285714285714
44,2003,excitatory,0,-35.7919254658385,-34.55745341614906,-38.901397515527954
44,2004,excitatory,0,0.15527950310559002,0.17468944099378875,0.06987577639751552
44,2005,excitatory,0,24.767080745341612,23.54425465838509,21.385869565217387
44,2006,excitatory,0,0.07763975155279504,-0.10093167701863359,0.05434782608695651
44,2007,excitatory,0,0.0,0.10481366459627328,0.03493788819875776
44,2008,excitatory,0,-0.15527950310559024,-0.13586956521739157,0.31055900621118004
44,2009,excitatory,0,0.6211180124223601,0.20962732919254679,1.2228260869565215
44,2010,excitatory,0,-0.15527950310559005,0.027173913043478264,-0.10481366459627328
44,2011,excitatory,0,0.15527950310559005,0.042701863354037264,0.05046583850931677
44,2012,excitatory,0,0.6211180124223603,2.0108695652173916,1.8051242236024845
44,2013,excitatory,0,0.0,0.05046583850931677,0.011645962732919254
44,2015,excitatory,0,0.0,0.0,0.0
44,2016,excitatory,0,-16.22670807453416,-23.470496894409937,-13.680124223602483
44,2017,excitatory,0,-9.161490683229815,-6.040372670807457,-8.959627329192543
44,2018,excitatory,0,3.41614906832298,5.652173913043477,4.196428571428569
44,2019,excitatory,0,0.0,0.0,0.0
44,2020,excitatory,0,2.6397515527950306,2.383540372670807,2.014751552795031
44,2021,excitatory,0,0.0,0.0,0.0
44,2022,excitatory,0,0.0,1.3315217391304346,0.34549689440993786
44,2023,inhibitory,0,-10.481366459627331,-6.723602484472046,-11.69642857142857
44,2024,inhibitory,0,0.3105590062111801,0.15527950310559005,0.3338509316770186
44,2025,excitatory,0,-0.15527950310559002,-0.3377329192546583,-0.03493788819875776
44,2026,excitatory,0,0.07763975155279502,0.023291925465838508,0.05046583850931677
44,2027,inhibitory,0,13.819875776397515,18.567546583850927,14.219720496894409
44,2028,excitatory,0,-0.15527950310559005,-0.1979813664596273,-0.22903726708074534
44,2029,inhibitory,0,16.22670807453416,17.50776397515527,12.973602484472039
44,2030,excitatory,0,0.0,0.07375776397515527,0.05434782608695652
44,2031,excitatory,0,0.3105590062111801,0.2562111801242236,0.19798136645962733
44,2032,excitatory,0,-1.8633540372670807,-1.4557453416149069,-1.164596273291925
44,2033,excitatory,0,0.15527950310559005,0.15527950310559005,0.10093167701863352
44,2034,inhibitory,0,5.201863354037266,8.781055900621116,5.951086956521738
44,2035,inhibitory,0,0.07763975155279512,0.19798136645962733,-0.46972049689441
44,2036,excitatory,0,0.0,0.0,0.0
44,2037,excitatory,0,7.220496894409938,6.482919254658384,7.154503105590061
44,2038,excitatory,0,0.8540372670807452,0.6754658385093166,0.578416149068323
44,2039,excitatory,0,0.0,0.0,-0.003881987577639751
44,2040,excitatory,0,0.9316770186335404,1.0675465838509315,0.6211180124223602
44,2041,excitatory,0,0.0,0.007763975155279502,0.0
44,2042,inhibitory,1,-0.07763975155279504,-0.2717391304347826,0.10481366459627328
44,2043,excitatory,0,-0.15527950310559008,-0.01940993788819878,-0.13198757763975155
44,2044,excitatory,0,0.6987577639751552,1.6498447204968945,1.389751552795031
44,2046,excitatory,0,0.0,0.05434782608695652,0.015527950310559004
44,2047,excitatory,0,-1.1645962732919255,-2.554347826086956,-1.7468944099378882
44,2048,excitatory,0,-5.046583850931676,-3.707298136645962,-3.815993788819875
44,2049,excitatory,0,0.9316770186335404,0.7608695652173912,1.2461180124223603
44,2050,excitatory,0,0.07763975155279502,-0.007763975155279503,-0.01940993788819876
44,2051,excitatory,0,-0.07763975155279502,0.09704968944099378,-0.007763975155279504
44,2052,excitatory,0,4.503105590062112,5.104813664596274,4.4604037267080745
44,2054,excitatory,0,6.832298136645963,6.3431677018633525,6.7430124223602474
44,2055,inhibitory,1,-3.493788819875776,-1.8128881987577639,-3.555900621118012
44,2056,excitatory,0,0.07763975155279502,0.27562111801242234,0.06211180124223602
44,2057,excitatory,0,0.07763975155279468,-0.47360248447204967,-0.20186335403726652
44,2059,excitatory,0,0.07763975155279502,0.03493788819875776,0.06211180124223602
44,2060,excitatory,0,0.854037267080745,1.4945652173913038,0.9743788819875769
44,2061,excitatory,0,0.0,-0.06987577639751552,0.003881987577639745
44,2062,excitatory,0,0.0,0.0,0.003881987577639751
44,2063,excitatory,0,-0.5434782608695645,0.46583850931676984,-0.32608695652173836
44,2064,excitatory,0,0.2329192546583851,0.30667701863354035,0.3105590062111801
44,2065,excitatory,0,0.9316770186335406,0.7763975155279503,1.0364906832298137
44,2066,excitatory,0,4.192546583850931,8.43167701863354,3.3967391304347823
44,2067,excitatory,0,-0.07763975155279502,-0.011645962732919254,-0.011645962732919254
44,2068,excitatory,0,0.15527950310559005,0.48136645962732916,0.14751552795031053
44,2069,excitatory,0,0.0,0.003881987577639751,0.007763975155279502
44,2070,inhibitory,1,-55.43478260869564,-51.52562111801242,-57.05357142857142
44,2071,inhibitory,0,5.357142857142857,5.116459627329192,6.40139751552795
44,2072,excitatory,0,0.0,0.0,0.0
44,2073,excitatory,0,1.1645962732919237,2.3563664596273295,0.9937888198757765
44,2075,excitatory,0,-0.15527950310559008,0.10093167701863354,0.1746894409937888
44,2077,excitatory,0,-0.6211180124223601,-1.2422360248447206,-1.1180124223602486
44,2078,inhibitory,0,-3.7267080745341623,-0.4852484472049685,-2.37577639751553
44,2079,inhibitory,0,5.978260869565217,4.642857142857142,5.908385093167702
44,2080,inhibitory,0,0.7763975155279502,0.547360248447205,0.8113354037267081
44,2081,excitatory,0,-0.2329192546583851,-0.12034161490683228,-0.08928571428571427
44,2082,excitatory,0,0.38819875776397517,1.0364906832298135,0.3532608695652174
44,2084,excitatory,0,-9.782608695652172,-13.167701863354033,-12.527173913043484
44,2085,inhibitory,1,-8.928571428571429,-10.201863354037267,-8.303571428571429
44,2086,excitatory,0,0.0,0.003881987577639751,0.0
44,2087,excitatory,0,-0.07763975155279501,0.09316770186335399,-0.10869565217391303
44,2088,excitatory,0,0.4658385093167702,-0.22515527950310554,0.13975155279503104
44,2089,excitatory,0,5.900621118012422,7.717391304347824,5.896739130434781
44,2091,excitatory,0,10.09316770186335,13.769409937888199,10.504658385093169
44,2093,excitatory,0,0.15527950310559005,0.13975155279503104,0.1281055900621118
44,2094,excitatory,0,0.0,-0.011645962732919249,0.10093167701863354
44,2095,excitatory,0,0.07763975155279502,0.011645962732919254,0.046583850931677016
44,2096,inhibitory,1,-36.64596273291926,-39.55745341614906,-32.63198757763975
44,2097,excitatory,0,1.3198757763975153,1.0287267080745341,1.3664596273291922
44,2098,excitatory,0,0.0,0.03105590062111801,0.03881987577639751
44,2099,excitatory,0,0.0,0.007763975155279502,0.019409937888198756
44,2100,inhibitory,0,1.0869565217391304,0.5279503105590062,1.156832298136646
44,2101,inhibitory,0,1.0869565217391304,0.12810559006211175,1.1607142857142858
44,2102,excitatory,0,0.15527950310559005,1.2111801242236024,0.3998447204968944
44,2103,excitatory,0,0.0,0.0,0.0
44,2104,inhibitory,0,-1.9409937888198758,3.0318322981366466,-1.4479813664596275
44,2105,excitatory,0,1.0093167701863353,0.7919254658385092,0.8462732919254659
44,2107,excitatory,0,0.4658385093167703,-0.08152173913043481,0.29503105590062106
44,2108,inhibitory,1,-2.562111801242236,-1.6731366459627328,-2.996894409937888
44,2109,excitatory,0,0.3105590062111801,-0.06987577639751552,0.10869565217391303
44,2110,excitatory,0,-3.6490683229813667,-2.8571428571428568,-4.895186335403727
44,2111,excitatory,0,0.0,0.0,0.0
44,2113,excitatory,0,-0.4658385093167702,-0.8928571428571428,-0.7880434782608694
44,2114,excitatory,0,0.2329192546583851,0.16304347826086954,0.2523291925465838
44,2115,excitatory,0,-1.1645962732919255,-1.281055900621118,-1.0403726708074534
44,2116,excitatory,0,-0.07763975155279468,-0.007763975155279823,-0.10481366459627317
44,2117,excitatory,0,-0.07763975155279512,0.21350931677018625,0.3610248447204969
44,2118,excitatory,0,0.0,0.0,0.0
44,2119,excitatory,0,0.0,0.0,0.0
44,2120,excitatory,0,0.0,0.32608695652173914,0.02717391304347826
44,2121,inhibitory,1,-13.742236024844722,-7.534937888198757,-10.854037267080745
44,2122,excitatory,0,1.7857142857142856,0.951086956521739,1.5450310559006213
44,2124,excitatory,0,-4.580745341614907,-7.34472049689441,-5.423136645962733
44,2125,excitatory,0,0.0,-0.10869565217391304,-0.06987577639751552
44,2126,inhibitory,1,0.0,-0.019409937888198756,-0.08540372670807453
44,2127,excitatory,0,0.2329192546583851,0.6599378881987576,0.48524844720496896
44,2128,excitatory,0,-0.5434782608695663,-1.420807453416149,-0.799689440993788
44,2129,excitatory,0,0.0,0.0,0.003881987577639751
44,2131,inhibitory,0,-0.4658385093167702,-0.042701863354037264,-0.33385093167701857
44,2132,excitatory,0,-2.95031055900621,-4.2934782608695645,-6.281055900621116
44,2133,excitatory,0,0.15527950310559008,0.2329192546583851,0.18633540372670804
44,2134,inhibitory,0,2.329192546583851,2.8649068322981357,1.8944099378881987
44,2135,inhibitory,1,-23.83540372670807,-29.15372670807453,-22.290372670807454
44,2136,excitatory,0,-0.15527950310559002,0.3493788819875776,-0.09316770186335405
44,2137,excitatory,0,0.6987577639751553,1.7740683229813663,1.2422360248447206
44,2138,inhibitory,0,-23.913043478260875,-20.256211180124225,-20.232919254658384
44,2139,excitatory,0,-1.1645962732919255,-2.267080745341615,-1.2305900621118013
44,2140,excitatory,0,0.07763975155279502,0.015527950310559004,0.058229813664596265
44,2141,inhibitory,0,-4.114906832298139,2.7950310559006226,0.45419254658384745
44,2142,excitatory,0,0.7763975155279502,0.2523291925465838,0.6677018633540371
44,2143,excitatory,0,0.0,0.0,0.0
44,2144,inhibitory,0,0.0,0.007763975155279502,0.007763975155279502
44,2145,excitatory,0,-0.4658385093167702,-0.20186335403726707,-0.2717391304347826
44,2146,excitatory,0,10.015527950310556,13.761645962732917,6.137422360248447
44,2147,excitatory,0,-1.5527950310559002,-1.789596273291926,-1.8982919254658386
44,2148,excitatory,0,4.580745341614904,5.675465838509318,4.231366459627328
44,2149,inhibitory,0,-73.99068322981365,-48.04347826086956,-69.91071428571428
44,2150,excitatory,0,0.0,0.0,0.0
44,2151,excitatory,0,0.0,0.0,0.0
44,2152,excitatory,0,-4.270186335403727,-2.8183229813664594,-3.6024844720496887
44,2153,inhibitory,0,0.0,0.023291925465838508,0.007763975155279502
44,2154,inhibitory,0,0.8540372670807453,0.37267080745341613,-2.5427018633540373
44,2155,inhibitory,1,-16.61490683229814,-16.129658385093165,-15.636645962732917
44,2157,excitatory,0,0.0,0.0,0.0
44,2158,inhibitory,0,2.018633540372671,-0.46972049689440976,0.33773291925465854
44,2159,excitatory,0,0.0,0.07375776397515528,0.011645962732919254
44,2160,excitatory,0,1.0869565217391304,0.7453416149068322,0.6871118012422359
44,2161,excitatory,0,0.0,0.038819875776397506,-0.038819875776397506
44,2162,excitatory,0,0.0,0.0,0.0
44,2163,inhibitory,0,9.704968944099377,6.467391304347826,10.450310559006212
44,2164,excitatory,0,1.5527950310559007,1.595496894409938,1.3625776397515525
44,2165,excitatory,0,0.5434782608695652,1.7818322981366457,0.8035714285714286
44,2167,inhibitory,0,17.1583850931677,11.436335403726709,13.98291925465838
44,2168,excitatory,0,0.6987577639751552,1.0559006211180124,0.8229813664596273
44,2169,excitatory,0,0.0,0.0,0.0
44,2170,excitatory,0,0.0,0.07375776397515527,-0.003881987577639751
44,2171,excitatory,0,-0.15527950310559002,1.0597826086956519,0.5201863354037267
44,2172,excitatory,0,-0.15527950310559008,-0.39596273291925466,-0.40372670807453415
44,2173,excitatory,0,1.5527950310559004,1.203416149068323,1.1141304347826086
44,2174,excitatory,0,1.5527950310559004,3.5403726708074537,1.6420807453416146
44,2175,excitatory,0,0.0,0.019409937888198756,0.007763975155279502
44,2176,excitatory,0,7.763975155279502,11.925465838509316,9.35947204968944
44,2177,excitatory,0,-0.6987577639751557,1.0364906832298129,0.17857142857142883
44,2179,excitatory,0,0.0,-0.015527950310559004,0.0
44,2180,excitatory,0,0.0,0.011645962732919254,0.0
44,2181,excitatory,0,0.5434782608695654,0.13586956521739157,0.43478260869565233
44,2182,excitatory,0,-6.288819875776397,-1.9409937888198776,-6.005434782608694
44,2183,excitatory,0,0.4658385093167702,0.5007763975155278,0.41149068322981364
44,2184,excitatory,0,0.0,0.0,0.0
44,2185,inhibitory,0,1.3198757763975153,-0.283385093167702,0.10869565217391308
44,2186,excitatory,0,0.15527950310559008,0.4309006211180124,0.13198757763975155
44,2187,excitatory,0,-1.6304347826086953,-1.40527950310559,-1.0869565217391304
44,2188,excitatory,0,0.0,-0.04270186335403726,-0.007763975155279503
44,2190,excitatory,0,0.0,0.0,0.0
44,2191,excitatory,0,21.04037267080745,22.49611801242236,20.524068322981368
44,2192,inhibitory,0,-12.111801242236027,-4.386645962732921,-9.794254658385093
44,2193,excitatory,0,0.0,0.019409937888198756,0.003881987577639751
44,2194,inhibitory,0,6.9099378881987565,6.137422360248446,6.207298136645962
44,2195,excitatory,0,0.0,0.03493788819875776,0.003881987577639751
44,2197,inhibitory,0,20.574534161490682,12.224378881987574,18.68400621118012
44,2198,excitatory,0,-1.6304347826086958,-0.7375776397515525,-1.5178571428571423
44,2201,excitatory,0,9.161490683229813,15.236801242236023,8.303571428571429
44,2202,inhibitory,0,7.608695652173913,2.7057453416149073,6.184006211180123
44,2203,excitatory,0,0.0,0.05046583850931677,0.12422360248447203
44,2204,inhibitory,0,1.3198757763975155,2.170031055900621,1.5372670807453415
44,2205,excitatory,0,-0.2329192546583851,0.1746894409937888,-0.10481366459627328
44,2206,excitatory,0,0.15527950310559005,0.44254658385093165,0.5085403726708074
44,2207,excitatory,0,-0.6211180124223601,1.0093167701863353,0.027173913043478493
44,2208,inhibitory,0,11.568322981366459,7.263198757763975,11.440217391304348
44,2209,excitatory,0,1.3975155279503104,1.4790372670807452,1.638198757763975
44,2210,excitatory,0,0.4658385093167701,0.6133540372670807,0.5240683229813664
44,2212,inhibitory,1,-15.217391304347826,-14.965062111801242,-13.819875776397517
44,2213,excitatory,0,-1.6304347826086953,-0.43478260869565233,-0.6987577639751557
44,2214,inhibitory,0,2.717391304347826,-0.30279503105590067,4.309006211180123
44,2215,excitatory,0,0.0,0.05434782608695652,0.019409937888198756
44,2216,inhibitory,0,1.0093167701863353,3.2763975155279494,1.191770186335404
44,2217,excitatory,0,0.15527950310559005,0.05434782608695654,0.04658385093167702
44,2219,inhibitory,0,0.07763975155279501,0.0038819875776397728,-0.16692546583850926
44,2220,excitatory,0,-0.15527950310559008,-0.03881987577639753,-0.10481366459627328
44,2221,excitatory,0,1.1645962732919255,2.857142857142857,1.0520186335403725
44,2222,inhibitory,1,-0.15527950310559005,0.0,-0.058229813664596265
44,2223,excitatory,0,2.0186335403726705,2.270962732919254,1.6614906832298137
44,2224,excitatory,0,0.0,0.015527950310559004,0.0
44,2225,excitatory,0,-6.133540372670804,-10.03105590062112,-7.519409937888199
44,2226,excitatory,0,0.0,0.0,0.0
44,2227,excitatory,0,0.15527950310559005,0.12422360248447203,0.03493788819875776
44,2228,inhibitory,1,-0.2329192546583851,-0.2135093167701863,-0.17857142857142855
44,2229,excitatory,0,3.9596273291925463,3.2492236024844723,3.11723602484472
44,2230,excitatory,0,3.804347826086956,4.572981366459627,3.295807453416149
44,2231,excitatory,0,0.6211180124223603,0.4270186335403725,0.8889751552795031
44,2232,inhibitory,1,-0.4658385093167702,-1.0364906832298135,-0.8501552795031054
44,2233,excitatory,0,1.1645962732919255,-0.2717391304347827,0.9704968944099377
44,2234,excitatory,0,0.0,0.0,-0.007763975155279502
44,2235,inhibitory,0,0.854037267080745,1.7391304347826084,0.3454968944099379
44,2236,excitatory,0,-0.07763975155279502,0.05434782608695652,0.042701863354037264
44,2237,excitatory,0,0.15527950310559005,0.011645962732919256,0.06599378881987576
44,2238,excitatory,0,-0.4658385093167702,-0.2290372670807453,-0.11645962732919252
44,2239,excitatory,0,2.950310559006211,2.4572981366459627,2.445652173913043
44,2240,excitatory,0,-0.07763975155279502,-0.34549689440993786,-0.1746894409937888
44,2241,excitatory,0,0.0,0.0,0.0
44,2242,excitatory,0,-7.531055900621112,-5.120341614906835,-12.360248447204967
44,2243,excitatory,0,1.8633540372670805,1.7585403726708073,1.7973602484472049
44,2244,excitatory,0,-0.9316770186335397,0.283385093167702,-1.4945652173913038
44,2245,excitatory,0,0.0,0.0,0.0
44,2246,excitatory,0,0.3881987577639751,0.49301242236024834,0.32220496894409933
44,2247,excitatory,0,0.6211180124223602,0.09704968944099379,0.3299689440993789
44,2248,inhibitory,0,0.0,0.019409937888198756,0.015527950310559004
44,2250,excitatory,0,-0.2329192546583858,-3.6257763975155264,-0.6909937888198758
44,2251,excitatory,0,0.07763975155279512,-1.3781055900621118,0.3338509316770186
44,2252,excitatory,0,0.3881987577639751,2.8610248447204967,0.8035714285714285
44,2253,excitatory,0,0.9316770186335397,1.587732919254659,2.837732919254658
44,2254,excitatory,0,-3.1055900621118013,-4.452639751552795,-3.3152173913043472
44,2255,excitatory,0,-0.07763975155279501,-0.050465838509316796,-0.1125776397515528
44,2256,excitatory,0,0.07763975155279502,-0.28338509316770183,-0.03493788819875776
44,2257,excitatory,0,0.07763975155279501,0.03105590062111796,0.11257763975155277
44,2258,excitatory,0,0.0,-0.015527950310559004,0.0
44,2259,excitatory,0,0.3881987577639751,0.36878881987577644,0.2950310559006211
44,2260,excitatory,0,0.6987577639751552,0.5240683229813664,0.3920807453416149
44,2261,excitatory,0,9.70496894409938,6.801242236024844,6.129658385093167
44,2262,inhibitory,1,-12.577639751552793,-10.854037267080743,-9.402173913043478
44,2263,excitatory,0,2.018633540372671,2.593167701863354,2.9930124223602483
44,2266,inhibitory,0,-0.07763975155279502,0.0,-0.02717391304347826
44,2267,excitatory,0,0.0,-0.00388198757763975,0.015527950310559004
44,2268,excitatory,0,0.0,0.0,0.023291925465838508
44,2269,inhibitory,0,3.3385093167701863,5.034937888198757,4.914596273291925
44,2270,inhibitory,0,6.677018633540371,7.927018633540371,6.04037267080745
44,2271,excitatory,0,0.0,0.023291925465838508,0.011645962732919252
44,2272,excitatory,0,0.0,0.042701863354037264,0.03493788819875776
44,2273,inhibitory,0,11.18012422360248,10.896739130434781,14.079968944099381
44,2274,excitatory,0,0.07763975155279502,0.08540372670807453,0.09704968944099378
44,2275,excitatory,0,1.08695652173913,-1.1529503105590067,0.8540372670807459
44,2276,excitatory,0,-1.3975155279503113,-3.016304347826088,-2.166149068322981
44,2277,excitatory,0,-0.15527950310559002,-0.30279503105590055,-0.05434782608695654
44,2279,inhibitory,0,0.0,0.019409937888198753,-0.023291925465838505
44,2280,excitatory,0,-0.8540372670807453,-1.2111801242236022,-0.8656832298136645
44,2281,excitatory,0,-3.1055900621118013,-2.162267080745341,-1.4091614906832302
44,2282,inhibitory,0,6.211180124223603,-10.073757763975152,-6.024844720496894
44,2283,excitatory,0,0.0,0.0,0.0
44,2284,excitatory,0,0.7763975155279503,-0.8773291925465827,1.195652173913043
44,2285,excitatory,0,4.658385093167702,6.463509316770186,4.072204968944099
44,2286,excitatory,0,-1.8633540372670812,-2.115683229813662,-1.1335403726708062
44,2287,excitatory,0,-0.9316770186335401,2.049689440993789,0.2639751552795033
44,2288,excitatory,0,-6.288819875776397,-7.659161490683228,-7.232142857142858
44,2290,excitatory,0,-3.4161490683229814,-3.7655279503105588,-2.837732919254658
44,2291,excitatory,0,-0.5434782608695652,0.6055900621118012,-0.20186335403726696
44,2292,inhibitory,0,-0.07763975155279504,-0.03493788819875776,-0.06211180124223603
44,2293,inhibitory,1,-0.07763975155279502,-0.10481366459627328,-0.07375776397515527
44,2294,excitatory,0,0.6211180124223602,0.15527950310559013,0.2795031055900621
44,2296,excitatory,0,0.0,0.0,0.0
44,2297,excitatory,0,-0.46583850931677023,0.0,-0.5551242236024845
44,2298,excitatory,0,0.0,0.06211180124223602,0.023291925465838508
44,2299,inhibitory,0,2.950310559006211,2.9386645962732914,3.3889751552795024
44,2301,inhibitory,1,-47.43788819875776,-28.74223602484472,-48.30745341614906
44,2302,excitatory,0,0.5434782608695652,0.2523291925465837,0.48913043478260865
44,2303,inhibitory,0,0.6211180124223602,0.6055900621118012,0.5357142857142857
44,2304,excitatory,0,-15.062111801242235,-7.100155279503105,-15.698757763975156
44,2305,excitatory,0,0.0,0.0,0.0
44,2306,excitatory,0,0.0,0.18633540372670807,0.08928571428571427
44,2307,excitatory,0,1.9409937888198758,0.399844720496894,1.366459627329192
44,2308,excitatory,0,0.07763975155279502,0.15916149068322982,0.15527950310559005
44,2309,excitatory,0,-0.3881987577639751,-0.6327639751552795,-0.27173913043478254
44,2310,excitatory,0,-2.1739130434782616,-2.729037267080745,-1.7740683229813659
44,2311,excitatory,0,0.4658385093167702,0.39208074534161486,0.23291925465838514
44,2312,inhibitory,1,-16.226708074534162,-15.318322981366459,-16.40916149068323
44,2313,excitatory,0,-0.07763975155279502,0.06599378881987578,-0.08928571428571427
44,2314,excitatory,0,0.0,1.1684782608695652,0.7104037267080745
44,2315,excitatory,0,2.1739130434782603,2.006987577639751,2.0652173913043472
44,2316,excitatory,0,0.23291925465838506,0.2872670807453416,0.20962732919254656
44,2317,inhibitory,0,-0.15527950310559005,-0.18245341614906832,-0.10093167701863351
44,2318,inhibitory,0,0.3881987577639751,0.1708074534161491,0.3493788819875776
44,2319,excitatory,0,0.0,0.0,0.0
44,2320,excitatory,0,-1.242236024844721,-2.162267080745342,-0.20962732919254679
44,2321,excitatory,0,0.0,0.05046583850931677,0.02717391304347826
44,2322,excitatory,0,12.810559006211179,14.557453416149066,13.330745341614904
44,2323,excitatory,0,7.919254658385093,7.282608695652172,8.684006211180126
44,2325,excitatory,0,-0.15527950310559005,-0.34549689440993786,-0.06987577639751553
44,2326,excitatory,0,-18.866459627329192,-19.200310559006212,-19.3555900621118
44,2327,excitatory,0,0.0,0.0,0.0
44,2328,excitatory,0,-0.4658385093167701,-0.5590062111801242,-0.29891304347826086
44,2329,inhibitory,0,-5.357142857142858,-0.341614906832298,-3.412267080745341
44,2330,excitatory,0,-9.627329192546583,-10.159161490683225,-10.768633540372669
44,2331,excitatory,0,0.0,-0.023291925465838508,0.0
44,2333,excitatory,0,1.1645962732919255,1.2538819875776397,1.2034161490683228
44,2334,excitatory,0,-0.2329192546583851,-0.18245341614906832,-0.08928571428571429
44,2335,excitatory,0,0.15527950310559024,0.4891304347826084,-0.09704968944099424
44,2336,inhibitory,1,-2.950310559006211,-1.3004658385093166,-2.4728260869565215
44,2337,excitatory,0,0.3881987577639751,0.4464285714285714,0.4658385093167701
44,2338,inhibitory,0,-20.65217391304347,-8.598602484472046,-16.572204968944092
44,2339,excitatory,0,3.649068322981366,4.472049689440993,3.924689440993788
44,2340,excitatory,0,0.0,-0.019409937888198756,-0.015527950310559004
44,2341,inhibitory,0,5.978260869565217,0.7919254658385082,2.841614906832298
44,2342,excitatory,0,0.31055900621118004,-0.24068322981366475,-0.15527950310559024
44,2343,excitatory,0,0.0,0.0,0.0
44,2344,excitatory,0,0.6211180124223602,0.9937888198757764,0.5861801242236024
44,2345,excitatory,0,-34.70496894409938,-29.002329192546583,-35.49689440993789
44,2346,excitatory,0,0.0,0.0,0.003881987577639751
44,2347,excitatory,0,0.0,0.3416149068322981,0.16692546583850928
44,2348,excitatory,0,20.2639751552795,22.647515527950304,20.640527950310556
44,2349,excitatory,0,-0.07763975155279502,-0.1281055900621118,-0.042701863354037264
44,2350,inhibitory,0,1.1645962732919255,0.41149068322981364,0.888975155279503
44,2351,inhibitory,0,0.0,0.03493788819875776,0.2717391304347826
44,2352,excitatory,0,0.4658385093167702,0.3183229813664596,0.2795031055900621
44,2354,excitatory,0,2.7173913043478244,-0.38043478260869534,3.5597826086956523
44,2355,inhibitory,0,1.8633540372670805,1.1995341614906831,1.3198757763975155
44,2356,inhibitory,0,2.717391304347827,1.5489130434782616,0.9821428571428559
44,2357,excitatory,0,6.0559006211180115,3.361801242236025,6.894409937888198
44,2358,excitatory,0,9.316770186335402,7.150621118012422,8.004658385093165
44,2359,excitatory,0,0.6211180124223602,1.0015527950310559,0.7686335403726707
44,2360,excitatory,0,6.133540372670804,5.5124223602484435,3.408385093167702
44,2361,excitatory,0,0.4658385093167703,-0.13586956521739135,0.15139751552795033
44,2362,excitatory,0,1.0093167701863353,0.2678571428571428,0.5822981366459626
44,2364,excitatory,0,0.0,-0.027173913043478257,0.0
44,2365,excitatory,0,0.15527950310559005,1.6731366459627326,0.5201863354037267
44,2366,excitatory,0,0.07763975155279502,0.01940993788819876,-0.01940993788819876
44,2368,excitatory,0,0.6211180124223592,0.8423913043478262,0.6172360248447202
44,2369,excitatory,0,-0.15527950310559005,-0.06211180124223602,-0.08152173913043478
44,2370,excitatory,0,1.3975155279503109,1.2965838509316763,1.281055900621118
44,2371,excitatory,0,2.7173913043478244,-2.2981366459627317,-2.9192546583850927
44,2372,excitatory,0,0.31055900621118016,0.0854037267080745,0.01940993788819878
44,2373,excitatory,0,2.0962732919254656,1.7197204968944098,2.0768633540372665
44,2374,excitatory,0,6.6770186335403725,8.858695652173912,7.135093167701863
44,2375,excitatory,0,0.2329192546583851,0.24068322981366458,0.18245341614906832
44,2376,excitatory,0,-0.07763975155279501,-0.1630434782608695,-0.09316770186335399
44,2377,excitatory,0,5.667701863354036,5.912267080745342,6.273291925465838
44,2378,excitatory,0,0.0,0.0,0.0
44,2379,excitatory,0,0.07763975155279502,0.0,-0.015527950310559008
44,2380,excitatory,0,3.804347826086956,9.099378881987576,4.961180124223602
44,2381,excitatory,0,0.0,0.0,0.0
44,2382,excitatory,0,2.795031055900621,5.842391304347825,3.1715838509316763
44,2383,excitatory,0,0.0,0.058229813664596265,0.007763975155279502
44,2384,excitatory,0,0.38819875776397517,1.0170807453416146,0.6599378881987578
44,2385,excitatory,0,0.0,0.3493788819875776,0.15916149068322982
44,2386,excitatory,0,0.0,0.007763975155279502,0.09316770186335403
44,2388,inhibitory,0,3.260869565217391,3.4510869565217392,4.145962732919254
44,2389,excitatory,0,1.0869565217391304,2.49223602484472,1.2422360248447206
44,2390,inhibitory,1,-0.3105590062111801,-0.03881987577639751,-0.29503105590062106
44,2391,excitatory,0,-1.5527950310559007,-0.8695652173913043,-1.4324534161490678
44,2393,excitatory,0,0.5434782608695654,1.3742236024844718,1.2849378881987574
44,2394,excitatory,0,2.0186335403726705,4.4642857142857135,1.1180124223602486
44,2395,excitatory,0,0.15527950310559002,0.4231366459627329,0.24844720496894407
44,2396,excitatory,0,0.0,0.0,0.0
44,2397,excitatory,0,-0.15527950310559005,-0.07763975155279501,-0.11645962732919254
44,2398,excitatory,0,0.38819875776397494,1.529503105590062,0.4231366459627328
44,2399,excitatory,0,1.5527950310559007,1.6110248447204967,0.4037267080745348
44,2400,excitatory,0,0.0,0.0,0.0
44,2401,excitatory,0,0.2329192546583851,0.2368012422360248,0.03493788819875776
44,2402,inhibitory,1,23.369565217391305,1.8594720496894404,19.417701863354036
44,2403,excitatory,0,0.07763975155279502,0.15527950310559005,0.050465838509316754
44,2404,excitatory,0,1.0093167701863353,1.389751552795031,1.0986024844720494
44,2405,excitatory,0,0.0,0.0,-0.09316770186335403
44,2406,inhibitory,0,0.15527950310559002,-0.3027950310559006,0.16304347826086957
44,2407,inhibitory,0,2.484472049689441,0.9976708074534161,1.9604037267080745
44,2408,excitatory,0,-0.07763975155279502,0.019409937888198753,0.04270186335403728
44,2409,excitatory,0,0.7763975155279503,0.6482919254658384,1.1762422360248446
44,2410,excitatory,0,13.975155279503106,14.743788819875775,14.747670807453417
44,2411,inhibitory,0,7.298136645962732,9.514751552795031,0.5978260869565197
44,2412,excitatory,0,3.5714285714285707,4.188664596273291,3.330745341614906
44,2413,excitatory,0,6.444099378881987,3.8392857142857144,3.5675465838509313
44,2414,excitatory,0,2.562111801242237,3.357919254658384,2.6513975155279503
44,2415,excitatory,0,1.0869565217391304,2.6979813664596266,1.3625776397515525
44,2416,inhibitory,1,-17.701863354037265,-12.344720496894409,-18.796583850931675
44,2417,excitatory,0,0.6211180124223602,0.47360248447204967,0.44254658385093165
44,2418,excitatory,0,7.298136645962732,6.840062111801242,6.7430124223602474
44,2419,excitatory,0,0.0,0.13198757763975155,0.06599378881987578
44,2420,excitatory,0,2.7950310559006213,2.402950310559006,2.993012422360249
44,2421,excitatory,0,0.0,0.0,0.0
44,2422,excitatory,0,0.15527950310559005,0.04270186335403728,0.18633540372670804
44,2423,excitatory,0,2.562111801242236,2.1545031055900616,2.8144409937888195
44,2424,excitatory,0,8.229813664596271,11.83229813664596,8.866459627329192
44,2425,excitatory,0,0.0,0.0,0.0
44,2426,excitatory,0,0.07763975155279502,0.042701863354037264,0.046583850931677016
44,2427,inhibitory,1,-59.62732919254658,-45.26009316770186,-57.220496894409926
44,2429,excitatory,0,0.8540372670807452,0.1902173913043479,0.5279503105590062
44,2430,excitatory,0,0.0,0.0,0.0
44,2431,excitatory,0,0.31055900621118016,-0.1746894409937888,0.7763975155279503
44,2432,excitatory,0,-0.8540372670807459,-1.9448757763975166,-0.8850931677018634
44,2433,excitatory,0,0.0,-0.003881987577639751,0.0
44,2434,excitatory,0,0.0,0.05046583850931677,-0.003881987577639752
44,2435,excitatory,0,0.0,0.003881987577639751,0.007763975155279502
44,2436,excitatory,0,-0.23291925465838492,-0.3843167701863357,-0.29891304347826075
44,2438,excitatory,0,0.0,0.0,0.0
44,2439,inhibitory,1,-0.15527950310559005,0.0,-0.03881987577639751
44,2440,excitatory,0,0.07763975155279502,0.05046583850931677,0.023291925465838508
44,2444,excitatory,0,1.0093167701863353,0.8074534161490683,0.7142857142857142
44,2445,excitatory,0,0.0,0.046583850931677016,0.027173913043478257
44,2446,inhibitory,0,-7.841614906832305,-12.003105590062106,-8.986801242236012
44,2448,inhibitory,1,-1.0093167701863355,-1.8206521739130432,-1.5916149068322978
44,2450,excitatory,0,-0.2329192546583851,0.28338509316770183,-0.18245341614906835
44,2452,excitatory,0,-0.5434782608695652,-0.6638198757763975,-0.29891304347826086
44,2453,excitatory,0,0.0,0.38819875776397517,0.20962732919254667
44,2454,excitatory,0,0.6987577639751552,0.2445652173913042,0.4658385093167703
44,2455,inhibitory,0,32.60869565217391,36.59161490683229,31.137422360248436
44,2456,excitatory,0,-0.9316770186335397,1.41692546583851,2.9930124223602483
44,2457,excitatory,0,1.8633540372670803,2.0069875776397508,2.1195652173913038
44,2458,inhibitory,0,46.50621118012424,42.85326086956522,40.85791925465837
44,2459,excitatory,0,0.0,0.023291925465838508,-0.011645962732919254
44,2460,excitatory,0,0.0,0.05434782608695652,0.015527950310559004
44,2461,excitatory,0,0.07763975155279502,0.02717391304347826,0.015527950310559004
44,2462,excitatory,0,0.31055900621118004,0.19798136645962738,0.3183229813664596
44,2463,excitatory,0,-0.2329192546583851,-0.07375776397515527,-0.06211180124223603
44,2464,excitatory,0,0.5434782608695652,0.25621118012422356,0.11645962732919252
44,2465,excitatory,0,-0.7763975155279501,-0.8695652173913042,-0.5395962732919255
44,2466,excitatory,0,0.0,0.042701863354037264,0.0
44,2468,excitatory,0,5.667701863354037,7.616459627329191,4.716614906832298
44,2469,excitatory,0,-0.7763975155279503,-0.13198757763975166,-0.6638198757763973
44,2470,excitatory,0,-0.15527950310559005,0.019409937888198756,-0.027173913043478264
44,2471,excitatory,0,0.0,0.4852484472049689,0.1513975155279503
44,2473,inhibitory,0,-2.0186335403726687,3.986801242236023,4.875776397515526
44,2474,excitatory,0,0.23291925465838492,0.35714285714285765,0.4192546583850927
44,2475,excitatory,0,0.0,0.0,0.17080745341614906
44,2477,excitatory,0,15.683229813664596,17.76009316770186,14.17701863354037
44,2478,excitatory,0,0.0,0.0,0.0
44,2479,inhibitory,0,7.841614906832298,0.5007763975155228,7.364130434782616
44,2480,inhibitory,0,10.559006211180122,8.09394409937888,9.239130434782608
44,2481,excitatory,0,-17.31366459627329,-18.482142857142854,-18.88975155279503
44,2482,excitatory,0,0.3105590062111805,1.5799689440993783,0.741459627329192
44,2484,excitatory,0,0.2329192546583851,0.3377329192546583,0.1591614906832298
44,2485,excitatory,0,1.5527950310559007,1.0287267080745341,0.5822981366459627
44,2486,excitatory,0,0.15527950310559005,-0.11257763975155277,0.26785714285714285
44,2488,excitatory,0,-6.288819875776396,-7.670807453416149,-5.131987577639752
44,2489,inhibitory,0,4.192546583850931,5.7142857142857135,5.403726708074533
44,2490,excitatory,0,0.15527950310559005,0.007763975155279502,0.06211180124223602
44,2491,excitatory,0,0.7763975155279502,2.1001552795031055,0.6832298136645962
44,2492,excitatory,0,0.8540372670807452,2.2476708074534164,0.2678571428571428
44,2493,excitatory,0,0.0,0.0,0.0
44,2494,inhibitory,0,-1.6304347826086882,1.0714285714285694,6.114130434782602
44,2495,excitatory,0,1.5527950310559007,5.240683229813662,-0.10869565217391397
44,2496,excitatory,0,0.0,-0.06599378881987578,-0.007763975155279502
44,2497,excitatory,0,-0.07763975155279502,-0.011645962732919256,0.07375776397515528
44,2498,excitatory,0,0.38819875776397494,0.9510869565217392,0.749223602484472
44,2500,excitatory,0,-6.288819875776397,-10.44642857142857,-9.285714285714285
44,2501,excitatory,0,2.872670807453416,3.8276397515527947,2.744565217391304
44,2502,excitatory,0,-6.366459627329192,-3.637422360248447,-2.2515527950310563
44,2503,inhibitory,0,-2.562111801242236,-1.5993788819875774,-2.010869565217391
44,2504,excitatory,0,0.0,0.0,0.0
44,2505,excitatory,0,-0.15527950310559024,-0.24068322981366563,-0.0854037267080745
44,2506,excitatory,0,0.3881987577639751,0.1902173913043478,0.26009316770186336
44,2507,inhibitory,0,1.2422360248447204,0.2795031055900621,1.121894409937888
44,2508,inhibitory,0,-11.102484472049687,-2.6397515527950297,-11.118012422360247
44,2509,excitatory,0,2.562111801242236,4.095496894409938,2.732919254658385
44,2510,excitatory,0,-1.6304347826086958,-1.0015527950310563,-1.5722049689440993
44,2512,excitatory,0,2.1739130434782608,2.8649068322981366,2.1777950310559007
44,2513,excitatory,0,0.0,0.0,0.0
44,2514,excitatory,0,6.987577639751552,20.42313664596273,10.27562111801242
44,2515,inhibitory,0,5.590062111801238,1.9060559006211122,5.70652173913043
44,2516,excitatory,0,4.192546583850932,5.675465838509318,2.1312111801242235
44,2517,excitatory,0,-7.60869565217391,-11.339285714285715,-9.883540372670808
44,2518,excitatory,0,12.499999999999996,22.697981366459622,12.224378881987576
44,2519,excitatory,0,-3.6490683229813663,-3.470496894409937,-3.1482919254658386
44,2520,excitatory,0,0.0,0.0,0.0
44,2521,excitatory,0,0.0,0.22903726708074534,0.05046583850931677
44,2522,excitatory,0,-0.4658385093167702,-0.6211180124223602,-0.43478260869565216
44,2523,excitatory,0,1.5527950310559007,2.8920807453416146,1.9332298136645962
44,2524,excitatory,0,18.711180124223596,16.54114906832298,17.68633540372671
44,2525,excitatory,0,0.3881987577639751,1.1180124223602483,0.5978260869565217
44,2526,excitatory,0,0.15527950310559005,0.18633540372670807,0.11645962732919252
44,2527,excitatory,0,13.975155279503102,19.274068322981364,16.603260869565215
44,2528,excitatory,0,0.0,-1.168478260869565,-0.3377329192546583
44,2529,excitatory,0,0.0,0.0,0.0
44,2530,excitatory,0,0.6211180124223605,3.12888198757764,1.9138198757763973
44,2531,excitatory,0,0.0,0.023291925465838508,0.011645962732919254
44,2532,inhibitory,1,-0.3105590062111801,-0.2600931677018633,-0.4464285714285714
44,2533,excitatory,0,0.0,0.003881987577639751,0.02717391304347826
44,2534,excitatory,0,1.8633540372670807,2.930900621118012,2.274844720496894
44,2535,excitatory,0,0.0,0.03105590062111801,0.0
44,2536,excitatory,0,0.0,0.003881987577639751,-0.023291925465838508
44,2537,excitatory,0,1.3975155279503104,-0.1086956521739122,1.479037267080745
44,2538,inhibitory,0,-12.577639751552795,0.13198757763975166,-9.980590062111801
44,2539,excitatory,0,0.0,-0.015527950310559004,-0.011645962732919254
44,2540,excitatory,0,1.5527950310559007,1.4363354037267082,1.3509316770186335
44,2541,inhibitory,1,0.0,-0.16304347826086954,-0.023291925465838508
44,2542,excitatory,0,0.0,-0.046583850931677016,-0.011645962732919254
44,2543,inhibitory,0,18.866459627329192,13.474378881987576,14.398291925465838
44,2544,excitatory,0,4.192546583850934,9.503105590062109,6.83229813664596
44,2545,excitatory,0,3.4937888198757765,8.72670807453416,4.157608695652173
44,2546,excitatory,0,0.15527950310559005,0.011645962732919256,0.06987577639751553
44,2547,excitatory,0,-0.5434782608695652,-0.09316770186335403,-0.24456521739130432
44,2548,excitatory,0,0.0,0.0,0.011645962732919254
44,2549,inhibitory,0,13.509316770186334,15.256211180124222,14.673913043478258
44,2550,excitatory,0,0.07763975155279502,0.18633540372670804,0.2523291925465838
44,2551,inhibitory,0,10.559006211180124,10.45031055900621,10.74145962732919
44,2552,excitatory,0,1.6304347826086953,3.986801242236025,3.5093167701863344
44,2553,inhibitory,0,7.763975155279503,6.1102484472049685,5.753105590062111
44,2554,excitatory,0,0.0,0.003881987577639751,0.0
44,2555,excitatory,0,0.0,-0.011645962732919256,-0.007763975155279502
44,2556,excitatory,0,0.0,0.003881987577639751,0.0
44,2557,excitatory,0,2.6397515527950306,2.061335403726707,2.2399068322981366
44,2558,excitatory,0,0.0,0.07375776397515527,0.1591614906832298
44,2559,inhibitory,0,-1.086956521739129,-3.0512422360248443,1.141304347826086
44,2560,excitatory,0,0.31055900621118004,2.441770186335403,1.2732919254658384
44,2561,excitatory,0,-3.0279503105590067,-4.607919254658384,-4.2973602484472035
44,2562,excitatory,0,0.23291925465838506,0.20962732919254656,0.12034161490683229
44,2563,excitatory,0,0.2329192546583851,0.1785714285714285,0.02717391304347827
44,2565,excitatory,0,-29.891304347826093,-41.96816770186335,-34.324534161490675
44,2566,inhibitory,0,-69.95341614906832,-52.79503105590061,-68.80046583850931
44,2567,excitatory,0,0.0,0.4076086956521739,0.11257763975155279
44,2568,excitatory,0,0.0,-0.003881987577639751,0.007763975155279503
44,2569,excitatory,0,-0.3105590062111801,-0.09704968944099379,-0.08152173913043476
44,2570,excitatory,0,-0.8540372670807459,0.10869565217391308,-0.20574534161490554
44,2571,excitatory,0,1.1645962732919255,-0.12810559006211264,0.8385093167701871
44,2572,excitatory,0,13.354037267080745,16.180124223602483,13.815993788819876
44,2573,excitatory,0,0.0,0.0,0.0
44,2574,excitatory,0,-3.1832298136645925,-10.019409937888199,-7.94254658385093
44,2575,excitatory,0,-0.6211180124223601,-0.993788819875776,-0.7880434782608696
44,2576,excitatory,0,1.1645962732919255,3.187111801242235,2.3097826086956523
44,2577,excitatory,0,0.07763975155279502,0.07763975155279502,0.015527950310559004
44,2578,excitatory,0,-0.07763975155279502,-0.19409937888198756,-0.09704968944099379
44,2579,excitatory,0,16.53726708074534,32.41459627329192,17.880434782608695
44,2580,excitatory,0,10.015527950310563,12.694099378881987,10.667701863354036
44,2581,excitatory,0,1.0093167701863353,0.7453416149068319,0.4891304347826084
44,2582,excitatory,0,0.15527950310559113,0.1979813664596275,0.05434782608695521
44,2583,excitatory,0,0.7763975155279503,2.841614906832298,1.642080745341615
44,2585,inhibitory,0,-0.23291925465839114,-3.2142857142857153,-2.100155279503106
44,2586,inhibitory,0,75.23291925465838,57.83385093167702,70.1086956521739
44,2587,excitatory,0,0.07763975155279502,0.3804347826086956,0.042701863354037264
44,2590,excitatory,0,-0.07763975155279502,-0.05046583850931677,-0.007763975155279504
44,2591,excitatory,0,0.5434782608695654,1.770186335403726,0.1009316770186337
44,2592,excitatory,0,-16.459627329192543,-18.95186335403727,-18.800465838509318
44,2593,excitatory,0,0.07763975155279502,-0.003881987577639745,-0.042701863354037264
44,2594,excitatory,0,0.23291925465838506,0.046583850931676996,0.19798136645962733
44,2595,inhibitory,0,3.8819875776397508,5.240683229813664,1.9448757763975157
44,2596,excitatory,0,0.0,0.0,0.0
44,2597,inhibitory,1,-3.4161490683229814,-2.915372670807453,-3.5209627329192545
44,2598,excitatory,0,1.8633540372670805,1.5372670807453415,1.7740683229813663
44,2599,inhibitory,0,0.15527950310559005,0.13975155279503104,0.18245341614906832
44,2600,inhibitory,1,-6.909937888198758,-7.826086956521738,-7.305900621118012
44,2601,excitatory,0,0.15527950310559005,0.3571428571428571,0.1436335403726708
44,2602,excitatory,0,0.9316770186335404,0.9200310559006211,0.8229813664596273
44,2603,inhibitory,0,9.083850931677016,19.099378881987576,12.507763975155278
44,2604,inhibitory,0,0.07763975155279502,0.8928571428571428,0.8307453416149068
44,2605,excitatory,0,0.0,0.0,0.0
44,2606,excitatory,0,0.7763975155279506,0.7220496894409933,1.3004658385093169
44,2607,excitatory,0,0.07763975155279502,-0.011645962732919254,0.007763975155279504
44,2609,inhibitory,1,0.2329192546583851,-0.20574534161490682,0.1591614906832298
44,2610,excitatory,0,0.0,0.0,0.0
44,2611,excitatory,0,-11.801242236024844,-13.57919254658385,-13.854813664596273
44,2613,excitatory,0,-0.31055900621118016,-0.6677018633540373,-0.2678571428571429
44,2614,excitatory,0,0.0,0.011645962732919254,0.0
44,2615,inhibitory,0,21.816770186335404,22.465062111801238,17.907608695652172
44,2616,inhibitory,0,-2.7173913043478253,-0.9976708074534164,-4.1304347826086945
44,2617,excitatory,0,0.2329192546583851,0.6055900621118012,0.2600931677018633
44,2618,excitatory,0,1.164596273291925,3.016304347826087,2.1428571428571423
44,2619,inhibitory,0,5.124223602484473,4.592391304347825,5.908385093167701
44,2620,excitatory,0,0.4658385093167702,1.700310559006211,1.2694099378881987
44,2621,excitatory,0,4.192546583850931,10.570652173913043,5.512422360248446
44,2622,excitatory,0,-0.07763975155279507,0.03105590062111807,0.09316770186335399
44,2623,excitatory,0,0.0,0.0,0.0
44,2624,excitatory,0,0.0,0.0,0.0
44,2625,excitatory,0,-0.3881987577639751,-1.0714285714285714,-0.4425465838509317
44,2626,excitatory,0,0.15527950310559005,1.1024844720496891,0.5124223602484471
44,2627,excitatory,0,-6.83229813664596,-5.551242236024848,-4.646739130434781
44,2628,excitatory,0,1.164596273291925,0.8967391304347823,1.2888198757763978
44,2629,excitatory,0,0.07763975155279502,-0.031055900621118005,0.027173913043478257
44,2630,excitatory,0,0.0,0.02717391304347827,0.05822981366459626
44,2631,excitatory,0,0.07763975155279502,0.07763975155279502,0.05046583850931677
44,2633,excitatory,0,-0.46583850931676984,-1.7507763975155282,-0.5978260869565215
44,2634,excitatory,0,6.211180124223603,6.273291925465838,5.419254658385093
44,2635,excitatory,0,0.15527950310559005,0.1591614906832298,0.12034161490683229
44,2637,excitatory,0,0.0,0.06599378881987578,0.003881987577639751
44,2639,inhibitory,0,0.15527950310559005,0.2833850931677019,0.42701863354037267
44,2641,excitatory,0,1.2422360248447202,1.0170807453416142,-0.3493788819875778
44,2642,excitatory,0,10.791925465838508,17.04192546583851,12.123447204968944
44,2643,excitatory,0,1.9409937888198758,6.164596273291925,2.6048136645962727
44,2644,excitatory,0,-2.950310559006211,-2.2554347826086953,-2.0885093167701863
44,2645,excitatory,0,0.07763975155279502,0.5667701863354037,0.18633540372670807
44,2646,excitatory,0,0.0,0.03881987577639751,0.003881987577639751
44,2647,excitatory,0,7.531055900621116,7.787267080745341,7.919254658385093
44,2648,excitatory,0,0.3881987577639751,0.17857142857142855,0.30667701863354035
44,2650,excitatory,0,9.627329192546583,9.50310559006211,8.815993788819876
44,2651,excitatory,0,0.3881987577639751,0.20962732919254656,0.5007763975155278
44,2652,excitatory,0,0.7763975155279501,-0.39596273291925455,0.48913043478260865
44,2656,inhibitory,0,0.0,-0.011645962732919263,0.2911490683229814
44,2657,excitatory,0,0.7763975155279503,0.8268633540372671,0.5201863354037266
44,2658,excitatory,0,-0.15527950310559024,-0.39208074534161486,-0.12422360248447195
44,2659,inhibitory,0,53.80434782608695,35.57453416149068,52.74844720496895
44,2660,inhibitory,0,3.260869565217391,0.7569875776397514,2.045807453416149
44,2661,excitatory,0,0.0,0.003881987577639751,0.0
44,2662,excitatory,0,1.7857142857142856,3.5248447204968945,2.0574534161490683
44,2664,excitatory,0,0.07763975155279502,0.22127329192546583,0.10093167701863354
44,2665,inhibitory,0,-9.627329192546583,-13.202639751552795,-19.107142857142847
44,2666,excitatory,0,0.0,0.0,-0.40372670807453415
44,2667,excitatory,0,-0.2329192546583851,-0.22903726708074545,0.09704968944099385
44,2668,inhibitory,0,-59.239130434782595,-60.912267080745345,-73.55978260869564
44,2669,excitatory,0,-1.7857142857142854,-2.4223602484472044,-1.7391304347826084
44,2670,excitatory,0,-0.621118012422361,-3.121118012422361,-1.3509316770186341
44,2671,excitatory,0,-0.38819875776397517,-1.1296583850931676,-0.2445652173913042
44,2673,excitatory,0,0.0,0.10093167701863354,0.07763975155279502
44,2674,excitatory,0,2.639751552795031,2.5310559006211175,2.4883540372670803
44,2675,excitatory,0,-1.0093167701863353,-0.7492236024844718,-0.5124223602484475
44,2676,inhibitory,0,5.667701863354036,5.357142857142856,5.912267080745341
44,2677,excitatory,0,1.6304347826086956,3.971273291925465,2.1001552795031055
44,2678,excitatory,0,0.0,0.007763975155279502,0.0
44,2679,excitatory,0,0.0,0.007763975155279502,0.0
44,2680,excitatory,0,0.07763975155279502,0.007763975155279502,0.06211180124223602
44,2681,excitatory,0,-0.854037267080745,-0.7608695652173916,-0.8734472049689437
44,2683,excitatory,0,0.07763975155279502,0.08152173913043478,0.06211180124223602
44,2684,excitatory,0,0.0,0.0,-0.003881987577639751
44,2685,excitatory,0,0.07763975155279512,2.4068322981366457,1.106366459627329
44,2686,inhibitory,0,5.978260869565217,5.807453416149068,7.107919254658383
44,2687,excitatory,0,3.260869565217391,3.447204968944099,3.3035714285714284
44,2688,inhibitory,0,4.736024844720504,-1.009316770186338,1.4091614906832248
44,2689,excitatory,0,0.6211180124223602,0.5318322981366459,0.3765527950310559
44,2690,excitatory,0,-0.2329192546583851,0.31444099378881984,0.20962732919254662
44,2692,excitatory,0,-0.23291925465838492,-0.7220496894409933,-0.450310559006212
44,2693,inhibitory,0,1.0869565217391304,-0.29891304347826086,0.578416149068323
44,2694,excitatory,0,5.124223602484472,6.88664596273292,4.934006211180123
44,2695,excitatory,0,0.0,0.16304347826086957,0.1979813664596273
44,2696,excitatory,0,0.5434782608695652,0.3299689440993789,0.24844720496894412
44,2698,excitatory,0,0.9316770186335402,1.0791925465838508,1.09472049689441
44,2699,excitatory,0,-0.46583850931677007,-2.371894409937888,-0.4619565217391304
44,2700,excitatory,0,0.2329192546583851,-0.17468944099378877,0.19409937888198756
44,2701,inhibitory,0,-7.531055900621116,0.4580745341614918,-4.243012422360248
44,2702,excitatory,0,0.0,0.0,0.0
44,2703,excitatory,0,0.0,0.0,0.0
44,2705,excitatory,0,-6.599378881987577,-9.813664596273291,-7.690217391304347
44,2706,excitatory,0,0.0,0.0,0.0
44,2707,excitatory,0,12.499999999999998,15.357142857142854,12.453416149068325
44,2708,inhibitory,0,10.481366459627328,12.880434782608694,12.115683229813664
44,2710,excitatory,0,1.8633540372670807,2.104037267080745,1.5372670807453417
44,2711,excitatory,0,0.0,0.0,0.0
44,2713,excitatory,0,-0.07763975155279512,0.00776397515527949,-0.11257763975155277
44,2714,excitatory,0,18.86645962732919,23.113354037267076,19.2973602484472
44,2715,excitatory,0,0.3105590062111801,0.22903726708074532,0.28338509316770183
44,2716,excitatory,0,0.0,-0.015527950310559006,0.0
44,2717,excitatory,0,2.096273291925466,1.5760869565217392,1.9254658385093166
44,2718,inhibitory,0,0.9316770186335406,1.5683229813664599,1.5256211180124222
44,2719,excitatory,0,3.416149068322981,6.603260869565217,3.7111801242236027
44,2720,excitatory,0,0.0,0.015527950310559004,0.015527950310559004
44,2721,excitatory,0,3.1055900621118013,10.368788819875775,5.578416149068323
44,2722,excitatory,0,-0.15527950310559005,-0.03493788819875776,-0.03881987577639751
44,2723,excitatory,0,0.0,0.0,0.0
44,2724,excitatory,0,0.07763975155279502,0.20574534161490682,0.03105590062111801
44,2725,excitatory,0,-0.07763975155279502,0.015527950310559,-0.058229813664596265
44,2726,excitatory,0,0.0,0.0,0.0
44,2727,excitatory,0,-3.1832298136645965,-5.116459627329192,-5.174689440993788
44,2728,excitatory,0,-0.3881987577639751,-0.42313664596273287,-0.27562111801242234
44,2729,excitatory,0,0.0,0.08540372670807453,0.02717391304347826
44,2730,inhibitory,1,-12.344720496894409,-8.618012422360248,-10.978260869565217
44,2731,excitatory,0,0.0,0.0,0.0
44,2732,inhibitory,0,4.270186335403727,9.716614906832298,6.603260869565217
44,2733,excitatory,0,3.027950310559006,3.3229813664596266,2.562111801242236
44,2734,excitatory,0,-1.7080745341614936,0.08540372670807628,-0.007763975155278047
44,2735,excitatory,0,1.3198757763975153,1.0131987577639752,0.5822981366459627
44,2736,excitatory,0,-0.15527950310558936,-0.3726708074534173,0.7259316770186324
44,2737,excitatory,0,-6.0559006211180115,-4.095496894409939,-3.0357142857142847
44,2738,excitatory,0,0.0,0.007763975155279502,0.0
44,2739,excitatory,0,0.0,0.0,0.0
44,2741,excitatory,0,0.0,0.08928571428571427,0.03881987577639751
44,2742,excitatory,0,0.0,0.042701863354037264,0.007763975155279502
44,2743,excitatory,0,0.0,-0.003881987577639751,0.0
44,2744,inhibitory,1,-9.394409937888197,-13.586956521739129,-8.940217391304348
44,2745,excitatory,0,0.3881987577639751,0.28726708074534163,0.3416149068322981
44,2746,excitatory,0,0.4658385093167701,0.5628881987577639,0.4153726708074534
44,2749,inhibitory,0,1.9409937888198758,3.575310559006211,2.4378881987577636
44,2750,excitatory,0,7.298136645962732,7.391304347826086,7.131211180124222
44,2751,excitatory,0,0.15527950310559008,0.10481366459627339,0.16304347826086957
44,2752,excitatory,0,0.07763975155279502,0.003881987577639751,0.12034161490683229
44,2753,excitatory,0,0.0776397515527949,0.7259316770186337,-0.6521739130434782
44,2754,excitatory,0,1.0869565217391304,1.5605590062111798,1.0209627329192545
44,2755,excitatory,0,1.4751552795031055,1.929347826086956,1.1878881987577639
44,2756,excitatory,0,4.580745341614907,3.1366459627329206,0.03881987577639734
44,2757,inhibitory,1,-14.51863354037267,-9.572981366459627,-14.518633540372669
44,2758,excitatory,0,1.0869565217391304,2.977484472049689,1.3781055900621118
44,2759,inhibitory,0,30.27950310559006,13.474378881987576,23.17934782608696
44,2760,inhibitory,0,-60.9472049689441,-61.99534161490682,-63.81987577639751
44,2761,excitatory,0,0.7763975155279502,0.8190993788819875,0.8074534161490683
44,2762,excitatory,0,0.15527950310559005,0.10481366459627328,0.1436335403726708
44,2763,excitatory,0,7.686335403726708,15.314440993788818,7.507763975155279
44,2764,excitatory,0,0.0,0.0,0.0
44,2765,excitatory,0,-0.6211180124223602,-0.656055900621118,-0.3726708074534161
44,2766,excitatory,0,16.53726708074534,17.62422360248447,11.071428571428571
44,2767,excitatory,0,0.0,-0.05046583850931677,-0.007763975155279502
44,2768,excitatory,0,1.1645962732919255,1.6149068322981366,1.4596273291925463
44,2769,excitatory,0,0.38819875776397517,1.1102484472049687,0.5628881987577639
44,2770,excitatory,0,1.1645962732919255,2.2864906832298137,0.9821428571428577
44,2771,excitatory,0,0.0,0.0,0.0
44,2772,excitatory,0,-0.07763975155279502,-0.26785714285714285,-0.05434782608695651
44,2773,excitatory,0,0.0,0.03105590062111801,0.0
44,2775,excitatory,0,2.4844720496894404,2.775621118012422,3.1133540372670807
44,2776,inhibitory,1,-8.074534161490684,-3.975155279503105,-7.34083850931677
44,2777,inhibitory,1,-27.329192546583847,-45.05434782608695,-38.45496894409937
44,2779,excitatory,0,-2.0962732919254656,-0.5473602484472053,-1.5139751552795033
44,2780,excitatory,0,0.2329192546583851,0.16304347826086957,0.03881987577639751
44,2781,inhibitory,0,0.6211180124223601,1.137422360248447,0.7569875776397517
44,2783,excitatory,0,0.0,0.5667701863354038,0.2057453416149068
44,2784,excitatory,0,-0.07763975155279502,-0.2523291925465838,-0.22515527950310554
44,2785,inhibitory,0,19.25465838509317,14.50698757763975,19.607919254658384
44,2786,excitatory,0,3.260869565217391,2.569875776397515,1.987577639751553
44,2788,excitatory,0,-0.6987577639751557,-2.7096273291925463,-1.308229813664596
44,2789,inhibitory,0,1.0869565217391304,0.6055900621118011,0.8850931677018633
44,2791,excitatory,0,0.0,0.0,0.0
44,2792,inhibitory,0,20.80745341614906,42.88819875776397,10.590062111801245
44,2793,inhibitory,0,0.07763975155279502,0.3804347826086956,0.12422360248447203
44,2794,excitatory,0,0.0,0.0,0.0
44,2795,excitatory,0,0.0,0.0,0.0
44,2796,excitatory,0,6.0559006211180115,6.820652173913043,4.988354037267081
44,2798,inhibitory,1,-1.3975155279503104,-1.075310559006211,-1.3781055900621118
44,2800,excitatory,0,3.804347826086956,8.462732919254657,3.839285714285714
44,2801,excitatory,0,26.708074534161486,42.90760869565217,28.18711180124223
44,2802,excitatory,0,4.503105590062111,6.673136645962732,5.760869565217391
44,2803,excitatory,0,0.3105590062111801,0.38431677018633525,0.17857142857142855
44,2804,excitatory,0,0.9316770186335406,1.6343167701863353,1.2888198757763973
44,2805,excitatory,0,0.5434782608695645,1.0636645962732922,0.7686335403726714
44,2806,excitatory,0,-0.15527950310559002,0.08152173913043476,-0.22515527950310554
44,2807,excitatory,0,1.3198757763975153,2.6513975155279503,1.0481366459627328
44,2808,excitatory,0,-0.46583850931676984,0.512422360248447,-1.5954968944099388
44,2809,excitatory,0,0.3105590062111801,0.18633540372670807,0.5512422360248447
44,2810,excitatory,0,0.0,0.058229813664596265,0.007763975155279502
44,2812,inhibitory,0,-1.5527950310559002,0.01552795031055898,-0.31832298136645987
44,2813,excitatory,0,1.2422360248447202,1.436335403726708,1.467391304347826
44,2814,excitatory,0,-0.2329192546583851,0.03493788819875776,0.3377329192546583
44,2816,excitatory,0,0.0,-0.003881987577639751,0.0
44,2817,excitatory,0,1.7080745341614907,2.3641304347826084,1.762422360248447
44,2818,excitatory,0,0.0,-0.003881987577639752,0.07375776397515527
44,2819,inhibitory,0,1.2422360248447204,1.1335403726708073,0.8850931677018634
44,2821,excitatory,0,0.0,0.003881987577639751,0.0
44,2822,excitatory,0,0.0,0.0,0.0
44,2823,inhibitory,0,20.263975155279503,23.29192546583851,20.574534161490682
44,2824,excitatory,0,0.4658385093167703,-1.7119565217391304,0.3144409937888195
44,2825,excitatory,0,4.580745341614906,3.4782608695652173,1.8051242236024843
44,2826,excitatory,0,-1.08695652173913,-1.9099378881987574,-1.1490683229813659
44,2827,inhibitory,1,-98.4472049689441,-110.67158385093167,-107.95807453416148
44,2828,excitatory,0,9.860248447204969,10.570652173913041,7.729037267080743
44,2829,excitatory,0,-1.5527950310559007,0.22515527950310554,-1.482919254658385
44,2830,excitatory,0,0.0,0.0,0.0
44,2831,inhibitory,1,-24.767080745341616,-20.877329192546583,-24.402173913043477
44,2832,excitatory,0,0.38819875776397517,0.8423913043478259,0.39596273291925455
44,2833,excitatory,0,1.164596273291925,1.1840062111801242,1.141304347826087
44,2834,excitatory,0,0.0,0.0698757763975153,0.0698757763975153
44,2835,excitatory,0,-0.5434782608695652,-0.21739130434782616,-0.2756211180124224
44,2836,excitatory,0,0.0,0.023291925465838508,0.0
44,2837,excitatory,0,0.2329192546583851,0.14751552795031053,0.05822981366459627
44,2838,excitatory,0,-0.15527950310559013,1.4402173913043477,0.2795031055900621
44,2839,excitatory,0,0.0,0.0,0.0
44,2840,inhibitory,0,1.1645962732919253,-0.10869565217391303,0.8346273291925466
44,2842,excitatory,0,0.0,0.007763975155279502,0.003881987577639751
44,2843,excitatory,0,0.0,0.003881987577639751,0.007763975155279502
44,2844,excitatory,0,0.0,0.023291925465838508,0.003881987577639751
44,2845,excitatory,0,-0.07763975155279501,-0.1475155279503106,-0.11257763975155277
44,2848,excitatory,0,0.3105590062111801,0.06599378881987578,0.22515527950310557
44,2849,excitatory,0,0.8540372670807455,0.9161490683229814,0.7841614906832298
44,2850,excitatory,0,2.0962732919254656,1.5411490683229812,1.8749999999999998
44,2851,inhibitory,0,-1.6304347826086958,-0.341614906832298,-1.0908385093167698
44,2853,excitatory,0,-5.201863354037265,-0.341614906832298,-6.622670807453414
44,2854,excitatory,0,-0.8540372670807453,0.04658385093167716,0.05434782608695654
44,2855,excitatory,0,0.38819875776397517,0.48524844720496885,0.2911490683229814
44,2856,excitatory,0,0.0,0.0,0.0
44,2859,excitatory,0,-1.0093167701863353,-0.3687888198757764,-0.27562111801242234
44,2860,inhibitory,0,6.211180124223602,4.782608695652174,6.180124223602484
44,2861,excitatory,0,0.0,0.0,0.0
44,2862,excitatory,0,1.7857142857142856,2.9813664596273286,1.9914596273291922
44,2863,inhibitory,0,10.248447204968944,10.221273291925465,13.163819875776397
44,2864,excitatory,0,0.07763975155279502,0.07763975155279502,0.10869565217391304
44,2865,excitatory,0,1.2422360248447202,1.424689440993788,1.0054347826086962
44,2866,excitatory,0,2.32919254658385,5.4386645962732905,2.092391304347826
44,2867,excitatory,0,-0.23291925465838514,0.39984472049689446,0.16304347826086918
44,2868,excitatory,0,7.453416149068323,6.261645962732919,6.315993788819875
44,2869,excitatory,0,-0.15527950310559008,-0.7686335403726707,-0.2678571428571428
44,2870,excitatory,0,0.0,-0.01940993788819876,0.019409937888198756
44,2872,excitatory,0,0.6211180124223603,0.640527950310559,0.5007763975155279
44,2873,excitatory,0,-3.8819875776397517,-1.5489130434782608,-3.629658385093168
44,2874,inhibitory,0,-3.493788819875789,1.1878881987577756,-2.8454968944099335
44,2875,excitatory,0,-0.15527950310559005,0.17857142857142858,-0.031055900621118016
44,2877,excitatory,0,-0.6987577639751557,1.7740683229813667,-2.0069875776397517
44,2878,inhibitory,0,10.559006211180122,7.5310559006211175,6.4440993788819885
44,2879,excitatory,0,0.07763975155279502,0.05046583850931677,0.003881987577639751
44,2880,excitatory,0,0.1552795031055898,1.7507763975155277,0.9472049689440989
44,2882,excitatory,0,0.5434782608695652,0.5822981366459626,0.547360248447205
44,2884,excitatory,0,4.3478260869565215,6.024844720496894,3.7927018633540364
44,2885,excitatory,0,0.0,0.0,0.0
44,2886,excitatory,0,0.07763975155279502,0.046583850931677016,0.07375776397515527
44,2887,excitatory,0,0.3105590062111801,0.6288819875776397,0.4619565217391304
44,2888,excitatory,0,0.07763975155279502,0.09704968944099379,0.10093167701863354
44,2889,excitatory,0,0.0,-0.08152173913043478,-0.023291925465838508
44,2890,excitatory,0,16.149068322981368,16.168478260869563,17.20885093167702
44,2891,excitatory,0,4.658385093167702,6.6809006211180115,4.22360248447205
44,2893,inhibitory,1,-5.900621118012422,-4.196428571428571,-7.17391304347826
44,2894,inhibitory,0,2.0186335403726705,1.3975155279503104,2.670807453416149
44,2895,excitatory,0,0.6211180124223645,-1.816770186335404,-6.665372670807457
44,2896,excitatory,0,0.5434782608695652,1.6847826086956519,0.6638198757763976
44,2897,excitatory,0,31.599378881987576,25.19409937888198,26.41304347826086
44,2899,excitatory,0,0.0,-0.015527950310559004,0.0
44,2900,excitatory,0,-0.07763975155279502,0.08928571428571427,0.011645962732919256
44,2901,excitatory,0,0.0,0.1902173913043478,0.003881987577639752
44,2902,inhibitory,0,1.9409937888198754,5.023291925465839,2.597049689440994
44,2903,excitatory,0,-0.6987577639751552,-1.6964285714285714,-1.420807453416149
44,2904,excitatory,0,0.0,-0.01940993788819876,0.03881987577639751
44,2905,excitatory,0,4.192546583850932,3.517080745341616,3.9091614906832284
44,2906,excitatory,0,0.0,0.0,0.0
44,2907,excitatory,0,0.8540372670807453,1.1684782608695652,0.7298136645962733
44,2909,excitatory,0,0.6987577639751552,1.1801242236024845,0.7414596273291925
44,2910,excitatory,0,-2.562111801242235,-6.044254658385093,-1.6343167701863344
44,2911,excitatory,0,-0.7763975155279503,-1.0675465838509315,-0.20962732919254656
44,2912,excitatory,0,0.0,0.011645962732919254,0.023291925465838508
44,2913,excitatory,0,-0.2329192546583858,4.177018633540371,-0.8113354037267069
44,2914,excitatory,0,0.0,0.09704968944099379,-0.04658385093167702
44,2915,inhibitory,0,0.6211180124223603,-0.10093167701863355,0.01552795031055898
44,2916,excitatory,0,-0.07763975155279502,0.18633540372670807,0.10869565217391303
44,2917,excitatory,0,12.034161490683232,7.833850931677013,17.096273291925463
44,2919,excitatory,0,0.0,0.0,0.0
44,2920,inhibitory,0,15.217391304347824,7.810559006211179,12.228260869565217
44,2921,excitatory,0,1.475155279503105,2.379658385093167,1.1490683229813659
44,2922,excitatory,0,1.475155279503105,1.9798136645962732,1.820652173913044
44,2923,excitatory,0,-0.15527950310559024,1.4440993788819871,1.0287267080745344
44,2924,excitatory,0,0.07763975155279502,0.5590062111801242,0.09704968944099378
44,2925,excitatory,0,0.0,0.019409937888198756,0.05046583850931677
44,2926,excitatory,0,0.0,0.0,0.0
44,2927,excitatory,0,10.015527950310558,11.645962732919251,9.918478260869563
44,2928,excitatory,0,0.0,0.0,0.0
44,2931,inhibitory,0,19.409937888198755,7.25155279503106,36.4945652173913
44,2932,inhibitory,0,-2.3291925465838474,-2.760093167701868,-2.7445652173913047
44,2933,excitatory,0,0.0,0.0,0.0
44,2934,excitatory,0,0.0,0.0,0.0
44,2935,inhibitory,0,-3.2608695652173907,-1.7313664596273293,-1.875
44,2936,excitatory,0,0.15527950310559005,0.1785714285714286,0.09316770186335399
44,2937,excitatory,0,2.0186335403726705,4.371118012422359,2.6940993788819867
44,2938,excitatory,0,0.07763975155279502,0.06987577639751552,0.24068322981366458
44,2939,excitatory,0,1.1645962732919255,1.4246894409937887,0.9239130434782608
44,2940,inhibitory,0,-6.521739130434781,0.5357142857142865,-7.220496894409937
44,2941,inhibitory,0,8.307453416149068,5.6599378881987565,7.600931677018632
44,2942,inhibitory,1,-0.3881987577639751,-0.29503105590062106,-0.4386645962732919
44,2943,excitatory,0,-0.23291925465838514,1.1141304347826086,0.3687888198757765
44,2944,excitatory,0,0.0,0.023291925465838508,0.023291925465838508
44,2945,excitatory,0,-1.2422360248447202,-3.4355590062111787,-3.3113354037267086
44,2946,excitatory,0,-0.07763975155279502,-0.046583850931677016,-0.046583850931677016
44,2947,excitatory,0,9.860248447204969,10.78804347826087,7.181677018633539
44,2948,excitatory,0,1.8633540372670794,-1.067546583850934,-1.0947204968944106
44,2949,excitatory,0,-1.08695652173913,-0.6444099378881987,-0.6366459627329197
44,2951,excitatory,0,0.0,0.0,0.0
44,2953,excitatory,0,0.07763975155279468,1.3392857142857153,-0.031055900621117516
44,2955,excitatory,0,0.0,0.011645962732919254,0.003881987577639751
44,2956,inhibitory,0,2.562111801242236,-0.12810559006211175,1.1840062111801237
44,2957,excitatory,0,0.0,0.0,0.0
44,2958,excitatory,0,1.0093167701863344,-0.4425465838509304,-0.31832298136645854
44,2959,excitatory,0,1.6304347826086953,2.686335403726705,2.2049689440993774
44,2960,inhibitory,1,-1.1645962732919255,-1.4130434782608694,-0.8540372670807452
44,2961,excitatory,0,-1.0869565217391326,-4.988354037267079,-1.5722049689440993
44,2962,excitatory,0,1.3975155279503104,2.0341614906832293,1.7197204968944098
44,2963,excitatory,0,0.0,-0.04658385093167701,0.0
44,2964,excitatory,0,0.07763975155279502,0.1669254658385093,0.019409937888198756
44,2965,excitatory,0,0.0,-0.10869565217391308,-0.13586956521739124
44,2966,excitatory,0,0.0,-0.00388198757763975,-0.011645962732919252
44,2968,excitatory,0,0.07763975155279502,0.1746894409937888,0.09316770186335403
44,2969,excitatory,0,0.5434782608695652,0.46195652173913043,0.5318322981366459
44,2970,excitatory,0,0.0,0.003881987577639751,0.0
44,2971,excitatory,0,-0.07763975155279502,-0.09316770186335403,-0.07763975155279502
44,2973,excitatory,0,0.0,0.0,0.0
44,2974,excitatory,0,0.5434782608695652,0.28338509316770183,0.17080745341614906
44,2976,excitatory,0,0.5434782608695652,1.1529503105590062,0.6366459627329192
44,2977,excitatory,0,2.0186335403726705,2.6475155279503104,2.1622670807453415
44,2978,excitatory,0,0.15527950310559005,2.2360248447204967,0.3260869565217391
44,2979,inhibitory,1,-62.11180124223602,-43.47826086956521,-60.753105590062106
44,2980,excitatory,0,-0.6987577639751548,0.3105590062111805,-1.083074534161491
44,2981,excitatory,0,2.717391304347826,5.993788819875776,2.534937888198758
44,2982,excitatory,0,20.03105590062112,34.440993788819874,21.502329192546583
44,2983,inhibitory,0,0.0776397515527949,-0.3532608695652174,-0.21350931677018636
44,2984,excitatory,0,0.0,0.10869565217391303,0.003881987577639751
44,2985,excitatory,0,1.0093167701863353,1.6692546583850927,0.5900621118012426
44,2987,inhibitory,0,3.1055900621118013,4.145962732919254,2.4145962732919255
44,2988,inhibitory,1,0.4658385093167702,-0.1746894409937888,0.33773291925465837
44,2989,excitatory,0,9.23913043478261,8.672360248447204,8.532608695652172
44,2990,inhibitory,0,-7.608695652173914,2.7678571428571423,-3.408385093167702
44,2991,excitatory,0,0.2329192546583851,0.5201863354037267,0.29503105590062106
44,2992,excitatory,0,0.0,0.0,0.0
44,2993,inhibitory,0,0.07763975155279502,0.07375776397515527,0.015527950310559004
44,2994,excitatory,0,0.0,0.03881987577639751,0.06599378881987578
44,2995,inhibitory,0,0.0,0.03493788819875776,0.03105590062111801
44,2996,excitatory,0,14.906832298136646,18.711180124223603,15.644409937888199
44,2997,excitatory,0,3.1055900621118013,5.640527950310558,3.6024844720496887
44,2998,excitatory,0,0.0,0.0,0.0
44,2999,excitatory,0,0.0,0.05434782608695652,0.003881987577639751
44,3000,excitatory,0,0.07763975155279502,0.13975155279503104,0.1358695652173913
44,3001,excitatory,0,0.0,-0.003881987577639751,0.0
44,3003,inhibitory,0,0.0,0.0,0.0
44,3004,excitatory,0,40.13975155279503,45.524068322981364,41.87888198757763
44,3005,excitatory,0,0.5434782608695654,0.5822981366459619,0.5434782608695654
44,3006,excitatory,0,1.3198757763975153,1.447981366459627,1.5722049689440993
44,3007,excitatory,0,5.667701863354036,6.048136645962733,3.5442546583850927
44,3008,excitatory,0,1.0869565217391304,1.5100931677018634,1.0986024844720494
44,3009,excitatory,0,2.872670807453416,2.9153726708074528,2.49223602484472
44,3010,excitatory,0,-1.9409937888198754,-2.2360248447204967,-1.3470496894409936
44,3011,inhibitory,1,-3.493788819875776,-1.451863354037267,-2.3253105590062106
44,3012,excitatory,0,0.0,0.003881987577639751,-0.011645962732919252
44,3013,excitatory,0,0.0,0.0,0.011645962732919254
44,3014,inhibitory,0,3.493788819875776,3.4821428571428568,2.4689440993788816
44,3015,excitatory,0,0.4658385093167701,-0.10481366459627328,0.038819875776397506
44,3016,excitatory,0,-0.31055900621118004,1.1218944099378882,1.0054347826086953
44,3017,excitatory,0,-6.0559006211180115,-2.8144409937888195,-2.65916149068323
44,3019,inhibitory,0,13.276397515527949,23.299689440993788,14.33229813664596
44,3020,excitatory,0,-0.5434782608695652,-0.593944099378882,-0.5434782608695652
44,3022,excitatory,0,-0.5434782608695645,-0.4852484472049685,-0.3610248447204967
44,3023,inhibitory,1,-127.17391304347828,-133.68788819875778,-129.65062111801242
44,3024,excitatory,0,0.0,0.0,0.011645962732919254
44,3025,excitatory,0,-0.23291925465838403,0.47360248447204967,0.4464285714285712
44,3026,excitatory,0,-3.4937888198757747,-4.534161490683228,-8.738354037267083
44,3027,excitatory,0,2.329192546583851,3.447204968944099,1.8555900621118013
44,3028,excitatory,0,14.751552795031055,18.439440993788818,17.93866459627329
44,3029,excitatory,0,-3.8819875776397517,-0.49301242236024834,-3.4899068322981357
44,3031,excitatory,0,0.0,-0.21739130434782605,0.003881987577639745
44,3032,excitatory,0,0.0,0.015527950310559004,0.03105590062111801
44,3033,inhibitory,1,-3.804347826086957,-15.104813664596275,0.9122670807453375
44,3034,excitatory,0,1.8633540372670807,1.0403726708074532,1.5605590062111798
44,3035,excitatory,0,-0.2329192546583851,-0.263975155279503,0.6599378881987576
44,3036,excitatory,0,0.6987577639751552,1.9177018633540373,0.5667701863354037
44,3037,inhibitory,0,1.1645962732919253,0.2795031055900621,0.5046583850931676
44,3038,excitatory,0,0.0,0.0,0.0
44,3039,inhibitory,0,39.90683229813665,24.34394409937888,34.056677018633536
44,3040,excitatory,0,0.07763975155279502,0.09704968944099378,0.05434782608695652
44,3041,excitatory,0,0.07763975155279502,1.075310559006211,0.5046583850931676
44,3042,excitatory,0,0.0,0.0,0.0
44,3044,excitatory,0,-11.490683229813662,2.0690993788819867,-9.736024844720497
44,3045,inhibitory,1,-1.5527950310559004,-0.1669254658385093,-0.7996894409937888
44,3047,excitatory,0,0.0,0.10093167701863354,0.12422360248447203
44,3048,inhibitory,0,27.87267080745341,31.801242236024844,31.824534161490682
44,3049,excitatory,0,0.0,0.0,-0.007763975155279502
44,3050,inhibitory,0,-5.512422360248447,8.125,2.6475155279503104
44,3051,excitatory,0,0.6987577639751553,3.1444099378881982,1.5527950310559007
44,3052,excitatory,0,0.4658385093167702,0.43478260869565216,0.43090062111801236
44,3053,excitatory,0,-0.621118012422361,-0.450310559006212,-0.5279503105590067
44,3054,excitatory,0,-6.133540372670808,-14.289596273291927,-10.01164596273292
44,3055,excitatory,0,0.0,-0.007763975155279502,-0.003881987577639751
44,3056,excitatory,0,0.5434782608695652,0.40372670807453415,0.3571428571428571
44,3057,excitatory,0,0.0,-0.007763975155279502,0.0
44,3058,excitatory,0,0.0,0.0,0.0
44,3059,excitatory,0,-0.2329192546583851,0.019409937888198756,0.050465838509316754
44,3060,inhibitory,1,0.0,0.0,-0.003881987577639751
44,3061,inhibitory,1,-27.562111801242235,-17.45341614906832,-27.492236024844715
44,3062,excitatory,0,0.07763975155279502,0.3532608695652174,0.24068322981366458
44,3063,excitatory,0,0.07763975155279502,0.2329192546583851,0.42313664596273287
44,3064,excitatory,0,0.0,0.09316770186335402,0.011645962732919256
44,3065,excitatory,0,1.2422360248447206,0.4580745341614907,0.3804347826086958
44,3066,excitatory,0,5.046583850931677,7.278726708074534,4.4604037267080745
44,3067,excitatory,0,0.6987577639751552,0.399844720496894,0.430900621118012
44,3068,excitatory,0,-4.270186335403725,-5.465838509316768,-1.9836956521739104
44,3069,excitatory,0,0.5434782608695652,0.40760869565217384,0.6055900621118011
44,3070,excitatory,0,0.0,0.0,0.0
44,3071,excitatory,0,-11.568322981366464,-14.0722049689441,-14.363354037267086
44,3072,excitatory,0,3.260869565217391,3.998447204968944,3.214285714285714
44,3073,excitatory,0,0.0,0.007763975155279497,-0.003881987577639752
44,3074,excitatory,0,0.0,0.0,0.0
44,3076,inhibitory,0,2.6397515527950306,2.010869565217391,2.6009316770186333
44,3077,excitatory,0,0.0,0.0,0.0
44,3078,excitatory,0,1.1645962732919255,0.20186335403726696,0.40372670807453415
44,3079,excitatory,0,0.0,0.0,0.003881987577639751
44,3080,excitatory,0,3.5714285714285716,4.491459627329192,3.4976708074534155
44,3081,excitatory,0,0.0,-0.16304347826086957,0.042701863354037264
44,3082,excitatory,0,0.0,0.08928571428571441,0.13975155279503104
44,3083,excitatory,0,0.0,0.0,0.0
44,3084,inhibitory,0,0.5434782608695652,0.2911490683229813,0.3260869565217391
44,3085,inhibitory,0,0.38819875776397694,-2.5194099378881987,0.0815217391304337
44,3086,inhibitory,0,-0.07763975155279502,0.28338509316770183,0.06987577639751552
44,3087,inhibitory,0,8.462732919254657,5.79192546583851,5.252329192546583
44,3088,excitatory,0,1.8633540372670807,2.9968944099378882,1.6576086956521738
44,3089,inhibitory,0,-2.32919254658385,-1.5450310559006208,-2.228260869565217
44,3090,excitatory,0,0.6211180124223602,1.2228260869565217,0.7725155279503104
44,3091,excitatory,0,0.0,0.20962732919254654,0.05046583850931677
44,3092,excitatory,0,0.07763975155279504,0.02717391304347827,0.02717391304347827
44,3093,excitatory,0,0.0,0.2911490683229813,0.07375776397515527
44,3094,excitatory,0,8.229813664596278,11.98757763975155,6.642080745341609
44,3095,excitatory,0,0.0,0.0,0.0
44,3096,excitatory,0,-0.07763975155279512,-1.3858695652173911,-0.3183229813664594
44,3097,excitatory,0,0.0,0.003881987577639752,0.046583850931677016
44,3098,excitatory,0,0.7763975155279502,2.1040372670807455,0.6677018633540371
44,3099,inhibitory,0,-5.2018633540372665,-1.4440993788819876,-5.648291925465838
44,3100,excitatory,0,0.07763975155279501,0.02329192546583858,0.10093167701863348
44,3101,excitatory,0,0.15527950310559005,0.12034161490683229,0.09316770186335403
44,3102,excitatory,0,-0.4658385093167702,0.4309006211180124,-0.07763975155279501
44,3103,excitatory,0,0.0,0.0,0.0
44,3104,excitatory,0,0.0,0.0,0.0
44,3105,excitatory,0,0.07763975155279507,-0.40372670807453415,-0.0892857142857143
44,3106,excitatory,0,0.0,0.0,0.0
44,3107,excitatory,0,0.0,-0.011645962732919254,-0.015527950310559004
44,3108,excitatory,0,0.0,0.003881987577639751,0.003881987577639751
44,3109,excitatory,0,0.0,0.0,0.0
44,3111,inhibitory,0,3.1055900621118013,3.5869565217391304,2.251552795031056
44,3112,excitatory,0,1.7857142857142856,5.232919254658384,2.934782608695652
44,3113,excitatory,0,1.4751552795031053,1.3819875776397517,1.3082298136645962
44,3114,excitatory,0,0.3105590062111801,0.3726708074534161,0.4153726708074534
44,3115,excitatory,0,-10.170807453416149,-16.067546583850927,-14.246894409937887
44,3116,excitatory,0,0.2329192546583851,-0.023291925465838508,0.5279503105590061
44,3117,excitatory,0,-7.686335403726709,-8.218167701863358,-9.755434782608695
44,3118,inhibitory,0,-0.46583850931676984,-1.0326086956521738,1.1762422360248443
44,3121,excitatory,0,0.0,0.007763975155279502,0.007763975155279502
44,3123,excitatory,0,-0.15527950310559005,-0.13198757763975155,-0.05046583850931677
44,3124,excitatory,0,0.23291925465838514,0.12034161490683215,0.20962732919254645
44,3125,excitatory,0,5.745341614906832,7.7678571428571415,6.129658385093166
44,3126,excitatory,0,3.4161490683229814,4.483695652173912,2.5271739130434776
44,3127,excitatory,0,0.8540372670807455,0.454192546583851,1.1801242236024847
44,3128,inhibitory,1,-0.4658385093167702,-0.3998447204968944,-0.6482919254658385
44,3129,excitatory,0,1.5527950310559007,1.820652173913043,1.8827639751552794
44,3130,excitatory,0,0.0,0.0,0.0
44,3132,excitatory,0,1.5527950310559007,3.575310559006211,2.4689440993788816
44,3133,excitatory,0,0.0,0.003881987577639751,0.003881987577639751
44,3134,excitatory,0,0.7763975155279503,0.7065217391304355,1.191770186335404
44,3136,excitatory,0,-33.07453416149069,-34.22748447204968,-37.686335403726716
44,3137,inhibitory,0,1.0093167701863353,0.8850931677018634,1.339285714285714
44,3138,excitatory,0,0.15527950310559005,0.14363354037267081,0.10481366459627327
44,3139,excitatory,0,4.968944099378881,4.883540372670808,4.840838509316768
44,3140,excitatory,0,0.0,-0.2872670807453417,-0.015527950310559091
44,3141,inhibitory,0,28.41614906832298,45.481366459627324,26.906055900621116
44,3142,inhibitory,0,4.736024844720497,4.173136645962732,4.452639751552795
44,3143,excitatory,0,-0.31055900621118004,0.01552795031055898,0.1708074534161491
44,3144,excitatory,0,0.23291925465838506,-0.11645962732919246,0.640527950310559
44,3146,excitatory,0,0.3881987577639751,0.640527950310559,0.33773291925465837
44,3147,excitatory,0,-0.15527950310559005,-0.042701863354037264,-0.08152173913043478
44,3148,excitatory,0,0.621118012422361,2.4107142857142865,-0.18245341614906785
44,3150,inhibitory,0,-6.211180124223603,-0.508540372670808,3.125
44,3151,excitatory,0,4.968944099378882,5.128105590062111,4.145962732919254
44,3152,excitatory,0,0.0,-0.003881987577639752,-0.003881987577639751
44,3153,excitatory,0,-0.7763975155279502,-1.5178571428571426,-0.8462732919254657
44,3155,excitatory,0,0.0,0.0,0.0
44,3156,excitatory,0,0.15527950310559005,0.06599378881987578,0.06987577639751552
44,3158,excitatory,0,0.0,0.06599378881987578,0.0
44,3159,excitatory,0,-0.07763975155279502,0.10481366459627328,-0.02329192546583851
44,3161,excitatory,0,0.0,0.03105590062111801,-0.011645962732919252
44,3162,excitatory,0,0.15527950310559005,0.3493788819875776,0.10869565217391304
44,3163,excitatory,0,1.3198757763975157,-0.5784161490683228,-0.3610248447204967
44,3164,excitatory,0,0.15527950310559008,0.12034161490683229,0.3299689440993788
44,3165,excitatory,0,0.6211180124223603,0.3183229813664594,2.282608695652174
44,3166,excitatory,0,0.9316770186335397,1.4635093167701854,1.013198757763977
44,3167,excitatory,0,1.0869565217391304,0.31055900621118004,0.6987577639751551
44,3168,excitatory,0,15.605590062111801,16.56055900621118,15.019409937888197
44,3169,excitatory,0,9.316770186335404,15.729813664596271,3.3229813664596257
44,3170,excitatory,0,6.599378881987578,4.829192546583851,6.07531055900621
44,3171,excitatory,0,0.3105590062111801,0.2678571428571428,0.4541925465838509
44,3172,inhibitory,1,-0.5434782608695652,-0.7841614906832297,-3.0822981366459627
44,3173,excitatory,0,7.686335403726707,10.865683229813662,9.767080745341614
44,3174,excitatory,0,4.5807453416149055,3.2647515527950306,3.1482919254658377
44,3175,excitatory,0,0.0,0.0,0.0
44,3176,excitatory,0,3.183229813664596,4.037267080745341,4.720496894409938
44,3177,excitatory,0,7.453416149068322,7.344720496894409,6.890527950310559
44,3178,inhibitory,0,1.0869565217391326,-6.979813664596271,-2.325310559006212
44,3179,excitatory,0,-0.07763975155279502,-0.011645962732919252,-0.15139751552795028
44,3180,inhibitory,1,-17.46894409937888,-10.419254658385093,-14.81754658385093
44,3181,excitatory,0,-1.2422360248447202,-2.1195652173913038,-1.199534161490683
44,3182,excitatory,0,-1.6304347826086953,1.2034161490683246,-7.961956521739133
44,3183,excitatory,0,0.0,0.15527950310559005,0.11645962732919253
44,3184,excitatory,0,-0.5434782608695651,-0.5590062111801242,-0.4270186335403726
44,3185,excitatory,0,0.0,0.015527950310559006,0.023291925465838508
44,3186,excitatory,0,0.07763975155279501,0.7608695652173914,0.3416149068322981
44,3187,inhibitory,0,-36.87888198757764,-27.93090062111801,-40.1669254658385
44,3188,excitatory,0,0.0,0.22515527950310565,0.6715838509316769
44,3189,inhibitory,0,-0.07763975155279501,0.05046583850931674,-0.1824534161490683
44,3190,excitatory,0,4.3478260869565215,8.862577639751551,3.8625776397515525
44,3191,excitatory,0,0.23291925465838503,0.32220496894409933,0.19409937888198753
44,3192,excitatory,0,0.0,0.0,0.0
44,3193,excitatory,0,1.1645962732919253,1.1296583850931676,1.1296583850931676
44,3194,excitatory,0,-12.267080745341609,-12.806677018633536,-16.587732919254655
44,3195,inhibitory,0,0.15527950310559005,-0.14751552795031053,0.1281055900621118
44,3196,excitatory,0,0.6987577639751552,0.6909937888198758,0.6832298136645963
44,3198,excitatory,0,-18.555900621118006,-22.763975155279503,-20.52018633540372
44,3199,excitatory,0,5.357142857142858,2.8222049689440976,6.211180124223601
44,3201,excitatory,0,-1.0869565217391302,-0.764751552795031,-0.6444099378881987
44,3202,excitatory,0,0.6211180124223602,1.4440993788819874,0.6599378881987576
44,3203,excitatory,0,0.0,0.0,0.0
44,3204,excitatory,0,3.105590062111801,4.281832298136646,2.938664596273292
44,3205,excitatory,0,5.434782608695652,5.442546583850932,4.767080745341615
44,3206,inhibitory,0,0.9316770186335402,0.6638198757763975,0.9006211180124223
44,3207,excitatory,0,2.7950310559006204,4.953416149068323,3.5248447204968945
44,3208,excitatory,0,0.0,0.003881987577639751,0.003881987577639751
44,3210,excitatory,0,-4.270186335403727,-4.130434782608695,-2.961956521739131
44,3211,inhibitory,0,1.5527950310559007,2.162267080745342,1.2305900621118013
44,3212,inhibitory,1,-0.07763975155279502,-0.003881987577639751,-0.1669254658385093
44,3213,excitatory,0,1.0093167701863353,0.8307453416149069,1.1762422360248446
44,3214,excitatory,0,2.0962732919254656,2.5116459627329193,2.2942546583850927
44,3215,excitatory,0,-0.8540372670807455,1.595496894409938,0.01552795031055898
44,3216,excitatory,0,0.0,0.0,0.0
44,3217,excitatory,0,0.0,-0.003881987577639751,-0.007763975155279502
44,3218,excitatory,0,0.0,0.0,0.0
44,3219,excitatory,0,9.782608695652174,10.566770186335404,9.720496894409937
44,3220,excitatory,0,1.3198757763975153,1.529503105590062,1.0209627329192545
44,3221,excitatory,0,0.7763975155279503,-0.29503105590062106,1.2189440993788818
44,3222,excitatory,0,0.07763975155279504,0.6677018633540373,0.2562111801242236
44,3224,excitatory,0,0.0,-0.003881987577639751,-0.023291925465838508
44,3225,excitatory,0,0.07763975155279502,0.4192546583850931,0.13198757763975155
44,3227,excitatory,0,0.15527950310559005,0.05046583850931677,0.07375776397515528
44,3228,excitatory,0,0.0,0.11257763975155279,0.019409937888198756
44,3229,inhibitory,0,3.3385093167701863,5.5434782608695645,4.22360248447205
44,3230,excitatory,0,2.0962732919254656,3.144409937888199,1.0520186335403725
44,3231,excitatory,0,0.0,0.0,0.0
44,3232,excitatory,0,0.0,0.0,0.0
44,3233,excitatory,0,0.07763975155279502,0.1125776397515528,0.07763975155279502
44,3234,excitatory,0,-0.3881987577639751,-0.38819875776397506,-0.20962732919254656
44,3235,excitatory,0,0.0,0.0,0.0
44,3236,inhibitory,1,-2.639751552795031,-2.6397515527950306,-2.5038819875776395
44,3237,excitatory,0,0.0,0.0,0.0
44,3239,excitatory,0,-0.2329192546583851,-0.06211180124223603,-0.20962732919254656
44,3240,excitatory,0,1.1645962732919253,1.1956521739130435,0.9006211180124222
44,3241,excitatory,0,0.0,-0.038819875776397506,-0.023291925465838505
44,3242,excitatory,0,1.0093167701863353,0.6599378881987578,0.7531055900621118
44,3243,inhibitory,0,15.993788819875775,10.768633540372669,16.70807453416149
44,3244,inhibitory,0,10.015527950310563,12.565993788819874,7.236024844720497
44,3245,excitatory,0,0.9316770186335397,-1.1102484472049685,-0.15527950310558936
44,3246,excitatory,0,0.0,-0.023291925465838526,0.17080745341614906
44,3247,inhibitory,0,18.7111801242236,26.110248447204967,25.194099378881987
44,3248,excitatory,0,-1.1645962732919255,-0.9860248447204968,-0.6327639751552794
44,3250,excitatory,0,2.1739130434782608,3.43555900621118,1.840062111801242
44,3251,excitatory,0,0.0,0.003881987577639751,0.0
44,3252,inhibitory,1,-6.987577639751552,-2.8649068322981366,-6.121894409937887
44,3253,excitatory,0,3.260869565217391,4.149844720496894,2.8493788819875774
44,3254,inhibitory,0,1.3198757763975153,0.9627329192546581,-0.13975155279503104
44,3255,excitatory,0,2.096273291925465,2.511645962732919,2.049689440993789
44,3256,excitatory,0,0.07763975155279502,0.11257763975155279,0.05046583850931677
44,3257,excitatory,0,0.0,0.0,0.007763975155279502
44,3260,excitatory,0,0.15527950310559008,0.29503105590062106,0.4114906832298137
44,3261,excitatory,0,0.0,0.0,0.0
44,3262,excitatory,0,-8.307453416149068,-7.79114906832298,-6.603260869565219
44,3263,excitatory,0,3.5714285714285716,5.337732919254659,3.451086956521739
44,3264,excitatory,0,-3.649068322981364,-4.23524844720497,-10.873447204968944
44,3265,inhibitory,0,0.15527950310559002,0.5667701863354037,0.48136645962732916
44,3266,inhibitory,0,8.69565217391304,14.309006211180126,14.390527950310563
44,3268,excitatory,0,0.38819875776397517,0.5279503105590062,0.39208074534161486
44,3269,excitatory,0,0.0,0.0,0.0
44,3272,excitatory,0,-1.4751552795031055,-1.482919254658385,-1.5023291925465836
44,3273,excitatory,0,0.0,0.0,0.0
44,3274,excitatory,0,0.31055900621118016,0.4425465838509316,0.30279503105590055
44,3275,excitatory,0,0.0,0.03105590062111801,0.007763975155279502
44,3276,inhibitory,0,-6.521739130434781,-3.800465838509316,-7.686335403726707
44,3277,excitatory,0,0.38819875776397517,0.12422360248447206,0.2911490683229814
44,3278,excitatory,0,0.0,0.0,0.0
44,3279,excitatory,0,-3.4937888198757747,-1.9642857142857153,-3.7189440993788825
44,3280,excitatory,0,4.270186335403726,4.619565217391304,3.194875776397515
44,3281,excitatory,0,0.0,0.0,0.0
44,3282,inhibitory,0,0.15527950310559005,0.027173913043478257,0.042701863354037264
44,3283,excitatory,0,0.0,0.14751552795031056,0.05046583850931677
44,3284,excitatory,0,0.3105590062111805,-0.9355590062111805,0.011645962732919735
44,3285,excitatory,0,0.0,0.0,0.0
44,3286,excitatory,0,-0.23291925465838503,-0.10869565217391297,0.13975155279503104
44,3287,inhibitory,0,15.91614906832298,11.665372670807454,15.298913043478262
44,3288,excitatory,0,0.2329192546583851,0.15527950310559005,0.27562111801242234
44,3289,inhibitory,0,5.046583850931677,9.662267080745343,8.342391304347826
44,3290,excitatory,0,-0.6987577639751557,-0.9006211180124222,-0.341614906832298
44,3291,excitatory,0,0.07763975155279504,0.13975155279503104,0.08540372670807453
44,3292,excitatory,0,0.15527950310559008,0.4930124223602484,0.2717391304347826
44,3293,inhibitory,0,0.15527950310559005,1.482919254658385,0.48136645962732916
44,3294,excitatory,0,0.9316770186335404,0.22515527950310554,0.38043478260869557
44,3295,excitatory,0,0.5434782608695627,-2.895962732919255,-3.7189440993788807
44,3296,excitatory,0,1.7857142857142856,1.7468944099378882,1.3936335403726707
44,3297,excitatory,0,-0.07763975155279502,0.20186335403726705,0.031055900621118012
44,3298,excitatory,0,0.0,0.0,0.0
44,3299,excitatory,0,0.0,0.18633540372670804,0.09704968944099379
44,3300,excitatory,0,0.31055900621118016,1.0986024844720497,0.24068322981366452
44,3301,excitatory,0,-0.46583850931677007,-0.38431677018633537,0.02717391304347805
44,3302,excitatory,0,0.0,0.6366459627329193,0.22127329192546585
44,3303,excitatory,0,5.745341614906832,3.660714285714286,5.236801242236025
44,3304,excitatory,0,0.0,0.019409937888198756,0.003881987577639751
44,3305,excitatory,0,0.3881987577639751,0.811335403726708,0.5201863354037267
44,3306,inhibitory,0,1.7080745341614907,1.451863354037267,2.1350931677018634
44,3307,inhibitory,1,2.1739130434782616,-8.878105590062109,3.1172360248447184
44,3308,inhibitory,0,0.07763975155279502,0.011645962732919254,0.058229813664596265
44,3309,excitatory,0,0.07763975155279502,0.019409937888198756,0.03105590062111801
44,3310,excitatory,0,0.0,0.0,0.003881987577639752
44,3311,inhibitory,0,1.5527950310559007,1.8982919254658386,3.303571428571428
44,3312,excitatory,0,-10.093167701863358,-14.479813664596271,-11.486801242236027
44,3313,inhibitory,0,-0.38819875776397506,0.3920807453416149,0.12422360248447206
44,3314,excitatory,0,0.0,0.0,0.0
44,3315,excitatory,0,-0.2329192546583851,-0.3493788819875776,-0.22515527950310557
44,3316,inhibitory,1,0.0,0.0,-0.011645962732919254
44,3317,excitatory,0,-0.15527950310559002,-0.4580745341614907,-0.24456521739130432
44,3318,excitatory,0,-0.5434782608695652,-0.7298136645962733,-0.5628881987577639
44,3319,excitatory,0,0.6987577639751553,1.121894409937888,0.3338509316770186
44,3320,inhibitory,0,-1.9409937888198758,-1.020962732919255,-2.2399068322981375
44,3321,excitatory,0,-5.357142857142858,-3.423913043478258,-9.868012422360248
44,3322,excitatory,0,0.0,-1.704192546583851,-0.46972049689440976
44,3323,excitatory,0,0.0,0.46972049689440987,-0.031055900621118016
44,3324,excitatory,0,0.0,0.0,0.0
44,3325,excitatory,0,0.15527950310559005,0.042701863354037264,0.02717391304347826
44,3327,excitatory,0,-1.4751552795031055,-0.8967391304347825,-0.5357142857142858
44,3328,excitatory,0,1.0093167701863355,0.3338509316770187,0.3299689440993789
44,3329,excitatory,0,0.6211180124223602,0.5318322981366459,0.5551242236024844
44,3331,excitatory,0,0.0,0.0,0.003881987577639751
44,3332,excitatory,0,0.0,0.0,0.0
44,3333,excitatory,0,0.0,0.0,0.0
44,3335,excitatory,0,1.9409937888198754,3.6102484472049685,1.5683229813664594
44,3336,excitatory,0,0.7763975155279503,0.8928571428571428,0.7104037267080744
44,3337,excitatory,0,0.6211180124223602,1.1607142857142856,0.6715838509316769
44,3338,excitatory,0,0.0,0.0,0.0
44,3339,excitatory,0,-6.444099378881987,-6.121894409937887,-11.510093167701864
44,3340,excitatory,0,0.0,0.003881987577639751,0.0
44,3341,excitatory,0,-3.4937888198757756,-3.357919254658386,-3.307453416149068
44,3342,inhibitory,0,2.2515527950310554,0.9743788819875776,2.3291925465838506
44,3343,excitatory,0,0.0,0.023291925465838508,0.003881987577639751
44,3344,excitatory,0,0.0,0.019409937888198756,0.0
44,3346,excitatory,0,0.3105590062111801,0.5900621118012422,0.24068322981366458
44,3347,excitatory,0,-4.891304347826087,-1.312111801242236,-3.8975155279503104
44,3348,inhibitory,1,-42.39130434782609,-31.80512422360248,-40.90838509316771
44,3350,excitatory,0,1.7080745341614907,1.6265527950310557,2.092391304347826
44,3352,excitatory,0,0.07763975155279504,0.19409937888198758,0.1824534161490683
44,3353,excitatory,0,0.3105590062111787,-1.3936335403726687,-1.6032608695652186
44,3354,excitatory,0,8.928571428571429,11.37422360248447,6.9138198757763965
44,3355,excitatory,0,0.0,0.003881987577639752,-0.003881987577639751
44,3356,excitatory,0,0.2329192546583851,0.23680124223602483,0.20574534161490682
44,3357,excitatory,0,-0.5434782608695645,0.9161490683229818,-0.341614906832298
44,3358,excitatory,0,-0.07763975155279502,0.007763975155279504,0.003881987577639752
44,3359,excitatory,0,0.15527950310559005,0.03493788819875776,0.1979813664596273
44,3360,excitatory,0,-0.5434782608695654,-0.2911490683229814,-0.48136645962732927
44,3361,excitatory,0,14.596273291925467,12.422360248447205,13.385093167701863
44,3362,inhibitory,0,6.909937888198758,5.279503105590062,5.229037267080745
44,3363,inhibitory,0,0.6987577639751548,1.9177018633540364,1.1180124223602492
44,3364,excitatory,0,0.07763975155279502,0.07375776397515527,0.07763975155279502
44,3365,excitatory,0,1.3198757763975155,2.7678571428571423,0.7686335403726707
44,3366,excitatory,0,0.0,0.0,0.003881987577639751
44,3367,inhibitory,0,-2.562111801242236,-2.2204968944099375,-2.418478260869565
44,3368,excitatory,0,-35.481366459627324,-39.96506211180123,-40.78416149068323
44,3369,excitatory,0,0.38819875776397517,1.479037267080745,0.49689440993788814
44,3370,excitatory,0,0.0,0.0,0.0
44,3371,excitatory,0,-2.7173913043478244,-4.126552795031056,-3.3307453416149073
44,3372,excitatory,0,0.0,0.0,0.0
44,3373,excitatory,0,0.0,0.0,0.0
44,3374,excitatory,0,0.0,0.0,0.0
44,3375,excitatory,0,-3.183229813664596,-0.6793478260869561,-3.6024844720496887
44,3376,excitatory,0,2.4068322981366457,4.013975155279502,2.837732919254658
44,3377,inhibitory,0,0.07763975155279502,0.02717391304347826,0.019409937888198756
44,3378,inhibitory,1,-4.270186335403727,-2.4883540372670807,-2.7251552795031055
44,3379,excitatory,0,1.708074534161491,2.123447204968944,0.9006211180124224
44,3380,inhibitory,0,0.0,0.0,0.003881987577639751
44,3381,excitatory,0,0.0,0.0,0.0
44,3382,excitatory,0,2.1739130434782608,4.996118012422359,1.133540372670807
44,3383,excitatory,0,0.3105590062111801,0.4930124223602484,0.1591614906832298
44,3384,excitatory,0,0.0,-0.019409937888198756,0.0
44,3385,excitatory,0,0.6987577639751552,0.2756211180124224,0.6482919254658384
44,3387,excitatory,0,0.0,0.019409937888198756,0.011645962732919252
44,3388,inhibitory,1,-33.22981366459627,-23.012422360248443,-27.56599378881988
44,3389,inhibitory,1,0.0,0.0,0.0
44,3390,excitatory,0,0.5434782608695652,0.9239130434782608,0.38043478260869557
44,3391,excitatory,0,0.0,-0.023291925465838508,0.0
44,3392,excitatory,0,-0.15527950310559008,0.48913043478260865,0.15527950310559002
44,3394,excitatory,0,-0.7763975155279503,-5.337732919254657,-1.7119565217391308
44,3395,excitatory,0,0.3105590062111801,0.015527950310559022,0.17080745341614906
44,3396,excitatory,0,1.6304347826086956,3.5986024844720497,1.0209627329192545
44,3397,excitatory,0,0.0,0.0,0.0
44,3398,excitatory,0,0.0,-0.003881987577639752,0.0
44,3399,inhibitory,0,8.618012422360248,9.06444099378882,9.052795031055899
44,3400,excitatory,0,0.0,0.0,0.0
44,3401,excitatory,0,0.0,0.019409937888198756,0.03493788819875776
44,3403,inhibitory,1,-4.580745341614907,-2.2049689440993787,-5.6055900621118
44,3404,excitatory,0,0.0,0.011645962732919254,0.003881987577639751
44,3405,inhibitory,0,0.0,0.08152173913043477,0.046583850931677016
44,3406,excitatory,0,0.0,0.0,0.003881987577639751
44,3407,excitatory,0,0.0,0.08928571428571427,0.05046583850931677
44,3408,excitatory,0,0.2329192546583851,0.2329192546583851,0.14751552795031056
44,3409,excitatory,0,0.15527950310559005,1.4790372670807452,0.4541925465838509
44,3410,excitatory,0,5.667701863354036,5.795807453416148,5.069875776397515
44,3411,excitatory,0,0.15527950310559005,0.03493788819875776,0.05434782608695651
44,3412,excitatory,0,0.9316770186335404,0.5551242236024845,0.3649068322981366
44,3413,inhibitory,0,-26.63043478260869,-14.328416149068318,-25.71040372670808
44,3414,excitatory,0,-0.2329192546583851,0.01940993788819878,-0.058229813664596265
44,3415,excitatory,0,3.0279503105590058,2.2554347826086953,0.9045031055900621
44,3416,excitatory,0,0.07763975155279502,0.015527950310558994,0.15527950310559005
44,3417,excitatory,0,0.6987577639751553,1.999223602484472,0.5357142857142856
44,3418,excitatory,0,0.0,0.0,0.0
44,3419,excitatory,0,0.15527950310559005,0.5706521739130435,0.46195652173913043
44,3420,inhibitory,1,-10.869565217391305,-8.322981366459627,-10.543478260869565
44,3421,excitatory,0,-1.3198757763975155,-1.1956521739130435,-1.1180124223602486
44,3422,excitatory,0,-19.17701863354037,-18.113354037267076,-20.92003105590062
44,3423,excitatory,0,0.0,0.0,0.0
44,3425,excitatory,0,-0.31055900621118016,0.19798136645962727,-0.01552795031055898
44,3426,excitatory,0,0.0,-0.02717391304347827,-0.15527950310559002
44,3427,excitatory,0,4.3478260869565215,5.30667701863354,4.650621118012422
44,3428,inhibitory,1,-4.425465838509317,-6.770186335403727,-3.804347826086956
44,3429,excitatory,0,0.8540372670807453,1.1568322981366457,0.6599378881987576
44,3431,excitatory,0,2.8726708074534164,5.690993788819875,2.9386645962732914
44,3432,excitatory,0,0.0,0.0,0.003881987577639751
44,3433,inhibitory,0,2.6397515527950306,0.11645962732919252,1.8944099378881987
44,3434,excitatory,0,0.0,-0.05434782608695651,0.019409937888198756
44,3435,excitatory,0,3.183229813664597,0.6094720496894412,-1.8322981366459627
44,3436,excitatory,0,0.0,0.011645962732919252,-0.03493788819875776
44,3437,excitatory,0,-3.4937888198757765,-3.28027950310559,-4.666149068322982
44,3438,inhibitory,0,0.23291925465838514,0.22903726708074534,-0.29891304347826086
44,3439,excitatory,0,2.096273291925466,6.5644409937888195,1.758540372670807
44,3440,excitatory,0,3.493788819875776,2.480590062111801,2.1545031055900616
44,3441,excitatory,0,3.4937888198757765,3.986801242236025,2.663043478260869
44,3442,excitatory,0,4.270186335403726,4.227484472049689,2.732919254658385
44,3443,excitatory,0,0.4658385093167701,0.28338509316770183,0.15139751552795028
44,3444,excitatory,0,19.79813664596273,35.31832298136646,21.48680124223602
44,3445,inhibitory,0,0.0,0.0,0.023291925465838508
44,3446,inhibitory,1,-82.45341614906832,-78.99456521739128,-80.625
44,3447,inhibitory,1,-0.8540372670807453,-1.1917701863354035,-1.7973602484472049
44,3448,excitatory,0,-1.4751552795031053,-1.0869565217391308,-1.6110248447204967
44,3449,inhibitory,0,-1.475155279503106,0.18245341614906962,-1.1024844720496887
44,3450,inhibitory,1,-9.782608695652172,-24.6972049689441,-10.861801242236023
44,3452,excitatory,0,0.0,-2.7639751552795024,0.06599378881987583
44,3453,excitatory,0,-0.07763975155279502,-0.007763975155279502,-0.08928571428571429
44,3454,excitatory,0,0.0,0.0,0.0
44,3455,excitatory,0,0.38819875776397517,0.42701863354037267,0.21350931677018628
44,3456,excitatory,0,1.0093167701863355,0.9200310559006213,0.6948757763975155
44,3457,inhibitory,0,13.819875776397517,21.731366459627328,13.458850931677018
44,3458,excitatory,0,0.0,0.04658385093167701,0.011645962732919254
44,3459,excitatory,0,0.0,0.0,0.0
44,3460,excitatory,0,0.0,0.05434782608695651,-0.031055900621118016
44,3462,excitatory,0,0.07763975155279502,0.0,0.003881987577639751
44,3463,excitatory,0,0.0,0.0,0.0
44,3464,inhibitory,1,-2.0186335403726705,-1.2189440993788818,-1.9099378881987574
44,3465,excitatory,0,-0.07763975155279501,-0.27562111801242234,-0.1669254658385093
44,3466,excitatory,0,-10.9472049689441,-19.60403726708074,-16.809006211180126
44,3467,excitatory,0,-0.07763975155279501,0.19798136645962727,-0.15916149068322982
44,3468,excitatory,0,-2.17391304347826,-4.413819875776397,-4.809782608695652
44,3469,excitatory,0,0.0,0.0,0.0
44,3470,inhibitory,0,0.2329192546583851,-0.1902173913043478,0.04270186335403728
44,3471,inhibitory,1,0.0,-0.03493788819875776,-0.02717391304347826
44,3472,excitatory,0,2.795031055900621,3.249223602484472,3.288043478260869
44,3473,excitatory,0,1.6304347826086956,3.2531055900621118,1.622670807453416
44,3475,excitatory,0,0.23291925465838503,0.4270186335403726,0.32996894409937894
44,3476,excitatory,0,4.347826086956523,4.440993788819874,3.528726708074533
44,3478,excitatory,0,0.38819875776397517,0.6832298136645962,0.31832298136645965
44,3479,excitatory,0,7.5310559006211175,9.864130434782608,8.486024844720497
44,3480,excitatory,0,4.114906832298137,2.950310559006211,4.534161490683229
44,3481,excitatory,0,-22.127329192546583,-17.802795031055897,-19.285714285714285
44,3482,excitatory,0,1.5527950310559007,6.525621118012421,2.732919254658385
44,3483,excitatory,0,0.23291925465838506,0.78027950310559,0.45031055900621114
44,3484,excitatory,0,-1.6304347826086958,-0.5046583850931681,-0.93555900621118
44,3486,excitatory,0,0.5434782608695652,0.4347826086956522,0.5357142857142856
44,3487,excitatory,0,0.0,0.0,0.0
44,3488,excitatory,0,-0.5434782608695652,-1.0947204968944098,-0.5784161490683231
44,3489,inhibitory,1,-1.9409937888198758,-5.155279503105589,-2.4029503105590058
44,3490,excitatory,0,0.0,0.0,0.0
44,3492,excitatory,0,0.0,0.0,0.0
44,3493,excitatory,0,0.4658385093167701,1.1956521739130432,0.5706521739130435
44,3494,inhibitory,0,0.6987577639751548,0.20186335403726696,-0.19021739130434767
44,3495,excitatory,0,2.0186335403726705,3.0512422360248443,2.1156832298136643
44,3496,excitatory,0,-1.08695652173913,-1.4440993788819876,-1.017080745341615
44,3497,excitatory,0,-0.8540372670807455,-0.9045031055900621,-0.93555900621118
44,3498,inhibitory,0,-7.996894409937887,-10.13975155279503,-8.01242236024845
44,3499,excitatory,0,0.0,0.0,0.0
44,3500,excitatory,0,0.3105590062111801,0.9122670807453416,0.4192546583850931
44,3501,excitatory,0,0.0,0.08152173913043477,-0.05434782608695651
44,3502,excitatory,0,0.0,0.003881987577639751,0.0
44,3503,excitatory,0,2.7173913043478257,1.8322981366459623,2.1467391304347827
44,3504,inhibitory,0,-10.093167701863354,-4.538043478260869,-12.589285714285714
44,3506,excitatory,0,-0.07763975155279502,-0.007763975155279502,-0.042701863354037264
44,3507,inhibitory,1,-0.2329192546583851,-2.3486024844720497,-0.7686335403726707
44,3508,excitatory,0,-0.07763975155279502,-0.12034161490683229,-0.1358695652173913
44,3509,excitatory,0,2.4844720496894404,3.183229813664596,3.866459627329192
44,3510,inhibitory,1,-0.8540372670807452,-3.1133540372670803,-3.618012422360248
44,3511,excitatory,0,0.07763975155279502,-0.007763975155279504,0.06211180124223602
44,3512,excitatory,0,1.6304347826086956,-0.29503105590062084,1.9487577639751552
44,3513,excitatory,0,0.0,0.06211180124223602,0.019409937888198756
44,3514,excitatory,0,5.512422360248446,5.861801242236024,6.129658385093166
44,3515,inhibitory,0,1.2422360248447204,1.0248447204968942,1.6071428571428572
44,3516,excitatory,0,0.0,-0.003881987577639751,0.003881987577639751
44,3517,excitatory,0,0.15527950310559005,0.09704968944099379,0.08152173913043477
44,3519,excitatory,0,8.850931677018632,8.773291925465838,7.437888198757762
44,3520,excitatory,0,0.0,0.0,0.0
44,3521,excitatory,0,1.7080745341614905,1.2499999999999998,0.8229813664596275
44,3522,excitatory,0,0.0,0.0,0.0
44,3523,excitatory,0,-1.70807453416149,-4.922360248447205,-3.9984472049689437
44,3525,excitatory,0,0.0,-0.18633540372670807,0.0077639751552795
44,3526,excitatory,0,0.07763975155279502,0.40372670807453415,0.08928571428571427
44,3527,excitatory,0,0.0,0.0,0.0
44,3528,excitatory,0,0.0,-0.015527950310559036,0.19798136645962733
44,3530,excitatory,0,1.8633540372670807,0.7453416149068322,1.5527950310559004
44,3531,excitatory,0,-0.3881987577639751,-0.06599378881987578,-0.21350931677018634
44,3532,excitatory,0,0.0,0.14751552795031053,0.12034161490683229
44,3533,excitatory,0,0.0,0.007763975155279502,0.0
44,3534,inhibitory,0,31.133540372670808,31.906055900621112,37.34083850931677
44,3536,excitatory,0,24.223602484472046,30.434782608695652,25.822981366459622
44,3537,inhibitory,0,12.965838509316772,6.486801242236025,9.499223602484472
44,3538,excitatory,0,0.15527950310559005,0.06211180124223602,0.058229813664596265
44,3539,excitatory,0,0.0,0.0,0.003881987577639751
44,3540,excitatory,0,0.0,0.0,0.0
44,3541,excitatory,0,1.3975155279503104,1.6964285714285712,1.3509316770186335
44,3542,excitatory,0,0.07763975155279502,0.11645962732919252,0.06211180124223602
44,3543,inhibitory,0,52.48447204968943,30.190217391304344,50.376552795031046
44,3544,excitatory,0,0.0,0.058229813664596265,0.042701863354037264
44,3545,excitatory,0,6.288819875776397,7.1777950310559,6.774068322981366
44,3546,inhibitory,0,13.509316770186334,23.796583850931675,12.131211180124222
44,3547,excitatory,0,-0.6211180124223602,-0.9433229813664594,-0.811335403726708
44,3548,excitatory,0,0.0,-0.03493788819875776,0.0
44,3549,excitatory,0,0.0,0.0,0.0
44,3550,excitatory,0,5.124223602484472,3.8315217391304337,4.35947204968944
44,3551,excitatory,0,2.717391304347826,2.4417701863354035,2.290372670807453
44,3552,excitatory,0,-0.07763975155279501,-0.30667701863354035,-0.12034161490683226
44,3553,excitatory,0,0.23291925465838492,-0.15916149068323016,0.03881987577639734
44,3554,excitatory,0,-4.34782608695652,-2.441770186335404,-4.1847826086956506
44,3555,excitatory,0,0.0,-0.011645962732919254,-0.019409937888198756
44,3556,excitatory,0,0.0,0.0,0.0
44,3557,excitatory,0,0.23291925465838514,-0.058229813664596286,-0.42313664596273287
44,3558,excitatory,0,0.07763975155279502,-0.14751552795031056,0.06211180124223603
44,3559,excitatory,0,-0.46583850931677007,0.2756211180124223,-0.12034161490683237
44,3560,excitatory,0,1.7080745341614907,1.4751552795031053,1.8478260869565215
44,3561,excitatory,0,0.6987577639751552,0.5745341614906831,0.4541925465838509
44,3563,excitatory,0,0.0,0.0,0.0
44,3564,excitatory,0,0.0,0.0,0.01940993788819876
44,3565,excitatory,0,0.0,0.003881987577639751,0.011645962732919254
44,3566,excitatory,0,0.07763975155279502,0.11645962732919253,0.05046583850931676
44,3567,excitatory,0,0.0,0.0,-0.003881987577639751
44,3568,excitatory,0,-3.183229813664598,-5.015527950310558,-2.8027950310559007
44,3569,excitatory,0,2.3291925465838506,1.3897515527950308,1.917701863354037
44,3570,excitatory,0,-14.829192546583855,-18.43555900621118,-18.532608695652172
44,3571,excitatory,0,1.3975155279503104,1.5333850931677016,1.2150621118012421
44,3572,inhibitory,0,2.329192546583851,-1.3548136645962732,-1.9021739130434785
44,3573,excitatory,0,0.0,0.13975155279503104,0.08540372670807453
44,3574,excitatory,0,0.0,0.003881987577639751,0.0
44,3575,excitatory,0,-0.6987577639751553,-0.8501552795031054,-0.5163043478260869
44,3576,excitatory,0,0.07763975155279504,0.03493788819875773,-0.031055900621118016
44,3577,inhibitory,0,0.15527950310559024,0.29891304347826086,0.7569875776397517
44,3578,excitatory,0,0.15527950310559005,0.32220496894409933,0.06987577639751552
44,3579,excitatory,0,3.338509316770187,7.6358695652173925,2.573757763975154
44,3581,excitatory,0,0.0,0.0,0.0
44,3582,excitatory,0,0.0,0.0,0.0
44,3583,excitatory,0,14.98447204968944,16.890527950310556,14.530279503105586
44,3584,excitatory,0,-0.07763975155279502,0.058229813664596265,-0.02717391304347826
44,3585,excitatory,0,0.0,0.0,0.0
44,3586,excitatory,0,-0.2329192546583851,0.04270186335403725,-0.046583850931677016
44,3587,excitatory,0,0.07763975155279502,0.038819875776397506,0.08152173913043478
44,3588,excitatory,0,2.8726708074534164,3.3268633540372665,2.748447204968944
44,3589,inhibitory,0,-0.15527950310559005,-0.023291925465838505,-0.10481366459627328
44,3590,inhibitory,0,-0.5434782608695652,-0.8462732919254661,-0.3843167701863355
44,3591,inhibitory,1,-85.63664596273291,-57.69798136645962,-85.02329192546583
44,3592,excitatory,0,-0.07763975155279504,-0.04658385093167702,0.015527950310558994
44,3594,excitatory,0,0.0,-0.11645962732919252,0.062111801242236024
44,3595,excitatory,0,0.3105590062111801,0.6521739130434782,0.30667701863354035
44,3596,excitatory,0,0.0,0.0,0.0
44,3597,excitatory,0,0.0,0.003881987577639751,0.0
44,3598,excitatory,0,0.07763975155279502,0.2717391304347826,0.1824534161490683
44,3599,excitatory,0,-1.1645962732919253,-2.666925465838509,-0.9549689440993788
44,3600,excitatory,0,-0.9316770186335406,0.30279503105590067,-0.9782608695652173
44,3601,excitatory,0,0.0,0.05434782608695652,0.007763975155279502
44,3602,excitatory,0,2.6397515527950306,2.934782608695652,2.3718944099378882
44,3603,excitatory,0,0.0,-0.023291925465838508,0.003881987577639751
44,3604,excitatory,0,8.385093167701864,10.714285714285712,7.352484472049689
44,3605,inhibitory,0,-0.5434782608695651,0.5706521739130435,0.12034161490683237
44,3606,excitatory,0,1.8633540372670807,2.934782608695652,2.041925465838509
44,3607,inhibitory,1,-1.0093167701863353,-0.842391304347826,-0.656055900621118
44,3608,excitatory,0,1.1645962732919255,-0.2756211180124224,1.137422360248447
44,3609,inhibitory,0,3.5714285714285765,7.798913043478262,4.817546583850934
44,3610,excitatory,0,5.978260869565217,4.440993788819875,5.392080745341614
44,3612,excitatory,0,0.0,0.003881987577639751,0.0
44,3613,excitatory,0,15.295031055900623,14.984472049689439,13.808229813664596
44,3615,excitatory,0,73.21428571428572,86.7585403726708,70.32608695652173
44,3616,excitatory,0,-2.2515527950310563,-1.2422360248447202,-2.565993788819876
44,3617,excitatory,0,-1.8633540372670803,-3.6801242236024843,-1.2305900621118004
44,3618,excitatory,0,0.0,-0.003881987577639751,-0.007763975155279502
44,3619,excitatory,0,0.0,0.0,0.0
44,3621,excitatory,0,2.1739130434782608,1.4052795031055898,1.8051242236024843
44,3622,excitatory,0,0.4658385093167703,1.1917701863354035,0.6444099378881987
44,3623,excitatory,0,-0.2329192546583851,-0.997670807453416,-0.4386645962732919
44,3624,excitatory,0,0.07763975155279502,0.03493788819875776,0.09704968944099378
44,3625,excitatory,0,-0.6211180124223602,-0.19798136645962727,-0.2523291925465838
44,3626,excitatory,0,-0.07763975155279502,0.007763975155279502,-0.042701863354037264
44,3627,excitatory,0,0.6211180124223602,1.3159937888198756,0.9316770186335404
44,3628,excitatory,0,-0.5434782608695652,-1.0559006211180124,-0.5279503105590062
44,3629,inhibitory,1,-1.7857142857142856,-2.1972049689440993,-2.775621118012422
44,3630,excitatory,0,0.0,-0.019409937888198756,0.007763975155279502
44,3631,excitatory,0,0.0,0.0,0.0
44,3632,excitatory,0,0.0,0.0,0.0
44,3634,inhibitory,0,10.170807453416145,9.0139751552795,13.035714285714285
44,3635,excitatory,0,0.07763975155279502,-0.023291925465838508,-0.015527950310559006
44,3636,excitatory,0,0.0,0.0,0.0
44,3637,excitatory,0,0.0,0.0,0.0
44,3638,excitatory,0,0.0,-0.003881987577639751,0.0
44,3639,inhibitory,0,0.4658385093167702,0.007763975155279504,-0.10093167701863354
44,3640,excitatory,0,0.2329192546583851,0.40760869565217395,0.19798136645962733
44,3641,inhibitory,0,0.0,0.0,0.0
44,3642,excitatory,0,0.5434782608695651,1.083074534161491,0.6909937888198756
44,3643,inhibitory,0,0.3105590062111801,0.32608695652173914,0.41149068322981364
44,3644,excitatory,0,0.0,0.0,0.0
44,3645,excitatory,0,0.07763975155279512,-1.2577639751552794,-0.326086956521739
44,3646,excitatory,0,1.164596273291925,0.05822981366459601,1.0597826086956519
44,3647,excitatory,0,0.0,0.0,0.0
44,3648,inhibitory,0,6.599378881987577,7.884316770186335,6.389751552795031
44,3649,excitatory,0,3.0279503105590058,3.0861801242236018,2.884316770186336
44,3650,excitatory,0,5.512422360248447,5.799689440993789,5.232919254658384
44,3651,excitatory,0,0.0,0.019409937888198756,0.015527950310559004
44,3652,inhibitory,1,-15.993788819875776,-16.21894409937888,-18.454968944099377
44,3653,excitatory,0,0.0,0.0,0.0
44,3654,inhibitory,0,1.8633540372670805,1.7391304347826084,2.1777950310559
44,3655,excitatory,0,0.3881987577639751,0.2911490683229814,0.23291925465838503
44,3656,excitatory,0,0.0,0.36102484472049684,0.06599378881987578
44,3657,inhibitory,0,-1.7857142857142847,11.564440993788821,-1.599378881987576
44,3658,excitatory,0,0.15527950310559005,0.023291925465838498,0.03493788819875776
44,3659,inhibitory,0,0.6987577639751552,1.4130434782608694,0.6288819875776397
44,3661,excitatory,0,0.07763975155279512,-0.48913043478260865,-0.14751552795031042
44,3662,inhibitory,0,-8.152173913043477,-3.9635093167701854,-10.776397515527954
44,3663,excitatory,0,-8.928571428571427,-13.322981366459626,-11.84394409937888
44,3664,excitatory,0,3.260869565217391,3.979037267080745,4.145962732919254
44,3665,excitatory,0,0.3105590062111801,0.15139751552795028,0.23680124223602483
44,3666,excitatory,0,0.0,0.015527950310559004,0.007763975155279502
44,3667,excitatory,0,0.0,0.0,0.0
44,3668,inhibitory,0,-1.708074534161491,-1.4790372670807455,-1.7197204968944098
44,3669,excitatory,0,0.07763975155279502,0.08540372670807453,0.08540372670807453
44,3670,excitatory,0,0.07763975155279502,0.019409937888198756,0.08152173913043477
44,3671,excitatory,0,-0.07763975155279502,-0.13198757763975155,-0.12422360248447203
44,3672,excitatory,0,-0.07763975155279557,1.4091614906832302,1.5527950310559007
44,3673,excitatory,0,11.801242236024848,11.805124223602487,11.711956521739129
44,3675,excitatory,0,0.07763975155279501,0.12810559006211186,0.01164596273291929
44,3676,excitatory,0,-3.9596273291925463,-3.800465838509316,-3.707298136645962
44,3677,excitatory,0,0.0,0.0,0.0
44,3678,excitatory,0,-1.3198757763975157,-4.619565217391304,-1.6886645962732922
44,3679,excitatory,0,0.4658385093167702,1.3004658385093166,0.3416149068322981
44,3680,excitatory,0,0.7763975155279503,0.640527950310559,-0.06211180124223614
44,3683,excitatory,0,-0.4658385093167702,-0.38043478260869557,-0.7026397515527949
44,3684,excitatory,0,0.0,0.0,0.0
44,3685,inhibitory,0,43.32298136645963,53.82375776397515,43.63742236024845
44,3686,excitatory,0,0.0,0.0,0.0
44,3688,excitatory,0,-0.07763975155279504,0.32608695652173914,0.13975155279503107
44,3689,inhibitory,1,0.0,0.0,-0.058229813664596265
44,3690,excitatory,0,0.0,0.015527950310559004,0.011645962732919254
44,3691,excitatory,0,-0.15527950310559005,-0.24844720496894407,-0.06987577639751552
44,3692,excitatory,0,3.959627329192543,2.950310559006212,3.792701863354033
44,3693,excitatory,0,1.6304347826086953,4.285714285714286,2.775621118012423
44,3694,excitatory,0,0.0,-0.007763975155279502,0.0
44,3695,excitatory,0,-0.15527950310559005,-0.19409937888198753,-0.12810559006211178
44,3696,excitatory,0,-0.15527950310559005,-0.07375776397515528,0.02329192546583851
44,3697,excitatory,0,-3.2608695652173916,-1.2965838509316772,-2.6048136645962723
44,3698,excitatory,0,0.38819875776397517,-0.2600931677018633,-0.031055900621118016
44,3699,excitatory,0,2.1739130434782616,1.9060559006211193,2.045807453416149
44,3700,excitatory,0,-0.07763975155279502,-0.19798136645962727,-0.06987577639751552
44,3701,excitatory,0,-3.8819875776397517,-6.475155279503106,-4.076086956521738
44,3702,excitatory,0,-25.85403726708075,-30.263975155279496,-31.381987577639755
44,3703,excitatory,0,0.0,0.003881987577639751,0.003881987577639751
44,3704,inhibitory,0,-3.8819875776397534,-5.306677018633541,-4.794254658385093
44,3705,excitatory,0,-0.15527950310559002,-0.702639751552795,-0.20962732919254656
44,3706,excitatory,0,0.0,-0.03105590062111801,-0.007763975155279503
44,3707,excitatory,0,-0.6987577639751552,0.2872670807453416,-0.5745341614906831
44,3708,excitatory,0,-0.15527950310559024,-4.541925465838509,-1.5100931677018634
44,3709,excitatory,0,0.0,0.05046583850931677,0.011645962732919254
44,3710,excitatory,0,-0.38819875776397517,-0.78027950310559,-0.279503105590062
44,3711,inhibitory,0,0.0,0.0,0.011645962732919254
44,3712,inhibitory,0,6.677018633540372,1.0791925465838506,5.640527950310559
44,3713,excitatory,0,-10.636645962732917,-10.403726708074533,-11.960403726708073
44,3714,excitatory,0,1.0093167701863353,1.09472049689441,0.7686335403726707
44,3715,excitatory,0,0.6211180124223602,0.6133540372670806,0.7298136645962734
44,3716,excitatory,0,0.0,0.0,0.0
44,3717,excitatory,0,1.9409937888198758,1.929347826086956,1.8982919254658386
44,3718,excitatory,0,0.0,0.1125776397515528,0.05822981366459627
44,3719,excitatory,0,-1.5527950310559002,-0.7531055900621118,-1.4440993788819876
44,3720,inhibitory,0,14.906832298136642,13.61024844720497,15.229037267080741
44,3721,excitatory,0,-1.2422360248447204,-1.3470496894409938,-1.1529503105590062
44,3722,inhibitory,0,98.83540372670808,90.74145962732919,111.55667701863354
44,3723,excitatory,0,0.5434782608695652,0.2795031055900621,0.11257763975155255
44,3724,inhibitory,1,0.0,0.0,0.0
44,3726,excitatory,0,-0.8540372670807453,-0.857919254658385,-0.5201863354037266
44,3727,excitatory,0,0.0,0.03105590062111801,0.03881987577639751
44,3728,excitatory,0,-16.537267080745337,-14.887422360248436,-16.110248447204967
44,3729,excitatory,0,0.0,-0.09316770186335405,-0.019409937888198753
44,3730,excitatory,0,24.06832298136646,25.39596273291925,21.74301242236025
44,3731,excitatory,0,0.0,0.0,0.0
44,3732,inhibitory,1,-6.211180124223602,-5.706521739130435,-4.572981366459627
44,3733,excitatory,0,0.0,-0.5473602484472048,-0.49689440993788814
44,3734,excitatory,0,16.38198757763975,16.296583850931675,15.147515527950308
44,3735,excitatory,0,0.0,0.0,0.0
44,3736,inhibitory,0,25.776397515527954,18.225931677018632,26.156832298136642
44,3737,inhibitory,0,0.38819875776397517,0.3804347826086956,0.5085403726708073
44,3738,excitatory,0,3.493788819875776,2.775621118012422,2.5776397515527947
44,3739,excitatory,0,-0.07763975155279502,-0.046583850931677016,-0.042701863354037264
44,3740,excitatory,0,0.07763975155279502,0.0,0.007763975155279502
44,3741,excitatory,0,0.8540372670807452,0.3649068322981366,0.4697204968944099
44,3742,inhibitory,0,10.170807453416149,8.365683229813666,12.022515527950308
44,3743,excitatory,0,0.38819875776397517,0.27950310559006203,0.5473602484472049
44,3744,excitatory,0,0.0,0.0,0.0
44,3745,excitatory,0,0.0,0.0,0.0
44,3746,inhibitory,0,7.220496894409937,6.40916149068323,7.895962732919254
44,3747,excitatory,0,0.0,0.0,0.0
44,3748,inhibitory,0,3.4161490683229836,1.4363354037267069,1.9448757763975166
44,3749,excitatory,0,0.23291925465838514,0.8423913043478259,0.5318322981366459
44,3750,excitatory,0,0.0,0.0,0.0
44,3751,excitatory,0,-0.5434782608695652,0.14363354037267084,-0.1863354037267081
44,3752,excitatory,0,0.0,0.0,0.0
44,3753,excitatory,0,-1.3198757763975155,-1.3703416149068322,-1.541149068322981
44,3754,excitatory,0,-0.15527950310559005,-0.22515527950310557,-0.13198757763975152
44,3755,excitatory,0,0.0,0.0,0.0
44,3756,excitatory,0,0.3105590062111801,0.33773291925465837,0.4076086956521739
44,3757,inhibitory,0,-0.3105590062111805,1.7507763975155273,0.2600931677018634
44,3758,excitatory,0,6.366459627329192,11.937111801242235,8.175465838509316
44,3759,excitatory,0,0.0,-0.03105590062111801,-0.02717391304347826
44,3760,excitatory,0,0.0,0.20962732919254656,0.031055900621118012
44,3761,excitatory,0,10.869565217391305,22.35636645962733,15.419254658385091
44,3762,excitatory,0,-0.2329192546583851,-0.03493788819875776,0.011645962732919235
44,3764,inhibitory,0,1.0869565217391308,-4.646739130434782,-2.791149068322982
44,3765,excitatory,0,0.0,0.019409937888198756,0.046583850931677016
44,3766,excitatory,0,-11.257763975155278,-19.258540372670804,-16.743012422360245
44,3767,inhibitory,1,-33.850931677018636,-50.077639751552795,-37.71350931677018
44,3768,excitatory,0,1.0093167701863353,3.1793478260869565,1.0326086956521738
44,3769,excitatory,0,0.6211180124223603,0.8889751552795031,0.795807453416149
44,3770,excitatory,0,0.0,0.0,0.003881987577639751
44,3771,excitatory,0,0.4658385093167703,0.5900621118012421,0.5318322981366459
44,3772,inhibitory,0,-15.062111801242239,-11.58385093167702,-13.839285714285708
44,3773,inhibitory,0,1.8633540372670794,4.145962732919255,6.851708074534162
44,3774,excitatory,0,0.0,0.058229813664596265,0.0
44,3775,excitatory,0,0.0,0.003881987577639751,0.03105590062111801
44,3777,excitatory,0,0.0,0.0,0.0
44,3778,excitatory,0,1.3975155279503104,1.3198757763975153,0.7259316770186337
44,3779,excitatory,0,-0.9316770186335415,-1.6420807453416142,-1.4518633540372683
44,3780,excitatory,0,12.111801242236023,16.607142857142854,12.864906832298136
44,3781,excitatory,0,0.0,0.0,0.0
44,3782,excitatory,0,0.0,-0.20962732919254656,-0.07763975155279502
44,3783,excitatory,0,0.15527950310559005,0.24456521739130432,0.22515527950310557
44,3784,excitatory,0,0.7763975155279503,-4.3012422360248435,-0.6677018633540373
44,3786,excitatory,0,-2.0186335403726705,-3.781055900621118,-3.1094720496894412
44,3787,excitatory,0,0.0,0.015527950310559004,0.003881987577639752
44,3788,excitatory,0,0.15527950310559008,0.01552795031055898,-0.07375776397515527
44,3789,excitatory,0,2.6397515527950306,4.7437888198757765,2.907608695652174
44,3790,excitatory,0,0.5434782608695653,1.5993788819875774,1.1529503105590062
44,3791,excitatory,0,-0.07763975155279502,0.027173913043478257,-0.06211180124223602
44,3792,excitatory,0,26.164596273291924,24.49145962732919,24.844720496894407
44,3794,excitatory,0,0.0,0.015527950310559004,0.003881987577639751
44,3795,excitatory,0,5.978260869565217,5.256211180124223,5.690993788819875
44,3796,excitatory,0,0.0,-1.0403726708074534,-0.6172360248447205
44,3797,excitatory,0,1.242236024844722,1.704192546583851,0.4270186335403743
44,3798,excitatory,0,2.4068322981366457,1.766304347826086,1.8905279503105596
44,3799,excitatory,0,5.590062111801242,5.675465838509316,4.130434782608694
44,3800,excitatory,0,0.6987577639751552,3.004658385093167,1.2577639751552794
44,3801,inhibitory,0,0.5434782608695652,0.1746894409937888,0.41537267080745344
44,3802,excitatory,0,0.0,0.0,0.0
44,3803,excitatory,0,1.6304347826086956,2.255434782608696,1.7818322981366457
44,3804,excitatory,0,-9.704968944099377,-10.51242236024845,-12.305900621118013
44,3805,excitatory,0,-1.3198757763975153,-0.8695652173913047,-0.4619565217391304
44,3806,excitatory,0,0.0,0.0,0.0
44,3807,excitatory,0,9.472049689440992,11.312111801242235,9.53804347826087
44,3808,excitatory,0,0.0,0.0,0.0
44,3809,inhibitory,0,-1.08695652173913,-0.566770186335404,-2.2010869565217392
44,3811,excitatory,0,1.3975155279503104,3.1211180124223596,1.4246894409937887
44,3812,inhibitory,1,-7.142857142857142,-2.2049689440993787,-4.301242236024844
44,3813,excitatory,0,5.90062111801242,7.9541925465838474,5.892857142857142
44,3816,excitatory,0,3.3385093167701854,1.7779503105590049,1.8322981366459636
44,3818,excitatory,0,-0.1552795031055899,-0.39984472049689435,-0.01940993788819889
44,3819,excitatory,0,0.7763975155279503,0.03493788819875776,0.48913043478260876
44,3820,inhibitory,0,33.15217391304347,38.827639751552795,25.53183229813665
44,3821,inhibitory,1,-10.714285714285714,-6.754658385093167,-11.24223602484472
44,3822,excitatory,0,-0.3881987577639751,-0.3493788819875776,-0.3765527950310559
44,3823,inhibitory,0,0.0,0.0,0.0
44,3824,excitatory,0,7.608695652173912,6.187888198757764,5.912267080745341
44,3825,excitatory,0,0.0,0.0,0.0
44,3826,excitatory,0,0.0,0.0,0.0
44,3827,excitatory,0,0.0,0.0,0.0
44,3828,inhibitory,0,0.0,0.02717391304347826,0.011645962732919254
44,3829,excitatory,0,0.07763975155279507,0.03105590062111796,0.3610248447204969
44,3830,excitatory,0,0.2329192546583851,-0.06987577639751552,0.1436335403726708
44,3831,excitatory,0,-0.2329192546583851,-0.019409937888198756,-0.10869565217391303
44,3832,excitatory,0,0.0,0.0,0.003881987577639751
44,3833,excitatory,0,0.15527950310559005,0.3416149068322981,0.3183229813664596
44,3834,excitatory,0,2.717391304347826,-0.399844720496894,0.6560559006211175
44,3835,excitatory,0,-4.813664596273291,-8.800465838509314,-8.326863354037267
44,3836,excitatory,0,-0.23291925465838492,0.7725155279503104,-0.38819875776397494
44,3837,excitatory,0,1.4751552795031055,1.2150621118012421,1.2965838509316767
44,3838,excitatory,0,0.0,0.003881987577639751,0.0
44,3839,excitatory,0,0.15527950310559005,0.11645962732919254,0.05822981366459627
44,3840,excitatory,0,0.07763975155279512,-0.17080745341614922,-0.13198757763975155
44,3841,excitatory,0,0.0,-0.003881987577639751,0.0
44,3842,excitatory,0,0.0,0.10481366459627328,0.06211180124223602
44,3845,excitatory,0,8.074534161490682,10.663819875776397,8.606366459627328
44,3846,excitatory,0,0.0,0.011645962732919254,0.0
44,3847,excitatory,0,0.0,0.019409937888198756,0.003881987577639752
44,3848,excitatory,0,3.8819875776397517,5.978260869565217,4.868012422360248
44,3849,inhibitory,0,-0.6211180124223602,0.09704968944099379,-0.47748447204968936
44,3850,excitatory,0,0.07763975155279502,0.1902173913043478,0.03881987577639751
44,3851,excitatory,0,1.1645962732919255,0.42313664596273287,0.9239130434782609
44,3852,inhibitory,0,9.472049689440993,2.7057453416149073,5.3765527950310545
44,3853,excitatory,0,0.0,0.019409937888198756,0.02717391304347826
44,3854,excitatory,0,0.9316770186335404,3.3423913043478257,1.3082298136645962
44,3855,excitatory,0,8.695652173913043,11.913819875776396,7.100155279503105
44,3856,excitatory,0,0.0,0.0,0.0
44,3857,excitatory,0,0.0,0.1513975155279503,0.08152173913043477
44,3858,excitatory,0,0.07763975155279502,0.09316770186335403,0.1669254658385093
44,3859,inhibitory,0,-19.48757763975155,-12.45729813664596,-19.429347826086953
44,3860,inhibitory,0,1.475155279503106,6.09860248447205,0.9510869565217366
44,3861,excitatory,0,0.07763975155279502,-0.03493788819875776,0.011645962732919256
44,3862,excitatory,0,0.0,0.0,0.0
44,3863,excitatory,0,-1.0093167701863355,-0.9588509316770185,-1.0869565217391304
44,3864,inhibitory,0,-3.8043478260869588,-11.673136645962732,-5.586180124223603
44,3866,excitatory,0,5.279503105590061,9.724378881987576,6.521739130434781
44,3868,inhibitory,0,1.164596273291925,1.2034161490683226,1.6265527950310554
44,3869,excitatory,0,0.07763975155279502,0.10093167701863354,0.05046583850931677
44,3870,excitatory,0,-0.07763975155279502,-0.05822981366459627,-0.03493788819875776
44,3871,excitatory,0,0.46583850931677007,1.420807453416149,0.6249999999999998
44,3872,excitatory,0,0.0,0.011645962732919254,0.007763975155279502
44,3873,excitatory,0,0.0,-0.023291925465838508,0.0
44,3874,excitatory,0,0.07763975155279502,0.13198757763975155,0.007763975155279502
44,3876,excitatory,0,0.0,0.0,0.0
44,3877,excitatory,0,0.07763975155279502,0.05046583850931677,-0.031055900621118016
44,3878,excitatory,0,0.0,0.003881987577639751,0.06599378881987578
44,3879,excitatory,0,-16.53726708074534,-16.149068322981364,-17.94254658385093
44,3880,excitatory,0,-7.996894409937889,-3.9557453416149055,-6.6731366459627335
44,3881,excitatory,0,-0.07763975155279502,0.019409937888198753,0.042701863354037264
44,3882,excitatory,0,0.8540372670807455,3.1482919254658386,1.1490683229813663
44,3883,excitatory,0,0.15527950310559024,-0.2756211180124222,0.9588509316770186
44,3884,excitatory,0,1.5527950310559004,0.9821428571428571,1.3082298136645962
44,3885,excitatory,0,-0.15527950310559005,-0.26397515527950305,-0.12422360248447203
44,3886,excitatory,0,-2.251552795031056,-2.2554347826086953,-4.6972049689440984
44,3887,excitatory,0,-11.413043478260867,-9.305124223602483,-10.190217391304346
44,3889,excitatory,0,0.3105590062111801,0.1436335403726708,0.24456521739130432
44,3890,excitatory,0,0.0,0.1902173913043478,0.042701863354037264
44,3891,excitatory,0,-0.07763975155279502,-0.06599378881987578,-0.062111801242236
44,3892,excitatory,0,2.32919254658385,5.636645962732919,3.1677018633540364
44,3893,excitatory,0,-1.8633540372670812,-2.6319875776397508,-2.690217391304348
44,3894,inhibitory,0,0.6987577639751552,0.3765527950310559,0.5978260869565216
44,3895,excitatory,0,0.4658385093167702,2.787267080745341,1.3781055900621118
44,3896,excitatory,0,25.15527950310559,57.449534161490675,37.806677018633536
44,3897,excitatory,0,-1.3198757763975153,0.2212732919254652,0.38431677018633525
44,3898,excitatory,0,-10.403726708074537,-11.079192546583851,-13.804347826086953
44,3899,excitatory,0,2.950310559006211,3.637422360248447,1.9914596273291922
44,3900,excitatory,0,0.0,-0.011645962732919254,0.02717391304347826
44,3901,excitatory,0,-4.736024844720497,-5.104813664596273,-9.460403726708073
44,3902,excitatory,0,0.0,-0.003881987577639751,0.003881987577639751
44,3903,excitatory,0,1.2422360248447202,2.170031055900621,1.7391304347826075
44,3904,excitatory,0,0.0,0.007763975155279504,-0.019409937888198756
44,3906,excitatory,0,-0.15527950310559002,-0.5007763975155279,-0.24068322981366458
44,3908,inhibitory,0,1.7857142857142854,1.6925465838509315,2.092391304347826
44,3909,excitatory,0,-0.4658385093167702,-0.04658385093167705,-0.6327639751552794
44,3910,excitatory,0,0.0,0.015527950310559004,0.02717391304347826
44,3911,inhibitory,0,0.0,0.003881987577639751,0.042701863354037264
44,3912,excitatory,0,-0.07763975155279502,-0.04270186335403728,-0.05046583850931677
44,3913,excitatory,0,0.0,0.0,0.0
44,3914,excitatory,0,-0.2329192546583851,-0.03881987577639753,-0.05046583850931677
44,3915,excitatory,0,0.07763975155279501,0.4386645962732919,0.027173913043478215
44,3916,excitatory,0,0.6211180124223605,0.4774844720496896,1.8711180124223599
44,3917,excitatory,0,-0.07763975155279502,-0.09704968944099378,-0.19409937888198758
44,3918,excitatory,0,0.0,0.0,0.0
44,3919,excitatory,0,0.15527950310559005,1.886645962732919,0.826863354037267
44,3920,excitatory,0,0.7763975155279502,1.0364906832298135,0.5007763975155278
44,3921,excitatory,0,7.453416149068323,9.941770186335402,7.449534161490683
44,3922,inhibitory,0,1.70807453416149,1.6692546583850927,-0.13198757763975166
44,3923,excitatory,0,0.5434782608695653,0.3649068322981366,0.3765527950310559
44,3924,inhibitory,1,-4.736024844720497,-3.179347826086956,-4.941770186335403
44,3925,excitatory,0,0.0,-0.10869565217391304,-0.07763975155279504
44,3926,excitatory,0,-0.23291925465838514,-0.03493788819875787,0.12034161490683237
44,3927,inhibitory,1,0.0,0.0,0.0
44,3928,excitatory,0,3.726708074534161,3.074534161490683,3.295807453416149
44,3929,excitatory,0,2.6397515527950333,1.8944099378881987,0.6094720496894404
44,3930,excitatory,0,0.0,0.0,0.0
44,3931,excitatory,0,7.375776397515527,12.32142857142857,7.565993788819876
44,3932,excitatory,0,0.0,0.0,0.0
44,3933,excitatory,0,11.413043478260867,9.38664596273292,9.957298136645964
44,3934,excitatory,0,-0.5434782608695652,-0.6638198757763976,-0.547360248447205
44,3935,inhibitory,0,-0.31055900621118004,0.42313664596273287,0.2833850931677019
44,3936,excitatory,0,9.161490683229811,7.135093167701861,9.91459627329192
44,3937,inhibitory,0,17.934782608695627,8.357919254658384,20.446428571428584
44,3938,excitatory,0,0.4658385093167701,0.888975155279503,0.9161490683229813
44,3939,excitatory,0,-0.07763975155279512,-0.41925465838509307,-0.9860248447204968
44,3940,excitatory,0,0.0,0.003881987577639751,0.0
44,3941,excitatory,0,7.763975155279503,7.216614906832298,7.496118012422359
44,3942,excitatory,0,0.07763975155279504,0.19409937888198753,0.25621118012422356
44,3943,excitatory,0,3.3385093167701863,6.040372670807452,4.262422360248447
44,3944,inhibitory,1,-6.521739130434782,-5.209627329192546,-5.93167701863354
44,3945,excitatory,0,0.0,0.0,0.0
44,3946,excitatory,0,0.3105590062111801,0.9006211180124222,0.33385093167701857
44,3947,excitatory,0,0.0,0.0,0.0
44,3948,excitatory,0,10.559006211180124,13.055124223602482,8.843167701863353
44,3949,excitatory,0,1.9409937888198758,1.420807453416149,0.8152173913043479
44,3950,excitatory,0,0.0,0.12034161490683232,-0.023291925465838498
44,3951,excitatory,0,1.7857142857142856,2.3796583850931676,1.762422360248447
44,3952,excitatory,0,0.0,0.07763975155279502,-0.007763975155279504
44,3953,excitatory,0,0.0,0.0,0.0
44,3954,inhibitory,0,-7.996894409937889,-2.150621118012422,-6.785714285714283
44,3955,excitatory,0,-5.822981366459626,-10.267857142857142,-10.190217391304344
44,3957,excitatory,0,0.0,0.007763975155279502,0.03493788819875776
44,3958,excitatory,0,0.0,0.011645962732919252,0.015527950310559004
44,3959,excitatory,0,1.6304347826086953,6.5605590062111805,2.080745341614907
44,3960,excitatory,0,0.15527950310559005,0.2795031055900621,0.12422360248447203
44,3961,excitatory,0,0.0,0.0,0.0
44,3962,excitatory,0,0.0,0.3687888198757764,0.16304347826086954
44,3963,excitatory,0,0.15527950310559005,0.4541925465838509,0.29503105590062106
44,3964,excitatory,0,-4.968944099378881,-3.2608695652173907,-5.442546583850931
44,3965,inhibitory,1,0.0,0.0,0.0
44,3966,excitatory,0,0.0,0.22127329192546583,0.058229813664596265
44,3968,excitatory,0,-1.5527950310559007,-1.2888198757763973,-1.218944099378882
44,3969,excitatory,0,2.717391304347826,4.196428571428569,3.1560559006211157
44,3970,inhibitory,0,0.07763975155279502,0.39208074534161486,0.1513975155279503
44,3971,inhibitory,0,3.3385093167701863,1.8167701863354035,2.6281055900621118
44,3972,inhibitory,1,-2.329192546583851,-5.496894409937887,0.9976708074534155
44,3973,excitatory,0,1.0869565217391304,2.3447204968944098,1.3043478260869563
44,3974,excitatory,0,5.900621118012422,8.066770186335402,5.993788819875775
44,3975,inhibitory,1,-50.93167701863354,-49.25077639751553,-50.07763975155279
44,3976,excitatory,0,0.07763975155279512,0.11257763975155266,-0.01552795031055898
44,3977,excitatory,0,1.1645962732919255,0.3610248447204969,1.028726708074534
44,3979,excitatory,0,3.9596273291925463,5.209627329192546,3.4433229813664594
44,3982,excitatory,0,0.0,0.0,0.0
44,3983,inhibitory,0,7.841614906832297,3.6645962732919255,8.350155279503106
44,3984,inhibitory,0,-0.15527950310559005,-0.07763975155279502,-0.12422360248447203
44,3985,inhibitory,0,25.854037267080745,25.139751552795033,29.63509316770186
44,3986,excitatory,0,-1.0093167701863353,-1.0170807453416149,-1.952639751552795
44,3987,excitatory,0,3.571428571428571,2.542701863354037,3.28027950310559
44,3988,excitatory,0,1.164596273291925,0.8928571428571428,0.6055900621118011
44,3989,excitatory,0,0.6211180124223602,0.7026397515527949,0.3493788819875776
44,3990,excitatory,0,0.0,0.0,-0.011645962732919254
44,3991,inhibitory,0,2.3291925465838506,0.31444099378881996,1.0869565217391304
44,3992,excitatory,0,8.850931677018632,10.543478260869563,7.694099378881987
44,3994,excitatory,0,0.0,0.0,0.0
44,3995,excitatory,0,7.608695652173914,2.3951863354037286,6.292701863354036
44,3996,excitatory,0,0.0,-0.08540372670807453,-0.031055900621118
44,3997,excitatory,0,0.0,0.0,0.0
44,3998,excitatory,0,-0.07763975155279502,-0.003881987577639752,-0.023291925465838508
44,3999,excitatory,0,0.07763975155279501,-0.22903726708074532,-0.2329192546583851
44,4000,excitatory,0,0.6211180124223601,-1.0791925465838508,-1.1180124223602483
44,4001,excitatory,0,0.7763975155279502,1.576086956521739,0.5590062111801242
44,4003,excitatory,0,0.0,0.0,0.0
44,4004,inhibitory,0,0.3105590062111801,0.3804347826086956,0.3804347826086956
44,4005,excitatory,0,0.2329192546583851,-0.019409937888198753,0.03493788819875776
44,4006,excitatory,0,3.571428571428571,2.7057453416149064,3.1133540372670803
44,4007,excitatory,0,0.23291925465838537,-0.4658385093167703,-0.5240683229813663
44,4008,excitatory,0,-0.15527950310559005,-0.015527950310559004,-0.042701863354037264
44,4010,excitatory,0,0.0,0.007763975155279502,0.019409937888198756
44,4012,excitatory,0,-0.15527950310559005,0.05046583850931678,0.23680124223602483
44,4013,excitatory,0,0.38819875776397517,0.5085403726708071,0.7220496894409938
44,4014,excitatory,0,-1.0869565217391304,-1.203416149068323,-1.4013975155279503
44,4015,excitatory,0,-0.5434782608695652,-0.32220496894409933,-0.6366459627329193
44,4016,excitatory,0,0.07763975155279502,0.36490683229813664,0.10481366459627328
44,4017,excitatory,0,0.38819875776397517,0.22515527950310554,0.2135093167701863
44,4018,excitatory,0,0.07763975155279502,-0.10093167701863354,0.1746894409937888
44,4019,excitatory,0,0.0,0.1513975155279503,0.20962732919254656
44,4020,inhibitory,0,38.198757763975166,33.19099378881987,35.232919254658384
44,4021,inhibitory,0,-13.276397515527954,-4.611801242236027,-9.45652173913043
44,4023,inhibitory,0,0.7763975155279502,0.5939440993788819,0.32608695652173914
44,4024,excitatory,0,-2.2515527950310554,-0.08152173913043503,-1.5023291925465836
44,4025,excitatory,0,0.0,-0.011645962732919254,0.007763975155279503
44,4026,excitatory,0,0.6987577639751552,0.4425465838509317,0.5124223602484472
44,4027,excitatory,0,0.0,0.03493788819875776,0.02717391304347826
44,4028,excitatory,0,-0.07763975155279502,-0.1358695652173913,-0.003881987577639759
44,4030,excitatory,0,0.0,0.011645962732919254,0.0
44,4031,excitatory,0,0.0,0.0,0.0
44,4032,inhibitory,1,-20.885093167701864,-13.637422360248445,-20.819099378881987
44,4033,excitatory,0,0.7763975155279502,1.075310559006211,0.7841614906832297
44,4035,excitatory,0,0.07763975155279512,1.6498447204968945,1.5722049689440993
44,4036,excitatory,0,0.38819875776397506,4.22360248447205,0.826863354037267
44,4037,excitatory,0,2.0186335403726705,1.0791925465838508,1.890527950310559
44,4038,excitatory,0,0.0,0.023291925465838508,0.011645962732919254
44,4039,excitatory,0,0.0,0.03105590062111801,0.011645962732919254
44,4040,excitatory,0,0.15527950310559005,0.6094720496894408,1.1296583850931676
44,4041,excitatory,0,0.0,-0.007763975155279502,-0.007763975155279502
44,4042,excitatory,0,0.0,0.015527950310559004,0.12034161490683229
44,4043,inhibitory,1,-14.98447204968944,-8.42003105590062,-14.20419254658385
44,4044,excitatory,0,-0.15527950310559008,-0.04658385093167694,-0.1397515527950311
44,4045,excitatory,0,5.900621118012422,7.538819875776397,4.813664596273291
44,4046,inhibitory,0,-6.677018633540371,1.820652173913044,-2.333074534161491
44,4047,excitatory,0,3.4161490683229814,5.555124223602484,4.149844720496894
44,4048,excitatory,0,-0.3105590062111801,-0.015527950310559008,-0.02717391304347827
44,4049,excitatory,0,0.0,0.0,0.0
44,4050,excitatory,0,0.0,0.058229813664596265,0.0
44,4051,inhibitory,1,-0.3881987577639751,-1.1529503105590062,-0.007763975155279601
44,4053,excitatory,0,0.0,0.02717391304347826,0.003881987577639751
44,4054,inhibitory,0,0.0,0.0,0.015527950310559004
44,4055,excitatory,0,1.3198757763975155,3.9013975155279494,1.8361801242236022
44,4057,excitatory,0,0.23291925465838514,-0.07763975155279512,0.0038819875776398005
44,4058,inhibitory,0,-0.46583850931677073,-0.9316770186335401,-0.1397515527950306
44,4059,excitatory,0,-0.23291925465838514,1.1296583850931676,-0.15916149068322982
44,4060,inhibitory,1,-1.475155279503105,-5.44642857142857,-0.02329192546583858
44,4061,excitatory,0,0.5434782608695652,0.6482919254658385,0.3881987577639751
44,4062,excitatory,0,0.3105590062111796,0.38043478260869534,0.2018633540372674
44,4063,excitatory,0,7.996894409937887,7.725155279503102,8.55201863354037
44,4065,excitatory,0,0.0,0.03493788819875776,0.10481366459627328
44,4066,excitatory,0,0.3105590062111801,0.9821428571428571,0.8385093167701863
44,4067,excitatory,0,0.07763975155279502,0.11645962732919253,0.019409937888198756
44,4069,excitatory,0,0.0,0.0,0.0
44,4070,inhibitory,0,21.97204968944099,16.700310559006212,22.826086956521735
44,4071,excitatory,0,0.3881987577639751,0.8229813664596273,0.4192546583850931
44,4072,inhibitory,0,10.714285714285715,5.846273291925467,14.76319875776397
44,4073,excitatory,0,2.950310559006212,-3.1211180124223574,8.253105590062106
44,4074,excitatory,0,1.0869565217391304,2.635869565217391,0.873447204968944
44,4075,excitatory,0,0.0,0.0,0.0
44,4077,excitatory,0,-0.07763975155279502,0.03105590062111801,-0.02717391304347826
44,4078,inhibitory,0,0.3105590062111798,1.1762422360248448,2.309782608695652
44,4079,excitatory,0,0.07763975155279502,0.019409937888198756,0.046583850931677016
44,4080,excitatory,0,0.7763975155279502,1.3781055900621118,1.0520186335403727
44,4081,excitatory,0,-0.15527950310559005,-0.1630434782608695,-0.15916149068322982
44,4082,excitatory,0,0.0,0.0,0.09316770186335403
44,4084,inhibitory,1,-18.7111801242236,-41.106366459627324,-24.46428571428571
44,4086,inhibitory,1,0.0,0.0,0.0
44,4088,inhibitory,1,19.720496894409933,27.251552795031053,25.26009316770186
44,4090,excitatory,0,0.07763975155279502,0.10093167701863356,0.09316770186335402
44,4091,excitatory,0,0.3105590062111801,0.4425465838509317,0.3998447204968944
44,4092,excitatory,0,-1.0093167701863361,-1.4518633540372665,-2.3097826086956523
44,4093,inhibitory,0,-4.968944099378884,1.7663043478260896,-5.050465838509318
44,4094,excitatory,0,0.07763975155279502,0.023291925465838508,0.007763975155279502
44,4096,excitatory,0,0.0,0.0,0.0
44,4098,excitatory,0,1.2422360248447204,2.3253105590062106,1.56055900621118
44,4099,excitatory,0,-0.6987577639751552,-0.8579192546583849,-0.19021739130434767
44,4101,inhibitory,0,-11.645962732919259,-8.835403726708073,-13.773291925465841
44,4102,excitatory,0,0.0,0.0,-0.023291925465838508
44,4103,inhibitory,0,0.15527950310559002,0.10093167701863359,0.12034161490683226
44,4105,inhibitory,0,0.0,-0.015527950310559004,0.05434782608695652
44,4106,excitatory,0,0.0,0.0,0.0
44,4109,excitatory,0,0.0,0.0,0.0
44,4110,excitatory,0,0.0,0.003881987577639752,-0.03881987577639751
44,4111,excitatory,0,-0.15527950310559005,-0.07763975155279502,-0.10869565217391305
44,4112,excitatory,0,-1.0869565217391304,-0.9666149068322981,-1.5644409937888197
44,4113,excitatory,0,1.2422360248447202,-3.3307453416149073,-1.4363354037267086
44,4114,excitatory,0,-1.4751552795031055,-2.045807453416149,-1.5100931677018634
44,4115,excitatory,0,-0.3881987577639751,0.2135093167701863,-0.13975155279503104
44,4116,excitatory,0,-0.5434782608695652,-0.10093167701863359,-0.1669254658385093
44,4118,excitatory,0,-4.503105590062113,-6.121894409937887,-5.232919254658384
44,4119,excitatory,0,0.0,0.07375776397515528,0.03105590062111801
44,4120,excitatory,0,4.270186335403727,5.687111801242236,3.3695652173913038
44,4121,excitatory,0,2.872670807453416,3.532608695652174,2.5077639751552794
44,4122,excitatory,0,-0.07763975155279502,0.031055900621118,0.023291925465838508
44,4123,excitatory,0,0.0,0.0,0.0
44,4124,excitatory,0,-0.15527950310559024,-1.8982919254658381,-0.7841614906832297
44,4125,excitatory,0,0.3105590062111801,0.07375776397515527,0.1902173913043478
44,4126,excitatory,0,0.0,0.003881987577639751,0.0
44,4127,excitatory,0,-4.192546583850932,-6.2228260869565215,-4.549689440993788
44,4128,excitatory,0,0.3881987577639751,1.5256211180124222,0.4309006211180124
44,4129,excitatory,0,0.0,0.003881987577639751,0.0
44,4130,excitatory,0,0.0,0.1358695652173913,0.03493788819875776
44,4131,excitatory,0,0.0,0.0,0.0
44,4132,excitatory,0,0.0,0.0,0.0
44,4133,excitatory,0,0.38819875776397494,-0.31444099378881973,-0.01164596273291929
44,4134,excitatory,0,0.07763975155279502,0.4192546583850931,0.14751552795031053
44,4135,inhibitory,0,-9.239130434782608,-5.923913043478262,-10.706521739130435
44,4136,inhibitory,0,39.98447204968943,29.289596273291924,39.064440993788814
44,4137,excitatory,0,-13.198757763975152,-11.036490683229815,-12.185559006211179
44,4138,excitatory,0,0.0,0.011645962732919254,-0.007763975155279502
44,4139,excitatory,0,-3.571428571428571,-2.33695652173913,-3.3346273291925463
44,4142,excitatory,0,0.0,1.0869565217391308,0.7181677018633543
44,4143,excitatory,0,-1.7080745341614918,-2.562111801242237,-1.8245341614906838
44,4144,excitatory,0,0.0,0.0,0.0
44,4145,inhibitory,0,-0.6987577639751554,-0.3454968944099378,-0.9743788819875775
44,4146,excitatory,0,-1.3975155279503113,3.7965838509316763,0.6017080745341614
44,4147,excitatory,0,0.0,0.0,0.0
44,4148,excitatory,0,0.46583850931676984,-2.8571428571428577,3.416149068322982
44,4149,excitatory,0,22.43788819875776,38.71118012422359,24.94953416149068
44,4150,inhibitory,0,19.254658385093165,13.571428571428573,21.49844720496894
44,4151,excitatory,0,0.38819875776397517,-0.7841614906832299,0.23291925465838492
44,4152,excitatory,0,3.881987577639751,4.072204968944099,3.707298136645962
44,4153,inhibitory,0,2.795031055900621,3.0978260869565215,2.2826086956521734
44,4154,inhibitory,0,16.61490683229814,13.486024844720493,18.392857142857146
44,4155,excitatory,0,0.0,0.0,0.0
44,4156,excitatory,0,3.2608695652173907,3.815993788819876,3.334627329192547
44,4157,inhibitory,0,-1.7857142857142856,-0.3610248447204969,-1.2150621118012421
44,4158,excitatory,0,0.0,0.0,0.0
44,4159,excitatory,0,0.0,0.03881987577639751,0.019409937888198756
44,4160,excitatory,0,0.0,0.0,0.0
44,4161,excitatory,0,0.2329192546583851,0.2833850931677019,0.22515527950310557
44,4162,inhibitory,0,18.944099378881987,20.834627329192557,13.79270186335404
44,4163,excitatory,0,0.15527950310559005,0.0737577639751553,0.09704968944099376
44,4164,excitatory,0,1.6304347826086953,7.624223602484471,6.040372670807454
44,4165,excitatory,0,0.23291925465838503,0.920031055900621,0.4192546583850931
44,4166,excitatory,0,0.0,0.0,0.0
44,4167,inhibitory,0,8.462732919254659,7.181677018633539,8.342391304347824
44,4168,excitatory,0,0.0,0.0,0.0
44,4169,excitatory,0,0.0,0.0,0.0
44,4170,inhibitory,0,0.0,-0.11645962732919254,-0.28338509316770183
44,4171,excitatory,0,0.07763975155279501,-0.04270186335403725,0.13975155279503107
44,4172,excitatory,0,0.15527950310559005,0.00776397515527949,0.11645962732919253
44,4173,excitatory,0,1.5527950310559007,1.7236024844720497,1.3586956521739129
44,4174,inhibitory,0,-0.23291925465838506,-1.587732919254658,-0.749223602484472
44,4175,inhibitory,0,6.599378881987577,4.510869565217391,4.472049689440993
44,4176,excitatory,0,-1.70807453416149,-1.475155279503105,-1.0597826086956523
44,4177,excitatory,0,0.0,-0.12034161490683228,-0.06211180124223602
44,4178,excitatory,0,0.0,0.02717391304347826,0.0
44,4179,excitatory,0,-0.23291925465838503,-1.24611801242236,-0.4930124223602484
44,4180,excitatory,0,9.549689440993788,10.267857142857142,9.910714285714285
44,4181,excitatory,0,-16.537267080745345,-11.937111801242231,-17.399068322981364
44,4182,excitatory,0,-0.15527950310559008,-0.003881987577639751,-0.03881987577639751
44,4183,excitatory,0,0.5434782608695652,0.7220496894409938,0.3998447204968944
44,4184,excitatory,0,0.3881987577639751,0.3765527950310559,0.1979813664596273
44,4185,excitatory,0,1.3198757763975155,0.6055900621118011,0.8967391304347825
44,4186,excitatory,0,0.0,0.0,0.0
44,4187,excitatory,0,0.0,0.0,0.0
44,4188,excitatory,0,10.869565217391303,13.237577639751553,12.47282608695652
44,4189,inhibitory,1,-16.304347826086953,-17.437888198757765,-17.356366459627324
44,4190,excitatory,0,-0.07763975155279502,-0.11257763975155279,0.03493788819875776
44,4191,excitatory,0,0.2329192546583851,0.17857142857142855,0.3687888198757764
44,4192,excitatory,0,6.0559006211180115,10.652173913043477,4.425465838509316
44,4193,inhibitory,0,-1.8633540372670865,-2.857142857142861,-6.5877329192546625
44,4194,excitatory,0,2.329192546583851,2.2476708074534155,2.2399068322981357
44,4195,excitatory,0,-0.4658385093167702,-0.8540372670807455,0.00776397515527949
44,4196,excitatory,0,-5.512422360248447,-2.7989130434782616,-5.578416149068323
44,4197,excitatory,0,0.0,-0.003881987577639751,0.011645962732919254
44,4198,inhibitory,0,0.7763975155279503,1.0869565217391304,1.1024844720496894
44,4199,excitatory,0,-0.07763975155279468,-4.747670807453417,-3.0861801242236027
44,4200,excitatory,0,0.15527950310559005,0.20186335403726707,0.09316770186335403
44,4201,excitatory,0,1.1645962732919273,2.5232919254658377,0.675465838509318
44,4202,inhibitory,0,-0.07763975155279502,-0.003881987577639751,-0.03881987577639751
44,4203,excitatory,0,-0.15527950310559005,0.12034161490683229,-0.015527950310559
44,4204,excitatory,0,0.6211180124223603,1.7352484472049687,0.9627329192546583
44,4205,excitatory,0,-0.3105590062111801,-0.2678571428571428,-0.17468944099378883
44,4206,excitatory,0,0.0,0.0,0.0
44,4207,excitatory,0,0.0,0.03881987577639751,0.0
44,4208,excitatory,0,-0.5434782608695652,0.09704968944099376,-0.28338509316770183
44,4209,excitatory,0,7.220496894409941,4.677795031055897,5.784161490683232
44,4210,excitatory,0,0.0,0.0,0.0
44,4211,excitatory,0,0.2329192546583851,0.2678571428571428,-0.003881987577639745
44,4212,excitatory,0,-0.07763975155279502,0.019409937888198756,0.011645962732919256
44,4213,excitatory,0,0.46583850931677007,1.6576086956521736,0.48136645962732905
44,4214,excitatory,0,1.7857142857142856,0.03493788819875787,1.529503105590062
44,4215,excitatory,0,-0.2329192546583851,-0.10093167701863354,-0.06987577639751552
44,4216,inhibitory,1,-22.748447204968944,-14.836956521739129,-28.749999999999996
44,4217,excitatory,0,-1.7857142857142856,-2.399068322981366,-0.112577639751553
44,4218,excitatory,0,-6.987577639751552,-8.354037267080745,-6.2888198757763965
44,4219,excitatory,0,0.0,0.0,0.003881987577639751
44,4221,excitatory,0,0.0,0.0,0.0
44,4222,excitatory,0,0.07763975155279504,0.1358695652173913,0.1281055900621118
44,4223,inhibitory,0,0.0,0.03493788819875776,0.003881987577639751
44,4224,excitatory,0,1.3198757763975155,1.2305900621118013,1.1141304347826084
44,4225,excitatory,0,0.0,0.007763975155279502,0.015527950310559004
44,4226,inhibitory,0,20.88509316770186,16.176242236024844,17.814440993788818
44,4228,inhibitory,0,0.07763975155279502,0.10481366459627328,0.12034161490683229
44,4229,excitatory,0,0.0,0.0,0.0
44,4230,excitatory,0,-0.15527950310559002,-0.9239130434782608,-0.22127329192546563
44,4231,excitatory,0,-0.38819875776397517,-1.358695652173913,-0.3610248447204967
44,4232,inhibitory,0,-3.1055900621118004,1.0869565217391308,-1.5605590062111796
44,4233,excitatory,0,0.07763975155279502,0.07375776397515527,0.03105590062111801
44,4234,inhibitory,0,0.07763975155279502,0.04658385093167701,-0.042701863354037264
44,4235,inhibitory,0,2.7173913043478257,3.354037267080745,1.2538819875776397
44,4236,excitatory,0,0.0,0.0,0.0
44,4237,excitatory,0,-0.4658385093167702,-0.7569875776397516,-0.4619565217391305
44,4238,excitatory,0,0.0,0.046583850931677016,0.003881987577639751
44,4239,inhibitory,0,4.813664596273291,4.409937888198755,6.409161490683225
44,4240,excitatory,0,0.0,0.10093167701863354,0.023291925465838508
44,4241,excitatory,0,0.4658385093167702,0.10869565217391303,0.18633540372670807
44,4242,excitatory,0,0.15527950310559005,0.06211180124223602,0.1591614906832298
44,4243,excitatory,0,0.0,0.03881987577639751,0.019409937888198756
44,4244,excitatory,0,0.0,0.12034161490683229,0.12034161490683229
44,4245,excitatory,0,3.804347826086956,6.583850931677018,3.101708074534161
44,4246,inhibitory,1,-9.472049689440993,-5.500776397515527,-8.928571428571427
44,4247,excitatory,0,21.040372670807454,26.370341614906827,22.674689440993788
44,4248,excitatory,0,0.0,0.0,0.019409937888198756
44,4249,excitatory,0,0.07763975155279501,0.2756211180124223,0.31055900621118004
44,4250,inhibitory,0,0.8540372670807453,0.39208074534161486,0.31832298136645965
44,4251,excitatory,0,0.07763975155279502,0.1746894409937888,0.03105590062111801
44,4252,excitatory,0,-2.329192546583851,-3.167701863354037,-1.937111801242236
44,4253,inhibitory,1,-1.5527950310559004,-1.25,-1.4091614906832297
44,4254,excitatory,0,0.5434782608695652,0.4813664596273291,0.6677018633540373
44,4255,excitatory,0,0.0,-0.046583850931677016,-0.007763975155279502
44,4256,excitatory,0,0.15527950310559008,1.2577639751552794,0.6288819875776397
44,4257,excitatory,0,1.2422360248447204,1.5139751552795024,1.6343167701863353
44,4258,excitatory,0,2.484472049689441,0.6909937888198758,2.049689440993789
44,4259,excitatory,0,0.9316770186335397,2.616459627329192,1.9836956521739104
44,4260,excitatory,0,0.0,0.0,0.0
44,4261,excitatory,0,4.03726708074534,8.672360248447204,6.160714285714286
44,4262,excitatory,0,1.0093167701863353,0.7996894409937887,0.7531055900621118
44,4263,excitatory,0,0.0,0.0,0.0
44,4264,excitatory,0,1.0093167701863353,0.7725155279503104,1.013198757763975
44,4265,excitatory,0,-0.7763975155279503,-0.3416149068322981,-0.6793478260869564
44,4266,inhibitory,0,-25.85403726708074,-27.123447204968944,-33.20263975155279
44,4267,excitatory,0,-0.543478260869565,-2.597049689440994,-0.1863354037267082
44,4268,inhibitory,0,11.10248447204969,10.15527950310559,12.20885093167702
44,4269,excitatory,0,0.0,0.027173913043478257,0.011645962732919254
44,4270,excitatory,0,3.1832298136645965,8.559782608695652,3.225931677018633
44,4271,excitatory,0,-0.07763975155279502,-0.03493788819875776,0.019409937888198756
44,4272,excitatory,0,0.2329192546583851,0.3881987577639751,0.26397515527950305
44,4273,excitatory,0,0.2329192546583851,0.07763975155279501,0.38431677018633537
44,4274,excitatory,0,0.0,0.007763975155279502,0.007763975155279502
44,4275,excitatory,0,0.38819875776397494,0.43478260869565233,0.5512422360248446
44,4276,excitatory,0,-0.46583850931677007,-1.3237577639751552,-0.20574534161490676
44,4277,excitatory,0,6.133540372670806,13.167701863354036,10.42701863354037
44,4278,excitatory,0,0.0,-0.007763975155279502,0.0
44,4279,inhibitory,0,1.8633540372670812,0.29891304347826075,0.7686335403726705
44,4280,excitatory,0,32.53105590062111,30.807453416149063,28.548136645962735
44,4281,excitatory,0,0.0,0.015527950310559004,0.003881987577639751
44,4283,excitatory,0,-10.636645962732917,-7.919254658385093,-10.974378881987578
44,4284,excitatory,0,0.15527950310559005,0.1824534161490683,0.046583850931677016
44,4285,excitatory,0,8.229813664596273,14.211956521739127,10.089285714285714
44,4286,inhibitory,0,15.295031055900619,9.836956521739129,12.15450310559006
44,4287,excitatory,0,0.0,0.0,0.0
44,4289,excitatory,0,-3.7267080745341614,-3.8121118012422355,-2.65139751552795
44,4290,excitatory,0,0.4658385093167701,0.3454968944099379,0.48136645962732916
44,4291,excitatory,0,-0.5434782608695652,-0.7647515527950309,-1.106366459627329
44,4292,excitatory,0,0.6211180124223603,-0.10869565217391308,1.5838509316770186
44,4293,excitatory,0,-3.3385093167701854,-0.5551242236024843,-3.916925465838509
44,4294,inhibitory,1,-3.3385093167701863,-1.9409937888198756,-3.839285714285714
44,4295,excitatory,0,-0.15527950310559008,1.0830745341614905,0.24456521739130438
44,4296,excitatory,0,0.7763975155279503,3.319099378881987,1.296583850931677
44,4297,excitatory,0,0.0,0.0,0.0
44,4298,excitatory,0,0.38819875776397506,-0.3687888198757765,-0.1785714285714286
44,4299,excitatory,0,0.0,0.0,0.0
44,4300,inhibitory,0,3.8819875776397508,5.865683229813664,5.042701863354037
44,4302,excitatory,0,0.0,0.019409937888198756,0.003881987577639751
44,4303,excitatory,0,54.58074534161491,54.068322981366464,55.9666149068323
44,4305,excitatory,0,0.0,0.0,0.0
44,4306,excitatory,0,0.0,0.0,0.0
44,4307,excitatory,0,0.0,0.0,0.0
44,4308,excitatory,0,-0.07763975155279502,-0.08540372670807453,-0.2717391304347826
44,4309,excitatory,0,0.0,0.0,0.0
44,4310,excitatory,0,0.6987577639751521,0.566770186335404,0.15916149068322838
44,4311,excitatory,0,0.0,0.015527950310559004,0.019409937888198753
44,4312,excitatory,0,3.881987577639751,6.3936335403726705,4.658385093167702
44,4313,excitatory,0,-12.499999999999998,-15.337732919254655,-7.538819875776397
44,4315,excitatory,0,-0.23291925465838506,0.14751552795031064,-0.08152173913043476
44,4318,excitatory,0,-3.338509316770186,-4.037267080745341,-3.8742236024844714
44,4320,inhibitory,0,0.0,0.0,0.0
44,4321,inhibitory,0,-1.319875776397513,9.211956521739129,1.8361801242236027
44,4322,excitatory,0,2.6397515527950306,1.013198757763975,2.2243788819875774
44,4323,excitatory,0,0.0,0.0,0.0
44,4324,excitatory,0,0.0,0.011645962732919254,0.007763975155279502
44,4325,excitatory,0,0.38819875776397517,0.3299689440993788,0.2639751552795031
44,4326,excitatory,0,-1.7080745341614905,-2.0031055900621118,-1.3819875776397512
44,4327,excitatory,0,0.0,-0.38819875776397517,-0.4309006211180124
44,4328,excitatory,0,-0.6987577639751552,-0.2950310559006211,-0.4658385093167702
44,4329,excitatory,0,1.3198757763975153,0.8889751552795029,1.1451863354037264
44,4330,inhibitory,0,1.0093167701863353,1.4091614906832297,1.3509316770186333
44,4331,excitatory,0,0.0,-0.007763975155279502,0.003881987577639751
44,4332,excitatory,0,0.0,0.05822981366459626,-0.003881987577639752
44,4333,excitatory,0,0.7763975155279503,0.702639751552795,0.7453416149068323
44,4334,excitatory,0,0.0,0.0,0.0
44,4336,excitatory,0,2.1739130434782608,2.3524844720496896,2.142857142857143
44,4337,excitatory,0,0.5434782608695652,0.5007763975155279,0.11645962732919252
44,4338,inhibitory,0,-15.217391304347828,-5.869565217391305,-20.329968944099377
44,4339,excitatory,0,0.07763975155279502,0.30667701863354035,0.05046583850931677
44,4341,excitatory,0,20.419254658385093,23.144409937888195,19.673913043478258
44,4342,excitatory,0,0.0,0.003881987577639752,-0.003881987577639751
44,4343,excitatory,0,0.15527950310559005,0.2562111801242236,0.2562111801242236
44,4344,excitatory,0,7.375776397515526,10.768633540372669,8.229813664596273
44,4345,inhibitory,0,-2.4068322981366457,-3.812111801242235,-4.914596273291924
44,4346,inhibitory,0,42.468944099378874,28.64518633540373,39.60791925465839
44,4347,excitatory,0,-6.211180124223603,-5.8540372670807415,-3.8936335403726687
44,4348,excitatory,0,0.0,0.019409937888198756,0.0
44,4349,excitatory,0,0.23291925465838403,0.5590062111801242,0.2795031055900612
44,4350,excitatory,0,-0.2329192546583851,-0.20574534161490682,-0.14751552795031056
44,4351,excitatory,0,-2.0962732919254656,-2.3097826086956514,0.16692546583850953
44,4352,inhibitory,0,-2.329192546583851,-0.39208074534161597,-0.2678571428571459
44,4353,excitatory,0,1.2422360248447204,1.56055900621118,1.5527950310559004
44,4354,inhibitory,0,-3.649068322981364,-2.6281055900621126,-4.425465838509318
44,4355,excitatory,0,5.590062111801245,2.3369565217391326,8.742236024844718
44,4356,excitatory,0,0.07763975155279504,0.24844720496894407,0.05434782608695654
44,4357,excitatory,0,0.0,0.4309006211180123,0.6133540372670807
44,4358,excitatory,0,0.15527950310559002,0.3804347826086956,-0.0038819875776398005
44,4359,excitatory,0,0.07763975155279504,0.21739130434782605,0.21739130434782605
44,4360,excitatory,0,-0.15527950310559008,-0.031055900621118016,-0.08928571428571425
44,4361,excitatory,0,0.07763975155279502,0.5395962732919255,0.08152173913043476
44,4362,inhibitory,0,-3.0279503105590058,0.6754658385093171,-1.7701863354037268
44,4363,excitatory,0,0.2329192546583851,0.18633540372670807,0.22515527950310557
44,4364,excitatory,0,1.3975155279503104,1.7624223602484472,1.5372670807453415
44,4365,excitatory,0,1.2422360248447204,0.9433229813664596,1.3198757763975155
44,4366,excitatory,0,0.15527950310559008,0.11645962732919253,0.15527950310559005
44,4367,excitatory,0,0.0,0.062111801242236024,0.09704968944099378
44,4368,excitatory,0,0.6987577639751552,-0.9122670807453417,-0.0931677018633541
44,4369,excitatory,0,0.3881987577639751,0.12034161490683229,0.1513975155279503
44,4370,excitatory,0,0.0,0.0,0.011645962732919254
44,4371,excitatory,0,0.0,0.0,0.0
44,4372,excitatory,0,0.8540372670807453,4.118788819875776,3.0434782608695645
44,4373,inhibitory,0,-25.388198757763973,-14.491459627329192,-25.706521739130437
44,4374,excitatory,0,-1.0093167701863357,-0.5046583850931672,-1.2305900621118009
44,4375,excitatory,0,0.0,-0.01940993788819876,0.0
44,4376,excitatory,0,0.15527950310559005,-0.10869565217391303,0.09704968944099379
44,4377,excitatory,0,0.15527950310559008,0.4153726708074534,0.23680124223602483
44,4378,excitatory,0,-0.854037267080745,0.23680124223602483,-0.508540372670808
44,4379,excitatory,0,0.5434782608695652,1.6964285714285712,0.5590062111801242
44,4380,excitatory,0,-0.31055900621118004,-0.49301242236024834,-0.32996894409937894
44,4381,inhibitory,0,38.81987577639751,23.58307453416149,29.27018633540373
44,4382,inhibitory,1,-9.161490683229813,-6.296583850931677,-8.88975155279503
44,4383,inhibitory,1,0.0,-0.07375776397515527,-0.03881987577639751
44,4385,excitatory,0,5.512422360248448,5.326086956521738,4.592391304347825
44,4386,excitatory,0,2.1739130434782608,3.6607142857142847,2.5310559006211175
44,4387,excitatory,0,0.0,0.007763975155279502,0.0
44,4388,inhibitory,0,0.0,0.003881987577639751,0.007763975155279502
44,4389,excitatory,0,0.07763975155279502,0.06987577639751552,0.09704968944099378
44,4390,excitatory,0,0.0,-0.06211180124223602,0.011645962732919256
44,4391,inhibitory,0,0.6211180124223602,0.22903726708074534,0.30667701863354035
44,4392,excitatory,0,0.0,0.05822981366459627,0.007763975155279502
44,4393,excitatory,0,0.07763975155279502,0.05046583850931677,0.05434782608695651
44,4394,excitatory,0,0.07763975155279502,0.7996894409937887,0.22127329192546583
44,4395,excitatory,0,-0.2329192546583851,-0.08152173913043478,-0.09316770186335403
44,4396,excitatory,0,-0.15527950310559008,-0.16692546583850928,-0.08152173913043477
44,4397,inhibitory,0,9.860248447204969,10.722049689440992,11.69642857142857
44,4398,inhibitory,1,-0.07763975155279502,-0.05434782608695652,-0.046583850931677016
44,4399,excitatory,0,0.0,0.0,0.0
44,4400,excitatory,0,-7.608695652173914,-10.011645962732917,-7.709627329192546
44,4401,excitatory,0,-1.3975155279503109,-1.8051242236024843,-1.6692546583850931
44,4402,excitatory,0,-0.15527950310559008,-0.19798136645962733,-0.05822981366459626
44,4403,excitatory,0,-0.6987577639751554,-0.9588509316770186,-0.7608695652173911
44,4404,excitatory,0,0.0,0.0,0.0
44,4405,inhibitory,0,0.7763975155279502,1.5372670807453415,1.1490683229813663
44,4406,excitatory,0,0.0,-0.003881987577639751,-0.003881987577639751
44,4408,excitatory,0,0.0,0.0,0.0
44,4409,excitatory,0,0.0,0.0,0.007763975155279502
44,4410,excitatory,0,-11.878881987577639,-6.180124223602484,-11.281055900621116
44,4412,excitatory,0,0.07763975155279502,0.019409937888198756,0.05046583850931677
44,4413,excitatory,0,-0.23291925465838506,0.15527950310559008,0.13975155279503104
44,4414,inhibitory,0,32.763975155279496,26.121894409937887,24.340062111801245
44,4415,excitatory,0,1.0869565217391304,3.645186335403726,2.274844720496894
44,4416,excitatory,0,0.3105590062111801,0.4852484472049689,0.36490683229813664
44,4417,inhibitory,1,-0.4658385093167702,-0.11645962732919253,-0.45031055900621114
44,4420,excitatory,0,-0.07763975155279512,1.2072981366459627,0.683229813664596
44,4423,excitatory,0,0.0,0.019409937888198756,0.015527950310559004
44,4424,excitatory,0,0.0,0.03881987577639751,0.011645962732919254
44,4425,excitatory,0,0.3881987577639751,0.35326086956521735,0.5085403726708073
44,4426,excitatory,0,5.279503105590063,7.927018633540371,5.170807453416147
44,4427,inhibitory,0,9.083850931677018,6.288819875776397,7.49223602484472
44,4428,inhibitory,0,10.015527950310558,6.152950310559007,9.627329192546583
44,4429,inhibitory,0,24.456521739130437,16.42080745341615,25.625
44,4430,inhibitory,0,7.375776397515526,5.419254658385093,5.155279503105589
44,4431,excitatory,0,0.0,0.0,-0.003881987577639751
44,4432,excitatory,0,0.07763975155279504,0.23680124223602483,0.0
44,4433,excitatory,0,1.1645962732919255,2.0535714285714284,1.4402173913043477
44,4434,inhibitory,1,-46.273291925465834,-29.782608695652172,-44.01009316770186
44,4435,excitatory,0,0.0,0.046583850931677016,0.027173913043478257
44,4436,excitatory,0,0.07763975155279502,0.038819875776397506,0.015527950310559004
44,4437,inhibitory,0,-0.854037267080745,0.43866459627329135,-0.4658385093167716
44,4438,excitatory,0,0.3881987577639751,0.7608695652173911,0.6444099378881987
44,4439,excitatory,0,0.0,0.1358695652173913,0.08152173913043478
44,4440,excitatory,0,-0.46583850931676807,-0.531832298136635,0.326086956521749
44,4441,excitatory,0,0.3105590062111801,0.5900621118012422,0.2562111801242236
44,4442,excitatory,0,-0.1552795031055898,0.2445652173913042,-0.5784161490683231
44,4443,excitatory,0,-3.3385093167701867,-3.4472049689440993,-1.991459627329193
44,4444,excitatory,0,-5.357142857142861,-3.474378881987576,-3.183229813664596
44,4445,excitatory,0,2.0186335403726705,5.2523291925465845,1.843944099378882
44,4447,excitatory,0,0.0,0.007763975155279502,0.003881987577639751
44,4448,inhibitory,1,0.0,0.0,0.0
44,4449,inhibitory,1,-11.41304347826087,-10.430900621118012,-10.473602484472048
44,4450,inhibitory,1,0.5434782608695652,-3.1444099378881987,-0.23680124223602483
44,4451,excitatory,0,-7.220496894409938,-8.493788819875775,-7.3641304347826075
44,4452,excitatory,0,0.0,0.15916149068322982,0.08152173913043478
44,4453,excitatory,0,5.667701863354036,12.201086956521738,6.781832298136644
44,4454,excitatory,0,0.0,0.019409937888198756,-0.08928571428571429
44,4455,excitatory,0,-0.07763975155279502,-0.06987577639751552,-0.05434782608695652
44,4456,excitatory,0,0.0,0.003881987577639751,0.05434782608695652
44,4458,excitatory,0,0.15527950310559008,-0.39208074534161486,-0.0854037267080745
44,4461,excitatory,0,-1.9409937888198758,-2.5310559006211193,-2.5388198757763973
44,4462,inhibitory,1,1.2422360248447202,6.1102484472049685,3.4433229813664603
44,4463,excitatory,0,0.0,0.0,0.0
44,4464,excitatory,0,0.0,0.0,0.0
44,4465,excitatory,0,0.0,0.0,0.0
44,4466,inhibitory,0,4.891304347826087,5.232919254658385,5.267857142857142
44,4467,excitatory,0,-1.7857142857142856,-1.7740683229813667,-2.375776397515528
44,4468,excitatory,0,0.5434782608695652,0.02329192546583847,0.2290372670807453
44,4469,excitatory,0,-0.38819875776397517,-0.3726708074534161,-0.3649068322981366
44,4470,excitatory,0,-7.919254658385093,3.2181677018633508,-4.976708074534159
44,4471,excitatory,0,0.6211180124223602,1.1917701863354035,0.4503105590062111
44,4472,excitatory,0,0.15527950310559008,0.17080745341614906,0.06599378881987578
44,4473,excitatory,0,0.5434782608695652,0.6444099378881987,0.25232919254658376
44,4475,excitatory,0,0.0,0.0,0.0
44,4476,excitatory,0,0.9316770186335404,1.3354037267080745,0.9394409937888197
44,4477,inhibitory,0,13.121118012422357,10.671583850931675,11.878881987577639
44,4478,excitatory,0,1.3198757763975155,1.0326086956521736,0.7026397515527949
44,4479,excitatory,0,0.0,0.0,0.0
44,4480,excitatory,0,11.335403726708073,9.301242236024844,10.799689440993792
44,4482,inhibitory,0,1.0869565217391304,-0.1785714285714286,0.08152173913043481
44,4483,excitatory,0,2.3291925465838546,1.467391304347828,2.864906832298132
44,4484,excitatory,0,0.07763975155279502,0.07763975155279502,0.08152173913043477
44,4485,excitatory,0,-0.23291925465838506,-0.920031055900621,-0.31055900621118004
44,4486,inhibitory,1,-32.99689440993788,-42.806677018633536,-31.801242236024837
44,4487,excitatory,0,3.416149068322981,2.849378881987578,2.950310559006211
44,4488,excitatory,0,-0.15527950310559002,0.19021739130434784,-0.11257763975155277
44,4489,excitatory,0,0.07763975155279502,0.027173913043478257,0.05046583850931677
44,4490,excitatory,0,1.8633540372670794,-3.528726708074533,2.399068322981366
44,4492,excitatory,0,6.987577639751552,4.1731366459627335,6.921583850931677
44,4493,excitatory,0,0.8540372670807453,0.7104037267080745,0.35714285714285715
44,4496,excitatory,0,0.0,0.027173913043478257,0.003881987577639751
44,4497,inhibitory,0,8.618012422360252,1.0636645962732914,15.38431677018633
44,4498,inhibitory,0,0.2329192546583851,0.007763975155279502,0.12422360248447205
44,4499,inhibitory,0,-5.900621118012424,-6.094720496894411,-22.88431677018633
44,4500,excitatory,0,-0.15527950310559005,-0.03105590062111801,-0.10093167701863354
44,4501,excitatory,0,3.416149068322981,3.6413043478260865,2.7018633540372665
44,4502,excitatory,0,0.3881987577639751,0.13198757763975155,0.45031055900621114
44,4503,excitatory,0,-0.9316770186335397,-0.225155279503106,2.6475155279503078
44,4504,excitatory,0,0.7763975155279503,1.2267080745341614,0.6055900621118012
44,4505,inhibitory,1,0.0,0.0,0.0
44,4506,inhibitory,0,0.15527950310559024,0.718167701863354,0.29891304347826075
44,4507,excitatory,0,-8.15217391304348,-9.165372670807454,-11.444099378881987
44,4508,excitatory,0,1.708074534161491,-0.1397515527950315,-0.3144409937888204
44,4509,excitatory,0,3.260869565217391,5.392080745341614,3.369565217391304
44,4510,excitatory,0,1.3975155279503104,1.3703416149068322,1.075310559006211
44,4511,excitatory,0,3.416149068322981,1.933229813664596,3.13276397515528
44,4512,excitatory,0,0.0,0.0,0.0
44,4514,excitatory,0,-0.854037267080745,-2.290372670807453,-1.1413043478260867
44,4516,excitatory,0,0.0,-0.764751552795031,-0.19409937888198758
44,4517,excitatory,0,-0.4658385093167702,-1.059782608695652,-0.09704968944099379
44,4518,excitatory,0,-0.07763975155279502,-0.031055900621118012,-0.03105590062111801
44,4519,excitatory,0,-0.38819875776397517,-1.4285714285714284,-0.9200310559006211
44,4520,excitatory,0,0.5434782608695645,0.15527950310559024,0.9006211180124222
44,4522,excitatory,0,-7.608695652173914,-9.51863354037267,-9.371118012422361
44,4523,excitatory,0,-0.5434782608695652,-0.23680124223602483,-0.08540372670807453
44,4525,excitatory,0,0.15527950310559005,0.22127329192546583,0.1824534161490683
44,4526,excitatory,0,25.232919254658384,26.781832298136646,24.142080745341616
44,4527,excitatory,0,0.854037267080745,1.0947204968944098,0.8074534161490683
44,4528,excitatory,0,0.7763975155279503,-0.4425465838509317,0.4774844720496896
44,4529,excitatory,0,0.0,0.0,0.0
44,4530,inhibitory,0,5.822981366459629,3.0279503105590067,3.9208074534161454
44,4531,inhibitory,0,1.7857142857142856,0.4425465838509315,1.4868012422360246
44,4533,excitatory,0,0.3105590062111801,1.1762422360248446,0.7608695652173912
44,4534,excitatory,0,-0.15527950310559024,-1.0908385093167698,-0.8190993788819876
44,4535,excitatory,0,0.7763975155279503,0.7259316770186335,1.075310559006211
44,4536,excitatory,0,30.12422360248447,34.72826086956522,29.992236024844715
44,4537,excitatory,0,0.0,0.7453416149068322,0.16304347826086957
44,4538,excitatory,0,0.0,0.0,0.011645962732919254
44,4539,excitatory,0,-0.3881987577639751,-0.01940993788819878,-0.5085403726708074
44,4540,excitatory,0,-0.07763975155279502,-0.1902173913043478,-0.32220496894409933
44,4541,inhibitory,0,4.503105590062111,5.61723602484472,4.584627329192546
44,4542,inhibitory,0,0.38819875776397517,10.539596273291925,1.5062111801242235
44,4543,excitatory,0,2.4068322981366457,7.546583850931677,3.4976708074534155
44,4544,inhibitory,0,3.260869565217391,6.257763975155279,3.7072981366459623
44,4545,excitatory,0,-0.46583850931677007,-0.14751552795031053,-0.21350931677018636
44,4546,inhibitory,0,2.4844720496894412,1.1218944099378874,1.2732919254658386
44,4547,inhibitory,0,0.38819875776397517,0.4464285714285715,0.4309006211180124
44,4548,excitatory,0,10.326086956521738,13.944099378881987,10.74922360248447
44,4549,excitatory,0,-0.07763975155279504,-0.06987577639751552,-0.09316770186335403
44,4550,excitatory,0,0.0,-0.3105590062111801,-0.04658385093167702
44,4551,inhibitory,0,0.7763975155279503,0.08152173913043476,0.17857142857142855
44,4552,excitatory,0,0.07763975155279502,0.03881987577639751,0.007763975155279502
44,4554,excitatory,0,0.0,0.0,0.0
44,4555,inhibitory,0,13.276397515527947,1.234472049689444,4.673913043478265
44,4556,excitatory,0,-0.3881987577639751,-0.19798136645962733,-0.18245341614906832
44,4557,inhibitory,0,1.9409937888198776,-1.2888198757763973,-3.645186335403725
44,4558,excitatory,0,0.07763975155279502,0.06987577639751553,0.031055900621118016
44,4559,excitatory,0,1.6304347826086953,2.480590062111801,1.4557453416149067
44,4560,excitatory,0,1.8633540372670805,3.338509316770186,2.4029503105590058
44,4561,excitatory,0,2.096273291925467,7.690217391304348,3.357919254658384
44,4562,excitatory,0,12.111801242236023,6.25,12.519409937888195
44,4563,excitatory,0,0.0,0.0,0.0
44,4564,excitatory,0,-0.15527950310559005,-0.019409937888198753,-0.10093167701863352
44,4566,inhibitory,1,-2.0962732919254656,-1.6304347826086956,-2.1156832298136643
44,4567,excitatory,0,-10.869565217391305,-12.247670807453417,-15.77639751552794
44,4568,excitatory,0,0.0,0.05046583850931674,0.03493788819875776
44,4569,excitatory,0,-0.2329192546583851,-0.1281055900621118,-0.10481366459627328
44,4570,inhibitory,1,-25.62111801242236,-17.4417701863354,-26.273291925465838
44,4571,excitatory,0,9.860248447204967,13.75776397515528,11.059782608695652
44,4572,inhibitory,0,8.618012422360247,4.906832298136647,6.1684782608695645
44,4573,inhibitory,0,-4.037267080745341,-5.065993788819874,-6.680900621118013
44,4574,excitatory,0,0.0,0.0,-0.003881987577639751
44,4575,inhibitory,1,-10.869565217391303,-4.926242236024844,-10.819099378881987
44,4576,excitatory,0,-0.15527950310559002,-0.05434782608695651,-0.11257763975155279
44,4577,inhibitory,0,2.2515527950310563,4.231366459627329,0.3183229813664603
44,4578,inhibitory,0,4.580745341614906,1.6304347826086962,3.8315217391304346
44,4579,excitatory,0,0.0,0.0,0.0
44,4581,excitatory,0,4.347826086956523,1.4712732919254634,0.6754658385093162
44,4582,excitatory,0,0.0,-0.06599378881987578,-0.07375776397515528
44,4583,excitatory,0,0.8540372670807453,1.0947204968944098,0.9666149068322981
44,4584,excitatory,0,-0.15527950310559005,-0.16304347826086957,-0.15916149068322982
44,4585,excitatory,0,1.7857142857142858,1.2732919254658384,1.4169254658385093
44,4586,inhibitory,0,0.38819875776397517,0.7453416149068323,1.7430124223602483
44,4587,excitatory,0,0.0,0.0,0.0
44,4589,excitatory,0,0.15527950310559008,0.11645962732919253,0.38431677018633537
44,4590,excitatory,0,0.23291925465838506,1.3315217391304348,0.5279503105590061
44,4591,excitatory,0,0.3881987577639751,0.5395962732919254,0.6288819875776398
44,4592,excitatory,0,0.31055900621118004,-0.2833850931677019,0.40372670807453415
44,4593,excitatory,0,2.639751552795031,2.325310559006211,2.150621118012422
44,4594,excitatory,0,0.0,0.0,0.0
44,4595,inhibitory,1,0.0,-0.046583850931677016,-0.05434782608695652
44,4596,excitatory,0,0.5434782608695652,1.121894409937888,1.1063664596273293
44,4597,excitatory,0,-2.096273291925466,-4.184782608695652,-1.8439440993788825
44,4598,excitatory,0,-0.07763975155279502,-0.38819875776397517,-0.10093167701863351
44,4599,excitatory,0,0.07763975155279501,-0.3804347826086957,-0.01164596273291918
44,4600,excitatory,0,-0.0776397515527949,0.13975155279503104,0.20186335403726718
44,4601,inhibitory,0,-11.490683229813664,-9.49145962732919,-9.934006211180124
44,4602,inhibitory,1,-2.3291925465838506,-1.7701863354037266,-3.1249999999999996
44,4603,excitatory,0,-12.499999999999998,-12.569875776397513,-13.819875776397515
44,4604,excitatory,0,2.1739130434782608,2.5116459627329193,2.946428571428571
44,4605,inhibitory,1,-1.5527950310559004,-1.125776397515528,-1.4557453416149069
44,4606,excitatory,0,0.38819875776397517,-0.908385093167702,-0.8268633540372683
44,4607,excitatory,0,0.07763975155279502,-0.058229813664596265,-0.031055900621118016
44,4608,excitatory,0,-14.052795031055908,-27.022515527950304,-22.511645962732914
44,4609,inhibitory,0,0.07763975155279501,-0.24844720496894407,-0.2639751552795031
44,4610,inhibitory,1,-2.251552795031056,-1.1645962732919253,-1.5527950310559004
44,4611,excitatory,0,4.192546583850932,3.307453416149068,3.765527950310559
44,4612,inhibitory,1,-32.37577639751552,-23.210403726708073,-32.1389751552795
44,4613,excitatory,0,0.0,0.0,0.0
44,4614,excitatory,0,1.70807453416149,1.3975155279503113,2.67468944099379
44,4615,excitatory,0,-1.9409937888198758,-3.245341614906832,-3.9324534161490687
44,4616,excitatory,0,0.0,0.12034161490683229,0.02717391304347826
44,4617,excitatory,0,0.38819875776397517,0.08540372670807456,0.26785714285714285
44,4618,inhibitory,1,4.3478260869565215,-10.236801242236025,10.861801242236023
44,4619,excitatory,0,-2.717391304347826,-4.736024844720496,-3.994565217391303
44,4620,excitatory,0,3.88198757763975,4.887422360248447,3.420031055900621
44,4622,inhibitory,1,-0.07763975155279502,-0.023291925465838508,-0.03881987577639751
44,4623,excitatory,0,-0.31055900621118004,-0.22903726708074534,-0.6366459627329192
44,4624,excitatory,0,1.9409937888198756,2.8649068322981366,2.2360248447204967
44,4625,excitatory,0,-1.0093167701863348,-1.7546583850931676,-2.197204968944099
44,4627,excitatory,0,-0.15527950310559005,-0.26785714285714285,-0.06211180124223603
44,4628,excitatory,0,0.0,0.0,0.0
44,4629,inhibitory,0,2.096273291925466,3.5015527950310554,2.775621118012422
44,4630,excitatory,0,0.0,0.0,0.0
44,4631,excitatory,0,0.0,0.03105590062111801,0.0
44,4632,excitatory,0,0.0,0.0,0.0
44,4633,excitatory,0,0.0,0.0,0.0
44,4634,excitatory,0,0.7763975155279502,1.0947204968944098,0.5007763975155278
44,4635,inhibitory,0,0.15527950310558936,3.9790372670807415,8.641304347826079
44,4637,inhibitory,1,-11.878881987577639,-11.420807453416149,-11.444099378881987
44,4638,excitatory,0,0.0,-0.17857142857142855,0.22515527950310557
44,4639,excitatory,0,-0.07763975155279502,0.06599378881987576,0.015527950310559008
44,4640,excitatory,0,-29.8136645962733,-32.88043478260869,-42.10403726708074
44,4641,inhibitory,0,6.832298136645962,9.50310559006211,6.603260869565217
44,4642,inhibitory,0,0.0,0.0,-0.015527950310559004
44,4643,excitatory,0,0.07763975155279502,-0.11257763975155277,0.03881987577639751
44,4644,excitatory,0,-10.481366459627324,-7.519409937888199,-14.864130434782595
44,4645,excitatory,0,0.31055900621118016,-0.2562111801242237,-0.12810559006211175
44,4646,inhibitory,0,6.59937888198758,5.500776397515528,4.472049689440992
44,4647,excitatory,0,1.2422360248447206,2.6281055900621118,1.8167701863354033
44,4648,excitatory,0,0.5434782608695652,0.5939440993788819,0.3571428571428571
44,4649,excitatory,0,0.15527950310559005,0.24844720496894404,0.06599378881987578
44,4650,excitatory,0,0.15527950310559005,0.10093167701863352,0.1746894409937888
44,4651,inhibitory,0,4.5807453416149055,4.592391304347826,4.891304347826086
44,4653,inhibitory,0,11.56832298136646,12.065217391304346,13.536490683229815
44,4654,excitatory,0,-0.7763975155279502,-0.3377329192546583,-0.3532608695652174
44,4655,excitatory,0,-0.07763975155279502,-0.10869565217391304,-0.042701863354037264
44,4656,excitatory,0,0.0,0.0,0.0
44,4657,inhibitory,1,-0.4658385093167702,-0.5163043478260869,-1.1296583850931676
44,4658,excitatory,0,4.813664596273291,2.1816770186335406,2.3253105590062106
44,4659,inhibitory,0,-0.31055900621118004,0.2135093167701863,-0.17080745341614922
44,4660,excitatory,0,0.07763975155279501,-0.78027950310559,-0.21739130434782605
44,4661,excitatory,0,0.0,0.0,0.0
44,4663,excitatory,0,-11.490683229813664,-16.23835403726708,-13.256987577639752
44,4664,inhibitory,0,1.9409937888198758,1.9254658385093164,2.9153726708074528
44,4665,excitatory,0,-0.8540372670807453,-0.9277950310559004,-0.7996894409937888
44,4666,excitatory,0,3.804347826086957,5.970496894409937,4.953416149068325
44,4667,excitatory,0,3.1832298136645965,4.499223602484473,3.4899068322981366
44,4668,inhibitory,0,12.344720496894407,15.559006211180122,13.031832298136646
44,4669,excitatory,0,0.543478260869565,0.8268633540372665,1.1335403726708075
44,4670,excitatory,0,0.07763975155279502,0.19409937888198756,0.07375776397515528
44,4671,excitatory,0,0.15527950310559002,0.7142857142857142,-0.3649068322981368
44,4672,excitatory,0,-0.23291925465838506,-0.42701863354037267,-0.24844720496894407
44,4673,excitatory,0,0.0,0.0,0.0
44,4675,excitatory,0,0.23291925465838514,-1.0403726708074534,0.6444099378881989
44,4676,excitatory,0,-15.91614906832298,-14.968944099378874,-21.106366459627324
44,4677,excitatory,0,0.0,0.0,-0.015527950310559004
44,4678,excitatory,0,-0.3105590062111801,-0.019409937888198753,0.007763975155279518
44,4679,excitatory,0,0.0,0.011645962732919254,0.0
44,4680,excitatory,0,0.0,-0.15527950310559005,0.03493788819875777
44,4681,excitatory,0,0.6987577639751552,2.3291925465838506,0.8889751552795031
44,4682,inhibitory,0,114.98447204968943,96.7663043478261,121.583850931677
44,4683,excitatory,0,-24.689440993788818,-26.894409937888195,-28.94798136645963
44,4684,excitatory,0,0.6211180124223601,1.7274844720496891,0.7763975155279503
44,4685,excitatory,0,0.31055900621118004,-0.6055900621118013,0.4270186335403725
44,4686,excitatory,0,-5.590062111801242,-10.729813664596271,-8.024068322981366
44,4687,excitatory,0,1.785714285714286,0.18633540372670776,0.9200310559006208
44,4688,excitatory,0,1.1645962732919246,1.362577639751552,1.0093167701863353
44,4689,excitatory,0,0.0,0.0,0.0
44,4690,excitatory,0,15.217391304347826,33.420031055900616,15.493012422360248
44,4692,excitatory,0,2.17391304347826,-2.2204968944099406,1.4712732919254652
44,4693,excitatory,0,-3.571428571428571,-4.615683229813662,-3.823757763975154
44,4694,excitatory,0,0.07763975155279501,0.16304347826086957,0.40760869565217384
44,4695,inhibitory,0,0.7763975155279501,-0.20962732919254656,1.079192546583851
44,4696,excitatory,0,2.096273291925467,1.882763975155278,2.340838509316768
44,4697,excitatory,0,0.0,0.007763975155279502,-0.019409937888198756
44,4698,excitatory,0,0.07763975155279502,0.20962732919254656,0.042701863354037264
44,4699,excitatory,0,12.18944099378882,11.987577639751551,11.67701863354037
44,4700,inhibitory,0,-1.4751552795031053,-0.4309006211180124,-1.467391304347826
44,4701,excitatory,0,0.0,0.0,0.0
44,4702,excitatory,0,1.242236024844722,0.5201863354037286,0.7880434782608674
44,4703,inhibitory,1,-1.0869565217391304,-1.6964285714285712,-1.2577639751552794
44,4704,inhibitory,1,-1.2422360248447204,-0.6017080745341614,-1.0986024844720494
44,4705,excitatory,0,-0.6987577639751552,-0.7880434782608695,-0.7531055900621118
44,4706,excitatory,0,0.0,0.019409937888198756,0.015527950310559004
44,4707,excitatory,0,0.3105590062111801,0.5939440993788819,0.3765527950310559
44,4708,excitatory,0,0.0,0.0,0.0
44,4709,excitatory,0,-0.5434782608695652,-0.13586956521739157,-0.5861801242236027
44,4710,excitatory,0,0.0,0.0,-0.007763975155279502
44,4711,excitatory,0,0.0,-0.011645962732919256,-0.007763975155279502
44,4713,excitatory,0,-4.9689440993788825,-5.989906832298136,-7.154503105590061
44,4714,excitatory,0,0.0,0.08152173913043478,0.027173913043478257
44,4715,excitatory,0,21.040372670807454,21.84394409937888,20.392080745341612
44,4716,excitatory,0,3.8819875776397517,1.2150621118012417,0.16692546583850998
44,4717,excitatory,0,0.7763975155279501,1.3975155279503104,1.218944099378882
44,4718,excitatory,0,0.0,-0.019409937888198746,-0.023291925465838508
44,4719,inhibitory,1,-5.745341614906832,-8.4277950310559,-8.45496894409938
44,4720,inhibitory,0,2.6397515527950306,0.7802795031055898,2.6863354037267078
44,4721,inhibitory,0,10.093167701863354,6.440217391304348,8.493788819875775
44,4722,inhibitory,0,-13.27639751552795,-5.76863354037267,-12.725155279503106
44,4723,inhibitory,0,58.54037267080746,36.059782608695656,58.96739130434783
44,4724,excitatory,0,0.0,-0.003881987577639751,0.0
44,4725,excitatory,0,0.8540372670807452,1.2849378881987579,0.7686335403726707
44,4726,excitatory,0,-0.15527950310559008,-0.30667701863354035,-0.4076086956521739
44,4728,excitatory,0,2.1739130434782608,0.8967391304347827,1.1218944099378882
44,4729,excitatory,0,0.6211180124223602,2.907608695652174,0.93555900621118
44,4730,excitatory,0,2.251552795031056,1.1141304347826084,1.9526397515527956
44,4731,excitatory,0,-9.937888198757761,-9.297360248447205,-8.963509316770187
44,4733,excitatory,0,0.07763975155279507,-0.01164596273291929,-0.031055900621118016
44,4734,excitatory,0,1.0869565217391304,1.4130434782608694,0.93555900621118
44,4735,excitatory,0,-9.627329192546583,-13.027950310559007,-11.995341614906835
44,4736,excitatory,0,-0.6987577639751548,0.04270186335403725,-0.23680124223602483
44,4737,excitatory,0,-11.490683229813662,-13.214285714285708,-13.004658385093173
44,4738,excitatory,0,0.0,-0.10869565217391304,0.0
44,4739,inhibitory,0,0.0,-0.21350931677018536,0.15916149068323193
44,4740,excitatory,0,0.3105590062111801,1.048136645962733,0.3416149068322981
44,4741,excitatory,0,0.07763975155279502,-0.03105590062111801,0.011645962732919252
44,4742,excitatory,0,0.0,0.0,0.0
44,4743,excitatory,0,0.0,0.0,0.0
44,4744,inhibitory,0,0.9316770186335404,0.4386645962732919,0.8152173913043477
44,4745,excitatory,0,0.0,-0.003881987577639751,0.015527950310559004
44,4747,excitatory,0,0.0,-0.003881987577639751,0.003881987577639751
44,4748,excitatory,0,0.0,0.0,-0.003881987577639751
44,4749,excitatory,0,4.5031055900621055,3.9285714285714306,0.3610248447204967
44,4750,excitatory,0,-1.1645962732919253,-0.4774844720496896,-1.0364906832298135
44,4751,excitatory,0,0.0,-0.003881987577639751,-0.003881987577639751
44,4752,excitatory,0,0.07763975155279512,2.7523291925465836,1.3198757763975155
44,4754,excitatory,0,0.6211180124223602,0.8462732919254657,0.3765527950310559
44,4755,inhibitory,0,7.220496894409937,2.8532608695652173,5.252329192546583
44,4756,excitatory,0,1.1645962732919255,0.10869565217391308,0.4541925465838509
44,4757,excitatory,0,2.950310559006211,1.4596273291925463,3.6218944099378882
44,4758,excitatory,0,0.15527950310559008,0.2756211180124223,0.24068322981366458
44,4759,excitatory,0,4.114906832298136,0.6987577639751557,2.228260869565217
44,4760,excitatory,0,0.9316770186335404,1.6149068322981366,1.9565217391304346
44,4761,excitatory,0,0.0,0.03493788819875776,0.015527950310559004
44,4762,excitatory,0,0.07763975155279512,-0.11645962732919246,0.1902173913043479
44,4763,excitatory,0,0.0,0.0,0.0
44,4764,excitatory,0,-0.38819875776397517,-0.12422360248447206,-0.04270186335403728
44,4766,excitatory,0,1.7080745341614905,1.6653726708074532,1.9526397515527951
44,4767,excitatory,0,7.841614906832298,9.099378881987576,6.948757763975155
44,4768,excitatory,0,0.2329192546583851,0.24844720496894407,0.3027950310559006
44,4769,excitatory,0,0.2329192546583851,0.578416149068323,0.4541925465838509
44,4770,excitatory,0,2.406832298136644,4.09937888198758,1.5683229813664603
44,4771,excitatory,0,8.229813664596273,10.865683229813666,8.000776397515526
44,4772,excitatory,0,-0.07763975155279468,-0.3765527950310563,-3.059006211180126
44,4773,excitatory,0,0.07763975155279502,0.1513975155279503,0.07375776397515528
44,4774,excitatory,0,0.7763975155279501,1.4013975155279503,0.6754658385093166
44,4775,inhibitory,0,-0.07763975155279512,-0.2833850931677019,-0.6793478260869563
44,4776,inhibitory,1,-24.30124223602484,-28.346273291925463,-28.563664596273288
44,4778,excitatory,0,-1.0869565217391308,-1.0636645962732914,-0.9239130434782599
44,4780,inhibitory,0,1.6304347826086953,5.854037267080745,1.9720496894409933
44,4781,excitatory,0,22.826086956521735,22.892080745341612,21.64596273291925
44,4782,excitatory,0,0.3105590062111801,0.16304347826086957,0.23291925465838506
44,4783,excitatory,0,6.133540372670807,11.71583850931677,6.273291925465839
44,4784,excitatory,0,0.0,0.0,0.007763975155279502
44,4785,excitatory,0,0.07763975155279502,0.06599378881987576,0.07763975155279501
44,4786,excitatory,0,0.0,0.0,0.0
44,4787,excitatory,0,0.15527950310559005,0.05046583850931677,0.17080745341614906
44,4789,excitatory,0,0.0,0.0,0.003881987577639751
44,4790,excitatory,0,0.0,0.09704968944099378,0.06987577639751552
44,4791,excitatory,0,0.0,0.08152173913043478,-0.015527950310559008
44,4792,excitatory,0,0.2329192546583858,0.7142857142857153,0.5163043478260878
44,4793,excitatory,0,5.745341614906832,7.686335403726707,6.059782608695651
44,4794,excitatory,0,0.0,0.0,0.0
44,4795,excitatory,0,0.07763975155279502,0.41149068322981364,0.1513975155279503
44,4796,excitatory,0,-0.2329192546583858,0.7647515527950315,-0.5395962732919255
44,4797,excitatory,0,1.9409937888198758,6.191770186335404,3.8354037267080745
44,4800,excitatory,0,-0.07763975155279502,0.0,-0.038819875776397506
44,4801,excitatory,0,0.0,0.0,0.0
44,4802,excitatory,0,0.0,0.0,0.0
44,4804,excitatory,0,-0.6987577639751552,-0.737577639751553,-0.7142857142857144
44,4805,excitatory,0,3.9596273291925463,1.3975155279503104,1.8090062111801237
44,4806,excitatory,0,0.0,0.003881987577639751,0.007763975155279502
44,4807,excitatory,0,0.5434782608695652,0.5939440993788819,0.3804347826086957
44,4808,excitatory,0,-0.7763975155279503,-0.8307453416149068,-0.8773291925465838
44,4809,excitatory,0,-0.3105590062111801,-0.41149068322981364,-0.2639751552795031
44,4810,inhibitory,0,1.5527950310559004,2.1195652173913038,1.8090062111801242
44,4811,excitatory,0,0.0,-0.12422360248447203,-0.18245341614906835
44,4812,excitatory,0,0.0,0.10481366459627328,0.12810559006211178
44,4813,excitatory,0,-1.0093167701863355,-0.78027950310559,-0.826863354037267
44,4814,inhibitory,0,-7.841614906832297,-7.010869565217391,-7.480590062111801
44,4816,excitatory,0,0.0,0.0,0.0
44,4817,inhibitory,0,-62.267080745341616,-68.97127329192546,-66.08695652173913
44,4818,inhibitory,0,2.7173913043478253,1.3548136645962732,1.6809006211180124
44,4819,excitatory,0,-0.543478260869565,-0.14363354037267095,0.5551242236024847
44,4821,excitatory,0,0.07763975155279468,-0.3454968944099379,0.023291925465837693
44,4822,excitatory,0,-2.950310559006211,-4.20807453416149,-3.8470496894409933
44,4823,excitatory,0,-0.9316770186335404,-2.558229813664596,-1.0791925465838508
44,4824,excitatory,0,-6.83229813664596,-11.793478260869563,-9.243012422360248
44,4825,excitatory,0,-0.15527950310559008,1.0364906832298137,0.31055900621118004
44,4826,excitatory,0,0.15527950310559005,0.13198757763975155,0.05434782608695651
44,4827,excitatory,0,0.31055900621118027,0.6482919254658385,0.2523291925465838
44,4828,excitatory,0,0.0,0.0,0.0
44,4829,inhibitory,0,-8.30745341614907,0.43866459627329135,-9.922360248447202
44,4830,excitatory,0,0.07763975155279468,0.5279503105590058,0.5473602484472044
44,4831,excitatory,0,1.3198757763975155,0.4270186335403726,0.733695652173913
44,4833,inhibitory,0,3.416149068322981,5.77251552795031,4.36335403726708
44,4834,excitatory,0,0.07763975155279501,-0.05046583850931674,-0.04270186335403725
44,4836,excitatory,0,-5.512422360248447,-3.979037267080745,-4.107142857142856
44,4838,excitatory,0,0.0,0.0,0.0
44,4839,excitatory,0,0.07763975155279502,0.0,0.011645962732919254
44,4840,inhibitory,0,17.62422360248447,11.032608695652176,25.935559006211182
44,4841,excitatory,0,1.7857142857142856,2.0923913043478257,2.3486024844720497
44,4842,excitatory,0,-2.950310559006211,-3.7732919254658377,-1.6032608695652173
44,4843,excitatory,0,1.6304347826086958,0.7763975155279503,1.2927018633540373
44,4844,excitatory,0,0.15527950310559008,0.4891304347826087,0.07375776397515532
44,4845,excitatory,0,0.0,-0.03881987577639751,-0.03493788819875776
44,4847,excitatory,0,0.0,0.0,0.0
44,4848,inhibitory,0,4.891304347826088,4.6312111801242235,2.6940993788819876
44,4849,excitatory,0,0.0,0.0,0.0
44,4850,excitatory,0,34.78260869565217,43.128881987577635,36.2694099378882
44,4851,excitatory,0,0.4658385093167702,1.3354037267080745,0.4774844720496894
44,4852,excitatory,0,-0.07763975155279557,0.3183229813664603,0.3338509316770182
44,4853,excitatory,0,-0.2329192546583851,-0.2057453416149068,-0.13975155279503107
44,4854,excitatory,0,0.23291925465838403,0.5318322981366457,0.966614906832298
44,4855,inhibitory,0,0.8540372670807453,0.24068322981366458,1.1607142857142856
44,4856,excitatory,0,0.0,0.0,0.0
44,4857,excitatory,0,-0.3105590062111801,0.22903726708074532,0.06211180124223603
44,4858,excitatory,0,1.0093167701863355,1.6847826086956519,0.6327639751552796
44,4859,excitatory,0,0.0,-0.003881987577639751,0.0
44,4860,excitatory,0,0.07763975155279502,0.003881987577639751,0.02717391304347826
44,4861,excitatory,0,0.0,0.0,0.0
44,4862,excitatory,0,-1.3198757763975153,-1.7352484472049687,-0.5667701863354038
44,4863,excitatory,0,0.0,0.0,0.0
44,4864,excitatory,0,-0.38819875776397517,-1.7857142857142856,-1.595496894409938
44,4865,excitatory,0,7.608695652173912,15.687111801242235,6.704192546583851
44,4867,excitatory,0,0.0,0.07375776397515527,0.019409937888198756
44,4868,inhibitory,0,18.167701863354036,47.05357142857142,27.49611801242236
44,4869,excitatory,0,0.0,0.24068322981366458,0.07763975155279502
44,4871,inhibitory,0,-0.07763975155279512,0.14363354037267073,-0.26785714285714324
44,4872,inhibitory,0,0.0,-0.03105590062111801,0.0
44,4873,inhibitory,0,16.537267080745337,16.937111801242235,18.09782608695652
44,4874,inhibitory,1,-4.425465838509317,-3.229813664596273,-4.37888198757764
44,4875,excitatory,0,0.2329192546583851,0.2795031055900621,0.13586956521739132
44,4876,excitatory,0,-0.9316770186335401,0.11257763975155277,-0.1164596273291929
44,4878,excitatory,0,2.562111801242237,3.711180124223601,2.7018633540372665
44,4879,excitatory,0,-4.891304347826087,-4.83695652173913,-5.275621118012422
44,4880,excitatory,0,0.15527950310559005,0.30279503105590055,0.1281055900621118
44,4881,excitatory,0,0.0,0.07375776397515528,0.011645962732919249
44,4882,excitatory,0,0.2329192546583851,0.7414596273291925,0.6133540372670807
44,4883,inhibitory,1,-4.425465838509316,-2.418478260869565,-3.7072981366459623
44,4884,excitatory,0,0.0,0.0,0.0
44,4885,excitatory,0,0.0,0.0,0.0
44,4887,inhibitory,0,2.795031055900621,15.419254658385093,4.642857142857141
44,4888,inhibitory,0,1.2422360248447206,1.1335403726708075,0.7181677018633541
44,4890,excitatory,0,0.3105590062111801,0.9704968944099378,0.6133540372670807
44,4891,excitatory,0,1.3198757763975157,3.687888198757763,1.5877329192546585
44,4892,excitatory,0,0.0,0.0,0.0
44,4893,excitatory,0,0.0,0.0,0.0
44,4894,excitatory,0,0.0,0.0,0.0
44,4895,excitatory,0,0.07763975155279501,0.8812111801242235,0.5007763975155279
44,4896,inhibitory,0,0.9316770186335404,0.13586956521739127,0.795807453416149
44,4897,excitatory,0,0.0,0.003881987577639751,0.019409937888198756
44,4898,inhibitory,0,-1.4751552795031055,0.47360248447204967,1.2577639751552794
44,4899,excitatory,0,0.0,0.0,-0.11645962732919253
44,4900,inhibitory,1,-17.236024844720497,-18.60248447204969,-19.85248447204969
44,4901,inhibitory,0,4.192546583850931,2.9736024844720492,2.95419254658385
44,4902,excitatory,0,0.0,0.019409937888198756,-0.023291925465838508
44,4903,excitatory,0,0.0,0.0,0.0
44,4904,inhibitory,0,9.161490683229811,9.926242236024844,10.520186335403727
44,4906,excitatory,0,2.2515527950310554,4.111024844720497,1.7546583850931672
44,4907,excitatory,0,0.15527950310559005,0.0854037267080745,-0.02717391304347826
44,4908,excitatory,0,-0.15527950310559005,-0.34549689440993786,-0.062111801242236
44,4910,excitatory,0,-23.136645962732914,-24.576863354037272,-24.180900621118013
44,4911,excitatory,0,-0.07763975155279502,-0.003881987577639751,-0.019409937888198756
44,4912,excitatory,0,0.0,0.0,0.0
44,4913,inhibitory,0,1.8633540372670805,2.2670807453416146,2.9270186335403725
44,4914,inhibitory,1,-0.2329192546583851,-0.3027950310559006,-0.30279503105590055
44,4915,excitatory,0,0.0,0.02717391304347826,0.03881987577639751
44,4916,inhibitory,0,-0.07763975155279468,0.9355590062111796,-0.5201863354037268
44,4917,excitatory,0,5.357142857142857,9.433229813664596,4.910714285714286
44,4918,inhibitory,0,10.248447204968944,6.688664596273291,9.852484472049689
44,4919,excitatory,0,0.4658385093167702,0.562888198757764,0.3804347826086956
44,4920,excitatory,0,0.2329192546583851,0.1281055900621118,0.11257763975155279
44,4921,excitatory,0,-1.2422360248447206,-2.2282608695652173,-1.6692546583850931
44,4922,excitatory,0,0.0,0.0,0.0
44,4923,excitatory,0,-0.07763975155279502,-0.06599378881987576,0.015527950310559006
44,4924,inhibitory,1,-18.012422360248443,-19.033385093167702,-17.94642857142857
44,4925,inhibitory,0,1.7857142857142883,4.165372670807452,2.5659937888198776
44,4926,excitatory,0,0.5434782608695652,1.2072981366459625,0.7453416149068323
44,4927,excitatory,0,-3.41614906832298,-9.083850931677016,-7.123447204968944
44,4928,excitatory,0,0.3105590062111801,0.48524844720496896,0.33773291925465837
44,4929,excitatory,0,0.0,0.00388198757763975,0.0
44,4930,excitatory,0,0.0,0.0,0.0
44,4931,inhibitory,0,0.0,-0.35326086956521735,-0.36102484472049684
44,4932,excitatory,0,1.7857142857142856,1.7197204968944098,1.075310559006211
44,4933,excitatory,0,-0.23291925465838492,-0.4930124223602488,-1.0170807453416146
44,4934,excitatory,0,0.0,-0.00388198757763975,-0.00388198757763975
44,4935,excitatory,0,0.0,0.10869565217391303,0.06599378881987578
44,4937,excitatory,0,2.4844720496894412,6.362577639751553,6.614906832298137
44,4938,excitatory,0,3.1055900621118013,3.4277950310559007,3.295807453416149
44,4939,excitatory,0,0.38819875776397517,0.8462732919254656,0.3416149068322981
44,4940,excitatory,0,-0.9316770186335406,-1.2305900621118013,-0.9200310559006208
44,4942,excitatory,0,0.0,0.0,0.0
44,4943,excitatory,0,3.726708074534161,7.414596273291925,3.563664596273292
44,4946,excitatory,0,3.183229813664596,5.60947204968944,3.513198757763975
44,4948,excitatory,0,0.2329192546583851,0.5046583850931676,0.5240683229813663
44,4949,inhibitory,0,13.198757763975152,28.299689440993788,14.65450310559006
44,4950,excitatory,0,6.0559006211180115,8.520962732919253,5.578416149068323
44,4951,excitatory,0,0.0,0.0,0.0
44,4952,excitatory,0,0.07763975155279504,0.19021739130434784,0.038819875776397506
44,4953,excitatory,0,0.0,0.0,0.011645962732919254
44,4954,excitatory,0,0.07763975155279502,0.24456521739130432,0.15527950310559005
44,4955,excitatory,0,0.0,0.0,0.0
44,4956,excitatory,0,0.0,0.09316770186335402,0.046583850931677016
44,4957,excitatory,0,0.2329192546583851,0.6288819875776397,0.18633540372670804
44,4958,inhibitory,1,-0.07763975155279502,-0.702639751552795,-0.2523291925465838
44,4960,inhibitory,1,0.0,0.0,-0.003881987577639751
44,4961,excitatory,0,0.0,0.015527950310559004,0.023291925465838508
44,4962,excitatory,0,0.5434782608695652,0.8618012422360248,0.6987577639751552
44,4963,excitatory,0,0.0,-0.019409937888198756,-0.02717391304347826
44,4965,excitatory,0,0.15527950310559005,0.08928571428571427,0.12422360248447203
44,4966,excitatory,0,0.0,-0.003881987577639751,0.0
44,4968,excitatory,0,-0.15527950310559005,-0.4347826086956521,-0.14751552795031053
44,4969,inhibitory,0,0.9316770186335406,6.54891304347826,2.3563664596273295
44,4971,excitatory,0,38.50931677018633,43.77717391304348,37.49611801242235
44,4972,excitatory,0,0.0,0.0,-0.003881987577639751
44,4973,inhibitory,0,-7.608695652173913,-3.4200310559006217,-2.4805900621118004
44,4974,excitatory,0,1.6304347826086956,3.5442546583850927,1.5411490683229814
44,4975,excitatory,0,0.0,0.0,0.0
44,4976,inhibitory,0,-44.099378881987576,-61.20341614906832,-59.42158385093168
44,4977,excitatory,0,0.0,0.0,0.0
44,4978,excitatory,0,0.0,-0.03881987577639751,0.01940993788819876
44,4980,excitatory,0,3.3385093167701854,0.29891304347826164,1.6731366459627317
44,4981,inhibitory,0,37.034161490683225,25.295031055900616,36.65760869565217
44,4982,excitatory,0,31.44409937888199,34.805900621118006,30.44642857142857
44,4983,excitatory,0,-0.38819875776397517,-0.06987577639751552,-0.1824534161490683
44,4984,excitatory,0,0.0,0.0,0.0
44,4985,excitatory,0,0.6987577639751553,1.8400621118012421,0.6599378881987578
44,4986,inhibitory,0,28.88198757763975,24.728260869565215,28.924689440993784
44,4987,excitatory,0,0.0,0.19409937888198758,0.08928571428571427
44,4988,excitatory,0,12.577639751552795,15.248447204968944,12.620341614906831
44,4989,excitatory,0,1.0869565217391304,2.6513975155279503,2.80667701863354
44,4990,inhibitory,1,-12.03416149068323,-13.132763975155278,-15.94332298136646
44,4991,inhibitory,0,1.8633540372670807,1.6110248447204962,1.0364906832298133
44,4992,excitatory,0,-0.31055900621118016,-0.3338509316770186,-0.3454968944099378
44,4993,excitatory,0,0.0,0.0,0.0
44,4994,excitatory,0,0.0,-0.007763975155279504,0.0
44,4995,excitatory,0,0.2329192546583851,-0.04270186335403728,0.12422360248447206
44,4996,excitatory,0,-0.2329192546583851,0.13198757763975144,-0.23680124223602483
44,4997,excitatory,0,0.0,1.0209627329192545,0.2368012422360248
44,4998,excitatory,0,-1.0869565217391304,-3.357919254658385,-3.2802795031055902
44,4999,excitatory,0,0.0,0.0,0.0
