weight_noise,original,noisy,correlation,clipped_fraction,population_mean,population_mean_noisy,population_sd,population_sd_noisy,n_synapses
0.1,0.00055083696,0.0016313853,0.9932608669290817,0.013194729691301463,0.032528482,0.032529097,0.20853555,0.20853545,1582450
0.1,0.0011273694,0.0022496427,0.9932608669290817,0.013194729691301463,0.032528482,0.032529097,0.20853555,0.20853545,1582450
0.1,0.0073270565,0.007127324,0.9932608669290817,0.013194729691301463,0.032528482,0.032529097,0.20853555,0.20853545,1582450
0.1,3.1138985e-05,0.001043476,0.9932608669290817,0.013194729691301463,0.032528482,0.032529097,0.20853555,0.20853545,1582450
0.1,0.007148096,0.008137028,0.9932608669290817,0.013194729691301463,0.032528482,0.032529097,0.20853555,0.20853545,1582450
0.1,0.0006146741,0.0016269999,0.9932608669290817,0.013194729691301463,0.032528482,0.032529097,0.20853555,0.20853545,1582450
0.1,0.24584208,0.27224627,0.9932608669290817,0.013194729691301463,0.032528482,0.032529097,0.20853555,0.20853545,1582450
0.1,0.0001836358,0.0011800111,0.9932608669290817,0.013194729691301463,0.032528482,0.032529097,0.20853555,0.20853545,1582450
0.1,0.00025336538,0.0012004279,0.9932608669290817,0.013194729691301463,0.032528482,0.032529097,0.20853555,0.20853545,1582450
0.1,0.001941859,0.0028158128,0.9932608669290817,0.013194729691301463,0.032528482,0.032529097,0.20853555,0.20853545,1582450
0.1,0.012252796,0.015582666,0.9932608669290817,0.013194729691301463,0.032528482,0.032529097,0.20853555,0.20853545,1582450
0.1,0.011951147,0.01098335,0.9932608669290817,0.013194729691301463,0.032528482,0.032529097,0.20853555,0.20853545,1582450
0.1,0.0068404744,0.0066976505,0.9932608669290817,0.013194729691301463,0.032528482,0.032529097,0.20853555,0.20853545,1582450
0.1,2.8295086e-05,0.0010432521,0.9932608669290817,0.013194729691301463,0.032528482,0.032529097,0.20853555,0.20853545,1582450
0.1,0.0005214801,0.00038618498,0.9932608669290817,0.013194729691301463,0.032528482,0.032529097,0.20853555,0.20853545,1582450
0.1,0.013937563,0.015013239,0.9932608669290817,0.013194729691301463,0.032528482,0.032529097,0.20853555,0.20853545,1582450
0.1,0.0015449928,0.0023181692,0.9932608669290817,0.013194729691301463,0.032528482,0.032529097,0.20853555,0.20853545,1582450
0.1,0.0056953593,0.0072476603,0.9932608669290817,0.013194729691301463,0.032528482,0.032529097,0.20853555,0.20853545,1582450
0.1,0.13443743,0.15407845,0.9932608669290817,0.013194729691301463,0.032528482,0.032529097,0.20853555,0.20853545,1582450
0.1,0.16668557,0.16278331,0.9932608669290817,0.013194729691301463,0.032528482,0.032529097,0.20853555,0.20853545,1582450
0.1,0.00012471333,0.0011204769,0.9932608669290817,0.013194729691301463,0.032528482,0.032529097,0.20853555,0.20853545,1582450
0.1,0.0010517298,0.0010126792,0.9932608669290817,0.013194729691301463,0.032528482,0.032529097,0.20853555,0.20853545,1582450
0.1,0.0011061612,0.0010161134,0.9932608669290817,0.013194729691301463,0.032528482,0.032529097,0.20853555,0.20853545,1582450
0.1,0.00017351317,0.001176898,0.9932608669290817,0.013194729691301463,0.032528482,0.032529097,0.20853555,0.20853545,1582450
0.1,0.0039684116,0.005206115,0.9932608669290817,0.013194729691301463,0.032528482,0.032529097,0.20853555,0.20853545,1582450
0.1,0.00049556897,0.0013971371,0.9932608669290817,0.013194729691301463,0.032528482,0.032529097,0.20853555,0.20853545,1582450
0.1,0.0062526213,0.0065683695,0.9932608669290817,0.013194729691301463,0.032528482,0.032529097,0.20853555,0.20853545,1582450
0.1,0.023209782,0.024888322,0.9932608669290817,0.013194729691301463,0.032528482,0.032529097,0.20853555,0.20853545,1582450
0.1,0.0017619046,0.002691651,0.9932608669290817,0.013194729691301463,0.032528482,0.032529097,0.20853555,0.20853545,1582450
0.1,0.058793727,0.060789168,0.9932608669290817,0.013194729691301463,0.032528482,0.032529097,0.20853555,0.20853545,1582450
0.1,0.00013467812,0.0011548415,0.9932608669290817,0.013194729691301463,0.032528482,0.032529097,0.20853555,0.20853545,1582450
0.1,0.0007078286,0.0017402929,0.9932608669290817,0.013194729691301463,0.032528482,0.032529097,0.20853555,0.20853545,1582450
0.1,0.17874664,0.17713784,0.9932608669290817,0.013194729691301463,0.032528482,0.032529097,0.20853555,0.20853545,1582450
0.1,0.0023654872,0.0034924902,0.9932608669290817,0.013194729691301463,0.032528482,0.032529097,0.20853555,0.20853545,1582450
0.1,0.0004078942,0.0014339049,0.9932608669290817,0.013194729691301463,0.032528482,0.032529097,0.20853555,0.20853545,1582450
0.1,0.0034325202,0.004669423,0.9932608669290817,0.013194729691301463,0.032528482,0.032529097,0.20853555,0.20853545,1582450
0.1,0.24901855,0.3032369,0.9932608669290817,0.013194729691301463,0.032528482,0.032529097,0.20853555,0.20853545,1582450
0.1,0.02168543,0.022985568,0.9932608669290817,0.013194729691301463,0.032528482,0.032529097,0.20853555,0.20853545,1582450
0.1,0.004697841,0.0057988726,0.9932608669290817,0.013194729691301463,0.032528482,0.032529097,0.20853555,0.20853545,1582450
0.1,0.0057775527,0.006446598,0.9932608669290817,0.013194729691301463,0.032528482,0.032529097,0.20853555,0.20853545,1582450
0.1,0.001360203,0.0022845117,0.9932608669290817,0.013194729691301463,0.032528482,0.032529097,0.20853555,0.20853545,1582450
0.1,0.003690108,0.0046410738,0.9932608669290817,0.013194729691301463,0.032528482,0.032529097,0.20853555,0.20853545,1582450
0.1,2.8364031e-05,0.0010384335,0.9932608669290817,0.013194729691301463,0.032528482,0.032529097,0.20853555,0.20853545,1582450
0.1,0.009130502,0.009056135,0.9932608669290817,0.013194729691301463,0.032528482,0.032529097,0.20853555,0.20853545,1582450
0.1,0.036425892,0.04332701,0.9932608669290817,0.013194729691301463,0.032528482,0.032529097,0.20853555,0.20853545,1582450
0.1,0.00079925964,0.00052879704,0.9932608669290817,0.013194729691301463,0.032528482,0.032529097,0.20853555,0.20853545,1582450
0.1,0.00031744887,0.0013276786,0.9932608669290817,0.013194729691301463,0.032528482,0.032529097,0.20853555,0.20853545,1582450
0.1,0.0012187229,0.0020638588,0.9932608669290817,0.013194729691301463,0.032528482,0.032529097,0.20853555,0.20853545,1582450
0.1,0.0058001378,0.0061258436,0.9932608669290817,0.013194729691301463,0.032528482,0.032529097,0.20853555,0.20853545,1582450
0.1,0.0043677455,0.005672047,0.9932608669290817,0.013194729691301463,0.032528482,0.032529097,0.20853555,0.20853545,1582450
0.1,0.0019902885,0.002710161,0.9932608669290817,0.013194729691301463,0.032528482,0.032529097,0.20853555,0.20853545,1582450
0.1,0.00010187949,0.0010996544,0.9932608669290817,0.013194729691301463,0.032528482,0.032529097,0.20853555,0.20853545,1582450
0.1,0.15375784,0.14256473,0.9932608669290817,0.013194729691301463,0.032528482,0.032529097,0.20853555,0.20853545,1582450
0.1,0.009304768,0.00939339,0.9932608669290817,0.013194729691301463,0.032528482,0.032529097,0.20853555,0.20853545,1582450
0.1,0.00020822321,0.0012442323,0.9932608669290817,0.013194729691301463,0.032528482,0.032529097,0.20853555,0.20853545,1582450
0.1,0.022129145,0.020405952,0.9932608669290817,0.013194729691301463,0.032528482,0.032529097,0.20853555,0.20853545,1582450
0.1,0.012652977,0.013281211,0.9932608669290817,0.013194729691301463,0.032528482,0.032529097,0.20853555,0.20853545,1582450
0.1,0.0014806689,0.002378194,0.9932608669290817,0.013194729691301463,0.032528482,0.032529097,0.20853555,0.20853545,1582450
0.1,0.0006980099,0.0015747513,0.9932608669290817,0.013194729691301463,0.032528482,0.032529097,0.20853555,0.20853545,1582450
0.1,0.00070249476,0.0016540533,0.9932608669290817,0.013194729691301463,0.032528482,0.032529097,0.20853555,0.20853545,1582450
0.1,0.05929346,0.06495724,0.9932608669290817,0.013194729691301463,0.032528482,0.032529097,0.20853555,0.20853545,1582450
0.1,0.000103667524,0.0011130482,0.9932608669290817,0.013194729691301463,0.032528482,0.032529097,0.20853555,0.20853545,1582450
0.1,0.00013815785,0.0011466356,0.9932608669290817,0.013194729691301463,0.032528482,0.032529097,0.20853555,0.20853545,1582450
0.1,0.0011754698,0.0022862265,0.9932608669290817,0.013194729691301463,0.032528482,0.032529097,0.20853555,0.20853545,1582450
0.1,0.0031217155,0.0038627514,0.9932608669290817,0.013194729691301463,0.032528482,0.032529097,0.20853555,0.20853545,1582450
0.1,0.0012834411,0.001322338,0.9932608669290817,0.013194729691301463,0.032528482,0.032529097,0.20853555,0.20853545,1582450
0.1,2.663928e-05,0.0010401453,0.9932608669290817,0.013194729691301463,0.032528482,0.032529097,0.20853555,0.20853545,1582450
0.1,0.00086200674,0.00082549884,0.9932608669290817,0.013194729691301463,0.032528482,0.032529097,0.20853555,0.20853545,1582450
0.1,0.00041029658,0.0013579002,0.9932608669290817,0.013194729691301463,0.032528482,0.032529097,0.20853555,0.20853545,1582450
0.1,0.009978703,0.010096794,0.9932608669290817,0.013194729691301463,0.032528482,0.032529097,0.20853555,0.20853545,1582450
0.1,0.0585817,0.06460081,0.9932608669290817,0.013194729691301463,0.032528482,0.032529097,0.20853555,0.20853545,1582450
0.1,0.0030994,0.0036869287,0.9932608669290817,0.013194729691301463,0.032528482,0.032529097,0.20853555,0.20853545,1582450
0.1,0.0040564877,0.004894938,0.9932608669290817,0.013194729691301463,0.032528482,0.032529097,0.20853555,0.20853545,1582450
0.1,3.7487705e-05,0.0010566834,0.9932608669290817,0.013194729691301463,0.032528482,0.032529097,0.20853555,0.20853545,1582450
0.1,0.0002813063,0.0012413636,0.9932608669290817,0.013194729691301463,0.032528482,0.032529097,0.20853555,0.20853545,1582450
0.1,0.045827076,0.043322437,0.9932608669290817,0.013194729691301463,0.032528482,0.032529097,0.20853555,0.20853545,1582450
0.1,0.015739473,0.015322611,0.9932608669290817,0.013194729691301463,0.032528482,0.032529097,0.20853555,0.20853545,1582450
0.1,0.00012999089,2.5064614e-05,0.9932608669290817,0.013194729691301463,0.032528482,0.032529097,0.20853555,0.20853545,1582450
0.1,0.0011344962,0.0019208706,0.9932608669290817,0.013194729691301463,0.032528482,0.032529097,0.20853555,0.20853545,1582450
0.1,0.012156947,0.012442109,0.9932608669290817,0.013194729691301463,0.032528482,0.032529097,0.20853555,0.20853545,1582450
0.1,0.07280115,0.058875665,0.9932608669290817,0.013194729691301463,0.032528482,0.032529097,0.20853555,0.20853545,1582450
0.1,0.0075832736,0.008347262,0.9932608669290817,0.013194729691301463,0.032528482,0.032529097,0.20853555,0.20853545,1582450
0.1,0.0138886245,0.012696094,0.9932608669290817,0.013194729691301463,0.032528482,0.032529097,0.20853555,0.20853545,1582450
0.1,0.017931512,0.018994637,0.9932608669290817,0.013194729691301463,0.032528482,0.032529097,0.20853555,0.20853545,1582450
0.1,0.1054597,0.11238732,0.9932608669290817,0.013194729691301463,0.032528482,0.032529097,0.20853555,0.20853545,1582450
0.1,3.8146183e-05,0.0010525814,0.9932608669290817,0.013194729691301463,0.032528482,0.032529097,0.20853555,0.20853545,1582450
0.1,0.0031916148,0.003981875,0.9932608669290817,0.013194729691301463,0.032528482,0.032529097,0.20853555,0.20853545,1582450
0.1,0.0101002315,0.009866231,0.9932608669290817,0.013194729691301463,0.032528482,0.032529097,0.20853555,0.20853545,1582450
0.1,0.014029043,0.017635403,0.9932608669290817,0.013194729691301463,0.032528482,0.032529097,0.20853555,0.20853545,1582450
0.1,0.0068643987,0.0060234894,0.9932608669290817,0.013194729691301463,0.032528482,0.032529097,0.20853555,0.20853545,1582450
0.1,0.02834695,0.034088716,0.9932608669290817,0.013194729691301463,0.032528482,0.032529097,0.20853555,0.20853545,1582450
0.1,0.09943839,0.103811234,0.9932608669290817,0.013194729691301463,0.032528482,0.032529097,0.20853555,0.20853545,1582450
0.1,0.019789577,0.01971853,0.9932608669290817,0.013194729691301463,0.032528482,0.032529097,0.20853555,0.20853545,1582450
0.1,0.17448865,0.16325536,0.9932608669290817,0.013194729691301463,0.032528482,0.032529097,0.20853555,0.20853545,1582450
0.1,0.002575262,0.0021817214,0.9932608669290817,0.013194729691301463,0.032528482,0.032529097,0.20853555,0.20853545,1582450
0.1,0.001125688,0.002177966,0.9932608669290817,0.013194729691301463,0.032528482,0.032529097,0.20853555,0.20853545,1582450
0.1,9.690958e-06,0.0010257647,0.9932608669290817,0.013194729691301463,0.032528482,0.032529097,0.20853555,0.20853545,1582450
0.1,0.0018458685,0.002594082,0.9932608669290817,0.013194729691301463,0.032528482,0.032529097,0.20853555,0.20853545,1582450
0.1,6.415859e-07,0.0010159689,0.9932608669290817,0.013194729691301463,0.032528482,0.032529097,0.20853555,0.20853545,1582450
0.1,0.00016975736,6.601996e-05,0.9932608669290817,0.013194729691301463,0.032528482,0.032529097,0.20853555,0.20853545,1582450
0.1,0.00015451401,0.0011905367,0.9932608669290817,0.013194729691301463,0.032528482,0.032529097,0.20853555,0.20853545,1582450
0.1,0.050500244,0.043054853,0.9932608669290817,0.013194729691301463,0.032528482,0.032529097,0.20853555,0.20853545,1582450
0.1,0.001048367,0.002029873,0.9932608669290817,0.013194729691301463,0.032528482,0.032529097,0.20853555,0.20853545,1582450
0.1,7.778651e-05,0.0010813449,0.9932608669290817,0.013194729691301463,0.032528482,0.032529097,0.20853555,0.20853545,1582450
0.1,0.00037730613,0.0013793776,0.9932608669290817,0.013194729691301463,0.032528482,0.032529097,0.20853555,0.20853545,1582450
0.1,5.0378614e-05,0.0,0.9932608669290817,0.013194729691301463,0.032528482,0.032529097,0.20853555,0.20853545,1582450
0.1,3.098805e-05,0.0010446954,0.9932608669290817,0.013194729691301463,0.032528482,0.032529097,0.20853555,0.20853545,1582450
0.1,0.22496408,0.24250667,0.9932608669290817,0.013194729691301463,0.032528482,0.032529097,0.20853555,0.20853545,1582450
0.1,0.0023078849,0.0025315774,0.9932608669290817,0.013194729691301463,0.032528482,0.032529097,0.20853555,0.20853545,1582450
0.1,0.00079480547,0.0018537858,0.9932608669290817,0.013194729691301463,0.032528482,0.032529097,0.20853555,0.20853545,1582450
0.1,0.0014102228,0.0012819448,0.9932608669290817,0.013194729691301463,0.032528482,0.032529097,0.20853555,0.20853545,1582450
0.1,0.0014898065,0.0014939859,0.9932608669290817,0.013194729691301463,0.032528482,0.032529097,0.20853555,0.20853545,1582450
0.1,0.00013292344,0.0011412365,0.9932608669290817,0.013194729691301463,0.032528482,0.032529097,0.20853555,0.20853545,1582450
0.1,0.0005676469,0.0014949864,0.9932608669290817,0.013194729691301463,0.032528482,0.032529097,0.20853555,0.20853545,1582450
0.1,0.0009516643,0.0020725757,0.9932608669290817,0.013194729691301463,0.032528482,0.032529097,0.20853555,0.20853545,1582450
0.1,0.0014963652,0.0015249776,0.9932608669290817,0.013194729691301463,0.032528482,0.032529097,0.20853555,0.20853545,1582450
0.1,0.0023205075,0.0032703103,0.9932608669290817,0.013194729691301463,0.032528482,0.032529097,0.20853555,0.20853545,1582450
0.1,0.22927402,0.20658843,0.9932608669290817,0.013194729691301463,0.032528482,0.032529097,0.20853555,0.20853545,1582450
0.1,0.03169592,0.02945391,0.9932608669290817,0.013194729691301463,0.032528482,0.032529097,0.20853555,0.20853545,1582450
0.1,0.00327215,0.0040927045,0.9932608669290817,0.013194729691301463,0.032528482,0.032529097,0.20853555,0.20853545,1582450
0.1,0.00083561597,0.0017130618,0.9932608669290817,0.013194729691301463,0.032528482,0.032529097,0.20853555,0.20853545,1582450
0.1,0.0015875419,0.0016128779,0.9932608669290817,0.013194729691301463,0.032528482,0.032529097,0.20853555,0.20853545,1582450
0.1,0.009818712,0.009736705,0.9932608669290817,0.013194729691301463,0.032528482,0.032529097,0.20853555,0.20853545,1582450
0.1,0.0301822,0.026706658,0.9932608669290817,0.013194729691301463,0.032528482,0.032529097,0.20853555,0.20853545,1582450
0.1,0.0024305352,0.0026826346,0.9932608669290817,0.013194729691301463,0.032528482,0.032529097,0.20853555,0.20853545,1582450
0.1,0.051938638,0.04699879,0.9932608669290817,0.013194729691301463,0.032528482,0.032529097,0.20853555,0.20853545,1582450
0.1,0.00041777457,0.00029128435,0.9932608669290817,0.013194729691301463,0.032528482,0.032529097,0.20853555,0.20853545,1582450
0.1,0.00056966953,0.0015755278,0.9932608669290817,0.013194729691301463,0.032528482,0.032529097,0.20853555,0.20853545,1582450
0.1,0.01254096,0.010900181,0.9932608669290817,0.013194729691301463,0.032528482,0.032529097,0.20853555,0.20853545,1582450
0.1,0.00028514286,0.0012829503,0.9932608669290817,0.013194729691301463,0.032528482,0.032529097,0.20853555,0.20853545,1582450
0.1,0.2643307,0.2741516,0.9932608669290817,0.013194729691301463,0.032528482,0.032529097,0.20853555,0.20853545,1582450
0.1,8.085822e-05,0.0,0.9932608669290817,0.013194729691301463,0.032528482,0.032529097,0.20853555,0.20853545,1582450
0.1,0.0001315231,0.0011330033,0.9932608669290817,0.013194729691301463,0.032528482,0.032529097,0.20853555,0.20853545,1582450
0.1,0.14928043,0.13200268,0.9932608669290817,0.013194729691301463,0.032528482,0.032529097,0.20853555,0.20853545,1582450
0.1,0.5110997,0.54271305,0.9932608669290817,0.013194729691301463,0.032528482,0.032529097,0.20853555,0.20853545,1582450
0.1,4.7894868e-05,0.0,0.9932608669290817,0.013194729691301463,0.032528482,0.032529097,0.20853555,0.20853545,1582450
0.1,0.006303291,0.008416239,0.9932608669290817,0.013194729691301463,0.032528482,0.032529097,0.20853555,0.20853545,1582450
0.1,0.005012879,0.005794594,0.9932608669290817,0.013194729691301463,0.032528482,0.032529097,0.20853555,0.20853545,1582450
0.1,0.0035073704,0.0041583832,0.9932608669290817,0.013194729691301463,0.032528482,0.032529097,0.20853555,0.20853545,1582450
0.1,0.009008848,0.009096643,0.9932608669290817,0.013194729691301463,0.032528482,0.032529097,0.20853555,0.20853545,1582450
0.1,5.56822e-05,0.0,0.9932608669290817,0.013194729691301463,0.032528482,0.032529097,0.20853555,0.20853545,1582450
0.1,8.147481e-05,0.0010895784,0.9932608669290817,0.013194729691301463,0.032528482,0.032529097,0.20853555,0.20853545,1582450
0.1,0.00063814817,0.001662336,0.9932608669290817,0.013194729691301463,0.032528482,0.032529097,0.20853555,0.20853545,1582450
0.1,0.0001987954,0.001181579,0.9932608669290817,0.013194729691301463,0.032528482,0.032529097,0.20853555,0.20853545,1582450
0.1,7.9280006e-05,0.0010841949,0.9932608669290817,0.013194729691301463,0.032528482,0.032529097,0.20853555,0.20853545,1582450
0.1,0.080364786,0.079758644,0.9932608669290817,0.013194729691301463,0.032528482,0.032529097,0.20853555,0.20853545,1582450
0.1,0.0040637413,0.00448567,0.9932608669290817,0.013194729691301463,0.032528482,0.032529097,0.20853555,0.20853545,1582450
0.1,0.01659743,0.018386113,0.9932608669290817,0.013194729691301463,0.032528482,0.032529097,0.20853555,0.20853545,1582450
0.1,0.08837475,0.07831113,0.9932608669290817,0.013194729691301463,0.032528482,0.032529097,0.20853555,0.20853545,1582450
0.1,0.01623565,0.016093794,0.9932608669290817,0.013194729691301463,0.032528482,0.032529097,0.20853555,0.20853545,1582450
0.1,0.00046200075,0.00039976242,0.9932608669290817,0.013194729691301463,0.032528482,0.032529097,0.20853555,0.20853545,1582450
0.1,0.0074242787,0.0072820424,0.9932608669290817,0.013194729691301463,0.032528482,0.032529097,0.20853555,0.20853545,1582450
0.1,0.0009862101,0.0018895619,0.9932608669290817,0.013194729691301463,0.032528482,0.032529097,0.20853555,0.20853545,1582450
0.1,4.3434447e-05,0.0010613799,0.9932608669290817,0.013194729691301463,0.032528482,0.032529097,0.20853555,0.20853545,1582450
0.1,1.5870926e-05,0.0010321899,0.9932608669290817,0.013194729691301463,0.032528482,0.032529097,0.20853555,0.20853545,1582450
0.1,4.287856e-05,0.0,0.9932608669290817,0.013194729691301463,0.032528482,0.032529097,0.20853555,0.20853545,1582450
0.1,0.00012213067,0.001134646,0.9932608669290817,0.013194729691301463,0.032528482,0.032529097,0.20853555,0.20853545,1582450
0.1,0.023763318,0.023976188,0.9932608669290817,0.013194729691301463,0.032528482,0.032529097,0.20853555,0.20853545,1582450
0.1,0.002108914,0.0030260244,0.9932608669290817,0.013194729691301463,0.032528482,0.032529097,0.20853555,0.20853545,1582450
0.1,0.0032370314,0.004108305,0.9932608669290817,0.013194729691301463,0.032528482,0.032529097,0.20853555,0.20853545,1582450
0.1,0.00048711753,0.0014628489,0.9932608669290817,0.013194729691301463,0.032528482,0.032529097,0.20853555,0.20853545,1582450
0.1,0.033765074,0.03104566,0.9932608669290817,0.013194729691301463,0.032528482,0.032529097,0.20853555,0.20853545,1582450
0.1,0.00079180254,0.0007886902,0.9932608669290817,0.013194729691301463,0.032528482,0.032529097,0.20853555,0.20853545,1582450
0.1,0.0037199282,0.004035424,0.9932608669290817,0.013194729691301463,0.032528482,0.032529097,0.20853555,0.20853545,1582450
0.1,5.5941946e-05,0.0010663932,0.9932608669290817,0.013194729691301463,0.032528482,0.032529097,0.20853555,0.20853545,1582450
0.1,0.051727384,0.041115038,0.9932608669290817,0.013194729691301463,0.032528482,0.032529097,0.20853555,0.20853545,1582450
0.1,0.001391747,0.0022953947,0.9932608669290817,0.013194729691301463,0.032528482,0.032529097,0.20853555,0.20853545,1582450
0.1,0.001740662,0.0027414907,0.9932608669290817,0.013194729691301463,0.032528482,0.032529097,0.20853555,0.20853545,1582450
0.1,0.06521105,0.06431388,0.9932608669290817,0.013194729691301463,0.032528482,0.032529097,0.20853555,0.20853545,1582450
0.1,0.018468149,0.018686702,0.9932608669290817,0.013194729691301463,0.032528482,0.032529097,0.20853555,0.20853545,1582450
0.1,0.00017249235,9.5911935e-05,0.9932608669290817,0.013194729691301463,0.032528482,0.032529097,0.20853555,0.20853545,1582450
0.1,2.0103702e-05,0.0010309161,0.9932608669290817,0.013194729691301463,0.032528482,0.032529097,0.20853555,0.20853545,1582450
0.1,0.0035035338,0.00398562,0.9932608669290817,0.013194729691301463,0.032528482,0.032529097,0.20853555,0.20853545,1582450
0.1,0.00033342693,0.0013800011,0.9932608669290817,0.013194729691301463,0.032528482,0.032529097,0.20853555,0.20853545,1582450
0.1,0.004410946,0.004742213,0.9932608669290817,0.013194729691301463,0.032528482,0.032529097,0.20853555,0.20853545,1582450
0.1,3.8804425e-05,0.0010479884,0.9932608669290817,0.013194729691301463,0.032528482,0.032529097,0.20853555,0.20853545,1582450
0.1,0.004538892,0.004821488,0.9932608669290817,0.013194729691301463,0.032528482,0.032529097,0.20853555,0.20853545,1582450
0.1,0.011634334,0.013008446,0.9932608669290817,0.013194729691301463,0.032528482,0.032529097,0.20853555,0.20853545,1582450
0.1,0.062399574,0.068541005,0.9932608669290817,0.013194729691301463,0.032528482,0.032529097,0.20853555,0.20853545,1582450
0.1,0.00025633545,0.0013089991,0.9932608669290817,0.013194729691301463,0.032528482,0.032529097,0.20853555,0.20853545,1582450
0.1,0.0049251355,0.005684955,0.9932608669290817,0.013194729691301463,0.032528482,0.032529097,0.20853555,0.20853545,1582450
0.1,0.0015064043,0.0023746178,0.9932608669290817,0.013194729691301463,0.032528482,0.032529097,0.20853555,0.20853545,1582450
0.1,0.0022953134,0.0032100452,0.9932608669290817,0.013194729691301463,0.032528482,0.032529097,0.20853555,0.20853545,1582450
0.1,8.549988e-05,0.0,0.9932608669290817,0.013194729691301463,0.032528482,0.032529097,0.20853555,0.20853545,1582450
0.1,0.0014711194,0.0013545712,0.9932608669290817,0.013194729691301463,0.032528482,0.032529097,0.20853555,0.20853545,1582450
0.1,0.0002387556,0.0012329894,0.9932608669290817,0.013194729691301463,0.032528482,0.032529097,0.20853555,0.20853545,1582450
0.1,0.0001161653,0.0011252026,0.9932608669290817,0.013194729691301463,0.032528482,0.032529097,0.20853555,0.20853545,1582450
0.1,0.003226054,0.0044703656,0.9932608669290817,0.013194729691301463,0.032528482,0.032529097,0.20853555,0.20853545,1582450
0.1,0.0004696198,0.0014574121,0.9932608669290817,0.013194729691301463,0.032528482,0.032529097,0.20853555,0.20853545,1582450
0.1,5.7393918e-05,0.0,0.9932608669290817,0.013194729691301463,0.032528482,0.032529097,0.20853555,0.20853545,1582450
0.1,0.010144158,0.010153918,0.9932608669290817,0.013194729691301463,0.032528482,0.032529097,0.20853555,0.20853545,1582450
0.1,0.040914215,0.04559541,0.9932608669290817,0.013194729691301463,0.032528482,0.032529097,0.20853555,0.20853545,1582450
0.1,0.0101103,0.009951944,0.9932608669290817,0.013194729691301463,0.032528482,0.032529097,0.20853555,0.20853545,1582450
0.1,0.002934424,0.003878688,0.9932608669290817,0.013194729691301463,0.032528482,0.032529097,0.20853555,0.20853545,1582450
0.1,0.00044063982,0.0014265708,0.9932608669290817,0.013194729691301463,0.032528482,0.032529097,0.20853555,0.20853545,1582450
0.1,2.3497412e-05,0.0010389846,0.9932608669290817,0.013194729691301463,0.032528482,0.032529097,0.20853555,0.20853545,1582450
0.1,0.005835779,0.0071629146,0.9932608669290817,0.013194729691301463,0.032528482,0.032529097,0.20853555,0.20853545,1582450
0.1,0.020820735,0.019361833,0.9932608669290817,0.013194729691301463,0.032528482,0.032529097,0.20853555,0.20853545,1582450
0.1,0.0039524813,0.00409666,0.9932608669290817,0.013194729691301463,0.032528482,0.032529097,0.20853555,0.20853545,1582450
0.1,0.004952881,0.0048675593,0.9932608669290817,0.013194729691301463,0.032528482,0.032529097,0.20853555,0.20853545,1582450
0.1,0.008547057,0.009774321,0.9932608669290817,0.013194729691301463,0.032528482,0.032529097,0.20853555,0.20853545,1582450
0.1,0.0046736808,0.0047917464,0.9932608669290817,0.013194729691301463,0.032528482,0.032529097,0.20853555,0.20853545,1582450
0.1,0.0015191154,0.002663113,0.9932608669290817,0.013194729691301463,0.032528482,0.032529097,0.20853555,0.20853545,1582450
0.1,0.0110668745,0.01144165,0.9932608669290817,0.013194729691301463,0.032528482,0.032529097,0.20853555,0.20853545,1582450
0.1,1.8541348e-05,0.0010333237,0.9932608669290817,0.013194729691301463,0.032528482,0.032529097,0.20853555,0.20853545,1582450
0.1,0.0020752249,0.0030785212,0.9932608669290817,0.013194729691301463,0.032528482,0.032529097,0.20853555,0.20853545,1582450
0.1,0.009184855,0.010659395,0.9932608669290817,0.013194729691301463,0.032528482,0.032529097,0.20853555,0.20853545,1582450
0.1,0.015642319,0.015521615,0.9932608669290817,0.013194729691301463,0.032528482,0.032529097,0.20853555,0.20853545,1582450
0.1,0.018916044,0.020850223,0.9932608669290817,0.013194729691301463,0.032528482,0.032529097,0.20853555,0.20853545,1582450
0.1,0.0004033129,0.0014178397,0.9932608669290817,0.013194729691301463,0.032528482,0.032529097,0.20853555,0.20853545,1582450
0.1,0.0013974356,0.002239379,0.9932608669290817,0.013194729691301463,0.032528482,0.032529097,0.20853555,0.20853545,1582450
0.1,0.1624345,0.14972448,0.9932608669290817,0.013194729691301463,0.032528482,0.032529097,0.20853555,0.20853545,1582450
0.1,0.0839047,0.08030421,0.9932608669290817,0.013194729691301463,0.032528482,0.032529097,0.20853555,0.20853545,1582450
0.1,0.00029007156,0.0012717224,0.9932608669290817,0.013194729691301463,0.032528482,0.032529097,0.20853555,0.20853545,1582450
0.1,0.0010824666,0.0019998897,0.9932608669290817,0.013194729691301463,0.032528482,0.032529097,0.20853555,0.20853545,1582450
0.1,0.0030530372,0.0040010316,0.9932608669290817,0.013194729691301463,0.032528482,0.032529097,0.20853555,0.20853545,1582450
0.1,0.00042412357,0.0014807499,0.9932608669290817,0.013194729691301463,0.032528482,0.032529097,0.20853555,0.20853545,1582450
0.1,0.0149034355,0.013552292,0.9932608669290817,0.013194729691301463,0.032528482,0.032529097,0.20853555,0.20853545,1582450
0.1,0.001196754,0.0020090402,0.9932608669290817,0.013194729691301463,0.032528482,0.032529097,0.20853555,0.20853545,1582450
0.1,0.03228822,0.03578868,0.9932608669290817,0.013194729691301463,0.032528482,0.032529097,0.20853555,0.20853545,1582450
0.1,0.00058837014,0.0015451104,0.9932608669290817,0.013194729691301463,0.032528482,0.032529097,0.20853555,0.20853545,1582450
0.1,0.003412616,0.0039631296,0.9932608669290817,0.013194729691301463,0.032528482,0.032529097,0.20853555,0.20853545,1582450
0.1,0.00014630397,0.0011364176,0.9932608669290817,0.013194729691301463,0.032528482,0.032529097,0.20853555,0.20853545,1582450
0.1,0.00040567655,0.0014154902,0.9932608669290817,0.013194729691301463,0.032528482,0.032529097,0.20853555,0.20853545,1582450
0.1,0.00032866743,0.0002125945,0.9932608669290817,0.013194729691301463,0.032528482,0.032529097,0.20853555,0.20853545,1582450
0.1,0.03339269,0.027920412,0.9932608669290817,0.013194729691301463,0.032528482,0.032529097,0.20853555,0.20853545,1582450
0.1,0.020441547,0.02162736,0.9932608669290817,0.013194729691301463,0.032528482,0.032529097,0.20853555,0.20853545,1582450
0.1,0.0037918845,0.004202752,0.9932608669290817,0.013194729691301463,0.032528482,0.032529097,0.20853555,0.20853545,1582450
0.1,0.00064211525,0.0016577083,0.9932608669290817,0.013194729691301463,0.032528482,0.032529097,0.20853555,0.20853545,1582450
0.1,0.0032826227,0.004078416,0.9932608669290817,0.013194729691301463,0.032528482,0.032529097,0.20853555,0.20853545,1582450
0.1,0.0020362046,0.0025781628,0.9932608669290817,0.013194729691301463,0.032528482,0.032529097,0.20853555,0.20853545,1582450
0.1,0.0011981571,0.0019276136,0.9932608669290817,0.013194729691301463,0.032528482,0.032529097,0.20853555,0.20853545,1582450
0.1,0.027555613,0.02181176,0.9932608669290817,0.013194729691301463,0.032528482,0.032529097,0.20853555,0.20853545,1582450
0.1,0.00081318174,0.0018149674,0.9932608669290817,0.013194729691301463,0.032528482,0.032529097,0.20853555,0.20853545,1582450
0.1,0.00034072902,0.0012977726,0.9932608669290817,0.013194729691301463,0.032528482,0.032529097,0.20853555,0.20853545,1582450
0.1,0.0040194592,0.0039645866,0.9932608669290817,0.013194729691301463,0.032528482,0.032529097,0.20853555,0.20853545,1582450
0.1,0.00955903,0.009696456,0.9932608669290817,0.013194729691301463,0.032528482,0.032529097,0.20853555,0.20853545,1582450
0.1,0.012589772,0.015549846,0.9932608669290817,0.013194729691301463,0.032528482,0.032529097,0.20853555,0.20853545,1582450
0.1,0.001365014,0.0011535526,0.9932608669290817,0.013194729691301463,0.032528482,0.032529097,0.20853555,0.20853545,1582450
0.1,0.0028942476,0.003603447,0.9932608669290817,0.013194729691301463,0.032528482,0.032529097,0.20853555,0.20853545,1582450
0.1,0.0013487001,0.0012870381,0.9932608669290817,0.013194729691301463,0.032528482,0.032529097,0.20853555,0.20853545,1582450
0.1,0.0127106,0.014300345,0.9932608669290817,0.013194729691301463,0.032528482,0.032529097,0.20853555,0.20853545,1582450
0.1,0.0019709137,0.0018032796,0.9932608669290817,0.013194729691301463,0.032528482,0.032529097,0.20853555,0.20853545,1582450
0.1,0.06747763,0.06973072,0.9932608669290817,0.013194729691301463,0.032528482,0.032529097,0.20853555,0.20853545,1582450
0.1,0.0074385046,0.0074777375,0.9932608669290817,0.013194729691301463,0.032528482,0.032529097,0.20853555,0.20853545,1582450
0.1,0.004605168,0.005316051,0.9932608669290817,0.013194729691301463,0.032528482,0.032529097,0.20853555,0.20853545,1582450
0.1,0.000584178,0.0014819567,0.9932608669290817,0.013194729691301463,0.032528482,0.032529097,0.20853555,0.20853545,1582450
0.1,0.00601248,0.0071081873,0.9932608669290817,0.013194729691301463,0.032528482,0.032529097,0.20853555,0.20853545,1582450
0.1,0.01550824,0.014267289,0.9932608669290817,0.013194729691301463,0.032528482,0.032529097,0.20853555,0.20853545,1582450
0.1,0.00011633601,0.0011276164,0.9932608669290817,0.013194729691301463,0.032528482,0.032529097,0.20853555,0.20853545,1582450
0.1,0.0005816323,0.0015954821,0.9932608669290817,0.013194729691301463,0.032528482,0.032529097,0.20853555,0.20853545,1582450
0.1,3.681029,3.5639753,0.9932608669290817,0.013194729691301463,0.032528482,0.032529097,0.20853555,0.20853545,1582450
0.1,0.00013087467,0.0011553994,0.9932608669290817,0.013194729691301463,0.032528482,0.032529097,0.20853555,0.20853545,1582450
0.1,0.0008344193,0.0017480915,0.9932608669290817,0.013194729691301463,0.032528482,0.032529097,0.20853555,0.20853545,1582450
0.1,0.0077553256,0.009950437,0.9932608669290817,0.013194729691301463,0.032528482,0.032529097,0.20853555,0.20853545,1582450
0.1,0.00029885635,0.0012586367,0.9932608669290817,0.013194729691301463,0.032528482,0.032529097,0.20853555,0.20853545,1582450
0.1,0.0805548,0.062444393,0.9932608669290817,0.013194729691301463,0.032528482,0.032529097,0.20853555,0.20853545,1582450
0.1,0.00046489274,0.0014243431,0.9932608669290817,0.013194729691301463,0.032528482,0.032529097,0.20853555,0.20853545,1582450
0.1,0.51884234,0.4626643,0.9932608669290817,0.013194729691301463,0.032528482,0.032529097,0.20853555,0.20853545,1582450
0.1,0.004572999,0.004902056,0.9932608669290817,0.013194729691301463,0.032528482,0.032529097,0.20853555,0.20853545,1582450
0.1,0.00067063683,0.0015870511,0.9932608669290817,0.013194729691301463,0.032528482,0.032529097,0.20853555,0.20853545,1582450
0.1,0.0016397862,0.0030842056,0.9932608669290817,0.013194729691301463,0.032528482,0.032529097,0.20853555,0.20853545,1582450
0.1,0.039695106,0.043142263,0.9932608669290817,0.013194729691301463,0.032528482,0.032529097,0.20853555,0.20853545,1582450
0.1,0.27850103,0.25652015,0.9932608669290817,0.013194729691301463,0.032528482,0.032529097,0.20853555,0.20853545,1582450
0.1,0.000590088,0.0015342855,0.9932608669290817,0.013194729691301463,0.032528482,0.032529097,0.20853555,0.20853545,1582450
0.1,0.0006932601,0.0016741083,0.9932608669290817,0.013194729691301463,0.032528482,0.032529097,0.20853555,0.20853545,1582450
0.1,0.0004210586,0.0013965047,0.9932608669290817,0.013194729691301463,0.032528482,0.032529097,0.20853555,0.20853545,1582450
0.1,0.025853315,0.030169068,0.9932608669290817,0.013194729691301463,0.032528482,0.032529097,0.20853555,0.20853545,1582450
0.1,0.0013900144,0.0014405196,0.9932608669290817,0.013194729691301463,0.032528482,0.032529097,0.20853555,0.20853545,1582450
0.1,3.7557053e-05,0.0,0.9932608669290817,0.013194729691301463,0.032528482,0.032529097,0.20853555,0.20853545,1582450
0.1,0.015593585,0.018308466,0.9932608669290817,0.013194729691301463,0.032528482,0.032529097,0.20853555,0.20853545,1582450
0.1,0.05818607,0.06896657,0.9932608669290817,0.013194729691301463,0.032528482,0.032529097,0.20853555,0.20853545,1582450
0.1,0.0018475669,0.0016719921,0.9932608669290817,0.013194729691301463,0.032528482,0.032529097,0.20853555,0.20853545,1582450
0.1,0.21775614,0.21861029,0.9932608669290817,0.013194729691301463,0.032528482,0.032529097,0.20853555,0.20853545,1582450
0.1,0.026695777,0.026833085,0.9932608669290817,0.013194729691301463,0.032528482,0.032529097,0.20853555,0.20853545,1582450
0.1,0.00013942634,0.0011472962,0.9932608669290817,0.013194729691301463,0.032528482,0.032529097,0.20853555,0.20853545,1582450
0.1,0.011521849,0.011550091,0.9932608669290817,0.013194729691301463,0.032528482,0.032529097,0.20853555,0.20853545,1582450
0.1,0.00082657806,0.0019133196,0.9932608669290817,0.013194729691301463,0.032528482,0.032529097,0.20853555,0.20853545,1582450
0.1,0.014289555,0.012143852,0.9932608669290817,0.013194729691301463,0.032528482,0.032529097,0.20853555,0.20853545,1582450
0.1,7.212052e-05,0.0,0.9932608669290817,0.013194729691301463,0.032528482,0.032529097,0.20853555,0.20853545,1582450
0.1,0.0037948475,0.004380615,0.9932608669290817,0.013194729691301463,0.032528482,0.032529097,0.20853555,0.20853545,1582450
0.1,0.000307628,0.0012890069,0.9932608669290817,0.013194729691301463,0.032528482,0.032529097,0.20853555,0.20853545,1582450
0.1,0.009242525,0.010355434,0.9932608669290817,0.013194729691301463,0.032528482,0.032529097,0.20853555,0.20853545,1582450
0.1,0.0029508898,0.0025609205,0.9932608669290817,0.013194729691301463,0.032528482,0.032529097,0.20853555,0.20853545,1582450
0.1,0.04453996,0.040182438,0.9932608669290817,0.013194729691301463,0.032528482,0.032529097,0.20853555,0.20853545,1582450
0.1,5.2288582e-05,0.0010666306,0.9932608669290817,0.013194729691301463,0.032528482,0.032529097,0.20853555,0.20853545,1582450
0.1,0.005184801,0.0041782707,0.9932608669290817,0.013194729691301463,0.032528482,0.032529097,0.20853555,0.20853545,1582450
0.1,0.004074653,0.004748887,0.9932608669290817,0.013194729691301463,0.032528482,0.032529097,0.20853555,0.20853545,1582450
0.1,0.0006479863,0.0004478171,0.9932608669290817,0.013194729691301463,0.032528482,0.032529097,0.20853555,0.20853545,1582450
0.1,3.0675586e-05,0.0010467898,0.9932608669290817,0.013194729691301463,0.032528482,0.032529097,0.20853555,0.20853545,1582450
0.1,0.0038434947,0.0044110906,0.9932608669290817,0.013194729691301463,0.032528482,0.032529097,0.20853555,0.20853545,1582450
0.1,0.038915835,0.04094828,0.9932608669290817,0.013194729691301463,0.032528482,0.032529097,0.20853555,0.20853545,1582450
0.1,0.017627534,0.020725692,0.9932608669290817,0.013194729691301463,0.032528482,0.032529097,0.20853555,0.20853545,1582450
0.1,0.034123383,0.030209502,0.9932608669290817,0.013194729691301463,0.032528482,0.032529097,0.20853555,0.20853545,1582450
0.1,0.050789714,0.046302512,0.9932608669290817,0.013194729691301463,0.032528482,0.032529097,0.20853555,0.20853545,1582450
0.1,0.039711807,0.037934154,0.9932608669290817,0.013194729691301463,0.032528482,0.032529097,0.20853555,0.20853545,1582450
0.1,0.7427031,0.78545773,0.9932608669290817,0.013194729691301463,0.032528482,0.032529097,0.20853555,0.20853545,1582450
0.1,0.02178169,0.023675866,0.9932608669290817,0.013194729691301463,0.032528482,0.032529097,0.20853555,0.20853545,1582450
0.1,0.0034249558,0.0046355086,0.9932608669290817,0.013194729691301463,0.032528482,0.032529097,0.20853555,0.20853545,1582450
0.1,0.0013796671,0.002386494,0.9932608669290817,0.013194729691301463,0.032528482,0.032529097,0.20853555,0.20853545,1582450
0.1,0.00045119794,0.0013520793,0.9932608669290817,0.013194729691301463,0.032528482,0.032529097,0.20853555,0.20853545,1582450
0.1,0.0007378784,0.0017059959,0.9932608669290817,0.013194729691301463,0.032528482,0.032529097,0.20853555,0.20853545,1582450
0.1,0.025631493,0.028781973,0.9932608669290817,0.013194729691301463,0.032528482,0.032529097,0.20853555,0.20853545,1582450
0.1,5.8789636e-05,0.001069013,0.9932608669290817,0.013194729691301463,0.032528482,0.032529097,0.20853555,0.20853545,1582450
0.1,0.0011905726,0.0020829975,0.9932608669290817,0.013194729691301463,0.032528482,0.032529097,0.20853555,0.20853545,1582450
0.1,0.00054088363,0.0015455455,0.9932608669290817,0.013194729691301463,0.032528482,0.032529097,0.20853555,0.20853545,1582450
0.1,0.006561136,0.007116024,0.9932608669290817,0.013194729691301463,0.032528482,0.032529097,0.20853555,0.20853545,1582450
0.1,0.2667137,0.21827725,0.9932608669290817,0.013194729691301463,0.032528482,0.032529097,0.20853555,0.20853545,1582450
0.1,0.015934182,0.014353344,0.9932608669290817,0.013194729691301463,0.032528482,0.032529097,0.20853555,0.20853545,1582450
0.1,0.017929094,0.020817606,0.9932608669290817,0.013194729691301463,0.032528482,0.032529097,0.20853555,0.20853545,1582450
0.1,0.0075805592,0.0069703883,0.9932608669290817,0.013194729691301463,0.032528482,0.032529097,0.20853555,0.20853545,1582450
0.1,0.00064255577,0.0017096846,0.9932608669290817,0.013194729691301463,0.032528482,0.032529097,0.20853555,0.20853545,1582450
0.1,0.001743455,0.0028791174,0.9932608669290817,0.013194729691301463,0.032528482,0.032529097,0.20853555,0.20853545,1582450
0.1,0.038986895,0.04151136,0.9932608669290817,0.013194729691301463,0.032528482,0.032529097,0.20853555,0.20853545,1582450
0.1,0.022073107,0.020198254,0.9932608669290817,0.013194729691301463,0.032528482,0.032529097,0.20853555,0.20853545,1582450
0.1,0.0015299976,0.002494567,0.9932608669290817,0.013194729691301463,0.032528482,0.032529097,0.20853555,0.20853545,1582450
0.1,0.010641839,0.011745547,0.9932608669290817,0.013194729691301463,0.032528482,0.032529097,0.20853555,0.20853545,1582450
0.1,0.005929007,0.0073469253,0.9932608669290817,0.013194729691301463,0.032528482,0.032529097,0.20853555,0.20853545,1582450
0.1,0.0014495186,0.0022736124,0.9932608669290817,0.013194729691301463,0.032528482,0.032529097,0.20853555,0.20853545,1582450
0.1,0.0036470776,0.0041450243,0.9932608669290817,0.013194729691301463,0.032528482,0.032529097,0.20853555,0.20853545,1582450
0.1,0.00023790264,0.0012078345,0.9932608669290817,0.013194729691301463,0.032528482,0.032529097,0.20853555,0.20853545,1582450
0.1,0.007271766,0.007551647,0.9932608669290817,0.013194729691301463,0.032528482,0.032529097,0.20853555,0.20853545,1582450
0.1,0.00391224,0.004823611,0.9932608669290817,0.013194729691301463,0.032528482,0.032529097,0.20853555,0.20853545,1582450
0.1,0.00022687807,0.0012218633,0.9932608669290817,0.013194729691301463,0.032528482,0.032529097,0.20853555,0.20853545,1582450
0.1,0.00029581066,0.00023983138,0.9932608669290817,0.013194729691301463,0.032528482,0.032529097,0.20853555,0.20853545,1582450
0.1,0.040988673,0.033447307,0.9932608669290817,0.013194729691301463,0.032528482,0.032529097,0.20853555,0.20853545,1582450
0.1,0.0015263971,0.0023949184,0.9932608669290817,0.013194729691301463,0.032528482,0.032529097,0.20853555,0.20853545,1582450
0.1,0.00011225705,0.0011176044,0.9932608669290817,0.013194729691301463,0.032528482,0.032529097,0.20853555,0.20853545,1582450
0.1,0.00044107216,0.0014664625,0.9932608669290817,0.013194729691301463,0.032528482,0.032529097,0.20853555,0.20853545,1582450
0.1,0.0022220947,0.0032599552,0.9932608669290817,0.013194729691301463,0.032528482,0.032529097,0.20853555,0.20853545,1582450
0.1,0.017667443,0.016741123,0.9932608669290817,0.013194729691301463,0.032528482,0.032529097,0.20853555,0.20853545,1582450
0.1,0.00059667224,0.001624737,0.9932608669290817,0.013194729691301463,0.032528482,0.032529097,0.20853555,0.20853545,1582450
0.1,0.034828104,0.03530021,0.9932608669290817,0.013194729691301463,0.032528482,0.032529097,0.20853555,0.20853545,1582450
0.1,0.034205005,0.031705067,0.9932608669290817,0.013194729691301463,0.032528482,0.032529097,0.20853555,0.20853545,1582450
0.1,0.0003830898,0.0014499906,0.9932608669290817,0.013194729691301463,0.032528482,0.032529097,0.20853555,0.20853545,1582450
0.1,0.0031875293,0.0045435173,0.9932608669290817,0.013194729691301463,0.032528482,0.032529097,0.20853555,0.20853545,1582450
0.1,0.0005547915,0.0015566815,0.9932608669290817,0.013194729691301463,0.032528482,0.032529097,0.20853555,0.20853545,1582450
0.1,0.13618693,0.14392605,0.9932608669290817,0.013194729691301463,0.032528482,0.032529097,0.20853555,0.20853545,1582450
0.1,0.00041578943,0.0014086929,0.9932608669290817,0.013194729691301463,0.032528482,0.032529097,0.20853555,0.20853545,1582450
0.1,0.02250533,0.020793775,0.9932608669290817,0.013194729691301463,0.032528482,0.032529097,0.20853555,0.20853545,1582450
0.1,0.000118315475,0.0011393887,0.9932608669290817,0.013194729691301463,0.032528482,0.032529097,0.20853555,0.20853545,1582450
0.1,0.030609805,0.03592367,0.9932608669290817,0.013194729691301463,0.032528482,0.032529097,0.20853555,0.20853545,1582450
0.1,0.26697108,0.30573112,0.9932608669290817,0.013194729691301463,0.032528482,0.032529097,0.20853555,0.20853545,1582450
0.1,0.009096731,0.010221798,0.9932608669290817,0.013194729691301463,0.032528482,0.032529097,0.20853555,0.20853545,1582450
0.1,0.00032098358,0.001318866,0.9932608669290817,0.013194729691301463,0.032528482,0.032529097,0.20853555,0.20853545,1582450
0.1,0.4234133,0.38137615,0.9932608669290817,0.013194729691301463,0.032528482,0.032529097,0.20853555,0.20853545,1582450
0.1,0.00032053576,0.00021125341,0.9932608669290817,0.013194729691301463,0.032528482,0.032529097,0.20853555,0.20853545,1582450
0.1,0.00043245536,0.00037307106,0.9932608669290817,0.013194729691301463,0.032528482,0.032529097,0.20853555,0.20853545,1582450
0.1,0.00024674568,0.0012205648,0.9932608669290817,0.013194729691301463,0.032528482,0.032529097,0.20853555,0.20853545,1582450
0.1,0.0004121262,0.0014790347,0.9932608669290817,0.013194729691301463,0.032528482,0.032529097,0.20853555,0.20853545,1582450
0.1,0.00049011497,0.0015104461,0.9932608669290817,0.013194729691301463,0.032528482,0.032529097,0.20853555,0.20853545,1582450
0.1,0.019752136,0.019641401,0.9932608669290817,0.013194729691301463,0.032528482,0.032529097,0.20853555,0.20853545,1582450
0.1,0.2754899,0.23741187,0.9932608669290817,0.013194729691301463,0.032528482,0.032529097,0.20853555,0.20853545,1582450
0.1,0.008910238,0.009595833,0.9932608669290817,0.013194729691301463,0.032528482,0.032529097,0.20853555,0.20853545,1582450
0.1,0.0011820757,0.0020150705,0.9932608669290817,0.013194729691301463,0.032528482,0.032529097,0.20853555,0.20853545,1582450
0.1,0.010691719,0.011421936,0.9932608669290817,0.013194729691301463,0.032528482,0.032529097,0.20853555,0.20853545,1582450
0.1,0.007348033,0.0086612115,0.9932608669290817,0.013194729691301463,0.032528482,0.032529097,0.20853555,0.20853545,1582450
0.1,0.023126327,0.026010867,0.9932608669290817,0.013194729691301463,0.032528482,0.032529097,0.20853555,0.20853545,1582450
0.1,0.00033116117,0.0013410159,0.9932608669290817,0.013194729691301463,0.032528482,0.032529097,0.20853555,0.20853545,1582450
0.1,0.0017911955,0.0026948845,0.9932608669290817,0.013194729691301463,0.032528482,0.032529097,0.20853555,0.20853545,1582450
0.1,0.00013227272,0.0011386108,0.9932608669290817,0.013194729691301463,0.032528482,0.032529097,0.20853555,0.20853545,1582450
0.1,0.015449493,0.016277026,0.9932608669290817,0.013194729691301463,0.032528482,0.032529097,0.20853555,0.20853545,1582450
0.1,0.000762887,0.0017489338,0.9932608669290817,0.013194729691301463,0.032528482,0.032529097,0.20853555,0.20853545,1582450
0.1,2.1081592e-05,0.001035766,0.9932608669290817,0.013194729691301463,0.032528482,0.032529097,0.20853555,0.20853545,1582450
0.1,0.06299921,0.0685158,0.9932608669290817,0.013194729691301463,0.032528482,0.032529097,0.20853555,0.20853545,1582450
0.1,0.054496553,0.056848418,0.9932608669290817,0.013194729691301463,0.032528482,0.032529097,0.20853555,0.20853545,1582450
0.1,0.050710473,0.051483203,0.9932608669290817,0.013194729691301463,0.032528482,0.032529097,0.20853555,0.20853545,1582450
0.1,0.37457135,0.32727903,0.9932608669290817,0.013194729691301463,0.032528482,0.032529097,0.20853555,0.20853545,1582450
0.1,0.0011426683,0.0021005797,0.9932608669290817,0.013194729691301463,0.032528482,0.032529097,0.20853555,0.20853545,1582450
0.1,0.007098268,0.008108665,0.9932608669290817,0.013194729691301463,0.032528482,0.032529097,0.20853555,0.20853545,1582450
0.1,6.178625e-05,0.001074411,0.9932608669290817,0.013194729691301463,0.032528482,0.032529097,0.20853555,0.20853545,1582450
0.1,0.009765139,0.010049774,0.9932608669290817,0.013194729691301463,0.032528482,0.032529097,0.20853555,0.20853545,1582450
0.1,0.0005547173,0.0016616412,0.9932608669290817,0.013194729691301463,0.032528482,0.032529097,0.20853555,0.20853545,1582450
0.1,0.0072047347,0.008089565,0.9932608669290817,0.013194729691301463,0.032528482,0.032529097,0.20853555,0.20853545,1582450
0.1,0.0018554844,0.0029655513,0.9932608669290817,0.013194729691301463,0.032528482,0.032529097,0.20853555,0.20853545,1582450
0.1,0.00029330692,0.0012744091,0.9932608669290817,0.013194729691301463,0.032528482,0.032529097,0.20853555,0.20853545,1582450
0.1,0.025855936,0.026372163,0.9932608669290817,0.013194729691301463,0.032528482,0.032529097,0.20853555,0.20853545,1582450
0.1,0.0006589421,0.0015454054,0.9932608669290817,0.013194729691301463,0.032528482,0.032529097,0.20853555,0.20853545,1582450
0.1,0.015133167,0.015918052,0.9932608669290817,0.013194729691301463,0.032528482,0.032529097,0.20853555,0.20853545,1582450
0.1,0.005821348,0.0076420233,0.9932608669290817,0.013194729691301463,0.032528482,0.032529097,0.20853555,0.20853545,1582450
0.1,0.00022082764,0.0012158592,0.9932608669290817,0.013194729691301463,0.032528482,0.032529097,0.20853555,0.20853545,1582450
0.1,0.0009865912,0.0018785503,0.9932608669290817,0.013194729691301463,0.032528482,0.032529097,0.20853555,0.20853545,1582450
0.1,0.00049187586,0.0015042541,0.9932608669290817,0.013194729691301463,0.032528482,0.032529097,0.20853555,0.20853545,1582450
0.1,2.7460002e-05,0.0010442261,0.9932608669290817,0.013194729691301463,0.032528482,0.032529097,0.20853555,0.20853545,1582450
0.1,0.001337543,0.0012629566,0.9932608669290817,0.013194729691301463,0.032528482,0.032529097,0.20853555,0.20853545,1582450
0.1,0.0056254067,0.006164677,0.9932608669290817,0.013194729691301463,0.032528482,0.032529097,0.20853555,0.20853545,1582450
0.1,0.012535337,0.013191153,0.9932608669290817,0.013194729691301463,0.032528482,0.032529097,0.20853555,0.20853545,1582450
0.1,0.001275532,0.0022081195,0.9932608669290817,0.013194729691301463,0.032528482,0.032529097,0.20853555,0.20853545,1582450
0.1,0.00014504865,0.0011749064,0.9932608669290817,0.013194729691301463,0.032528482,0.032529097,0.20853555,0.20853545,1582450
0.1,9.22233e-05,0.0011151222,0.9932608669290817,0.013194729691301463,0.032528482,0.032529097,0.20853555,0.20853545,1582450
0.1,0.02227668,0.022251263,0.9932608669290817,0.013194729691301463,0.032528482,0.032529097,0.20853555,0.20853545,1582450
0.1,0.001357573,0.002405272,0.9932608669290817,0.013194729691301463,0.032528482,0.032529097,0.20853555,0.20853545,1582450
0.1,0.014545298,0.014003944,0.9932608669290817,0.013194729691301463,0.032528482,0.032529097,0.20853555,0.20853545,1582450
0.1,0.003330302,0.0042300075,0.9932608669290817,0.013194729691301463,0.032528482,0.032529097,0.20853555,0.20853545,1582450
0.1,0.01882832,0.019333782,0.9932608669290817,0.013194729691301463,0.032528482,0.032529097,0.20853555,0.20853545,1582450
0.1,0.005997804,0.005623452,0.9932608669290817,0.013194729691301463,0.032528482,0.032529097,0.20853555,0.20853545,1582450
0.1,0.006413951,0.0074733063,0.9932608669290817,0.013194729691301463,0.032528482,0.032529097,0.20853555,0.20853545,1582450
0.1,0.002246892,0.0028370349,0.9932608669290817,0.013194729691301463,0.032528482,0.032529097,0.20853555,0.20853545,1582450
0.1,0.000315785,0.0013345131,0.9932608669290817,0.013194729691301463,0.032528482,0.032529097,0.20853555,0.20853545,1582450
0.1,0.008779737,0.009146935,0.9932608669290817,0.013194729691301463,0.032528482,0.032529097,0.20853555,0.20853545,1582450
0.1,0.009606743,0.009879519,0.9932608669290817,0.013194729691301463,0.032528482,0.032529097,0.20853555,0.20853545,1582450
0.1,0.0056991694,0.0060700784,0.9932608669290817,0.013194729691301463,0.032528482,0.032529097,0.20853555,0.20853545,1582450
0.1,4.708622e-05,0.0010603959,0.9932608669290817,0.013194729691301463,0.032528482,0.032529097,0.20853555,0.20853545,1582450
0.1,0.0038114726,0.0048324154,0.9932608669290817,0.013194729691301463,0.032528482,0.032529097,0.20853555,0.20853545,1582450
0.1,0.000971963,0.0018684965,0.9932608669290817,0.013194729691301463,0.032528482,0.032529097,0.20853555,0.20853545,1582450
0.1,0.004301768,0.0040022978,0.9932608669290817,0.013194729691301463,0.032528482,0.032529097,0.20853555,0.20853545,1582450
0.1,0.011373038,0.011468314,0.9932608669290817,0.013194729691301463,0.032528482,0.032529097,0.20853555,0.20853545,1582450
0.1,0.011425495,0.011939002,0.9932608669290817,0.013194729691301463,0.032528482,0.032529097,0.20853555,0.20853545,1582450
0.1,0.0067949723,0.006293849,0.9932608669290817,0.013194729691301463,0.032528482,0.032529097,0.20853555,0.20853545,1582450
0.1,0.009655705,0.010077798,0.9932608669290817,0.013194729691301463,0.032528482,0.032529097,0.20853555,0.20853545,1582450
0.1,0.0002723707,0.00132266,0.9932608669290817,0.013194729691301463,0.032528482,0.032529097,0.20853555,0.20853545,1582450
0.1,0.011320377,0.011490153,0.9932608669290817,0.013194729691301463,0.032528482,0.032529097,0.20853555,0.20853545,1582450
0.1,0.0012384647,0.0010684162,0.9932608669290817,0.013194729691301463,0.032528482,0.032529097,0.20853555,0.20853545,1582450
0.1,0.07383114,0.07084653,0.9932608669290817,0.013194729691301463,0.032528482,0.032529097,0.20853555,0.20853545,1582450
0.1,0.015073378,0.015645852,0.9932608669290817,0.013194729691301463,0.032528482,0.032529097,0.20853555,0.20853545,1582450
0.1,2.5629697e-05,0.0010435752,0.9932608669290817,0.013194729691301463,0.032528482,0.032529097,0.20853555,0.20853545,1582450
0.1,0.0069022523,0.0075934613,0.9932608669290817,0.013194729691301463,0.032528482,0.032529097,0.20853555,0.20853545,1582450
0.1,0.00027089272,0.0013098768,0.9932608669290817,0.013194729691301463,0.032528482,0.032529097,0.20853555,0.20853545,1582450
0.1,0.0077055767,0.008430598,0.9932608669290817,0.013194729691301463,0.032528482,0.032529097,0.20853555,0.20853545,1582450
0.1,0.0031650956,0.0044784755,0.9932608669290817,0.013194729691301463,0.032528482,0.032529097,0.20853555,0.20853545,1582450
0.1,0.0037914,0.004535122,0.9932608669290817,0.013194729691301463,0.032528482,0.032529097,0.20853555,0.20853545,1582450
0.1,0.0014881102,0.0023227923,0.9932608669290817,0.013194729691301463,0.032528482,0.032529097,0.20853555,0.20853545,1582450
0.1,0.023729058,0.026016423,0.9932608669290817,0.013194729691301463,0.032528482,0.032529097,0.20853555,0.20853545,1582450
0.1,0.0027257353,0.0039561777,0.9932608669290817,0.013194729691301463,0.032528482,0.032529097,0.20853555,0.20853545,1582450
0.1,0.009855198,0.009642773,0.9932608669290817,0.013194729691301463,0.032528482,0.032529097,0.20853555,0.20853545,1582450
0.1,0.0056808395,0.0055837906,0.9932608669290817,0.013194729691301463,0.032528482,0.032529097,0.20853555,0.20853545,1582450
0.1,0.18711512,0.21063963,0.9932608669290817,0.013194729691301463,0.032528482,0.032529097,0.20853555,0.20853545,1582450
0.1,0.00017421733,0.0011680983,0.9932608669290817,0.013194729691301463,0.032528482,0.032529097,0.20853555,0.20853545,1582450
0.1,0.0015407773,0.0026842456,0.9932608669290817,0.013194729691301463,0.032528482,0.032529097,0.20853555,0.20853545,1582450
0.1,0.022212164,0.024365356,0.9932608669290817,0.013194729691301463,0.032528482,0.032529097,0.20853555,0.20853545,1582450
0.1,0.07780351,0.06542203,0.9932608669290817,0.013194729691301463,0.032528482,0.032529097,0.20853555,0.20853545,1582450
0.1,0.0022272482,0.0031234527,0.9932608669290817,0.013194729691301463,0.032528482,0.032529097,0.20853555,0.20853545,1582450
0.1,0.37553382,0.38439876,0.9932608669290817,0.013194729691301463,0.032528482,0.032529097,0.20853555,0.20853545,1582450
0.1,0.0053604115,0.0070229326,0.9932608669290817,0.013194729691301463,0.032528482,0.032529097,0.20853555,0.20853545,1582450
0.1,0.0507744,0.048114453,0.9932608669290817,0.013194729691301463,0.032528482,0.032529097,0.20853555,0.20853545,1582450
0.1,0.00039543086,0.0014550445,0.9932608669290817,0.013194729691301463,0.032528482,0.032529097,0.20853555,0.20853545,1582450
0.1,0.041895162,0.038573403,0.9932608669290817,0.013194729691301463,0.032528482,0.032529097,0.20853555,0.20853545,1582450
0.1,0.28098863,0.259219,0.9932608669290817,0.013194729691301463,0.032528482,0.032529097,0.20853555,0.20853545,1582450
0.1,0.08603084,0.08453318,0.9932608669290817,0.013194729691301463,0.032528482,0.032529097,0.20853555,0.20853545,1582450
0.1,0.03542727,0.037964925,0.9932608669290817,0.013194729691301463,0.032528482,0.032529097,0.20853555,0.20853545,1582450
0.1,7.260081e-05,0.0010801255,0.9932608669290817,0.013194729691301463,0.032528482,0.032529097,0.20853555,0.20853545,1582450
0.1,0.032218218,0.034332283,0.9932608669290817,0.013194729691301463,0.032528482,0.032529097,0.20853555,0.20853545,1582450
0.1,8.072731e-05,0.0010869905,0.9932608669290817,0.013194729691301463,0.032528482,0.032529097,0.20853555,0.20853545,1582450
0.1,0.00013998,0.0011292495,0.9932608669290817,0.013194729691301463,0.032528482,0.032529097,0.20853555,0.20853545,1582450
0.1,0.005488109,0.0061226636,0.9932608669290817,0.013194729691301463,0.032528482,0.032529097,0.20853555,0.20853545,1582450
0.1,0.002022486,0.0030268065,0.9932608669290817,0.013194729691301463,0.032528482,0.032529097,0.20853555,0.20853545,1582450
0.1,0.007714722,0.008420988,0.9932608669290817,0.013194729691301463,0.032528482,0.032529097,0.20853555,0.20853545,1582450
0.1,0.024411565,0.02580289,0.9932608669290817,0.013194729691301463,0.032528482,0.032529097,0.20853555,0.20853545,1582450
0.1,5.8324516e-05,0.0010632944,0.9932608669290817,0.013194729691301463,0.032528482,0.032529097,0.20853555,0.20853545,1582450
0.1,0.20007566,0.20640533,0.9932608669290817,0.013194729691301463,0.032528482,0.032529097,0.20853555,0.20853545,1582450
0.1,0.0040119183,0.00472069,0.9932608669290817,0.013194729691301463,0.032528482,0.032529097,0.20853555,0.20853545,1582450
0.1,0.14042778,0.1569153,0.9932608669290817,0.013194729691301463,0.032528482,0.032529097,0.20853555,0.20853545,1582450
0.1,0.013494112,0.015146035,0.9932608669290817,0.013194729691301463,0.032528482,0.032529097,0.20853555,0.20853545,1582450
0.1,0.0017299466,0.002386114,0.9932608669290817,0.013194729691301463,0.032528482,0.032529097,0.20853555,0.20853545,1582450
0.1,0.006250589,0.00734753,0.9932608669290817,0.013194729691301463,0.032528482,0.032529097,0.20853555,0.20853545,1582450
0.1,1.2551932e-05,0.0010295459,0.9932608669290817,0.013194729691301463,0.032528482,0.032529097,0.20853555,0.20853545,1582450
0.1,0.017996712,0.019344073,0.9932608669290817,0.013194729691301463,0.032528482,0.032529097,0.20853555,0.20853545,1582450
0.1,0.019733766,0.019122666,0.9932608669290817,0.013194729691301463,0.032528482,0.032529097,0.20853555,0.20853545,1582450
0.1,0.03385939,0.03549063,0.9932608669290817,0.013194729691301463,0.032528482,0.032529097,0.20853555,0.20853545,1582450
0.1,0.0011319995,0.0010401352,0.9932608669290817,0.013194729691301463,0.032528482,0.032529097,0.20853555,0.20853545,1582450
0.1,4.4311106e-05,0.0010590302,0.9932608669290817,0.013194729691301463,0.032528482,0.032529097,0.20853555,0.20853545,1582450
0.1,0.00055175414,0.0015719514,0.9932608669290817,0.013194729691301463,0.032528482,0.032529097,0.20853555,0.20853545,1582450
0.1,0.0015164146,0.0022737316,0.9932608669290817,0.013194729691301463,0.032528482,0.032529097,0.20853555,0.20853545,1582450
0.1,0.0060587353,0.007198117,0.9932608669290817,0.013194729691301463,0.032528482,0.032529097,0.20853555,0.20853545,1582450
0.1,0.045082923,0.042624254,0.9932608669290817,0.013194729691301463,0.032528482,0.032529097,0.20853555,0.20853545,1582450
0.1,0.008393465,0.0092412,0.9932608669290817,0.013194729691301463,0.032528482,0.032529097,0.20853555,0.20853545,1582450
0.1,0.06177896,0.07026054,0.9932608669290817,0.013194729691301463,0.032528482,0.032529097,0.20853555,0.20853545,1582450
0.1,0.009562011,0.010404646,0.9932608669290817,0.013194729691301463,0.032528482,0.032529097,0.20853555,0.20853545,1582450
0.1,0.012531907,0.011558976,0.9932608669290817,0.013194729691301463,0.032528482,0.032529097,0.20853555,0.20853545,1582450
0.1,0.0007806289,0.0016432259,0.9932608669290817,0.013194729691301463,0.032528482,0.032529097,0.20853555,0.20853545,1582450
0.1,0.0014933163,0.0013905332,0.9932608669290817,0.013194729691301463,0.032528482,0.032529097,0.20853555,0.20853545,1582450
0.1,0.0010776221,0.0020235355,0.9932608669290817,0.013194729691301463,0.032528482,0.032529097,0.20853555,0.20853545,1582450
0.1,3.8602204e-05,0.0010509731,0.9932608669290817,0.013194729691301463,0.032528482,0.032529097,0.20853555,0.20853545,1582450
0.1,0.0012901708,0.0023013249,0.9932608669290817,0.013194729691301463,0.032528482,0.032529097,0.20853555,0.20853545,1582450
0.1,0.071017876,0.07679398,0.9932608669290817,0.013194729691301463,0.032528482,0.032529097,0.20853555,0.20853545,1582450
0.1,0.15061894,0.13864294,0.9932608669290817,0.013194729691301463,0.032528482,0.032529097,0.20853555,0.20853545,1582450
0.1,0.00023635017,0.00013775006,0.9932608669290817,0.013194729691301463,0.032528482,0.032529097,0.20853555,0.20853545,1582450
0.1,0.00013246277,0.0011255034,0.9932608669290817,0.013194729691301463,0.032528482,0.032529097,0.20853555,0.20853545,1582450
0.1,0.0031674986,0.003911169,0.9932608669290817,0.013194729691301463,0.032528482,0.032529097,0.20853555,0.20853545,1582450
0.1,0.009104079,0.010149242,0.9932608669290817,0.013194729691301463,0.032528482,0.032529097,0.20853555,0.20853545,1582450
0.1,0.0011604517,0.002157148,0.9932608669290817,0.013194729691301463,0.032528482,0.032529097,0.20853555,0.20853545,1582450
0.1,0.10958358,0.096440375,0.9932608669290817,0.013194729691301463,0.032528482,0.032529097,0.20853555,0.20853545,1582450
0.1,6.4827356e-05,0.0010682418,0.9932608669290817,0.013194729691301463,0.032528482,0.032529097,0.20853555,0.20853545,1582450
0.1,0.0006208038,0.0016084161,0.9932608669290817,0.013194729691301463,0.032528482,0.032529097,0.20853555,0.20853545,1582450
0.1,0.0025845023,0.0037209573,0.9932608669290817,0.013194729691301463,0.032528482,0.032529097,0.20853555,0.20853545,1582450
0.1,7.437791e-05,0.0,0.9932608669290817,0.013194729691301463,0.032528482,0.032529097,0.20853555,0.20853545,1582450
0.1,0.0009739901,0.0020207544,0.9932608669290817,0.013194729691301463,0.032528482,0.032529097,0.20853555,0.20853545,1582450
0.1,0.0016375629,0.0029189875,0.9932608669290817,0.013194729691301463,0.032528482,0.032529097,0.20853555,0.20853545,1582450
0.1,0.1162553,0.10862547,0.9932608669290817,0.013194729691301463,0.032528482,0.032529097,0.20853555,0.20853545,1582450
0.1,0.015350823,0.014796739,0.9932608669290817,0.013194729691301463,0.032528482,0.032529097,0.20853555,0.20853545,1582450
0.1,0.0035838203,0.0030912275,0.9932608669290817,0.013194729691301463,0.032528482,0.032529097,0.20853555,0.20853545,1582450
0.1,0.024856456,0.022521723,0.9932608669290817,0.013194729691301463,0.032528482,0.032529097,0.20853555,0.20853545,1582450
0.1,0.002938738,0.0036671974,0.9932608669290817,0.013194729691301463,0.032528482,0.032529097,0.20853555,0.20853545,1582450
0.1,0.0013762669,0.0022545853,0.9932608669290817,0.013194729691301463,0.032528482,0.032529097,0.20853555,0.20853545,1582450
0.1,0.0025493216,0.0038562047,0.9932608669290817,0.013194729691301463,0.032528482,0.032529097,0.20853555,0.20853545,1582450
0.1,0.0034152416,0.0045401733,0.9932608669290817,0.013194729691301463,0.032528482,0.032529097,0.20853555,0.20853545,1582450
0.1,0.057047945,0.048145372,0.9932608669290817,0.013194729691301463,0.032528482,0.032529097,0.20853555,0.20853545,1582450
0.1,0.00020005499,0.0012055144,0.9932608669290817,0.013194729691301463,0.032528482,0.032529097,0.20853555,0.20853545,1582450
0.1,0.00014994596,0.0011628139,0.9932608669290817,0.013194729691301463,0.032528482,0.032529097,0.20853555,0.20853545,1582450
0.1,0.0028827698,0.0036144175,0.9932608669290817,0.013194729691301463,0.032528482,0.032529097,0.20853555,0.20853545,1582450
0.1,0.0012236013,0.0020911891,0.9932608669290817,0.013194729691301463,0.032528482,0.032529097,0.20853555,0.20853545,1582450
0.1,0.0014756123,0.002503339,0.9932608669290817,0.013194729691301463,0.032528482,0.032529097,0.20853555,0.20853545,1582450
0.1,0.030507417,0.032830693,0.9932608669290817,0.013194729691301463,0.032528482,0.032529097,0.20853555,0.20853545,1582450
0.1,0.024403239,0.031812046,0.9932608669290817,0.013194729691301463,0.032528482,0.032529097,0.20853555,0.20853545,1582450
0.1,0.0023273886,0.0035108486,0.9932608669290817,0.013194729691301463,0.032528482,0.032529097,0.20853555,0.20853545,1582450
0.1,0.00023494645,0.0012670043,0.9932608669290817,0.013194729691301463,0.032528482,0.032529097,0.20853555,0.20853545,1582450
0.1,0.0011597929,0.0019976443,0.9932608669290817,0.013194729691301463,0.032528482,0.032529097,0.20853555,0.20853545,1582450
0.1,0.00028010842,0.0012920019,0.9932608669290817,0.013194729691301463,0.032528482,0.032529097,0.20853555,0.20853545,1582450
0.1,0.0049264976,0.00487879,0.9932608669290817,0.013194729691301463,0.032528482,0.032529097,0.20853555,0.20853545,1582450
0.1,0.00031406054,0.001265988,0.9932608669290817,0.013194729691301463,0.032528482,0.032529097,0.20853555,0.20853545,1582450
0.1,0.0007318832,0.0016625802,0.9932608669290817,0.013194729691301463,0.032528482,0.032529097,0.20853555,0.20853545,1582450
0.1,0.021879585,0.022342939,0.9932608669290817,0.013194729691301463,0.032528482,0.032529097,0.20853555,0.20853545,1582450
0.1,0.00096487335,0.0019321874,0.9932608669290817,0.013194729691301463,0.032528482,0.032529097,0.20853555,0.20853545,1582450
0.1,0.10492669,0.09110657,0.9932608669290817,0.013194729691301463,0.032528482,0.032529097,0.20853555,0.20853545,1582450
0.1,3.70296e-05,0.0,0.9932608669290817,0.013194729691301463,0.032528482,0.032529097,0.20853555,0.20853545,1582450
0.1,0.010134552,0.010908914,0.9932608669290817,0.013194729691301463,0.032528482,0.032529097,0.20853555,0.20853545,1582450
0.1,0.011627449,0.012419719,0.9932608669290817,0.013194729691301463,0.032528482,0.032529097,0.20853555,0.20853545,1582450
0.1,0.009873081,0.012429044,0.9932608669290817,0.013194729691301463,0.032528482,0.032529097,0.20853555,0.20853545,1582450
0.1,0.00093807944,0.0019045258,0.9932608669290817,0.013194729691301463,0.032528482,0.032529097,0.20853555,0.20853545,1582450
0.1,0.0110986205,0.011329215,0.9932608669290817,0.013194729691301463,0.032528482,0.032529097,0.20853555,0.20853545,1582450
0.1,1.2518202e-05,0.0,0.9932608669290817,0.013194729691301463,0.032528482,0.032529097,0.20853555,0.20853545,1582450
0.1,0.0009822478,0.0018900259,0.9932608669290817,0.013194729691301463,0.032528482,0.032529097,0.20853555,0.20853545,1582450
0.1,0.001788326,0.0024165912,0.9932608669290817,0.013194729691301463,0.032528482,0.032529097,0.20853555,0.20853545,1582450
0.1,0.009664831,0.011008086,0.9932608669290817,0.013194729691301463,0.032528482,0.032529097,0.20853555,0.20853545,1582450
0.1,0.0008107478,0.0017878885,0.9932608669290817,0.013194729691301463,0.032528482,0.032529097,0.20853555,0.20853545,1582450
0.1,0.0003643575,0.0013221016,0.9932608669290817,0.013194729691301463,0.032528482,0.032529097,0.20853555,0.20853545,1582450
0.1,0.00083713717,0.0017739802,0.9932608669290817,0.013194729691301463,0.032528482,0.032529097,0.20853555,0.20853545,1582450
0.1,0.0012205325,0.0021947531,0.9932608669290817,0.013194729691301463,0.032528482,0.032529097,0.20853555,0.20853545,1582450
0.1,0.0004192309,0.0013699663,0.9932608669290817,0.013194729691301463,0.032528482,0.032529097,0.20853555,0.20853545,1582450
0.1,0.0044569545,0.0042106346,0.9932608669290817,0.013194729691301463,0.032528482,0.032529097,0.20853555,0.20853545,1582450
0.1,0.021827964,0.020223571,0.9932608669290817,0.013194729691301463,0.032528482,0.032529097,0.20853555,0.20853545,1582450
0.1,7.211894e-05,0.0010907045,0.9932608669290817,0.013194729691301463,0.032528482,0.032529097,0.20853555,0.20853545,1582450
0.1,0.004759864,0.005241555,0.9932608669290817,0.013194729691301463,0.032528482,0.032529097,0.20853555,0.20853545,1582450
0.1,0.0033890393,0.00400919,0.9932608669290817,0.013194729691301463,0.032528482,0.032529097,0.20853555,0.20853545,1582450
0.1,0.006955096,0.00811139,0.9932608669290817,0.013194729691301463,0.032528482,0.032529097,0.20853555,0.20853545,1582450
0.1,0.08351231,0.077107,0.9932608669290817,0.013194729691301463,0.032528482,0.032529097,0.20853555,0.20853545,1582450
0.1,3.499881e-05,0.0010502024,0.9932608669290817,0.013194729691301463,0.032528482,0.032529097,0.20853555,0.20853545,1582450
0.1,0.00019803448,0.0012054186,0.9932608669290817,0.013194729691301463,0.032528482,0.032529097,0.20853555,0.20853545,1582450
0.1,0.018868087,0.018751154,0.9932608669290817,0.013194729691301463,0.032528482,0.032529097,0.20853555,0.20853545,1582450
0.1,0.001206447,0.0020533805,0.9932608669290817,0.013194729691301463,0.032528482,0.032529097,0.20853555,0.20853545,1582450
0.1,0.22698882,0.24721295,0.9932608669290817,0.013194729691301463,0.032528482,0.032529097,0.20853555,0.20853545,1582450
0.1,0.003151079,0.0027568988,0.9932608669290817,0.013194729691301463,0.032528482,0.032529097,0.20853555,0.20853545,1582450
0.1,0.012521868,0.010657379,0.9932608669290817,0.013194729691301463,0.032528482,0.032529097,0.20853555,0.20853545,1582450
0.1,0.331715,0.3059255,0.9932608669290817,0.013194729691301463,0.032528482,0.032529097,0.20853555,0.20853545,1582450
0.1,0.0010958534,0.0020637529,0.9932608669290817,0.013194729691301463,0.032528482,0.032529097,0.20853555,0.20853545,1582450
0.1,0.0006921423,0.0016999225,0.9932608669290817,0.013194729691301463,0.032528482,0.032529097,0.20853555,0.20853545,1582450
0.1,0.08663985,0.08480772,0.9932608669290817,0.013194729691301463,0.032528482,0.032529097,0.20853555,0.20853545,1582450
0.1,0.0070966925,0.007944344,0.9932608669290817,0.013194729691301463,0.032528482,0.032529097,0.20853555,0.20853545,1582450
0.1,0.0016951484,0.0023898985,0.9932608669290817,0.013194729691301463,0.032528482,0.032529097,0.20853555,0.20853545,1582450
0.1,0.0019514915,0.0017114417,0.9932608669290817,0.013194729691301463,0.032528482,0.032529097,0.20853555,0.20853545,1582450
0.1,0.0012317969,0.0022364315,0.9932608669290817,0.013194729691301463,0.032528482,0.032529097,0.20853555,0.20853545,1582450
0.1,0.0074501145,0.0073435563,0.9932608669290817,0.013194729691301463,0.032528482,0.032529097,0.20853555,0.20853545,1582450
0.1,0.0015127261,0.0025304046,0.9932608669290817,0.013194729691301463,0.032528482,0.032529097,0.20853555,0.20853545,1582450
0.1,0.023436807,0.026958618,0.9932608669290817,0.013194729691301463,0.032528482,0.032529097,0.20853555,0.20853545,1582450
0.1,0.0061034146,0.0066572092,0.9932608669290817,0.013194729691301463,0.032528482,0.032529097,0.20853555,0.20853545,1582450
0.1,0.013075709,0.013559606,0.9932608669290817,0.013194729691301463,0.032528482,0.032529097,0.20853555,0.20853545,1582450
0.1,0.0033886991,0.004225389,0.9932608669290817,0.013194729691301463,0.032528482,0.032529097,0.20853555,0.20853545,1582450
0.1,0.00015245622,0.0011605986,0.9932608669290817,0.013194729691301463,0.032528482,0.032529097,0.20853555,0.20853545,1582450
0.1,0.001484229,0.0022839957,0.9932608669290817,0.013194729691301463,0.032528482,0.032529097,0.20853555,0.20853545,1582450
0.1,0.000838864,0.0007393621,0.9932608669290817,0.013194729691301463,0.032528482,0.032529097,0.20853555,0.20853545,1582450
0.1,0.00016518914,0.0011780661,0.9932608669290817,0.013194729691301463,0.032528482,0.032529097,0.20853555,0.20853545,1582450
0.1,0.018979829,0.01893193,0.9932608669290817,0.013194729691301463,0.032528482,0.032529097,0.20853555,0.20853545,1582450
0.1,0.00033253973,0.0012933915,0.9932608669290817,0.013194729691301463,0.032528482,0.032529097,0.20853555,0.20853545,1582450
0.1,0.003542634,0.0045198887,0.9932608669290817,0.013194729691301463,0.032528482,0.032529097,0.20853555,0.20853545,1582450
0.1,0.007731775,0.008578151,0.9932608669290817,0.013194729691301463,0.032528482,0.032529097,0.20853555,0.20853545,1582450
0.1,0.054588612,0.054648735,0.9932608669290817,0.013194729691301463,0.032528482,0.032529097,0.20853555,0.20853545,1582450
0.1,0.018547947,0.019581648,0.9932608669290817,0.013194729691301463,0.032528482,0.032529097,0.20853555,0.20853545,1582450
0.1,0.005324957,0.0062805456,0.9932608669290817,0.013194729691301463,0.032528482,0.032529097,0.20853555,0.20853545,1582450
0.1,0.00039633305,0.0014164668,0.9932608669290817,0.013194729691301463,0.032528482,0.032529097,0.20853555,0.20853545,1582450
0.1,0.009103467,0.010349678,0.9932608669290817,0.013194729691301463,0.032528482,0.032529097,0.20853555,0.20853545,1582450
0.1,0.0048139836,0.0047223363,0.9932608669290817,0.013194729691301463,0.032528482,0.032529097,0.20853555,0.20853545,1582450
0.1,0.0004994013,0.001530221,0.9932608669290817,0.013194729691301463,0.032528482,0.032529097,0.20853555,0.20853545,1582450
0.1,0.046832144,0.052459653,0.9932608669290817,0.013194729691301463,0.032528482,0.032529097,0.20853555,0.20853545,1582450
0.1,0.00054884085,0.0015952035,0.9932608669290817,0.013194729691301463,0.032528482,0.032529097,0.20853555,0.20853545,1582450
0.1,0.26850536,0.24861419,0.9932608669290817,0.013194729691301463,0.032528482,0.032529097,0.20853555,0.20853545,1582450
0.1,0.00019023902,0.0012037987,0.9932608669290817,0.013194729691301463,0.032528482,0.032529097,0.20853555,0.20853545,1582450
0.1,0.064705074,0.054285944,0.9932608669290817,0.013194729691301463,0.032528482,0.032529097,0.20853555,0.20853545,1582450
0.1,0.00105782,0.0018018794,0.9932608669290817,0.013194729691301463,0.032528482,0.032529097,0.20853555,0.20853545,1582450
0.1,0.010005451,0.011567886,0.9932608669290817,0.013194729691301463,0.032528482,0.032529097,0.20853555,0.20853545,1582450
0.1,0.009156943,0.00869333,0.9932608669290817,0.013194729691301463,0.032528482,0.032529097,0.20853555,0.20853545,1582450
0.1,0.05056725,0.054900598,0.9932608669290817,0.013194729691301463,0.032528482,0.032529097,0.20853555,0.20853545,1582450
0.1,0.058786474,0.056195766,0.9932608669290817,0.013194729691301463,0.032528482,0.032529097,0.20853555,0.20853545,1582450
0.1,0.07694542,0.08270765,0.9932608669290817,0.013194729691301463,0.032528482,0.032529097,0.20853555,0.20853545,1582450
0.1,0.010960871,0.010462868,0.9932608669290817,0.013194729691301463,0.032528482,0.032529097,0.20853555,0.20853545,1582450
0.1,0.004163567,0.0055889334,0.9932608669290817,0.013194729691301463,0.032528482,0.032529097,0.20853555,0.20853545,1582450
0.1,0.0028659462,0.0034488472,0.9932608669290817,0.013194729691301463,0.032528482,0.032529097,0.20853555,0.20853545,1582450
0.1,0.05645079,0.059193995,0.9932608669290817,0.013194729691301463,0.032528482,0.032529097,0.20853555,0.20853545,1582450
0.1,0.0006719682,0.00055964605,0.9932608669290817,0.013194729691301463,0.032528482,0.032529097,0.20853555,0.20853545,1582450
0.1,0.0062785964,0.006571155,0.9932608669290817,0.013194729691301463,0.032528482,0.032529097,0.20853555,0.20853545,1582450
0.1,0.010745119,0.011125353,0.9932608669290817,0.013194729691301463,0.032528482,0.032529097,0.20853555,0.20853545,1582450
0.1,6.562961e-05,0.0010724794,0.9932608669290817,0.013194729691301463,0.032528482,0.032529097,0.20853555,0.20853545,1582450
0.1,0.00043272358,0.001474973,0.9932608669290817,0.013194729691301463,0.032528482,0.032529097,0.20853555,0.20853545,1582450
0.1,0.0010987675,0.0011431461,0.9932608669290817,0.013194729691301463,0.032528482,0.032529097,0.20853555,0.20853545,1582450
0.1,0.004170335,0.0041550538,0.9932608669290817,0.013194729691301463,0.032528482,0.032529097,0.20853555,0.20853545,1582450
0.1,0.0025117723,0.0031439196,0.9932608669290817,0.013194729691301463,0.032528482,0.032529097,0.20853555,0.20853545,1582450
0.1,0.010206327,0.010429567,0.9932608669290817,0.013194729691301463,0.032528482,0.032529097,0.20853555,0.20853545,1582450
0.1,0.0007723054,0.0006235493,0.9932608669290817,0.013194729691301463,0.032528482,0.032529097,0.20853555,0.20853545,1582450
0.1,0.00044391848,0.0014028891,0.9932608669290817,0.013194729691301463,0.032528482,0.032529097,0.20853555,0.20853545,1582450
0.1,0.0120060835,0.011875157,0.9932608669290817,0.013194729691301463,0.032528482,0.032529097,0.20853555,0.20853545,1582450
0.1,0.0006760128,0.0016038733,0.9932608669290817,0.013194729691301463,0.032528482,0.032529097,0.20853555,0.20853545,1582450
0.1,0.0001708523,0.0011758052,0.9932608669290817,0.013194729691301463,0.032528482,0.032529097,0.20853555,0.20853545,1582450
0.1,0.022838863,0.024736254,0.9932608669290817,0.013194729691301463,0.032528482,0.032529097,0.20853555,0.20853545,1582450
0.1,0.0031582352,0.0034199504,0.9932608669290817,0.013194729691301463,0.032528482,0.032529097,0.20853555,0.20853545,1582450
0.1,0.18430188,0.18053503,0.9932608669290817,0.013194729691301463,0.032528482,0.032529097,0.20853555,0.20853545,1582450
0.1,0.0012667975,0.002075592,0.9932608669290817,0.013194729691301463,0.032528482,0.032529097,0.20853555,0.20853545,1582450
0.1,0.05899529,0.06367819,0.9932608669290817,0.013194729691301463,0.032528482,0.032529097,0.20853555,0.20853545,1582450
0.1,0.011237311,0.012538915,0.9932608669290817,0.013194729691301463,0.032528482,0.032529097,0.20853555,0.20853545,1582450
0.1,0.0007130128,0.0005442832,0.9932608669290817,0.013194729691301463,0.032528482,0.032529097,0.20853555,0.20853545,1582450
0.1,0.0024885314,0.003470887,0.9932608669290817,0.013194729691301463,0.032528482,0.032529097,0.20853555,0.20853545,1582450
0.1,0.015634943,0.016717032,0.9932608669290817,0.013194729691301463,0.032528482,0.032529097,0.20853555,0.20853545,1582450
0.1,0.0014533617,0.002384581,0.9932608669290817,0.013194729691301463,0.032528482,0.032529097,0.20853555,0.20853545,1582450
0.1,0.04030952,0.044932447,0.9932608669290817,0.013194729691301463,0.032528482,0.032529097,0.20853555,0.20853545,1582450
0.1,0.00086122967,0.001829239,0.9932608669290817,0.013194729691301463,0.032528482,0.032529097,0.20853555,0.20853545,1582450
0.1,0.0006589347,0.001771401,0.9932608669290817,0.013194729691301463,0.032528482,0.032529097,0.20853555,0.20853545,1582450
0.1,0.0026147726,0.0036143167,0.9932608669290817,0.013194729691301463,0.032528482,0.032529097,0.20853555,0.20853545,1582450
0.1,0.025636306,0.024138508,0.9932608669290817,0.013194729691301463,0.032528482,0.032529097,0.20853555,0.20853545,1582450
0.1,0.010843474,0.010845378,0.9932608669290817,0.013194729691301463,0.032528482,0.032529097,0.20853555,0.20853545,1582450
0.1,0.03329298,0.033955812,0.9932608669290817,0.013194729691301463,0.032528482,0.032529097,0.20853555,0.20853545,1582450
0.1,0.0074406476,0.008008016,0.9932608669290817,0.013194729691301463,0.032528482,0.032529097,0.20853555,0.20853545,1582450
0.1,0.001425335,0.001274753,0.9932608669290817,0.013194729691301463,0.032528482,0.032529097,0.20853555,0.20853545,1582450
0.1,2.9480632e-05,0.0010407917,0.9932608669290817,0.013194729691301463,0.032528482,0.032529097,0.20853555,0.20853545,1582450
0.1,0.0006561942,0.0015703734,0.9932608669290817,0.013194729691301463,0.032528482,0.032529097,0.20853555,0.20853545,1582450
0.1,0.0004134897,0.0013609044,0.9932608669290817,0.013194729691301463,0.032528482,0.032529097,0.20853555,0.20853545,1582450
0.1,0.0031102512,0.004029287,0.9932608669290817,0.013194729691301463,0.032528482,0.032529097,0.20853555,0.20853545,1582450
0.1,0.052185666,0.05190848,0.9932608669290817,0.013194729691301463,0.032528482,0.032529097,0.20853555,0.20853545,1582450
0.1,0.00044445792,0.001394323,0.9932608669290817,0.013194729691301463,0.032528482,0.032529097,0.20853555,0.20853545,1582450
0.1,0.0015944911,0.002480563,0.9932608669290817,0.013194729691301463,0.032528482,0.032529097,0.20853555,0.20853545,1582450
0.1,4.04383e-05,0.0,0.9932608669290817,0.013194729691301463,0.032528482,0.032529097,0.20853555,0.20853545,1582450
0.1,0.02406751,0.022878738,0.9932608669290817,0.013194729691301463,0.032528482,0.032529097,0.20853555,0.20853545,1582450
0.1,0.16810864,0.19168447,0.9932608669290817,0.013194729691301463,0.032528482,0.032529097,0.20853555,0.20853545,1582450
0.1,0.0069846227,0.0068766307,0.9932608669290817,0.013194729691301463,0.032528482,0.032529097,0.20853555,0.20853545,1582450
0.1,0.02183983,0.022642456,0.9932608669290817,0.013194729691301463,0.032528482,0.032529097,0.20853555,0.20853545,1582450
0.1,0.00020750673,0.00014442593,0.9932608669290817,0.013194729691301463,0.032528482,0.032529097,0.20853555,0.20853545,1582450
0.1,9.219209e-05,0.0011066755,0.9932608669290817,0.013194729691301463,0.032528482,0.032529097,0.20853555,0.20853545,1582450
0.1,0.0013810921,0.002234765,0.9932608669290817,0.013194729691301463,0.032528482,0.032529097,0.20853555,0.20853545,1582450
0.1,0.07848752,0.080918506,0.9932608669290817,0.013194729691301463,0.032528482,0.032529097,0.20853555,0.20853545,1582450
0.1,9.617911e-05,0.0011146336,0.9932608669290817,0.013194729691301463,0.032528482,0.032529097,0.20853555,0.20853545,1582450
0.1,0.00045354126,0.0014330317,0.9932608669290817,0.013194729691301463,0.032528482,0.032529097,0.20853555,0.20853545,1582450
0.1,0.0012476248,0.0021055893,0.9932608669290817,0.013194729691301463,0.032528482,0.032529097,0.20853555,0.20853545,1582450
0.1,0.0068974523,0.0081589585,0.9932608669290817,0.013194729691301463,0.032528482,0.032529097,0.20853555,0.20853545,1582450
0.1,0.0014852184,0.0025257017,0.9932608669290817,0.013194729691301463,0.032528482,0.032529097,0.20853555,0.20853545,1582450
0.1,0.009884331,0.011813449,0.9932608669290817,0.013194729691301463,0.032528482,0.032529097,0.20853555,0.20853545,1582450
0.1,0.048162736,0.050352357,0.9932608669290817,0.013194729691301463,0.032528482,0.032529097,0.20853555,0.20853545,1582450
0.1,0.00024978208,0.0012599451,0.9932608669290817,0.013194729691301463,0.032528482,0.032529097,0.20853555,0.20853545,1582450
0.1,0.00045293313,0.0013786313,0.9932608669290817,0.013194729691301463,0.032528482,0.032529097,0.20853555,0.20853545,1582450
0.1,0.30083695,0.27103102,0.9932608669290817,0.013194729691301463,0.032528482,0.032529097,0.20853555,0.20853545,1582450
0.1,0.0070018694,0.0087870965,0.9932608669290817,0.013194729691301463,0.032528482,0.032529097,0.20853555,0.20853545,1582450
0.1,0.0025928984,0.0031269938,0.9932608669290817,0.013194729691301463,0.032528482,0.032529097,0.20853555,0.20853545,1582450
0.1,0.0012200584,0.0024963655,0.9932608669290817,0.013194729691301463,0.032528482,0.032529097,0.20853555,0.20853545,1582450
0.1,0.00050403224,0.00037868525,0.9932608669290817,0.013194729691301463,0.032528482,0.032529097,0.20853555,0.20853545,1582450
0.1,0.00092033704,0.0020615396,0.9932608669290817,0.013194729691301463,0.032528482,0.032529097,0.20853555,0.20853545,1582450
0.1,0.0030103095,0.0039082877,0.9932608669290817,0.013194729691301463,0.032528482,0.032529097,0.20853555,0.20853545,1582450
0.1,0.0029421747,0.003952814,0.9932608669290817,0.013194729691301463,0.032528482,0.032529097,0.20853555,0.20853545,1582450
0.1,3.103191e-05,0.0010468285,0.9932608669290817,0.013194729691301463,0.032528482,0.032529097,0.20853555,0.20853545,1582450
0.1,0.003830068,0.00343235,0.9932608669290817,0.013194729691301463,0.032528482,0.032529097,0.20853555,0.20853545,1582450
0.1,0.051275402,0.043698452,0.9932608669290817,0.013194729691301463,0.032528482,0.032529097,0.20853555,0.20853545,1582450
0.1,0.066303395,0.06502161,0.9932608669290817,0.013194729691301463,0.032528482,0.032529097,0.20853555,0.20853545,1582450
0.1,7.852281e-05,0.0011103567,0.9932608669290817,0.013194729691301463,0.032528482,0.032529097,0.20853555,0.20853545,1582450
0.1,0.03879421,0.03713024,0.9932608669290817,0.013194729691301463,0.032528482,0.032529097,0.20853555,0.20853545,1582450
0.1,0.0055683944,0.0059419856,0.9932608669290817,0.013194729691301463,0.032528482,0.032529097,0.20853555,0.20853545,1582450
0.1,0.0149663165,0.014042643,0.9932608669290817,0.013194729691301463,0.032528482,0.032529097,0.20853555,0.20853545,1582450
0.1,0.010134807,0.012247886,0.9932608669290817,0.013194729691301463,0.032528482,0.032529097,0.20853555,0.20853545,1582450
0.1,0.00028964298,0.0013618922,0.9932608669290817,0.013194729691301463,0.032528482,0.032529097,0.20853555,0.20853545,1582450
0.1,0.001994683,0.00302729,0.9932608669290817,0.013194729691301463,0.032528482,0.032529097,0.20853555,0.20853545,1582450
0.1,0.056398563,0.06556373,0.9932608669290817,0.013194729691301463,0.032528482,0.032529097,0.20853555,0.20853545,1582450
0.1,0.01801261,0.019555952,0.9932608669290817,0.013194729691301463,0.032528482,0.032529097,0.20853555,0.20853545,1582450
0.1,0.00051089056,0.0014799536,0.9932608669290817,0.013194729691301463,0.032528482,0.032529097,0.20853555,0.20853545,1582450
0.1,0.000470887,0.00037901604,0.9932608669290817,0.013194729691301463,0.032528482,0.032529097,0.20853555,0.20853545,1582450
0.1,0.037767336,0.038371988,0.9932608669290817,0.013194729691301463,0.032528482,0.032529097,0.20853555,0.20853545,1582450
0.1,0.00016630538,0.0011764665,0.9932608669290817,0.013194729691301463,0.032528482,0.032529097,0.20853555,0.20853545,1582450
0.1,0.04484111,0.043228094,0.9932608669290817,0.013194729691301463,0.032528482,0.032529097,0.20853555,0.20853545,1582450
0.1,0.0005739491,0.0016139951,0.9932608669290817,0.013194729691301463,0.032528482,0.032529097,0.20853555,0.20853545,1582450
0.1,0.0028059047,0.003628838,0.9932608669290817,0.013194729691301463,0.032528482,0.032529097,0.20853555,0.20853545,1582450
0.1,0.010182638,0.012529027,0.9932608669290817,0.013194729691301463,0.032528482,0.032529097,0.20853555,0.20853545,1582450
0.1,0.33377564,0.331819,0.9932608669290817,0.013194729691301463,0.032528482,0.032529097,0.20853555,0.20853545,1582450
0.1,0.014014219,0.013681613,0.9932608669290817,0.013194729691301463,0.032528482,0.032529097,0.20853555,0.20853545,1582450
0.1,0.005997966,0.0069337147,0.9932608669290817,0.013194729691301463,0.032528482,0.032529097,0.20853555,0.20853545,1582450
0.1,0.0015692122,0.002448582,0.9932608669290817,0.013194729691301463,0.032528482,0.032529097,0.20853555,0.20853545,1582450
0.1,0.017375192,0.019564806,0.9932608669290817,0.013194729691301463,0.032528482,0.032529097,0.20853555,0.20853545,1582450
0.1,0.1287121,0.12128091,0.9932608669290817,0.013194729691301463,0.032528482,0.032529097,0.20853555,0.20853545,1582450
0.1,0.04233389,0.035550192,0.9932608669290817,0.013194729691301463,0.032528482,0.032529097,0.20853555,0.20853545,1582450
0.1,0.15849718,0.18018462,0.9932608669290817,0.013194729691301463,0.032528482,0.032529097,0.20853555,0.20853545,1582450
0.1,0.007957957,0.008557558,0.9932608669290817,0.013194729691301463,0.032528482,0.032529097,0.20853555,0.20853545,1582450
0.1,0.052305683,0.04871426,0.9932608669290817,0.013194729691301463,0.032528482,0.032529097,0.20853555,0.20853545,1582450
0.1,0.0056919195,0.0073534464,0.9932608669290817,0.013194729691301463,0.032528482,0.032529097,0.20853555,0.20853545,1582450
0.1,0.025026083,0.02180393,0.9932608669290817,0.013194729691301463,0.032528482,0.032529097,0.20853555,0.20853545,1582450
0.1,0.00039404051,0.0013638638,0.9932608669290817,0.013194729691301463,0.032528482,0.032529097,0.20853555,0.20853545,1582450
0.1,0.03262642,0.034632817,0.9932608669290817,0.013194729691301463,0.032528482,0.032529097,0.20853555,0.20853545,1582450
0.1,0.005697212,0.0067210714,0.9932608669290817,0.013194729691301463,0.032528482,0.032529097,0.20853555,0.20853545,1582450
0.1,0.00452782,0.0046218405,0.9932608669290817,0.013194729691301463,0.032528482,0.032529097,0.20853555,0.20853545,1582450
0.1,3.6389592e-05,0.0010572501,0.9932608669290817,0.013194729691301463,0.032528482,0.032529097,0.20853555,0.20853545,1582450
0.1,0.0009478344,0.0018973361,0.9932608669290817,0.013194729691301463,0.032528482,0.032529097,0.20853555,0.20853545,1582450
0.1,4.512432e-05,0.0010562175,0.9932608669290817,0.013194729691301463,0.032528482,0.032529097,0.20853555,0.20853545,1582450
0.1,0.0019094138,0.002909337,0.9932608669290817,0.013194729691301463,0.032528482,0.032529097,0.20853555,0.20853545,1582450
0.1,0.00183222,0.001703801,0.9932608669290817,0.013194729691301463,0.032528482,0.032529097,0.20853555,0.20853545,1582450
0.1,3.572745e-05,0.0010447894,0.9932608669290817,0.013194729691301463,0.032528482,0.032529097,0.20853555,0.20853545,1582450
0.1,0.024665779,0.025330108,0.9932608669290817,0.013194729691301463,0.032528482,0.032529097,0.20853555,0.20853545,1582450
0.1,0.0010953365,0.0019721999,0.9932608669290817,0.013194729691301463,0.032528482,0.032529097,0.20853555,0.20853545,1582450
0.1,0.08423102,0.08317687,0.9932608669290817,0.013194729691301463,0.032528482,0.032529097,0.20853555,0.20853545,1582450
0.1,0.0125085935,0.012582355,0.9932608669290817,0.013194729691301463,0.032528482,0.032529097,0.20853555,0.20853545,1582450
0.1,0.0009208396,0.001981297,0.9932608669290817,0.013194729691301463,0.032528482,0.032529097,0.20853555,0.20853545,1582450
0.1,3.226312e-05,0.0010469517,0.9932608669290817,0.013194729691301463,0.032528482,0.032529097,0.20853555,0.20853545,1582450
0.1,0.00517005,0.0057723247,0.9932608669290817,0.013194729691301463,0.032528482,0.032529097,0.20853555,0.20853545,1582450
0.1,5.578684e-05,0.001067395,0.9932608669290817,0.013194729691301463,0.032528482,0.032529097,0.20853555,0.20853545,1582450
0.1,0.0016810112,0.0025881731,0.9932608669290817,0.013194729691301463,0.032528482,0.032529097,0.20853555,0.20853545,1582450
0.1,0.0020011205,0.0030227283,0.9932608669290817,0.013194729691301463,0.032528482,0.032529097,0.20853555,0.20853545,1582450
0.1,0.00836379,0.010048758,0.9932608669290817,0.013194729691301463,0.032528482,0.032529097,0.20853555,0.20853545,1582450
0.1,0.019243114,0.020020574,0.9932608669290817,0.013194729691301463,0.032528482,0.032529097,0.20853555,0.20853545,1582450
0.1,0.00062472053,0.0016503005,0.9932608669290817,0.013194729691301463,0.032528482,0.032529097,0.20853555,0.20853545,1582450
0.1,0.0064541236,0.0059020757,0.9932608669290817,0.013194729691301463,0.032528482,0.032529097,0.20853555,0.20853545,1582450
0.1,0.000273976,0.0012669364,0.9932608669290817,0.013194729691301463,0.032528482,0.032529097,0.20853555,0.20853545,1582450
0.1,0.0005070336,0.0014387047,0.9932608669290817,0.013194729691301463,0.032528482,0.032529097,0.20853555,0.20853545,1582450
0.1,0.06693341,0.06081166,0.9932608669290817,0.013194729691301463,0.032528482,0.032529097,0.20853555,0.20853545,1582450
0.1,0.06382693,0.068531595,0.9932608669290817,0.013194729691301463,0.032528482,0.032529097,0.20853555,0.20853545,1582450
0.1,0.004868116,0.0047572358,0.9932608669290817,0.013194729691301463,0.032528482,0.032529097,0.20853555,0.20853545,1582450
0.1,0.00075175567,0.0017500867,0.9932608669290817,0.013194729691301463,0.032528482,0.032529097,0.20853555,0.20853545,1582450
0.1,4.9588787e-05,0.0,0.9932608669290817,0.013194729691301463,0.032528482,0.032529097,0.20853555,0.20853545,1582450
0.1,0.00062585954,0.0015390876,0.9932608669290817,0.013194729691301463,0.032528482,0.032529097,0.20853555,0.20853545,1582450
0.1,0.01000089,0.01117901,0.9932608669290817,0.013194729691301463,0.032528482,0.032529097,0.20853555,0.20853545,1582450
0.1,0.030986272,0.027599273,0.9932608669290817,0.013194729691301463,0.032528482,0.032529097,0.20853555,0.20853545,1582450
0.1,0.009487211,0.007643255,0.9932608669290817,0.013194729691301463,0.032528482,0.032529097,0.20853555,0.20853545,1582450
0.1,0.023331571,0.024021534,0.9932608669290817,0.013194729691301463,0.032528482,0.032529097,0.20853555,0.20853545,1582450
0.1,0.002345407,0.0035068393,0.9932608669290817,0.013194729691301463,0.032528482,0.032529097,0.20853555,0.20853545,1582450
0.1,0.24910238,0.21055613,0.9932608669290817,0.013194729691301463,0.032528482,0.032529097,0.20853555,0.20853545,1582450
0.1,0.0347731,0.035557766,0.9932608669290817,0.013194729691301463,0.032528482,0.032529097,0.20853555,0.20853545,1582450
0.1,0.8137178,0.76740223,0.9932608669290817,0.013194729691301463,0.032528482,0.032529097,0.20853555,0.20853545,1582450
0.1,0.61308616,0.6706488,0.9932608669290817,0.013194729691301463,0.032528482,0.032529097,0.20853555,0.20853545,1582450
0.1,0.00026873618,0.0012371915,0.9932608669290817,0.013194729691301463,0.032528482,0.032529097,0.20853555,0.20853545,1582450
0.1,0.00020919056,0.0012525737,0.9932608669290817,0.013194729691301463,0.032528482,0.032529097,0.20853555,0.20853545,1582450
0.1,0.008917637,0.01007193,0.9932608669290817,0.013194729691301463,0.032528482,0.032529097,0.20853555,0.20853545,1582450
0.1,0.0003796772,0.000284934,0.9932608669290817,0.013194729691301463,0.032528482,0.032529097,0.20853555,0.20853545,1582450
0.1,0.012491069,0.012804652,0.9932608669290817,0.013194729691301463,0.032528482,0.032529097,0.20853555,0.20853545,1582450
0.1,0.0075694467,0.008542575,0.9932608669290817,0.013194729691301463,0.032528482,0.032529097,0.20853555,0.20853545,1582450
0.1,0.0018444004,0.0019449409,0.9932608669290817,0.013194729691301463,0.032528482,0.032529097,0.20853555,0.20853545,1582450
0.1,0.00072006456,0.0017639035,0.9932608669290817,0.013194729691301463,0.032528482,0.032529097,0.20853555,0.20853545,1582450
0.1,0.0098798415,0.008877021,0.9932608669290817,0.013194729691301463,0.032528482,0.032529097,0.20853555,0.20853545,1582450
0.1,0.0020437166,0.0027929335,0.9932608669290817,0.013194729691301463,0.032528482,0.032529097,0.20853555,0.20853545,1582450
0.1,0.006640496,0.007103267,0.9932608669290817,0.013194729691301463,0.032528482,0.032529097,0.20853555,0.20853545,1582450
0.1,2.8945897e-05,0.0010475735,0.9932608669290817,0.013194729691301463,0.032528482,0.032529097,0.20853555,0.20853545,1582450
0.1,5.691972e-05,0.001066268,0.9932608669290817,0.013194729691301463,0.032528482,0.032529097,0.20853555,0.20853545,1582450
0.1,0.005003445,0.005852217,0.9932608669290817,0.013194729691301463,0.032528482,0.032529097,0.20853555,0.20853545,1582450
0.1,0.00016983465,0.001158932,0.9932608669290817,0.013194729691301463,0.032528482,0.032529097,0.20853555,0.20853545,1582450
0.1,0.00028170028,0.0012559156,0.9932608669290817,0.013194729691301463,0.032528482,0.032529097,0.20853555,0.20853545,1582450
0.1,0.022525704,0.025391918,0.9932608669290817,0.013194729691301463,0.032528482,0.032529097,0.20853555,0.20853545,1582450
0.1,6.192221e-05,0.001079769,0.9932608669290817,0.013194729691301463,0.032528482,0.032529097,0.20853555,0.20853545,1582450
0.1,0.0076585314,0.0071632513,0.9932608669290817,0.013194729691301463,0.032528482,0.032529097,0.20853555,0.20853545,1582450
0.1,0.044216525,0.036971536,0.9932608669290817,0.013194729691301463,0.032528482,0.032529097,0.20853555,0.20853545,1582450
0.1,0.016385343,0.016121808,0.9932608669290817,0.013194729691301463,0.032528482,0.032529097,0.20853555,0.20853545,1582450
0.1,0.027717272,0.022914747,0.9932608669290817,0.013194729691301463,0.032528482,0.032529097,0.20853555,0.20853545,1582450
0.1,3.0154746e-05,0.0,0.9932608669290817,0.013194729691301463,0.032528482,0.032529097,0.20853555,0.20853545,1582450
0.1,0.0004295216,0.0013897279,0.9932608669290817,0.013194729691301463,0.032528482,0.032529097,0.20853555,0.20853545,1582450
0.1,0.00011471232,0.0011033408,0.9932608669290817,0.013194729691301463,0.032528482,0.032529097,0.20853555,0.20853545,1582450
0.1,0.00030053058,0.00019112004,0.9932608669290817,0.013194729691301463,0.032528482,0.032529097,0.20853555,0.20853545,1582450
0.1,0.00747534,0.0074265325,0.9932608669290817,0.013194729691301463,0.032528482,0.032529097,0.20853555,0.20853545,1582450
0.1,0.023371335,0.02719428,0.9932608669290817,0.013194729691301463,0.032528482,0.032529097,0.20853555,0.20853545,1582450
0.1,0.00021833843,0.00017229813,0.9932608669290817,0.013194729691301463,0.032528482,0.032529097,0.20853555,0.20853545,1582450
0.1,0.020254156,0.019789316,0.9932608669290817,0.013194729691301463,0.032528482,0.032529097,0.20853555,0.20853545,1582450
0.1,0.0010691031,0.0020305684,0.9932608669290817,0.013194729691301463,0.032528482,0.032529097,0.20853555,0.20853545,1582450
0.1,5.4086675e-05,0.001070667,0.9932608669290817,0.013194729691301463,0.032528482,0.032529097,0.20853555,0.20853545,1582450
0.1,0.004127355,0.005202057,0.9932608669290817,0.013194729691301463,0.032528482,0.032529097,0.20853555,0.20853545,1582450
0.1,0.0022675171,0.0031982083,0.9932608669290817,0.013194729691301463,0.032528482,0.032529097,0.20853555,0.20853545,1582450
0.1,0.026492182,0.024336383,0.9932608669290817,0.013194729691301463,0.032528482,0.032529097,0.20853555,0.20853545,1582450
0.1,0.013844919,0.015477933,0.9932608669290817,0.013194729691301463,0.032528482,0.032529097,0.20853555,0.20853545,1582450
0.1,0.19855547,0.20238903,0.9932608669290817,0.013194729691301463,0.032528482,0.032529097,0.20853555,0.20853545,1582450
0.1,3.864226e-05,0.0010542291,0.9932608669290817,0.013194729691301463,0.032528482,0.032529097,0.20853555,0.20853545,1582450
0.1,0.0006378525,0.00058151345,0.9932608669290817,0.013194729691301463,0.032528482,0.032529097,0.20853555,0.20853545,1582450
0.1,0.06712888,0.0631266,0.9932608669290817,0.013194729691301463,0.032528482,0.032529097,0.20853555,0.20853545,1582450
0.1,0.0024688707,0.0034252724,0.9932608669290817,0.013194729691301463,0.032528482,0.032529097,0.20853555,0.20853545,1582450
0.1,0.013936357,0.015094015,0.9932608669290817,0.013194729691301463,0.032528482,0.032529097,0.20853555,0.20853545,1582450
0.1,6.265414e-05,0.001082677,0.9932608669290817,0.013194729691301463,0.032528482,0.032529097,0.20853555,0.20853545,1582450
0.1,0.0010355525,0.0007889462,0.9932608669290817,0.013194729691301463,0.032528482,0.032529097,0.20853555,0.20853545,1582450
0.1,0.07006382,0.07259866,0.9932608669290817,0.013194729691301463,0.032528482,0.032529097,0.20853555,0.20853545,1582450
0.1,0.0002944103,0.0013487132,0.9932608669290817,0.013194729691301463,0.032528482,0.032529097,0.20853555,0.20853545,1582450
0.1,0.0004259759,0.00027728974,0.9932608669290817,0.013194729691301463,0.032528482,0.032529097,0.20853555,0.20853545,1582450
0.1,0.00043167267,0.001408395,0.9932608669290817,0.013194729691301463,0.032528482,0.032529097,0.20853555,0.20853545,1582450
0.1,0.0062221163,0.006624348,0.9932608669290817,0.013194729691301463,0.032528482,0.032529097,0.20853555,0.20853545,1582450
0.1,0.008520259,0.0099954195,0.9932608669290817,0.013194729691301463,0.032528482,0.032529097,0.20853555,0.20853545,1582450
0.1,0.0047763013,0.0057269447,0.9932608669290817,0.013194729691301463,0.032528482,0.032529097,0.20853555,0.20853545,1582450
0.1,0.00046098922,0.0014674771,0.9932608669290817,0.013194729691301463,0.032528482,0.032529097,0.20853555,0.20853545,1582450
0.1,0.0032189873,0.004270599,0.9932608669290817,0.013194729691301463,0.032528482,0.032529097,0.20853555,0.20853545,1582450
0.1,0.002347206,0.0019820014,0.9932608669290817,0.013194729691301463,0.032528482,0.032529097,0.20853555,0.20853545,1582450
0.1,0.022387912,0.021323297,0.9932608669290817,0.013194729691301463,0.032528482,0.032529097,0.20853555,0.20853545,1582450
0.1,0.16352718,0.18270192,0.9932608669290817,0.013194729691301463,0.032528482,0.032529097,0.20853555,0.20853545,1582450
0.1,0.023632187,0.019860612,0.9932608669290817,0.013194729691301463,0.032528482,0.032529097,0.20853555,0.20853545,1582450
0.1,0.024921626,0.021285327,0.9932608669290817,0.013194729691301463,0.032528482,0.032529097,0.20853555,0.20853545,1582450
0.1,0.0027375645,0.0036315857,0.9932608669290817,0.013194729691301463,0.032528482,0.032529097,0.20853555,0.20853545,1582450
0.1,0.003329869,0.004564568,0.9932608669290817,0.013194729691301463,0.032528482,0.032529097,0.20853555,0.20853545,1582450
0.1,0.0006454516,0.0016358001,0.9932608669290817,0.013194729691301463,0.032528482,0.032529097,0.20853555,0.20853545,1582450
0.1,0.0001874073,0.0012042582,0.9932608669290817,0.013194729691301463,0.032528482,0.032529097,0.20853555,0.20853545,1582450
0.1,0.008394692,0.010475829,0.9932608669290817,0.013194729691301463,0.032528482,0.032529097,0.20853555,0.20853545,1582450
0.1,0.0065197055,0.007043034,0.9932608669290817,0.013194729691301463,0.032528482,0.032529097,0.20853555,0.20853545,1582450
0.1,0.031812787,0.031040069,0.9932608669290817,0.013194729691301463,0.032528482,0.032529097,0.20853555,0.20853545,1582450
0.1,0.0005745489,0.0005560033,0.9932608669290817,0.013194729691301463,0.032528482,0.032529097,0.20853555,0.20853545,1582450
0.1,0.0017503096,0.0015953071,0.9932608669290817,0.013194729691301463,0.032528482,0.032529097,0.20853555,0.20853545,1582450
0.1,0.1683955,0.20820929,0.9932608669290817,0.013194729691301463,0.032528482,0.032529097,0.20853555,0.20853545,1582450
0.1,0.06312481,0.07108888,0.9932608669290817,0.013194729691301463,0.032528482,0.032529097,0.20853555,0.20853545,1582450
0.1,0.00034970845,0.0013599321,0.9932608669290817,0.013194729691301463,0.032528482,0.032529097,0.20853555,0.20853545,1582450
0.1,0.0008140687,0.0017833515,0.9932608669290817,0.013194729691301463,0.032528482,0.032529097,0.20853555,0.20853545,1582450
0.1,0.081378505,0.08894113,0.9932608669290817,0.013194729691301463,0.032528482,0.032529097,0.20853555,0.20853545,1582450
0.1,3.413708e-05,0.0,0.9932608669290817,0.013194729691301463,0.032528482,0.032529097,0.20853555,0.20853545,1582450
0.1,7.545692e-05,0.0,0.9932608669290817,0.013194729691301463,0.032528482,0.032529097,0.20853555,0.20853545,1582450
0.1,0.008408301,0.009122267,0.9932608669290817,0.013194729691301463,0.032528482,0.032529097,0.20853555,0.20853545,1582450
0.1,0.0013538932,0.002335123,0.9932608669290817,0.013194729691301463,0.032528482,0.032529097,0.20853555,0.20853545,1582450
0.1,0.000120991856,0.0011381295,0.9932608669290817,0.013194729691301463,0.032528482,0.032529097,0.20853555,0.20853545,1582450
0.1,0.001790712,0.0027660246,0.9932608669290817,0.013194729691301463,0.032528482,0.032529097,0.20853555,0.20853545,1582450
0.1,0.028952667,0.02524406,0.9932608669290817,0.013194729691301463,0.032528482,0.032529097,0.20853555,0.20853545,1582450
0.1,0.039152786,0.033193856,0.9932608669290817,0.013194729691301463,0.032528482,0.032529097,0.20853555,0.20853545,1582450
0.1,0.0030546929,0.003457565,0.9932608669290817,0.013194729691301463,0.032528482,0.032529097,0.20853555,0.20853545,1582450
0.1,0.0031968658,0.0030560165,0.9932608669290817,0.013194729691301463,0.032528482,0.032529097,0.20853555,0.20853545,1582450
0.1,0.017233443,0.017296398,0.9932608669290817,0.013194729691301463,0.032528482,0.032529097,0.20853555,0.20853545,1582450
0.1,0.0014183582,0.0011909797,0.9932608669290817,0.013194729691301463,0.032528482,0.032529097,0.20853555,0.20853545,1582450
0.1,0.004547523,0.005551583,0.9932608669290817,0.013194729691301463,0.032528482,0.032529097,0.20853555,0.20853545,1582450
0.1,0.03967418,0.037371766,0.9932608669290817,0.013194729691301463,0.032528482,0.032529097,0.20853555,0.20853545,1582450
0.1,1.717024e-05,0.0010305448,0.9932608669290817,0.013194729691301463,0.032528482,0.032529097,0.20853555,0.20853545,1582450
0.1,0.0054962654,0.005760176,0.9932608669290817,0.013194729691301463,0.032528482,0.032529097,0.20853555,0.20853545,1582450
0.1,0.00048202867,0.0015166656,0.9932608669290817,0.013194729691301463,0.032528482,0.032529097,0.20853555,0.20853545,1582450
0.1,8.477053e-05,0.0010927181,0.9932608669290817,0.013194729691301463,0.032528482,0.032529097,0.20853555,0.20853545,1582450
0.1,0.0012076977,0.0021881585,0.9932608669290817,0.013194729691301463,0.032528482,0.032529097,0.20853555,0.20853545,1582450
0.1,0.0016528011,0.0025950659,0.9932608669290817,0.013194729691301463,0.032528482,0.032529097,0.20853555,0.20853545,1582450
0.1,0.00054602127,0.0014845461,0.9932608669290817,0.013194729691301463,0.032528482,0.032529097,0.20853555,0.20853545,1582450
0.1,0.0013139967,0.0022999903,0.9932608669290817,0.013194729691301463,0.032528482,0.032529097,0.20853555,0.20853545,1582450
0.1,6.7087785e-05,0.0010777047,0.9932608669290817,0.013194729691301463,0.032528482,0.032529097,0.20853555,0.20853545,1582450
0.1,0.078972116,0.07673517,0.9932608669290817,0.013194729691301463,0.032528482,0.032529097,0.20853555,0.20853545,1582450
0.1,0.0017067456,0.0025064945,0.9932608669290817,0.013194729691301463,0.032528482,0.032529097,0.20853555,0.20853545,1582450
0.1,0.00021764374,0.0011926385,0.9932608669290817,0.013194729691301463,0.032528482,0.032529097,0.20853555,0.20853545,1582450
0.1,0.00082235446,0.0016768337,0.9932608669290817,0.013194729691301463,0.032528482,0.032529097,0.20853555,0.20853545,1582450
0.1,0.0067638317,0.0074007716,0.9932608669290817,0.013194729691301463,0.032528482,0.032529097,0.20853555,0.20853545,1582450
0.1,0.12082447,0.11779747,0.9932608669290817,0.013194729691301463,0.032528482,0.032529097,0.20853555,0.20853545,1582450
0.1,0.023313103,0.02412144,0.9932608669290817,0.013194729691301463,0.032528482,0.032529097,0.20853555,0.20853545,1582450
0.1,0.00021728638,0.0012112173,0.9932608669290817,0.013194729691301463,0.032528482,0.032529097,0.20853555,0.20853545,1582450
0.1,0.0018398567,0.0026351323,0.9932608669290817,0.013194729691301463,0.032528482,0.032529097,0.20853555,0.20853545,1582450
0.1,0.00039048077,0.0013836919,0.9932608669290817,0.013194729691301463,0.032528482,0.032529097,0.20853555,0.20853545,1582450
0.1,0.0006162278,0.0016483997,0.9932608669290817,0.013194729691301463,0.032528482,0.032529097,0.20853555,0.20853545,1582450
0.1,0.008078654,0.009986719,0.9932608669290817,0.013194729691301463,0.032528482,0.032529097,0.20853555,0.20853545,1582450
0.1,0.004502573,0.0049835197,0.9932608669290817,0.013194729691301463,0.032528482,0.032529097,0.20853555,0.20853545,1582450
0.1,0.00824207,0.008387336,0.9932608669290817,0.013194729691301463,0.032528482,0.032529097,0.20853555,0.20853545,1582450
0.1,0.017930064,0.015064656,0.9932608669290817,0.013194729691301463,0.032528482,0.032529097,0.20853555,0.20853545,1582450
0.1,0.0010179562,0.0020051799,0.9932608669290817,0.013194729691301463,0.032528482,0.032529097,0.20853555,0.20853545,1582450
0.1,0.0018755591,0.0016392494,0.9932608669290817,0.013194729691301463,0.032528482,0.032529097,0.20853555,0.20853545,1582450
0.1,2.2680042e-05,0.0010374605,0.9932608669290817,0.013194729691301463,0.032528482,0.032529097,0.20853555,0.20853545,1582450
0.1,0.00058247783,0.0004715929,0.9932608669290817,0.013194729691301463,0.032528482,0.032529097,0.20853555,0.20853545,1582450
0.1,0.011248966,0.013251086,0.9932608669290817,0.013194729691301463,0.032528482,0.032529097,0.20853555,0.20853545,1582450
0.1,0.010396198,0.010760449,0.9932608669290817,0.013194729691301463,0.032528482,0.032529097,0.20853555,0.20853545,1582450
0.1,4.1319716e-05,0.0010542431,0.9932608669290817,0.013194729691301463,0.032528482,0.032529097,0.20853555,0.20853545,1582450
0.1,0.0010586546,0.002062023,0.9932608669290817,0.013194729691301463,0.032528482,0.032529097,0.20853555,0.20853545,1582450
0.1,0.09535266,0.09995802,0.9932608669290817,0.013194729691301463,0.032528482,0.032529097,0.20853555,0.20853545,1582450
0.1,0.013709887,0.013248693,0.9932608669290817,0.013194729691301463,0.032528482,0.032529097,0.20853555,0.20853545,1582450
0.1,0.00010498095,0.0011148419,0.9932608669290817,0.013194729691301463,0.032528482,0.032529097,0.20853555,0.20853545,1582450
0.1,0.014175235,0.014441887,0.9932608669290817,0.013194729691301463,0.032528482,0.032529097,0.20853555,0.20853545,1582450
0.1,0.0046392735,0.005543163,0.9932608669290817,0.013194729691301463,0.032528482,0.032529097,0.20853555,0.20853545,1582450
0.1,0.009750515,0.011313659,0.9932608669290817,0.013194729691301463,0.032528482,0.032529097,0.20853555,0.20853545,1582450
0.1,0.105486125,0.11185556,0.9932608669290817,0.013194729691301463,0.032528482,0.032529097,0.20853555,0.20853545,1582450
0.1,0.00038029943,0.0013572817,0.9932608669290817,0.013194729691301463,0.032528482,0.032529097,0.20853555,0.20853545,1582450
0.1,0.007710986,0.009649206,0.9932608669290817,0.013194729691301463,0.032528482,0.032529097,0.20853555,0.20853545,1582450
0.1,0.0033952713,0.004702817,0.9932608669290817,0.013194729691301463,0.032528482,0.032529097,0.20853555,0.20853545,1582450
0.1,0.00031925956,0.0012735924,0.9932608669290817,0.013194729691301463,0.032528482,0.032529097,0.20853555,0.20853545,1582450
0.1,0.00027311378,0.00025414478,0.9932608669290817,0.013194729691301463,0.032528482,0.032529097,0.20853555,0.20853545,1582450
0.1,0.023195772,0.020832058,0.9932608669290817,0.013194729691301463,0.032528482,0.032529097,0.20853555,0.20853545,1582450
0.1,0.0017957176,0.003012702,0.9932608669290817,0.013194729691301463,0.032528482,0.032529097,0.20853555,0.20853545,1582450
0.1,0.0015116073,0.0025720238,0.9932608669290817,0.013194729691301463,0.032528482,0.032529097,0.20853555,0.20853545,1582450
0.1,0.005145488,0.0066031488,0.9932608669290817,0.013194729691301463,0.032528482,0.032529097,0.20853555,0.20853545,1582450
0.1,0.007567034,0.00861801,0.9932608669290817,0.013194729691301463,0.032528482,0.032529097,0.20853555,0.20853545,1582450
0.1,0.0010926261,0.0010958889,0.9932608669290817,0.013194729691301463,0.032528482,0.032529097,0.20853555,0.20853545,1582450
0.1,0.0056506987,0.007312038,0.9932608669290817,0.013194729691301463,0.032528482,0.032529097,0.20853555,0.20853545,1582450
0.1,0.004740578,0.005635106,0.9932608669290817,0.013194729691301463,0.032528482,0.032529097,0.20853555,0.20853545,1582450
0.1,0.0046048886,0.0059840037,0.9932608669290817,0.013194729691301463,0.032528482,0.032529097,0.20853555,0.20853545,1582450
0.1,0.0012894638,0.0025991267,0.9932608669290817,0.013194729691301463,0.032528482,0.032529097,0.20853555,0.20853545,1582450
0.1,0.00021477969,0.0011898183,0.9932608669290817,0.013194729691301463,0.032528482,0.032529097,0.20853555,0.20853545,1582450
0.1,0.004745811,0.004868475,0.9932608669290817,0.013194729691301463,0.032528482,0.032529097,0.20853555,0.20853545,1582450
0.1,0.010709448,0.0105933575,0.9932608669290817,0.013194729691301463,0.032528482,0.032529097,0.20853555,0.20853545,1582450
0.1,0.27164346,0.22421756,0.9932608669290817,0.013194729691301463,0.032528482,0.032529097,0.20853555,0.20853545,1582450
0.1,0.016769081,0.015806314,0.9932608669290817,0.013194729691301463,0.032528482,0.032529097,0.20853555,0.20853545,1582450
0.1,0.042315997,0.040140845,0.9932608669290817,0.013194729691301463,0.032528482,0.032529097,0.20853555,0.20853545,1582450
0.1,0.000655848,0.0005092478,0.9932608669290817,0.013194729691301463,0.032528482,0.032529097,0.20853555,0.20853545,1582450
0.1,0.0085590165,0.0071683507,0.9932608669290817,0.013194729691301463,0.032528482,0.032529097,0.20853555,0.20853545,1582450
0.1,0.020309746,0.018664632,0.9932608669290817,0.013194729691301463,0.032528482,0.032529097,0.20853555,0.20853545,1582450
0.1,0.0060556573,0.0058941413,0.9932608669290817,0.013194729691301463,0.032528482,0.032529097,0.20853555,0.20853545,1582450
0.1,0.0004296913,0.0013411858,0.9932608669290817,0.013194729691301463,0.032528482,0.032529097,0.20853555,0.20853545,1582450
0.1,0.00027961147,0.0012438452,0.9932608669290817,0.013194729691301463,0.032528482,0.032529097,0.20853555,0.20853545,1582450
0.1,0.0007758671,0.00069904496,0.9932608669290817,0.013194729691301463,0.032528482,0.032529097,0.20853555,0.20853545,1582450
0.1,0.0037181566,0.0051850136,0.9932608669290817,0.013194729691301463,0.032528482,0.032529097,0.20853555,0.20853545,1582450
0.1,0.018226746,0.018926168,0.9932608669290817,0.013194729691301463,0.032528482,0.032529097,0.20853555,0.20853545,1582450
0.1,0.034661684,0.036942903,0.9932608669290817,0.013194729691301463,0.032528482,0.032529097,0.20853555,0.20853545,1582450
0.1,0.019324532,0.021004226,0.9932608669290817,0.013194729691301463,0.032528482,0.032529097,0.20853555,0.20853545,1582450
0.1,0.012713022,0.014741496,0.9932608669290817,0.013194729691301463,0.032528482,0.032529097,0.20853555,0.20853545,1582450
0.1,0.014264081,0.0143142,0.9932608669290817,0.013194729691301463,0.032528482,0.032529097,0.20853555,0.20853545,1582450
0.1,3.505094e-05,0.0,0.9932608669290817,0.013194729691301463,0.032528482,0.032529097,0.20853555,0.20853545,1582450
0.1,0.030551111,0.030338416,0.9932608669290817,0.013194729691301463,0.032528482,0.032529097,0.20853555,0.20853545,1582450
0.1,0.00022384853,0.0012077738,0.9932608669290817,0.013194729691301463,0.032528482,0.032529097,0.20853555,0.20853545,1582450
0.1,0.05535118,0.049874432,0.9932608669290817,0.013194729691301463,0.032528482,0.032529097,0.20853555,0.20853545,1582450
0.1,0.11666948,0.09697869,0.9932608669290817,0.013194729691301463,0.032528482,0.032529097,0.20853555,0.20853545,1582450
0.1,0.006942701,0.007750285,0.9932608669290817,0.013194729691301463,0.032528482,0.032529097,0.20853555,0.20853545,1582450
0.1,0.0030028345,0.004051228,0.9932608669290817,0.013194729691301463,0.032528482,0.032529097,0.20853555,0.20853545,1582450
0.1,0.08506855,0.08585385,0.9932608669290817,0.013194729691301463,0.032528482,0.032529097,0.20853555,0.20853545,1582450
0.1,0.0020508352,0.0018466566,0.9932608669290817,0.013194729691301463,0.032528482,0.032529097,0.20853555,0.20853545,1582450
0.1,0.0016568992,0.0025126121,0.9932608669290817,0.013194729691301463,0.032528482,0.032529097,0.20853555,0.20853545,1582450
0.1,0.0143074775,0.015027886,0.9932608669290817,0.013194729691301463,0.032528482,0.032529097,0.20853555,0.20853545,1582450
0.1,0.0104847355,0.009836373,0.9932608669290817,0.013194729691301463,0.032528482,0.032529097,0.20853555,0.20853545,1582450
0.1,0.0008242163,0.0017441893,0.9932608669290817,0.013194729691301463,0.032528482,0.032529097,0.20853555,0.20853545,1582450
0.1,0.0018958938,0.0028097066,0.9932608669290817,0.013194729691301463,0.032528482,0.032529097,0.20853555,0.20853545,1582450
0.1,0.006460671,0.006756256,0.9932608669290817,0.013194729691301463,0.032528482,0.032529097,0.20853555,0.20853545,1582450
0.1,0.018190112,0.01955452,0.9932608669290817,0.013194729691301463,0.032528482,0.032529097,0.20853555,0.20853545,1582450
0.1,0.014121264,0.015570273,0.9932608669290817,0.013194729691301463,0.032528482,0.032529097,0.20853555,0.20853545,1582450
0.1,0.0002583286,0.0012954669,0.9932608669290817,0.013194729691301463,0.032528482,0.032529097,0.20853555,0.20853545,1582450
0.1,0.050005566,0.049889997,0.9932608669290817,0.013194729691301463,0.032528482,0.032529097,0.20853555,0.20853545,1582450
0.1,0.00059275504,0.0016040803,0.9932608669290817,0.013194729691301463,0.032528482,0.032529097,0.20853555,0.20853545,1582450
0.1,0.0006147774,0.00054492394,0.9932608669290817,0.013194729691301463,0.032528482,0.032529097,0.20853555,0.20853545,1582450
0.1,8.911905e-05,0.0,0.9932608669290817,0.013194729691301463,0.032528482,0.032529097,0.20853555,0.20853545,1582450
0.1,0.05655607,0.05648959,0.9932608669290817,0.013194729691301463,0.032528482,0.032529097,0.20853555,0.20853545,1582450
0.1,0.0053215837,0.0064002154,0.9932608669290817,0.013194729691301463,0.032528482,0.032529097,0.20853555,0.20853545,1582450
0.1,0.007822078,0.008834846,0.9932608669290817,0.013194729691301463,0.032528482,0.032529097,0.20853555,0.20853545,1582450
0.1,0.016312353,0.015349043,0.9932608669290817,0.013194729691301463,0.032528482,0.032529097,0.20853555,0.20853545,1582450
0.1,0.0076317214,0.0076684356,0.9932608669290817,0.013194729691301463,0.032528482,0.032529097,0.20853555,0.20853545,1582450
0.1,0.0021868395,0.003298716,0.9932608669290817,0.013194729691301463,0.032528482,0.032529097,0.20853555,0.20853545,1582450
0.1,0.0005195855,0.0015444636,0.9932608669290817,0.013194729691301463,0.032528482,0.032529097,0.20853555,0.20853545,1582450
0.1,0.016401898,0.017677134,0.9932608669290817,0.013194729691301463,0.032528482,0.032529097,0.20853555,0.20853545,1582450
0.1,0.021763835,0.022190133,0.9932608669290817,0.013194729691301463,0.032528482,0.032529097,0.20853555,0.20853545,1582450
0.1,0.085262425,0.07819143,0.9932608669290817,0.013194729691301463,0.032528482,0.032529097,0.20853555,0.20853545,1582450
0.1,0.00011581394,0.0011192693,0.9932608669290817,0.013194729691301463,0.032528482,0.032529097,0.20853555,0.20853545,1582450
0.1,0.0027702805,0.0042134477,0.9932608669290817,0.013194729691301463,0.032528482,0.032529097,0.20853555,0.20853545,1582450
0.1,0.007671085,0.008331299,0.9932608669290817,0.013194729691301463,0.032528482,0.032529097,0.20853555,0.20853545,1582450
0.1,0.0006279799,0.00050888845,0.9932608669290817,0.013194729691301463,0.032528482,0.032529097,0.20853555,0.20853545,1582450
0.1,0.015170321,0.014484756,0.9932608669290817,0.013194729691301463,0.032528482,0.032529097,0.20853555,0.20853545,1582450
0.1,4.1429088e-05,0.0,0.9932608669290817,0.013194729691301463,0.032528482,0.032529097,0.20853555,0.20853545,1582450
0.1,0.00013297907,2.0114872e-05,0.9932608669290817,0.013194729691301463,0.032528482,0.032529097,0.20853555,0.20853545,1582450
0.1,0.02773831,0.02879294,0.9932608669290817,0.013194729691301463,0.032528482,0.032529097,0.20853555,0.20853545,1582450
0.1,0.08327142,0.07397669,0.9932608669290817,0.013194729691301463,0.032528482,0.032529097,0.20853555,0.20853545,1582450
0.1,0.0034974706,0.004643411,0.9932608669290817,0.013194729691301463,0.032528482,0.032529097,0.20853555,0.20853545,1582450
0.1,0.00044945825,0.0014667484,0.9932608669290817,0.013194729691301463,0.032528482,0.032529097,0.20853555,0.20853545,1582450
0.1,0.010125907,0.010226093,0.9932608669290817,0.013194729691301463,0.032528482,0.032529097,0.20853555,0.20853545,1582450
0.1,0.007370842,0.009433472,0.9932608669290817,0.013194729691301463,0.032528482,0.032529097,0.20853555,0.20853545,1582450
0.1,0.0123642385,0.012660456,0.9932608669290817,0.013194729691301463,0.032528482,0.032529097,0.20853555,0.20853545,1582450
0.1,0.006352351,0.007815823,0.9932608669290817,0.013194729691301463,0.032528482,0.032529097,0.20853555,0.20853545,1582450
0.1,0.0059371456,0.0063216724,0.9932608669290817,0.013194729691301463,0.032528482,0.032529097,0.20853555,0.20853545,1582450
0.1,0.0033097204,0.0043521053,0.9932608669290817,0.013194729691301463,0.032528482,0.032529097,0.20853555,0.20853545,1582450
0.1,0.0020549926,0.002366248,0.9932608669290817,0.013194729691301463,0.032528482,0.032529097,0.20853555,0.20853545,1582450
0.1,0.00021279028,0.0012176085,0.9932608669290817,0.013194729691301463,0.032528482,0.032529097,0.20853555,0.20853545,1582450
0.1,5.879643e-05,0.0010668582,0.9932608669290817,0.013194729691301463,0.032528482,0.032529097,0.20853555,0.20853545,1582450
0.1,0.04546523,0.039490536,0.9932608669290817,0.013194729691301463,0.032528482,0.032529097,0.20853555,0.20853545,1582450
0.1,0.0046476163,0.0055695907,0.9932608669290817,0.013194729691301463,0.032528482,0.032529097,0.20853555,0.20853545,1582450
0.1,0.0080413595,0.0072173118,0.9932608669290817,0.013194729691301463,0.032528482,0.032529097,0.20853555,0.20853545,1582450
0.1,0.0656733,0.07169188,0.9932608669290817,0.013194729691301463,0.032528482,0.032529097,0.20853555,0.20853545,1582450
0.1,0.20595701,0.23220083,0.9932608669290817,0.013194729691301463,0.032528482,0.032529097,0.20853555,0.20853545,1582450
0.1,0.024396963,0.024268968,0.9932608669290817,0.013194729691301463,0.032528482,0.032529097,0.20853555,0.20853545,1582450
0.1,0.0007935992,0.0017321608,0.9932608669290817,0.013194729691301463,0.032528482,0.032529097,0.20853555,0.20853545,1582450
0.1,0.02383746,0.020781541,0.9932608669290817,0.013194729691301463,0.032528482,0.032529097,0.20853555,0.20853545,1582450
0.1,0.038469113,0.038842127,0.9932608669290817,0.013194729691301463,0.032528482,0.032529097,0.20853555,0.20853545,1582450
0.1,0.00028359648,0.0012451601,0.9932608669290817,0.013194729691301463,0.032528482,0.032529097,0.20853555,0.20853545,1582450
0.1,0.00033366383,0.0013359152,0.9932608669290817,0.013194729691301463,0.032528482,0.032529097,0.20853555,0.20853545,1582450
0.1,9.254151e-05,0.0011015574,0.9932608669290817,0.013194729691301463,0.032528482,0.032529097,0.20853555,0.20853545,1582450
0.1,0.004423129,0.0053587407,0.9932608669290817,0.013194729691301463,0.032528482,0.032529097,0.20853555,0.20853545,1582450
0.1,6.21784e-06,0.0010219318,0.9932608669290817,0.013194729691301463,0.032528482,0.032529097,0.20853555,0.20853545,1582450
0.1,0.0005489249,0.0015634319,0.9932608669290817,0.013194729691301463,0.032528482,0.032529097,0.20853555,0.20853545,1582450
0.1,0.049097847,0.05317206,0.9932608669290817,0.013194729691301463,0.032528482,0.032529097,0.20853555,0.20853545,1582450
0.1,0.0019409771,0.0030262352,0.9932608669290817,0.013194729691301463,0.032528482,0.032529097,0.20853555,0.20853545,1582450
0.1,7.77937e-06,0.001023749,0.9932608669290817,0.013194729691301463,0.032528482,0.032529097,0.20853555,0.20853545,1582450
0.1,0.0003016032,0.0013210339,0.9932608669290817,0.013194729691301463,0.032528482,0.032529097,0.20853555,0.20853545,1582450
0.1,0.05785391,0.059408635,0.9932608669290817,0.013194729691301463,0.032528482,0.032529097,0.20853555,0.20853545,1582450
0.1,0.0030173722,0.002883875,0.9932608669290817,0.013194729691301463,0.032528482,0.032529097,0.20853555,0.20853545,1582450
0.1,0.003576528,0.0047624917,0.9932608669290817,0.013194729691301463,0.032528482,0.032529097,0.20853555,0.20853545,1582450
0.1,0.0006775944,0.0005961687,0.9932608669290817,0.013194729691301463,0.032528482,0.032529097,0.20853555,0.20853545,1582450
0.1,0.25762373,0.2326228,0.9932608669290817,0.013194729691301463,0.032528482,0.032529097,0.20853555,0.20853545,1582450
0.1,0.0006142087,0.0005522316,0.9932608669290817,0.013194729691301463,0.032528482,0.032529097,0.20853555,0.20853545,1582450
0.1,0.013131167,0.014359211,0.9932608669290817,0.013194729691301463,0.032528482,0.032529097,0.20853555,0.20853545,1582450
0.1,0.010133546,0.012441352,0.9932608669290817,0.013194729691301463,0.032528482,0.032529097,0.20853555,0.20853545,1582450
0.1,0.041226096,0.04057155,0.9932608669290817,0.013194729691301463,0.032528482,0.032529097,0.20853555,0.20853545,1582450
0.1,0.043272533,0.051538557,0.9932608669290817,0.013194729691301463,0.032528482,0.032529097,0.20853555,0.20853545,1582450
0.1,0.0003552466,0.000269552,0.9932608669290817,0.013194729691301463,0.032528482,0.032529097,0.20853555,0.20853545,1582450
0.1,0.006406213,0.007430592,0.9932608669290817,0.013194729691301463,0.032528482,0.032529097,0.20853555,0.20853545,1582450
0.1,0.24979419,0.24931583,0.9932608669290817,0.013194729691301463,0.032528482,0.032529097,0.20853555,0.20853545,1582450
0.1,0.015774596,0.016200658,0.9932608669290817,0.013194729691301463,0.032528482,0.032529097,0.20853555,0.20853545,1582450
0.1,0.01096479,0.011109518,0.9932608669290817,0.013194729691301463,0.032528482,0.032529097,0.20853555,0.20853545,1582450
0.1,0.10136476,0.10853056,0.9932608669290817,0.013194729691301463,0.032528482,0.032529097,0.20853555,0.20853545,1582450
0.1,0.012341884,0.011524499,0.9932608669290817,0.013194729691301463,0.032528482,0.032529097,0.20853555,0.20853545,1582450
0.1,0.010951905,0.010591419,0.9932608669290817,0.013194729691301463,0.032528482,0.032529097,0.20853555,0.20853545,1582450
0.1,0.009565074,0.008703322,0.9932608669290817,0.013194729691301463,0.032528482,0.032529097,0.20853555,0.20853545,1582450
0.1,0.07317359,0.068423554,0.9932608669290817,0.013194729691301463,0.032528482,0.032529097,0.20853555,0.20853545,1582450
0.1,0.03958926,0.034762774,0.9932608669290817,0.013194729691301463,0.032528482,0.032529097,0.20853555,0.20853545,1582450
0.1,0.0004410985,0.0014235758,0.9932608669290817,0.013194729691301463,0.032528482,0.032529097,0.20853555,0.20853545,1582450
0.1,0.0024032332,0.003475205,0.9932608669290817,0.013194729691301463,0.032528482,0.032529097,0.20853555,0.20853545,1582450
0.1,0.05308727,0.056649525,0.9932608669290817,0.013194729691301463,0.032528482,0.032529097,0.20853555,0.20853545,1582450
0.1,0.056892622,0.05453833,0.9932608669290817,0.013194729691301463,0.032528482,0.032529097,0.20853555,0.20853545,1582450
0.1,0.0028147881,0.0032783966,0.9932608669290817,0.013194729691301463,0.032528482,0.032529097,0.20853555,0.20853545,1582450
0.1,0.0060101654,0.0057125106,0.9932608669290817,0.013194729691301463,0.032528482,0.032529097,0.20853555,0.20853545,1582450
0.1,6.7610235e-05,0.0010759183,0.9932608669290817,0.013194729691301463,0.032528482,0.032529097,0.20853555,0.20853545,1582450
0.1,0.000814873,0.0018978023,0.9932608669290817,0.013194729691301463,0.032528482,0.032529097,0.20853555,0.20853545,1582450
0.1,0.017280037,0.015656687,0.9932608669290817,0.013194729691301463,0.032528482,0.032529097,0.20853555,0.20853545,1582450
0.1,0.008208976,0.009379507,0.9932608669290817,0.013194729691301463,0.032528482,0.032529097,0.20853555,0.20853545,1582450
0.1,0.0012956907,0.0021910304,0.9932608669290817,0.013194729691301463,0.032528482,0.032529097,0.20853555,0.20853545,1582450
0.1,0.07060945,0.07312876,0.9932608669290817,0.013194729691301463,0.032528482,0.032529097,0.20853555,0.20853545,1582450
0.1,0.0023059817,0.002869209,0.9932608669290817,0.013194729691301463,0.032528482,0.032529097,0.20853555,0.20853545,1582450
0.1,6.2262548e-06,0.0010207527,0.9932608669290817,0.013194729691301463,0.032528482,0.032529097,0.20853555,0.20853545,1582450
0.1,2.964075e-05,0.0010423164,0.9932608669290817,0.013194729691301463,0.032528482,0.032529097,0.20853555,0.20853545,1582450
0.1,0.00052553596,0.0015440446,0.9932608669290817,0.013194729691301463,0.032528482,0.032529097,0.20853555,0.20853545,1582450
0.1,0.0008449935,0.0018193959,0.9932608669290817,0.013194729691301463,0.032528482,0.032529097,0.20853555,0.20853545,1582450
0.1,0.002786168,0.0039055436,0.9932608669290817,0.013194729691301463,0.032528482,0.032529097,0.20853555,0.20853545,1582450
0.1,0.024186559,0.024595598,0.9932608669290817,0.013194729691301463,0.032528482,0.032529097,0.20853555,0.20853545,1582450
0.1,0.0024784494,0.0029658186,0.9932608669290817,0.013194729691301463,0.032528482,0.032529097,0.20853555,0.20853545,1582450
0.1,0.020973135,0.023841128,0.9932608669290817,0.013194729691301463,0.032528482,0.032529097,0.20853555,0.20853545,1582450
0.1,0.049413167,0.05168281,0.9932608669290817,0.013194729691301463,0.032528482,0.032529097,0.20853555,0.20853545,1582450
0.1,0.028907117,0.029507333,0.9932608669290817,0.013194729691301463,0.032528482,0.032529097,0.20853555,0.20853545,1582450
0.1,0.0026471552,0.0036015552,0.9932608669290817,0.013194729691301463,0.032528482,0.032529097,0.20853555,0.20853545,1582450
0.1,0.03978522,0.039632086,0.9932608669290817,0.013194729691301463,0.032528482,0.032529097,0.20853555,0.20853545,1582450
0.1,0.00014632416,0.0011377785,0.9932608669290817,0.013194729691301463,0.032528482,0.032529097,0.20853555,0.20853545,1582450
0.1,0.000369854,0.00032634067,0.9932608669290817,0.013194729691301463,0.032528482,0.032529097,0.20853555,0.20853545,1582450
0.1,0.0006120068,0.00050558255,0.9932608669290817,0.013194729691301463,0.032528482,0.032529097,0.20853555,0.20853545,1582450
0.1,0.0033464879,0.0044714264,0.9932608669290817,0.013194729691301463,0.032528482,0.032529097,0.20853555,0.20853545,1582450
0.1,0.00044204426,0.00032881892,0.9932608669290817,0.013194729691301463,0.032528482,0.032529097,0.20853555,0.20853545,1582450
0.1,0.015349535,0.01576523,0.9932608669290817,0.013194729691301463,0.032528482,0.032529097,0.20853555,0.20853545,1582450
0.1,0.00037290604,0.0013899236,0.9932608669290817,0.013194729691301463,0.032528482,0.032529097,0.20853555,0.20853545,1582450
0.1,0.0012207982,0.002250382,0.9932608669290817,0.013194729691301463,0.032528482,0.032529097,0.20853555,0.20853545,1582450
0.1,2.2955542,2.557966,0.9932608669290817,0.013194729691301463,0.032528482,0.032529097,0.20853555,0.20853545,1582450
0.1,0.013112702,0.012317613,0.9932608669290817,0.013194729691301463,0.032528482,0.032529097,0.20853555,0.20853545,1582450
0.1,0.005160733,0.0062098466,0.9932608669290817,0.013194729691301463,0.032528482,0.032529097,0.20853555,0.20853545,1582450
0.1,0.015158565,0.015396061,0.9932608669290817,0.013194729691301463,0.032528482,0.032529097,0.20853555,0.20853545,1582450
0.1,0.0010903918,0.00080943527,0.9932608669290817,0.013194729691301463,0.032528482,0.032529097,0.20853555,0.20853545,1582450
0.1,0.005961931,0.0067083966,0.9932608669290817,0.013194729691301463,0.032528482,0.032529097,0.20853555,0.20853545,1582450
0.1,0.024401076,0.023133416,0.9932608669290817,0.013194729691301463,0.032528482,0.032529097,0.20853555,0.20853545,1582450
0.1,0.070331216,0.06742543,0.9932608669290817,0.013194729691301463,0.032528482,0.032529097,0.20853555,0.20853545,1582450
0.1,0.0029457707,0.0035537332,0.9932608669290817,0.013194729691301463,0.032528482,0.032529097,0.20853555,0.20853545,1582450
0.1,0.0006250424,0.001568713,0.9932608669290817,0.013194729691301463,0.032528482,0.032529097,0.20853555,0.20853545,1582450
0.1,0.028232133,0.02916577,0.9932608669290817,0.013194729691301463,0.032528482,0.032529097,0.20853555,0.20853545,1582450
0.1,0.045388542,0.04679005,0.9932608669290817,0.013194729691301463,0.032528482,0.032529097,0.20853555,0.20853545,1582450
0.1,0.0011314355,0.0020162968,0.9932608669290817,0.013194729691301463,0.032528482,0.032529097,0.20853555,0.20853545,1582450
0.1,0.09637994,0.11563502,0.9932608669290817,0.013194729691301463,0.032528482,0.032529097,0.20853555,0.20853545,1582450
0.1,7.655967e-05,0.0010913959,0.9932608669290817,0.013194729691301463,0.032528482,0.032529097,0.20853555,0.20853545,1582450
0.1,0.025031904,0.024533203,0.9932608669290817,0.013194729691301463,0.032528482,0.032529097,0.20853555,0.20853545,1582450
0.1,0.0009900074,0.0019048215,0.9932608669290817,0.013194729691301463,0.032528482,0.032529097,0.20853555,0.20853545,1582450
0.1,0.003842401,0.0039621205,0.9932608669290817,0.013194729691301463,0.032528482,0.032529097,0.20853555,0.20853545,1582450
0.1,0.02518987,0.025036449,0.9932608669290817,0.013194729691301463,0.032528482,0.032529097,0.20853555,0.20853545,1582450
0.1,0.014402204,0.01630369,0.9932608669290817,0.013194729691301463,0.032528482,0.032529097,0.20853555,0.20853545,1582450
0.1,0.005425061,0.006749863,0.9932608669290817,0.013194729691301463,0.032528482,0.032529097,0.20853555,0.20853545,1582450
0.1,3.966082e-05,0.001050293,0.9932608669290817,0.013194729691301463,0.032528482,0.032529097,0.20853555,0.20853545,1582450
0.1,0.27104935,0.30996066,0.9932608669290817,0.013194729691301463,0.032528482,0.032529097,0.20853555,0.20853545,1582450
0.1,0.0025145207,0.003336566,0.9932608669290817,0.013194729691301463,0.032528482,0.032529097,0.20853555,0.20853545,1582450
0.1,0.0232888,0.02433327,0.9932608669290817,0.013194729691301463,0.032528482,0.032529097,0.20853555,0.20853545,1582450
0.1,0.020399734,0.019815333,0.9932608669290817,0.013194729691301463,0.032528482,0.032529097,0.20853555,0.20853545,1582450
0.1,0.0037721589,0.005082431,0.9932608669290817,0.013194729691301463,0.032528482,0.032529097,0.20853555,0.20853545,1582450
0.1,0.04215197,0.04644233,0.9932608669290817,0.013194729691301463,0.032528482,0.032529097,0.20853555,0.20853545,1582450
0.1,0.09645723,0.07825417,0.9932608669290817,0.013194729691301463,0.032528482,0.032529097,0.20853555,0.20853545,1582450
0.1,0.0016585985,0.0023288035,0.9932608669290817,0.013194729691301463,0.032528482,0.032529097,0.20853555,0.20853545,1582450
0.1,0.035980348,0.036050666,0.9932608669290817,0.013194729691301463,0.032528482,0.032529097,0.20853555,0.20853545,1582450
0.1,0.00042407302,0.00032598214,0.9932608669290817,0.013194729691301463,0.032528482,0.032529097,0.20853555,0.20853545,1582450
0.1,5.4560565e-05,0.0,0.9932608669290817,0.013194729691301463,0.032528482,0.032529097,0.20853555,0.20853545,1582450
0.1,0.0014226346,0.0024194776,0.9932608669290817,0.013194729691301463,0.032528482,0.032529097,0.20853555,0.20853545,1582450
0.1,0.00097355444,0.0019638902,0.9932608669290817,0.013194729691301463,0.032528482,0.032529097,0.20853555,0.20853545,1582450
0.1,0.045109883,0.041715093,0.9932608669290817,0.013194729691301463,0.032528482,0.032529097,0.20853555,0.20853545,1582450
0.1,0.031372286,0.03153519,0.9932608669290817,0.013194729691301463,0.032528482,0.032529097,0.20853555,0.20853545,1582450
0.1,0.003751407,0.003535465,0.9932608669290817,0.013194729691301463,0.032528482,0.032529097,0.20853555,0.20853545,1582450
0.1,0.3454327,0.33565077,0.9932608669290817,0.013194729691301463,0.032528482,0.032529097,0.20853555,0.20853545,1582450
0.1,0.45831183,0.4410007,0.9932608669290817,0.013194729691301463,0.032528482,0.032529097,0.20853555,0.20853545,1582450
0.1,0.016959367,0.018940395,0.9932608669290817,0.013194729691301463,0.032528482,0.032529097,0.20853555,0.20853545,1582450
0.1,0.0014828559,0.0022205233,0.9932608669290817,0.013194729691301463,0.032528482,0.032529097,0.20853555,0.20853545,1582450
0.1,0.00014397767,0.0011627747,0.9932608669290817,0.013194729691301463,0.032528482,0.032529097,0.20853555,0.20853545,1582450
0.1,0.014197467,0.015334797,0.9932608669290817,0.013194729691301463,0.032528482,0.032529097,0.20853555,0.20853545,1582450
0.1,0.0038404837,0.004486702,0.9932608669290817,0.013194729691301463,0.032528482,0.032529097,0.20853555,0.20853545,1582450
0.1,0.00036571478,0.0013536284,0.9932608669290817,0.013194729691301463,0.032528482,0.032529097,0.20853555,0.20853545,1582450
0.1,0.0011335141,0.001935316,0.9932608669290817,0.013194729691301463,0.032528482,0.032529097,0.20853555,0.20853545,1582450
0.1,0.008223644,0.008578453,0.9932608669290817,0.013194729691301463,0.032528482,0.032529097,0.20853555,0.20853545,1582450
0.1,2.910017e-05,0.0010432019,0.9932608669290817,0.013194729691301463,0.032528482,0.032529097,0.20853555,0.20853545,1582450
0.1,0.001551911,0.0022538414,0.9932608669290817,0.013194729691301463,0.032528482,0.032529097,0.20853555,0.20853545,1582450
0.1,0.0024681618,0.0032023294,0.9932608669290817,0.013194729691301463,0.032528482,0.032529097,0.20853555,0.20853545,1582450
0.1,0.000837255,0.0017894999,0.9932608669290817,0.013194729691301463,0.032528482,0.032529097,0.20853555,0.20853545,1582450
0.1,0.00326741,0.0036779908,0.9932608669290817,0.013194729691301463,0.032528482,0.032529097,0.20853555,0.20853545,1582450
0.1,0.0022868607,0.00284505,0.9932608669290817,0.013194729691301463,0.032528482,0.032529097,0.20853555,0.20853545,1582450
0.1,0.00010096841,2.1842538e-05,0.9932608669290817,0.013194729691301463,0.032528482,0.032529097,0.20853555,0.20853545,1582450
0.1,7.5132964e-05,0.0010760289,0.9932608669290817,0.013194729691301463,0.032528482,0.032529097,0.20853555,0.20853545,1582450
0.1,0.000465149,0.001452177,0.9932608669290817,0.013194729691301463,0.032528482,0.032529097,0.20853555,0.20853545,1582450
0.1,0.00075675483,0.0017272312,0.9932608669290817,0.013194729691301463,0.032528482,0.032529097,0.20853555,0.20853545,1582450
0.1,0.0030864403,0.004172715,0.9932608669290817,0.013194729691301463,0.032528482,0.032529097,0.20853555,0.20853545,1582450
0.1,0.0005543773,0.0015546025,0.9932608669290817,0.013194729691301463,0.032528482,0.032529097,0.20853555,0.20853545,1582450
0.1,0.0015137872,0.0026642308,0.9932608669290817,0.013194729691301463,0.032528482,0.032529097,0.20853555,0.20853545,1582450
0.1,0.03043394,0.039005484,0.9932608669290817,0.013194729691301463,0.032528482,0.032529097,0.20853555,0.20853545,1582450
0.1,0.0037948396,0.0041684485,0.9932608669290817,0.013194729691301463,0.032528482,0.032529097,0.20853555,0.20853545,1582450
0.1,0.0009830804,0.0019300032,0.9932608669290817,0.013194729691301463,0.032528482,0.032529097,0.20853555,0.20853545,1582450
0.1,0.00013177983,0.0011550174,0.9932608669290817,0.013194729691301463,0.032528482,0.032529097,0.20853555,0.20853545,1582450
0.1,0.0032452745,0.0037419691,0.9932608669290817,0.013194729691301463,0.032528482,0.032529097,0.20853555,0.20853545,1582450
0.1,0.00064421276,0.0015942983,0.9932608669290817,0.013194729691301463,0.032528482,0.032529097,0.20853555,0.20853545,1582450
0.1,0.0042500207,0.006360535,0.9932608669290817,0.013194729691301463,0.032528482,0.032529097,0.20853555,0.20853545,1582450
0.1,0.00778754,0.008981357,0.9932608669290817,0.013194729691301463,0.032528482,0.032529097,0.20853555,0.20853545,1582450
0.1,0.038945336,0.036084305,0.9932608669290817,0.013194729691301463,0.032528482,0.032529097,0.20853555,0.20853545,1582450
0.1,0.0083612325,0.00833645,0.9932608669290817,0.013194729691301463,0.032528482,0.032529097,0.20853555,0.20853545,1582450
0.1,0.00024602114,0.001264739,0.9932608669290817,0.013194729691301463,0.032528482,0.032529097,0.20853555,0.20853545,1582450
0.1,0.017510334,0.01861788,0.9932608669290817,0.013194729691301463,0.032528482,0.032529097,0.20853555,0.20853545,1582450
0.1,0.0020946285,0.0030037344,0.9932608669290817,0.013194729691301463,0.032528482,0.032529097,0.20853555,0.20853545,1582450
0.1,0.03636584,0.03564401,0.9932608669290817,0.013194729691301463,0.032528482,0.032529097,0.20853555,0.20853545,1582450
0.1,0.018232647,0.018667385,0.9932608669290817,0.013194729691301463,0.032528482,0.032529097,0.20853555,0.20853545,1582450
0.1,5.205515e-05,0.0,0.9932608669290817,0.013194729691301463,0.032528482,0.032529097,0.20853555,0.20853545,1582450
0.1,0.0019922385,0.0016071867,0.9932608669290817,0.013194729691301463,0.032528482,0.032529097,0.20853555,0.20853545,1582450
0.1,0.010725264,0.012107896,0.9932608669290817,0.013194729691301463,0.032528482,0.032529097,0.20853555,0.20853545,1582450
0.1,0.006106091,0.007617491,0.9932608669290817,0.013194729691301463,0.032528482,0.032529097,0.20853555,0.20853545,1582450
0.1,0.0031108,0.0037479256,0.9932608669290817,0.013194729691301463,0.032528482,0.032529097,0.20853555,0.20853545,1582450
0.1,0.0005530111,0.00051781256,0.9932608669290817,0.013194729691301463,0.032528482,0.032529097,0.20853555,0.20853545,1582450
0.1,0.116842926,0.12071568,0.9932608669290817,0.013194729691301463,0.032528482,0.032529097,0.20853555,0.20853545,1582450
0.1,0.022782857,0.023639856,0.9932608669290817,0.013194729691301463,0.032528482,0.032529097,0.20853555,0.20853545,1582450
0.1,0.0002194878,0.0012458556,0.9932608669290817,0.013194729691301463,0.032528482,0.032529097,0.20853555,0.20853545,1582450
0.1,0.042775143,0.046195924,0.9932608669290817,0.013194729691301463,0.032528482,0.032529097,0.20853555,0.20853545,1582450
0.1,0.14985542,0.18786114,0.9932608669290817,0.013194729691301463,0.032528482,0.032529097,0.20853555,0.20853545,1582450
0.1,0.0002114376,0.0012408991,0.9932608669290817,0.013194729691301463,0.032528482,0.032529097,0.20853555,0.20853545,1582450
0.1,0.07643072,0.086553715,0.9932608669290817,0.013194729691301463,0.032528482,0.032529097,0.20853555,0.20853545,1582450
0.1,0.00010057126,0.0011028349,0.9932608669290817,0.013194729691301463,0.032528482,0.032529097,0.20853555,0.20853545,1582450
0.1,0.022635981,0.026044577,0.9932608669290817,0.013194729691301463,0.032528482,0.032529097,0.20853555,0.20853545,1582450
0.1,0.04489284,0.049039956,0.9932608669290817,0.013194729691301463,0.032528482,0.032529097,0.20853555,0.20853545,1582450
0.1,0.0010860169,0.0010366704,0.9932608669290817,0.013194729691301463,0.032528482,0.032529097,0.20853555,0.20853545,1582450
0.1,0.00093902496,0.0019193749,0.9932608669290817,0.013194729691301463,0.032528482,0.032529097,0.20853555,0.20853545,1582450
0.1,1.1065062e-05,0.0010245965,0.9932608669290817,0.013194729691301463,0.032528482,0.032529097,0.20853555,0.20853545,1582450
0.1,7.5891166e-06,0.0010221654,0.9932608669290817,0.013194729691301463,0.032528482,0.032529097,0.20853555,0.20853545,1582450
0.1,0.14623523,0.14689544,0.9932608669290817,0.013194729691301463,0.032528482,0.032529097,0.20853555,0.20853545,1582450
0.1,0.020696724,0.017458325,0.9932608669290817,0.013194729691301463,0.032528482,0.032529097,0.20853555,0.20853545,1582450
0.1,0.0040107258,0.004868089,0.9932608669290817,0.013194729691301463,0.032528482,0.032529097,0.20853555,0.20853545,1582450
0.1,0.5555695,0.48712698,0.9932608669290817,0.013194729691301463,0.032528482,0.032529097,0.20853555,0.20853545,1582450
0.1,0.00054494553,0.0014352475,0.9932608669290817,0.013194729691301463,0.032528482,0.032529097,0.20853555,0.20853545,1582450
0.1,0.0011061367,0.0020095105,0.9932608669290817,0.013194729691301463,0.032528482,0.032529097,0.20853555,0.20853545,1582450
0.1,0.011462005,0.01059721,0.9932608669290817,0.013194729691301463,0.032528482,0.032529097,0.20853555,0.20853545,1582450
0.1,6.2286796e-05,0.0,0.9932608669290817,0.013194729691301463,0.032528482,0.032529097,0.20853555,0.20853545,1582450
0.1,0.03212462,0.032854654,0.9932608669290817,0.013194729691301463,0.032528482,0.032529097,0.20853555,0.20853545,1582450
0.1,0.0055449177,0.00598733,0.9932608669290817,0.013194729691301463,0.032528482,0.032529097,0.20853555,0.20853545,1582450
0.1,1.2296698e-05,0.0,0.9932608669290817,0.013194729691301463,0.032528482,0.032529097,0.20853555,0.20853545,1582450
0.1,0.00051776576,0.0014940699,0.9932608669290817,0.013194729691301463,0.032528482,0.032529097,0.20853555,0.20853545,1582450
0.1,0.0005337357,0.0014526126,0.9932608669290817,0.013194729691301463,0.032528482,0.032529097,0.20853555,0.20853545,1582450
0.1,0.00089349743,0.0019904831,0.9932608669290817,0.013194729691301463,0.032528482,0.032529097,0.20853555,0.20853545,1582450
0.1,0.019093502,0.020378267,0.9932608669290817,0.013194729691301463,0.032528482,0.032529097,0.20853555,0.20853545,1582450
0.1,0.027533883,0.02866753,0.9932608669290817,0.013194729691301463,0.032528482,0.032529097,0.20853555,0.20853545,1582450
0.1,0.0017471833,0.0019608834,0.9932608669290817,0.013194729691301463,0.032528482,0.032529097,0.20853555,0.20853545,1582450
0.1,0.008506633,0.008513145,0.9932608669290817,0.013194729691301463,0.032528482,0.032529097,0.20853555,0.20853545,1582450
0.1,0.00015061724,0.0011623502,0.9932608669290817,0.013194729691301463,0.032528482,0.032529097,0.20853555,0.20853545,1582450
0.1,0.0030031176,0.0031490112,0.9932608669290817,0.013194729691301463,0.032528482,0.032529097,0.20853555,0.20853545,1582450
0.1,0.0003848618,0.0013809269,0.9932608669290817,0.013194729691301463,0.032528482,0.032529097,0.20853555,0.20853545,1582450
0.1,0.00041938343,0.0014131641,0.9932608669290817,0.013194729691301463,0.032528482,0.032529097,0.20853555,0.20853545,1582450
0.1,0.0018031903,0.002539523,0.9932608669290817,0.013194729691301463,0.032528482,0.032529097,0.20853555,0.20853545,1582450
0.1,0.0007511564,0.0018311377,0.9932608669290817,0.013194729691301463,0.032528482,0.032529097,0.20853555,0.20853545,1582450
0.1,0.10624994,0.110594615,0.9932608669290817,0.013194729691301463,0.032528482,0.032529097,0.20853555,0.20853545,1582450
0.1,0.1466805,0.12485399,0.9932608669290817,0.013194729691301463,0.032528482,0.032529097,0.20853555,0.20853545,1582450
0.1,0.1517007,0.14557901,0.9932608669290817,0.013194729691301463,0.032528482,0.032529097,0.20853555,0.20853545,1582450
0.1,0.00026051677,0.0012323085,0.9932608669290817,0.013194729691301463,0.032528482,0.032529097,0.20853555,0.20853545,1582450
0.1,0.16053846,0.1538496,0.9932608669290817,0.013194729691301463,0.032528482,0.032529097,0.20853555,0.20853545,1582450
0.1,3.9318013e-05,0.0010521763,0.9932608669290817,0.013194729691301463,0.032528482,0.032529097,0.20853555,0.20853545,1582450
0.1,0.07054586,0.08198949,0.9932608669290817,0.013194729691301463,0.032528482,0.032529097,0.20853555,0.20853545,1582450
0.1,0.07510531,0.075698435,0.9932608669290817,0.013194729691301463,0.032528482,0.032529097,0.20853555,0.20853545,1582450
0.1,0.00022000803,0.0012336771,0.9932608669290817,0.013194729691301463,0.032528482,0.032529097,0.20853555,0.20853545,1582450
0.1,0.00282846,0.0030032138,0.9932608669290817,0.013194729691301463,0.032528482,0.032529097,0.20853555,0.20853545,1582450
0.1,0.011080669,0.012772013,0.9932608669290817,0.013194729691301463,0.032528482,0.032529097,0.20853555,0.20853545,1582450
0.1,0.049744565,0.050294425,0.9932608669290817,0.013194729691301463,0.032528482,0.032529097,0.20853555,0.20853545,1582450
0.1,0.000697243,0.0017227308,0.9932608669290817,0.013194729691301463,0.032528482,0.032529097,0.20853555,0.20853545,1582450
0.1,0.046723947,0.048784457,0.9932608669290817,0.013194729691301463,0.032528482,0.032529097,0.20853555,0.20853545,1582450
0.1,0.0074664126,0.008572334,0.9932608669290817,0.013194729691301463,0.032528482,0.032529097,0.20853555,0.20853545,1582450
0.1,0.026854197,0.027656855,0.9932608669290817,0.013194729691301463,0.032528482,0.032529097,0.20853555,0.20853545,1582450
0.1,0.023451328,0.026968475,0.9932608669290817,0.013194729691301463,0.032528482,0.032529097,0.20853555,0.20853545,1582450
0.1,0.043301336,0.04318412,0.9932608669290817,0.013194729691301463,0.032528482,0.032529097,0.20853555,0.20853545,1582450
0.1,0.00016032932,0.0011779977,0.9932608669290817,0.013194729691301463,0.032528482,0.032529097,0.20853555,0.20853545,1582450
0.1,0.011428023,0.011823415,0.9932608669290817,0.013194729691301463,0.032528482,0.032529097,0.20853555,0.20853545,1582450
0.1,0.00047001714,0.0014261872,0.9932608669290817,0.013194729691301463,0.032528482,0.032529097,0.20853555,0.20853545,1582450
0.1,0.00022065405,0.0012003843,0.9932608669290817,0.013194729691301463,0.032528482,0.032529097,0.20853555,0.20853545,1582450
0.1,0.0013187126,0.002245486,0.9932608669290817,0.013194729691301463,0.032528482,0.032529097,0.20853555,0.20853545,1582450
0.1,0.004333001,0.00531057,0.9932608669290817,0.013194729691301463,0.032528482,0.032529097,0.20853555,0.20853545,1582450
0.1,0.00091994967,0.0018060281,0.9932608669290817,0.013194729691301463,0.032528482,0.032529097,0.20853555,0.20853545,1582450
0.1,0.0008469538,0.0019292479,0.9932608669290817,0.013194729691301463,0.032528482,0.032529097,0.20853555,0.20853545,1582450
0.1,0.02440924,0.025118206,0.9932608669290817,0.013194729691301463,0.032528482,0.032529097,0.20853555,0.20853545,1582450
0.1,0.0047562243,0.0050318325,0.9932608669290817,0.013194729691301463,0.032528482,0.032529097,0.20853555,0.20853545,1582450
0.1,0.15027417,0.14182186,0.9932608669290817,0.013194729691301463,0.032528482,0.032529097,0.20853555,0.20853545,1582450
0.1,0.11473082,0.09808258,0.9932608669290817,0.013194729691301463,0.032528482,0.032529097,0.20853555,0.20853545,1582450
0.1,0.26672164,0.27478847,0.9932608669290817,0.013194729691301463,0.032528482,0.032529097,0.20853555,0.20853545,1582450
0.1,0.103484824,0.11298722,0.9932608669290817,0.013194729691301463,0.032528482,0.032529097,0.20853555,0.20853545,1582450
0.1,0.01640957,0.020057322,0.9932608669290817,0.013194729691301463,0.032528482,0.032529097,0.20853555,0.20853545,1582450
0.1,0.010303167,0.012026539,0.9932608669290817,0.013194729691301463,0.032528482,0.032529097,0.20853555,0.20853545,1582450
0.1,0.023960212,0.024967726,0.9932608669290817,0.013194729691301463,0.032528482,0.032529097,0.20853555,0.20853545,1582450
0.1,0.0053629847,0.0054462086,0.9932608669290817,0.013194729691301463,0.032528482,0.032529097,0.20853555,0.20853545,1582450
0.1,0.00027516423,0.00025902802,0.9932608669290817,0.013194729691301463,0.032528482,0.032529097,0.20853555,0.20853545,1582450
0.1,0.0013580489,0.002357705,0.9932608669290817,0.013194729691301463,0.032528482,0.032529097,0.20853555,0.20853545,1582450
0.1,0.0001101662,0.0011258608,0.9932608669290817,0.013194729691301463,0.032528482,0.032529097,0.20853555,0.20853545,1582450
0.1,8.004732e-05,0.0,0.9932608669290817,0.013194729691301463,0.032528482,0.032529097,0.20853555,0.20853545,1582450
0.1,0.0013231054,0.0021908013,0.9932608669290817,0.013194729691301463,0.032528482,0.032529097,0.20853555,0.20853545,1582450
0.1,0.0643822,0.060882986,0.9932608669290817,0.013194729691301463,0.032528482,0.032529097,0.20853555,0.20853545,1582450
0.1,0.00080643746,0.00071865984,0.9932608669290817,0.013194729691301463,0.032528482,0.032529097,0.20853555,0.20853545,1582450
0.1,0.0010607626,0.0020102165,0.9932608669290817,0.013194729691301463,0.032528482,0.032529097,0.20853555,0.20853545,1582450
0.1,0.00047485792,0.0014359948,0.9932608669290817,0.013194729691301463,0.032528482,0.032529097,0.20853555,0.20853545,1582450
0.1,0.012174878,0.014212777,0.9932608669290817,0.013194729691301463,0.032528482,0.032529097,0.20853555,0.20853545,1582450
0.1,0.0024404598,0.00341561,0.9932608669290817,0.013194729691301463,0.032528482,0.032529097,0.20853555,0.20853545,1582450
0.1,0.00084534445,0.0019434858,0.9932608669290817,0.013194729691301463,0.032528482,0.032529097,0.20853555,0.20853545,1582450
0.1,0.046025302,0.053292878,0.9932608669290817,0.013194729691301463,0.032528482,0.032529097,0.20853555,0.20853545,1582450
0.1,0.05642509,0.06018611,0.9932608669290817,0.013194729691301463,0.032528482,0.032529097,0.20853555,0.20853545,1582450
0.1,0.033307232,0.03652925,0.9932608669290817,0.013194729691301463,0.032528482,0.032529097,0.20853555,0.20853545,1582450
0.1,0.016075263,0.015503754,0.9932608669290817,0.013194729691301463,0.032528482,0.032529097,0.20853555,0.20853545,1582450
0.1,0.004456624,0.004891419,0.9932608669290817,0.013194729691301463,0.032528482,0.032529097,0.20853555,0.20853545,1582450
0.1,0.0040273503,0.0052461387,0.9932608669290817,0.013194729691301463,0.032528482,0.032529097,0.20853555,0.20853545,1582450
0.1,0.021409111,0.025707116,0.9932608669290817,0.013194729691301463,0.032528482,0.032529097,0.20853555,0.20853545,1582450
0.1,0.0004275268,0.0014381832,0.9932608669290817,0.013194729691301463,0.032528482,0.032529097,0.20853555,0.20853545,1582450
0.1,0.018243508,0.01992324,0.9932608669290817,0.013194729691301463,0.032528482,0.032529097,0.20853555,0.20853545,1582450
0.1,0.00463197,0.0059330785,0.9932608669290817,0.013194729691301463,0.032528482,0.032529097,0.20853555,0.20853545,1582450
0.1,0.102317885,0.094168775,0.9932608669290817,0.013194729691301463,0.032528482,0.032529097,0.20853555,0.20853545,1582450
0.1,0.00024115069,0.00013373412,0.9932608669290817,0.013194729691301463,0.032528482,0.032529097,0.20853555,0.20853545,1582450
0.1,0.005352383,0.0053717336,0.9932608669290817,0.013194729691301463,0.032528482,0.032529097,0.20853555,0.20853545,1582450
0.1,0.04514749,0.04226713,0.9932608669290817,0.013194729691301463,0.032528482,0.032529097,0.20853555,0.20853545,1582450
0.1,0.0012536141,0.002420718,0.9932608669290817,0.013194729691301463,0.032528482,0.032529097,0.20853555,0.20853545,1582450
0.1,0.0068739736,0.007882939,0.9932608669290817,0.013194729691301463,0.032528482,0.032529097,0.20853555,0.20853545,1582450
0.1,0.22505644,0.20468691,0.9932608669290817,0.013194729691301463,0.032528482,0.032529097,0.20853555,0.20853545,1582450
0.1,9.942437e-06,0.0010239087,0.9932608669290817,0.013194729691301463,0.032528482,0.032529097,0.20853555,0.20853545,1582450
0.1,0.00016302636,0.0011766977,0.9932608669290817,0.013194729691301463,0.032528482,0.032529097,0.20853555,0.20853545,1582450
0.1,0.08541066,0.09670161,0.9932608669290817,0.013194729691301463,0.032528482,0.032529097,0.20853555,0.20853545,1582450
0.1,0.00050522276,0.0014406056,0.9932608669290817,0.013194729691301463,0.032528482,0.032529097,0.20853555,0.20853545,1582450
0.1,0.004400692,0.00579981,0.9932608669290817,0.013194729691301463,0.032528482,0.032529097,0.20853555,0.20853545,1582450
0.1,0.000394914,0.0013883907,0.9932608669290817,0.013194729691301463,0.032528482,0.032529097,0.20853555,0.20853545,1582450
0.1,0.00028336621,0.00021510336,0.9932608669290817,0.013194729691301463,0.032528482,0.032529097,0.20853555,0.20853545,1582450
0.1,0.00092663325,0.0018583655,0.9932608669290817,0.013194729691301463,0.032528482,0.032529097,0.20853555,0.20853545,1582450
0.1,0.2059606,0.21363197,0.9932608669290817,0.013194729691301463,0.032528482,0.032529097,0.20853555,0.20853545,1582450
0.1,0.0016098937,0.0023327563,0.9932608669290817,0.013194729691301463,0.032528482,0.032529097,0.20853555,0.20853545,1582450
0.1,0.00036636865,0.0014212434,0.9932608669290817,0.013194729691301463,0.032528482,0.032529097,0.20853555,0.20853545,1582450
0.1,0.016910478,0.017272389,0.9932608669290817,0.013194729691301463,0.032528482,0.032529097,0.20853555,0.20853545,1582450
0.1,8.3233426e-05,0.0010971731,0.9932608669290817,0.013194729691301463,0.032528482,0.032529097,0.20853555,0.20853545,1582450
0.1,0.0018107729,0.0025835475,0.9932608669290817,0.013194729691301463,0.032528482,0.032529097,0.20853555,0.20853545,1582450
0.1,0.0015203262,0.0022957602,0.9932608669290817,0.013194729691301463,0.032528482,0.032529097,0.20853555,0.20853545,1582450
0.1,0.16332084,0.16621184,0.9932608669290817,0.013194729691301463,0.032528482,0.032529097,0.20853555,0.20853545,1582450
0.1,0.0002627551,0.001285871,0.9932608669290817,0.013194729691301463,0.032528482,0.032529097,0.20853555,0.20853545,1582450
0.1,0.00067694223,0.00055026106,0.9932608669290817,0.013194729691301463,0.032528482,0.032529097,0.20853555,0.20853545,1582450
0.1,0.0015380364,0.0025520902,0.9932608669290817,0.013194729691301463,0.032528482,0.032529097,0.20853555,0.20853545,1582450
0.1,0.0020193446,0.00279994,0.9932608669290817,0.013194729691301463,0.032528482,0.032529097,0.20853555,0.20853545,1582450
0.1,0.0012324636,0.0011864428,0.9932608669290817,0.013194729691301463,0.032528482,0.032529097,0.20853555,0.20853545,1582450
0.1,0.00250877,0.0022366415,0.9932608669290817,0.013194729691301463,0.032528482,0.032529097,0.20853555,0.20853545,1582450
0.1,0.00021144118,0.0012042013,0.9932608669290817,0.013194729691301463,0.032528482,0.032529097,0.20853555,0.20853545,1582450
0.1,0.016137363,0.015890758,0.9932608669290817,0.013194729691301463,0.032528482,0.032529097,0.20853555,0.20853545,1582450
0.1,0.0027001668,0.0034191818,0.9932608669290817,0.013194729691301463,0.032528482,0.032529097,0.20853555,0.20853545,1582450
0.1,5.70042e-06,0.0010216207,0.9932608669290817,0.013194729691301463,0.032528482,0.032529097,0.20853555,0.20853545,1582450
0.1,0.004579852,0.0043095867,0.9932608669290817,0.013194729691301463,0.032528482,0.032529097,0.20853555,0.20853545,1582450
0.1,0.0018589619,0.0028158955,0.9932608669290817,0.013194729691301463,0.032528482,0.032529097,0.20853555,0.20853545,1582450
0.1,0.08562209,0.07478156,0.9932608669290817,0.013194729691301463,0.032528482,0.032529097,0.20853555,0.20853545,1582450
0.1,0.005456715,0.0053838617,0.9932608669290817,0.013194729691301463,0.032528482,0.032529097,0.20853555,0.20853545,1582450
0.1,0.0007186171,0.0007023663,0.9932608669290817,0.013194729691301463,0.032528482,0.032529097,0.20853555,0.20853545,1582450
0.1,0.003646273,0.0046262816,0.9932608669290817,0.013194729691301463,0.032528482,0.032529097,0.20853555,0.20853545,1582450
0.1,0.009098891,0.010643816,0.9932608669290817,0.013194729691301463,0.032528482,0.032529097,0.20853555,0.20853545,1582450
0.1,0.00022085171,0.0012343009,0.9932608669290817,0.013194729691301463,0.032528482,0.032529097,0.20853555,0.20853545,1582450
0.1,6.608688e-05,0.001083797,0.9932608669290817,0.013194729691301463,0.032528482,0.032529097,0.20853555,0.20853545,1582450
0.1,0.010195193,0.009901637,0.9932608669290817,0.013194729691301463,0.032528482,0.032529097,0.20853555,0.20853545,1582450
0.1,0.0018501563,0.0030111535,0.9932608669290817,0.013194729691301463,0.032528482,0.032529097,0.20853555,0.20853545,1582450
0.1,0.0030793948,0.004091,0.9932608669290817,0.013194729691301463,0.032528482,0.032529097,0.20853555,0.20853545,1582450
0.1,0.033834912,0.034565303,0.9932608669290817,0.013194729691301463,0.032528482,0.032529097,0.20853555,0.20853545,1582450
0.1,0.0003539635,0.00025153827,0.9932608669290817,0.013194729691301463,0.032528482,0.032529097,0.20853555,0.20853545,1582450
0.1,9.237457e-05,0.0011047935,0.9932608669290817,0.013194729691301463,0.032528482,0.032529097,0.20853555,0.20853545,1582450
0.1,0.022681735,0.02323915,0.9932608669290817,0.013194729691301463,0.032528482,0.032529097,0.20853555,0.20853545,1582450
0.1,5.431135e-05,0.0010652903,0.9932608669290817,0.013194729691301463,0.032528482,0.032529097,0.20853555,0.20853545,1582450
0.1,1.3033773e-05,0.0010282282,0.9932608669290817,0.013194729691301463,0.032528482,0.032529097,0.20853555,0.20853545,1582450
0.1,0.006496953,0.0066672317,0.9932608669290817,0.013194729691301463,0.032528482,0.032529097,0.20853555,0.20853545,1582450
0.1,0.03282393,0.034630556,0.9932608669290817,0.013194729691301463,0.032528482,0.032529097,0.20853555,0.20853545,1582450
0.1,0.0004405526,0.0003642393,0.9932608669290817,0.013194729691301463,0.032528482,0.032529097,0.20853555,0.20853545,1582450
0.1,0.00011121752,0.0011161402,0.9932608669290817,0.013194729691301463,0.032528482,0.032529097,0.20853555,0.20853545,1582450
0.1,0.00028477318,0.0012723955,0.9932608669290817,0.013194729691301463,0.032528482,0.032529097,0.20853555,0.20853545,1582450
0.1,0.0033065937,0.0040816483,0.9932608669290817,0.013194729691301463,0.032528482,0.032529097,0.20853555,0.20853545,1582450
0.1,0.003130963,0.003099188,0.9932608669290817,0.013194729691301463,0.032528482,0.032529097,0.20853555,0.20853545,1582450
0.1,0.016870273,0.017973445,0.9932608669290817,0.013194729691301463,0.032528482,0.032529097,0.20853555,0.20853545,1582450
0.1,0.001397964,0.0023467627,0.9932608669290817,0.013194729691301463,0.032528482,0.032529097,0.20853555,0.20853545,1582450
0.1,0.01966301,0.017755128,0.9932608669290817,0.013194729691301463,0.032528482,0.032529097,0.20853555,0.20853545,1582450
0.1,0.000110731264,6.467813e-06,0.9932608669290817,0.013194729691301463,0.032528482,0.032529097,0.20853555,0.20853545,1582450
0.1,0.00027395465,0.00017174464,0.9932608669290817,0.013194729691301463,0.032528482,0.032529097,0.20853555,0.20853545,1582450
0.1,0.021862777,0.018142384,0.9932608669290817,0.013194729691301463,0.032528482,0.032529097,0.20853555,0.20853545,1582450
0.1,0.007598752,0.00826879,0.9932608669290817,0.013194729691301463,0.032528482,0.032529097,0.20853555,0.20853545,1582450
0.1,0.023279592,0.024731528,0.9932608669290817,0.013194729691301463,0.032528482,0.032529097,0.20853555,0.20853545,1582450
0.1,0.0016374943,0.0017471506,0.9932608669290817,0.013194729691301463,0.032528482,0.032529097,0.20853555,0.20853545,1582450
0.1,0.0041280645,0.0045664534,0.9932608669290817,0.013194729691301463,0.032528482,0.032529097,0.20853555,0.20853545,1582450
0.1,0.0011984305,0.0020712502,0.9932608669290817,0.013194729691301463,0.032528482,0.032529097,0.20853555,0.20853545,1582450
0.1,0.20394579,0.22386391,0.9932608669290817,0.013194729691301463,0.032528482,0.032529097,0.20853555,0.20853545,1582450
0.1,0.037098903,0.032250475,0.9932608669290817,0.013194729691301463,0.032528482,0.032529097,0.20853555,0.20853545,1582450
0.1,0.10674002,0.11272653,0.9932608669290817,0.013194729691301463,0.032528482,0.032529097,0.20853555,0.20853545,1582450
0.1,0.104679085,0.12011958,0.9932608669290817,0.013194729691301463,0.032528482,0.032529097,0.20853555,0.20853545,1582450
0.1,0.052433316,0.051586676,0.9932608669290817,0.013194729691301463,0.032528482,0.032529097,0.20853555,0.20853545,1582450
0.1,0.004671047,0.005521013,0.9932608669290817,0.013194729691301463,0.032528482,0.032529097,0.20853555,0.20853545,1582450
0.1,0.000983151,0.0019883437,0.9932608669290817,0.013194729691301463,0.032528482,0.032529097,0.20853555,0.20853545,1582450
0.1,0.0052394224,0.0056700893,0.9932608669290817,0.013194729691301463,0.032528482,0.032529097,0.20853555,0.20853545,1582450
0.1,0.023965668,0.02336056,0.9932608669290817,0.013194729691301463,0.032528482,0.032529097,0.20853555,0.20853545,1582450
0.1,0.0004343852,0.00031995433,0.9932608669290817,0.013194729691301463,0.032528482,0.032529097,0.20853555,0.20853545,1582450
0.1,0.0072793197,0.007866082,0.9932608669290817,0.013194729691301463,0.032528482,0.032529097,0.20853555,0.20853545,1582450
0.1,0.02726256,0.023023907,0.9932608669290817,0.013194729691301463,0.032528482,0.032529097,0.20853555,0.20853545,1582450
0.1,0.00364473,0.00424257,0.9932608669290817,0.013194729691301463,0.032528482,0.032529097,0.20853555,0.20853545,1582450
0.1,0.00029192094,0.0013118406,0.9932608669290817,0.013194729691301463,0.032528482,0.032529097,0.20853555,0.20853545,1582450
0.1,5.1892835e-05,0.0010695724,0.9932608669290817,0.013194729691301463,0.032528482,0.032529097,0.20853555,0.20853545,1582450
0.1,0.02805551,0.032715026,0.9932608669290817,0.013194729691301463,0.032528482,0.032529097,0.20853555,0.20853545,1582450
0.1,0.0023074371,0.0031052171,0.9932608669290817,0.013194729691301463,0.032528482,0.032529097,0.20853555,0.20853545,1582450
0.1,9.82931e-05,0.0011245868,0.9932608669290817,0.013194729691301463,0.032528482,0.032529097,0.20853555,0.20853545,1582450
0.1,0.0020439217,0.0027232622,0.9932608669290817,0.013194729691301463,0.032528482,0.032529097,0.20853555,0.20853545,1582450
0.1,0.0027064483,0.0025655003,0.9932608669290817,0.013194729691301463,0.032528482,0.032529097,0.20853555,0.20853545,1582450
0.1,0.010710049,0.013495115,0.9932608669290817,0.013194729691301463,0.032528482,0.032529097,0.20853555,0.20853545,1582450
0.1,0.0006777243,0.0017419948,0.9932608669290817,0.013194729691301463,0.032528482,0.032529097,0.20853555,0.20853545,1582450
0.1,0.0033206872,0.0038615556,0.9932608669290817,0.013194729691301463,0.032528482,0.032529097,0.20853555,0.20853545,1582450
0.1,0.0076980116,0.00787291,0.9932608669290817,0.013194729691301463,0.032528482,0.032529097,0.20853555,0.20853545,1582450
0.1,8.010921e-05,0.0,0.9932608669290817,0.013194729691301463,0.032528482,0.032529097,0.20853555,0.20853545,1582450
0.1,0.0020634672,0.002523775,0.9932608669290817,0.013194729691301463,0.032528482,0.032529097,0.20853555,0.20853545,1582450
0.1,8.488563e-05,0.0010994616,0.9932608669290817,0.013194729691301463,0.032528482,0.032529097,0.20853555,0.20853545,1582450
0.1,0.00020871259,0.0012112416,0.9932608669290817,0.013194729691301463,0.032528482,0.032529097,0.20853555,0.20853545,1582450
0.1,0.0026256319,0.0034185715,0.9932608669290817,0.013194729691301463,0.032528482,0.032529097,0.20853555,0.20853545,1582450
0.1,0.0005435214,0.0015134831,0.9932608669290817,0.013194729691301463,0.032528482,0.032529097,0.20853555,0.20853545,1582450
0.1,0.0016871255,0.002575878,0.9932608669290817,0.013194729691301463,0.032528482,0.032529097,0.20853555,0.20853545,1582450
0.1,0.009421628,0.010404387,0.9932608669290817,0.013194729691301463,0.032528482,0.032529097,0.20853555,0.20853545,1582450
0.1,0.04452411,0.045764152,0.9932608669290817,0.013194729691301463,0.032528482,0.032529097,0.20853555,0.20853545,1582450
0.1,0.0053823637,0.005833009,0.9932608669290817,0.013194729691301463,0.032528482,0.032529097,0.20853555,0.20853545,1582450
0.1,0.0016343541,0.0029229047,0.9932608669290817,0.013194729691301463,0.032528482,0.032529097,0.20853555,0.20853545,1582450
0.1,0.00018495189,0.0011791233,0.9932608669290817,0.013194729691301463,0.032528482,0.032529097,0.20853555,0.20853545,1582450
0.1,0.018093593,0.015703846,0.9932608669290817,0.013194729691301463,0.032528482,0.032529097,0.20853555,0.20853545,1582450
0.1,0.016272215,0.015156027,0.9932608669290817,0.013194729691301463,0.032528482,0.032529097,0.20853555,0.20853545,1582450
0.1,0.29300478,0.22865637,0.9932608669290817,0.013194729691301463,0.032528482,0.032529097,0.20853555,0.20853545,1582450
0.1,0.0003023251,0.0012763285,0.9932608669290817,0.013194729691301463,0.032528482,0.032529097,0.20853555,0.20853545,1582450
0.1,0.0021857563,0.0025566784,0.9932608669290817,0.013194729691301463,0.032528482,0.032529097,0.20853555,0.20853545,1582450
0.1,0.02988782,0.026959995,0.9932608669290817,0.013194729691301463,0.032528482,0.032529097,0.20853555,0.20853545,1582450
0.1,0.11301332,0.11365924,0.9932608669290817,0.013194729691301463,0.032528482,0.032529097,0.20853555,0.20853545,1582450
0.1,0.00019984713,0.0012037983,0.9932608669290817,0.013194729691301463,0.032528482,0.032529097,0.20853555,0.20853545,1582450
0.1,0.03791731,0.045126062,0.9932608669290817,0.013194729691301463,0.032528482,0.032529097,0.20853555,0.20853545,1582450
0.1,0.11620871,0.122053996,0.9932608669290817,0.013194729691301463,0.032528482,0.032529097,0.20853555,0.20853545,1582450
0.1,0.03065066,0.02724495,0.9932608669290817,0.013194729691301463,0.032528482,0.032529097,0.20853555,0.20853545,1582450
0.1,0.00025402947,0.0012817133,0.9932608669290817,0.013194729691301463,0.032528482,0.032529097,0.20853555,0.20853545,1582450
0.1,6.723014e-05,0.0010697298,0.9932608669290817,0.013194729691301463,0.032528482,0.032529097,0.20853555,0.20853545,1582450
0.1,0.0007522418,0.0017130718,0.9932608669290817,0.013194729691301463,0.032528482,0.032529097,0.20853555,0.20853545,1582450
0.1,0.01153186,0.0133186905,0.9932608669290817,0.013194729691301463,0.032528482,0.032529097,0.20853555,0.20853545,1582450
0.1,0.056078713,0.049582303,0.9932608669290817,0.013194729691301463,0.032528482,0.032529097,0.20853555,0.20853545,1582450
0.1,0.0017573816,0.001429761,0.9932608669290817,0.013194729691301463,0.032528482,0.032529097,0.20853555,0.20853545,1582450
0.1,0.003029507,0.00288686,0.9932608669290817,0.013194729691301463,0.032528482,0.032529097,0.20853555,0.20853545,1582450
0.1,0.104066156,0.08941286,0.9932608669290817,0.013194729691301463,0.032528482,0.032529097,0.20853555,0.20853545,1582450
0.1,6.0653834e-05,0.0,0.9932608669290817,0.013194729691301463,0.032528482,0.032529097,0.20853555,0.20853545,1582450
0.1,0.00029243968,0.0013334103,0.9932608669290817,0.013194729691301463,0.032528482,0.032529097,0.20853555,0.20853545,1582450
0.1,0.02123512,0.022256419,0.9932608669290817,0.013194729691301463,0.032528482,0.032529097,0.20853555,0.20853545,1582450
0.1,0.0067050606,0.0073883547,0.9932608669290817,0.013194729691301463,0.032528482,0.032529097,0.20853555,0.20853545,1582450
0.1,0.00041310274,0.0014411526,0.9932608669290817,0.013194729691301463,0.032528482,0.032529097,0.20853555,0.20853545,1582450
0.1,0.7175649,0.72072923,0.9932608669290817,0.013194729691301463,0.032528482,0.032529097,0.20853555,0.20853545,1582450
0.1,0.00030485654,0.0013079428,0.9932608669290817,0.013194729691301463,0.032528482,0.032529097,0.20853555,0.20853545,1582450
0.1,0.0014886713,0.0024083282,0.9932608669290817,0.013194729691301463,0.032528482,0.032529097,0.20853555,0.20853545,1582450
0.1,0.002525776,0.003606039,0.9932608669290817,0.013194729691301463,0.032528482,0.032529097,0.20853555,0.20853545,1582450
0.1,0.0011125541,0.0020068688,0.9932608669290817,0.013194729691301463,0.032528482,0.032529097,0.20853555,0.20853545,1582450
0.1,0.0019891001,0.0020194396,0.9932608669290817,0.013194729691301463,0.032528482,0.032529097,0.20853555,0.20853545,1582450
0.1,0.00040173414,0.0013949524,0.9932608669290817,0.013194729691301463,0.032528482,0.032529097,0.20853555,0.20853545,1582450
0.1,0.00010449931,0.0011054539,0.9932608669290817,0.013194729691301463,0.032528482,0.032529097,0.20853555,0.20853545,1582450
0.1,0.02171762,0.01808122,0.9932608669290817,0.013194729691301463,0.032528482,0.032529097,0.20853555,0.20853545,1582450
0.1,0.01629297,0.016972648,0.9932608669290817,0.013194729691301463,0.032528482,0.032529097,0.20853555,0.20853545,1582450
0.1,9.511621e-05,0.0011109894,0.9932608669290817,0.013194729691301463,0.032528482,0.032529097,0.20853555,0.20853545,1582450
0.1,0.0044932505,0.0048185093,0.9932608669290817,0.013194729691301463,0.032528482,0.032529097,0.20853555,0.20853545,1582450
0.1,0.00045513365,0.0015091007,0.9932608669290817,0.013194729691301463,0.032528482,0.032529097,0.20853555,0.20853545,1582450
0.1,0.013909442,0.01498228,0.9932608669290817,0.013194729691301463,0.032528482,0.032529097,0.20853555,0.20853545,1582450
0.1,7.5350414e-05,0.0,0.9932608669290817,0.013194729691301463,0.032528482,0.032529097,0.20853555,0.20853545,1582450
0.1,5.734503e-05,0.0010682162,0.9932608669290817,0.013194729691301463,0.032528482,0.032529097,0.20853555,0.20853545,1582450
0.1,0.00020215414,0.001203311,0.9932608669290817,0.013194729691301463,0.032528482,0.032529097,0.20853555,0.20853545,1582450
0.1,0.00045647987,0.0014909989,0.9932608669290817,0.013194729691301463,0.032528482,0.032529097,0.20853555,0.20853545,1582450
0.1,0.009325902,0.008648128,0.9932608669290817,0.013194729691301463,0.032528482,0.032529097,0.20853555,0.20853545,1582450
0.1,6.674806e-05,0.0010803881,0.9932608669290817,0.013194729691301463,0.032528482,0.032529097,0.20853555,0.20853545,1582450
0.1,0.00031611393,0.00024588307,0.9932608669290817,0.013194729691301463,0.032528482,0.032529097,0.20853555,0.20853545,1582450
0.1,0.00966071,0.008573926,0.9932608669290817,0.013194729691301463,0.032528482,0.032529097,0.20853555,0.20853545,1582450
0.1,0.00022481664,0.0012134879,0.9932608669290817,0.013194729691301463,0.032528482,0.032529097,0.20853555,0.20853545,1582450
0.1,0.0036968072,0.004759275,0.9932608669290817,0.013194729691301463,0.032528482,0.032529097,0.20853555,0.20853545,1582450
0.1,0.006697701,0.0075466805,0.9932608669290817,0.013194729691301463,0.032528482,0.032529097,0.20853555,0.20853545,1582450
0.1,0.0046747755,0.004926352,0.9932608669290817,0.013194729691301463,0.032528482,0.032529097,0.20853555,0.20853545,1582450
0.1,0.0011237821,0.0009183368,0.9932608669290817,0.013194729691301463,0.032528482,0.032529097,0.20853555,0.20853545,1582450
0.1,0.00041143986,0.0013746734,0.9932608669290817,0.013194729691301463,0.032528482,0.032529097,0.20853555,0.20853545,1582450
0.1,0.0009869884,0.0018163816,0.9932608669290817,0.013194729691301463,0.032528482,0.032529097,0.20853555,0.20853545,1582450
0.1,0.02049017,0.02205415,0.9932608669290817,0.013194729691301463,0.032528482,0.032529097,0.20853555,0.20853545,1582450
0.1,0.0073011303,0.007887011,0.9932608669290817,0.013194729691301463,0.032528482,0.032529097,0.20853555,0.20853545,1582450
0.1,0.007925747,0.007891609,0.9932608669290817,0.013194729691301463,0.032528482,0.032529097,0.20853555,0.20853545,1582450
0.1,0.0073810774,0.0073777065,0.9932608669290817,0.013194729691301463,0.032528482,0.032529097,0.20853555,0.20853545,1582450
0.1,0.002514752,0.0035944644,0.9932608669290817,0.013194729691301463,0.032528482,0.032529097,0.20853555,0.20853545,1582450
0.1,0.00019151784,0.0012055668,0.9932608669290817,0.013194729691301463,0.032528482,0.032529097,0.20853555,0.20853545,1582450
0.1,0.0011414546,0.0022406091,0.9932608669290817,0.013194729691301463,0.032528482,0.032529097,0.20853555,0.20853545,1582450
0.1,1.2059069e-05,0.0,0.9932608669290817,0.013194729691301463,0.032528482,0.032529097,0.20853555,0.20853545,1582450
0.1,6.514079e-05,0.0010905777,0.9932608669290817,0.013194729691301463,0.032528482,0.032529097,0.20853555,0.20853545,1582450
0.1,0.00016955851,0.0011623612,0.9932608669290817,0.013194729691301463,0.032528482,0.032529097,0.20853555,0.20853545,1582450
0.1,0.0005028215,0.0014812896,0.9932608669290817,0.013194729691301463,0.032528482,0.032529097,0.20853555,0.20853545,1582450
0.1,7.6240874e-05,0.0010799658,0.9932608669290817,0.013194729691301463,0.032528482,0.032529097,0.20853555,0.20853545,1582450
0.1,0.00032489697,0.0012875862,0.9932608669290817,0.013194729691301463,0.032528482,0.032529097,0.20853555,0.20853545,1582450
0.1,0.0025075972,0.0026278496,0.9932608669290817,0.013194729691301463,0.032528482,0.032529097,0.20853555,0.20853545,1582450
0.1,0.061846193,0.05339299,0.9932608669290817,0.013194729691301463,0.032528482,0.032529097,0.20853555,0.20853545,1582450
0.1,4.206173e-05,0.0010518566,0.9932608669290817,0.013194729691301463,0.032528482,0.032529097,0.20853555,0.20853545,1582450
0.1,0.0034145468,0.0040855706,0.9932608669290817,0.013194729691301463,0.032528482,0.032529097,0.20853555,0.20853545,1582450
0.1,2.000333e-05,0.0010340863,0.9932608669290817,0.013194729691301463,0.032528482,0.032529097,0.20853555,0.20853545,1582450
0.1,0.00049342023,0.0007650844,0.9932608669290817,0.013194729691301463,0.032528482,0.032529097,0.20853555,0.20853545,1582450
0.1,0.000119806704,0.0011320207,0.9932608669290817,0.013194729691301463,0.032528482,0.032529097,0.20853555,0.20853545,1582450
0.1,0.00020077893,0.00010110174,0.9932608669290817,0.013194729691301463,0.032528482,0.032529097,0.20853555,0.20853545,1582450
0.1,0.17854825,0.20151411,0.9932608669290817,0.013194729691301463,0.032528482,0.032529097,0.20853555,0.20853545,1582450
0.1,0.008931226,0.009314242,0.9932608669290817,0.013194729691301463,0.032528482,0.032529097,0.20853555,0.20853545,1582450
0.1,0.00048590518,0.0014425842,0.9932608669290817,0.013194729691301463,0.032528482,0.032529097,0.20853555,0.20853545,1582450
0.1,0.0040529817,0.005136576,0.9932608669290817,0.013194729691301463,0.032528482,0.032529097,0.20853555,0.20853545,1582450
0.1,0.00026554347,0.0012578146,0.9932608669290817,0.013194729691301463,0.032528482,0.032529097,0.20853555,0.20853545,1582450
0.1,3.6830435e-05,0.0010498395,0.9932608669290817,0.013194729691301463,0.032528482,0.032529097,0.20853555,0.20853545,1582450
0.1,0.00035167468,0.00020733362,0.9932608669290817,0.013194729691301463,0.032528482,0.032529097,0.20853555,0.20853545,1582450
0.1,0.004951228,0.005575574,0.9932608669290817,0.013194729691301463,0.032528482,0.032529097,0.20853555,0.20853545,1582450
0.1,0.023686476,0.024472903,0.9932608669290817,0.013194729691301463,0.032528482,0.032529097,0.20853555,0.20853545,1582450
0.1,0.15144804,0.15488204,0.9932608669290817,0.013194729691301463,0.032528482,0.032529097,0.20853555,0.20853545,1582450
0.1,0.7140956,0.6521768,0.9932608669290817,0.013194729691301463,0.032528482,0.032529097,0.20853555,0.20853545,1582450
0.1,0.22337447,0.2106377,0.9932608669290817,0.013194729691301463,0.032528482,0.032529097,0.20853555,0.20853545,1582450
0.1,0.04623389,0.04367705,0.9932608669290817,0.013194729691301463,0.032528482,0.032529097,0.20853555,0.20853545,1582450
0.1,0.0022820756,0.0033145172,0.9932608669290817,0.013194729691301463,0.032528482,0.032529097,0.20853555,0.20853545,1582450
0.1,0.000496216,0.0003993774,0.9932608669290817,0.013194729691301463,0.032528482,0.032529097,0.20853555,0.20853545,1582450
0.1,0.0006264489,0.0015544142,0.9932608669290817,0.013194729691301463,0.032528482,0.032529097,0.20853555,0.20853545,1582450
0.1,0.005798717,0.008326005,0.9932608669290817,0.013194729691301463,0.032528482,0.032529097,0.20853555,0.20853545,1582450
0.1,0.0061741336,0.006751899,0.9932608669290817,0.013194729691301463,0.032528482,0.032529097,0.20853555,0.20853545,1582450
0.1,0.0014918913,0.002524092,0.9932608669290817,0.013194729691301463,0.032528482,0.032529097,0.20853555,0.20853545,1582450
0.1,0.01425852,0.016816815,0.9932608669290817,0.013194729691301463,0.032528482,0.032529097,0.20853555,0.20853545,1582450
0.1,0.0028368803,0.0024562462,0.9932608669290817,0.013194729691301463,0.032528482,0.032529097,0.20853555,0.20853545,1582450
0.1,0.001631667,0.0013924632,0.9932608669290817,0.013194729691301463,0.032528482,0.032529097,0.20853555,0.20853545,1582450
0.1,0.010195266,0.00993856,0.9932608669290817,0.013194729691301463,0.032528482,0.032529097,0.20853555,0.20853545,1582450
0.1,0.14024337,0.14906135,0.9932608669290817,0.013194729691301463,0.032528482,0.032529097,0.20853555,0.20853545,1582450
0.1,0.0011470373,0.0021920127,0.9932608669290817,0.013194729691301463,0.032528482,0.032529097,0.20853555,0.20853545,1582450
0.1,0.001046376,0.0020313624,0.9932608669290817,0.013194729691301463,0.032528482,0.032529097,0.20853555,0.20853545,1582450
0.1,0.018076897,0.018089302,0.9932608669290817,0.013194729691301463,0.032528482,0.032529097,0.20853555,0.20853545,1582450
0.1,0.01971786,0.01942742,0.9932608669290817,0.013194729691301463,0.032528482,0.032529097,0.20853555,0.20853545,1582450
0.1,0.10261158,0.11095485,0.9932608669290817,0.013194729691301463,0.032528482,0.032529097,0.20853555,0.20853545,1582450
0.1,0.09711922,0.08758044,0.9932608669290817,0.013194729691301463,0.032528482,0.032529097,0.20853555,0.20853545,1582450
0.1,0.0010712068,0.002148897,0.9932608669290817,0.013194729691301463,0.032528482,0.032529097,0.20853555,0.20853545,1582450
0.1,0.012953034,0.010854778,0.9932608669290817,0.013194729691301463,0.032528482,0.032529097,0.20853555,0.20853545,1582450
0.1,0.026590178,0.031044276,0.9932608669290817,0.013194729691301463,0.032528482,0.032529097,0.20853555,0.20853545,1582450
0.1,0.00081390195,0.0018793348,0.9932608669290817,0.013194729691301463,0.032528482,0.032529097,0.20853555,0.20853545,1582450
0.1,0.13029814,0.11393845,0.9932608669290817,0.013194729691301463,0.032528482,0.032529097,0.20853555,0.20853545,1582450
0.1,0.0005166973,0.0014616026,0.9932608669290817,0.013194729691301463,0.032528482,0.032529097,0.20853555,0.20853545,1582450
0.1,0.014175163,0.014812585,0.9932608669290817,0.013194729691301463,0.032528482,0.032529097,0.20853555,0.20853545,1582450
0.1,0.0391619,0.042370435,0.9932608669290817,0.013194729691301463,0.032528482,0.032529097,0.20853555,0.20853545,1582450
0.1,0.00017777747,0.0011795943,0.9932608669290817,0.013194729691301463,0.032528482,0.032529097,0.20853555,0.20853545,1582450
0.1,0.027020367,0.02470314,0.9932608669290817,0.013194729691301463,0.032528482,0.032529097,0.20853555,0.20853545,1582450
0.1,0.00096999115,0.0021887324,0.9932608669290817,0.013194729691301463,0.032528482,0.032529097,0.20853555,0.20853545,1582450
0.1,0.0047033094,0.0063639223,0.9932608669290817,0.013194729691301463,0.032528482,0.032529097,0.20853555,0.20853545,1582450
0.1,0.00032771347,0.001312008,0.9932608669290817,0.013194729691301463,0.032528482,0.032529097,0.20853555,0.20853545,1582450
0.1,3.922266e-05,0.0010572904,0.9932608669290817,0.013194729691301463,0.032528482,0.032529097,0.20853555,0.20853545,1582450
0.1,0.0024758943,0.0030010655,0.9932608669290817,0.013194729691301463,0.032528482,0.032529097,0.20853555,0.20853545,1582450
0.1,1.1308886e-06,0.0010162664,0.9932608669290817,0.013194729691301463,0.032528482,0.032529097,0.20853555,0.20853545,1582450
0.1,6.753109e-05,0.0010758685,0.9932608669290817,0.013194729691301463,0.032528482,0.032529097,0.20853555,0.20853545,1582450
0.1,0.00021987877,0.00014532385,0.9932608669290817,0.013194729691301463,0.032528482,0.032529097,0.20853555,0.20853545,1582450
0.1,0.01910188,0.0198364,0.9932608669290817,0.013194729691301463,0.032528482,0.032529097,0.20853555,0.20853545,1582450
0.1,0.029308487,0.030345703,0.9932608669290817,0.013194729691301463,0.032528482,0.032529097,0.20853555,0.20853545,1582450
0.1,0.060666647,0.062453505,0.9932608669290817,0.013194729691301463,0.032528482,0.032529097,0.20853555,0.20853545,1582450
0.1,0.00010166088,1.8370803e-05,0.9932608669290817,0.013194729691301463,0.032528482,0.032529097,0.20853555,0.20853545,1582450
0.1,0.00011577479,0.0011123763,0.9932608669290817,0.013194729691301463,0.032528482,0.032529097,0.20853555,0.20853545,1582450
0.1,0.01800674,0.017619532,0.9932608669290817,0.013194729691301463,0.032528482,0.032529097,0.20853555,0.20853545,1582450
0.1,0.0047934107,0.006330694,0.9932608669290817,0.013194729691301463,0.032528482,0.032529097,0.20853555,0.20853545,1582450
0.1,0.12514457,0.12705973,0.9932608669290817,0.013194729691301463,0.032528482,0.032529097,0.20853555,0.20853545,1582450
0.1,8.091205e-05,0.0010974377,0.9932608669290817,0.013194729691301463,0.032528482,0.032529097,0.20853555,0.20853545,1582450
0.1,0.00047449075,0.0003397873,0.9932608669290817,0.013194729691301463,0.032528482,0.032529097,0.20853555,0.20853545,1582450
0.1,0.023432879,0.025902892,0.9932608669290817,0.013194729691301463,0.032528482,0.032529097,0.20853555,0.20853545,1582450
0.1,0.012742103,0.0123239495,0.9932608669290817,0.013194729691301463,0.032528482,0.032529097,0.20853555,0.20853545,1582450
0.1,0.010838704,0.011137808,0.9932608669290817,0.013194729691301463,0.032528482,0.032529097,0.20853555,0.20853545,1582450
0.1,0.0010276657,0.0008852943,0.9932608669290817,0.013194729691301463,0.032528482,0.032529097,0.20853555,0.20853545,1582450
0.1,0.044744954,0.043996833,0.9932608669290817,0.013194729691301463,0.032528482,0.032529097,0.20853555,0.20853545,1582450
0.1,0.004523938,0.004698242,0.9932608669290817,0.013194729691301463,0.032528482,0.032529097,0.20853555,0.20853545,1582450
0.1,0.006449876,0.0075561535,0.9932608669290817,0.013194729691301463,0.032528482,0.032529097,0.20853555,0.20853545,1582450
0.1,0.024546104,0.021629758,0.9932608669290817,0.013194729691301463,0.032528482,0.032529097,0.20853555,0.20853545,1582450
0.1,0.0017843274,0.001390569,0.9932608669290817,0.013194729691301463,0.032528482,0.032529097,0.20853555,0.20853545,1582450
0.1,0.0016240936,0.0023445443,0.9932608669290817,0.013194729691301463,0.032528482,0.032529097,0.20853555,0.20853545,1582450
0.1,0.0016121417,0.0026783445,0.9932608669290817,0.013194729691301463,0.032528482,0.032529097,0.20853555,0.20853545,1582450
0.1,0.00024366593,0.0012184052,0.9932608669290817,0.013194729691301463,0.032528482,0.032529097,0.20853555,0.20853545,1582450
0.1,0.006674427,0.0078591285,0.9932608669290817,0.013194729691301463,0.032528482,0.032529097,0.20853555,0.20853545,1582450
0.1,0.0018094538,0.0027506973,0.9932608669290817,0.013194729691301463,0.032528482,0.032529097,0.20853555,0.20853545,1582450
0.1,0.009378993,0.010435773,0.9932608669290817,0.013194729691301463,0.032528482,0.032529097,0.20853555,0.20853545,1582450
0.1,0.003121173,0.0043564723,0.9932608669290817,0.013194729691301463,0.032528482,0.032529097,0.20853555,0.20853545,1582450
0.1,0.0821877,0.07184602,0.9932608669290817,0.013194729691301463,0.032528482,0.032529097,0.20853555,0.20853545,1582450
0.1,0.012358885,0.011392884,0.9932608669290817,0.013194729691301463,0.032528482,0.032529097,0.20853555,0.20853545,1582450
0.1,0.00029535603,0.00019567904,0.9932608669290817,0.013194729691301463,0.032528482,0.032529097,0.20853555,0.20853545,1582450
0.1,0.0004977553,0.0015033191,0.9932608669290817,0.013194729691301463,0.032528482,0.032529097,0.20853555,0.20853545,1582450
0.1,0.0005480998,0.0016397074,0.9932608669290817,0.013194729691301463,0.032528482,0.032529097,0.20853555,0.20853545,1582450
0.1,0.15247443,0.14249001,0.9932608669290817,0.013194729691301463,0.032528482,0.032529097,0.20853555,0.20853545,1582450
0.1,0.0030146504,0.0041247876,0.9932608669290817,0.013194729691301463,0.032528482,0.032529097,0.20853555,0.20853545,1582450
0.1,0.004122667,0.004809383,0.9932608669290817,0.013194729691301463,0.032528482,0.032529097,0.20853555,0.20853545,1582450
0.1,0.035708018,0.035796557,0.9932608669290817,0.013194729691301463,0.032528482,0.032529097,0.20853555,0.20853545,1582450
0.1,0.00047587333,0.0014848881,0.9932608669290817,0.013194729691301463,0.032528482,0.032529097,0.20853555,0.20853545,1582450
0.1,8.938591e-06,0.00102294,0.9932608669290817,0.013194729691301463,0.032528482,0.032529097,0.20853555,0.20853545,1582450
0.1,0.0007525817,0.0018532656,0.9932608669290817,0.013194729691301463,0.032528482,0.032529097,0.20853555,0.20853545,1582450
0.1,0.00019237245,0.00010557298,0.9932608669290817,0.013194729691301463,0.032528482,0.032529097,0.20853555,0.20853545,1582450
0.1,0.000737407,0.0015822714,0.9932608669290817,0.013194729691301463,0.032528482,0.032529097,0.20853555,0.20853545,1582450
0.1,0.0007337947,0.0016862467,0.9932608669290817,0.013194729691301463,0.032528482,0.032529097,0.20853555,0.20853545,1582450
0.1,0.0048051425,0.006256779,0.9932608669290817,0.013194729691301463,0.032528482,0.032529097,0.20853555,0.20853545,1582450
0.1,0.004844339,0.004476265,0.9932608669290817,0.013194729691301463,0.032528482,0.032529097,0.20853555,0.20853545,1582450
0.1,0.0006814066,0.00162276,0.9932608669290817,0.013194729691301463,0.032528482,0.032529097,0.20853555,0.20853545,1582450
0.1,0.002186481,0.0033712534,0.9932608669290817,0.013194729691301463,0.032528482,0.032529097,0.20853555,0.20853545,1582450
0.1,0.0071936143,0.007253052,0.9932608669290817,0.013194729691301463,0.032528482,0.032529097,0.20853555,0.20853545,1582450
0.1,0.003573109,0.0033825831,0.9932608669290817,0.013194729691301463,0.032528482,0.032529097,0.20853555,0.20853545,1582450
0.1,0.056494154,0.054685917,0.9932608669290817,0.013194729691301463,0.032528482,0.032529097,0.20853555,0.20853545,1582450
0.1,0.014352366,0.0139376195,0.9932608669290817,0.013194729691301463,0.032528482,0.032529097,0.20853555,0.20853545,1582450
0.1,0.0018906462,0.0027229914,0.9932608669290817,0.013194729691301463,0.032528482,0.032529097,0.20853555,0.20853545,1582450
0.1,0.051445242,0.047503393,0.9932608669290817,0.013194729691301463,0.032528482,0.032529097,0.20853555,0.20853545,1582450
0.1,0.00256942,0.0036399884,0.9932608669290817,0.013194729691301463,0.032528482,0.032529097,0.20853555,0.20853545,1582450
0.1,0.00094939105,0.00080698874,0.9932608669290817,0.013194729691301463,0.032528482,0.032529097,0.20853555,0.20853545,1582450
0.1,0.009137892,0.008810334,0.9932608669290817,0.013194729691301463,0.032528482,0.032529097,0.20853555,0.20853545,1582450
0.1,0.00053819345,0.0015081511,0.9932608669290817,0.013194729691301463,0.032528482,0.032529097,0.20853555,0.20853545,1582450
0.1,0.0010313847,0.00096104364,0.9932608669290817,0.013194729691301463,0.032528482,0.032529097,0.20853555,0.20853545,1582450
0.1,0.026296122,0.024795666,0.9932608669290817,0.013194729691301463,0.032528482,0.032529097,0.20853555,0.20853545,1582450
0.1,0.01964091,0.01911036,0.9932608669290817,0.013194729691301463,0.032528482,0.032529097,0.20853555,0.20853545,1582450
0.1,0.00022080039,0.00016401957,0.9932608669290817,0.013194729691301463,0.032528482,0.032529097,0.20853555,0.20853545,1582450
0.1,0.005463204,0.0059086788,0.9932608669290817,0.013194729691301463,0.032528482,0.032529097,0.20853555,0.20853545,1582450
0.1,0.22804706,0.1905622,0.9932608669290817,0.013194729691301463,0.032528482,0.032529097,0.20853555,0.20853545,1582450
0.1,4.6721452e-05,0.0,0.9932608669290817,0.013194729691301463,0.032528482,0.032529097,0.20853555,0.20853545,1582450
0.1,8.317344e-05,2.910191e-06,0.9932608669290817,0.013194729691301463,0.032528482,0.032529097,0.20853555,0.20853545,1582450
0.1,0.0015409394,0.0026212642,0.9932608669290817,0.013194729691301463,0.032528482,0.032529097,0.20853555,0.20853545,1582450
0.1,0.00021454255,0.0012290587,0.9932608669290817,0.013194729691301463,0.032528482,0.032529097,0.20853555,0.20853545,1582450
0.1,0.02211129,0.022445906,0.9932608669290817,0.013194729691301463,0.032528482,0.032529097,0.20853555,0.20853545,1582450
0.1,0.008188032,0.00975537,0.9932608669290817,0.013194729691301463,0.032528482,0.032529097,0.20853555,0.20853545,1582450
0.1,0.051504187,0.051683564,0.9932608669290817,0.013194729691301463,0.032528482,0.032529097,0.20853555,0.20853545,1582450
0.1,0.0058000097,0.0061566774,0.9932608669290817,0.013194729691301463,0.032528482,0.032529097,0.20853555,0.20853545,1582450
0.1,0.09848056,0.09099421,0.9932608669290817,0.013194729691301463,0.032528482,0.032529097,0.20853555,0.20853545,1582450
0.1,0.0015463014,0.0026034128,0.9932608669290817,0.013194729691301463,0.032528482,0.032529097,0.20853555,0.20853545,1582450
0.1,0.017067742,0.017940171,0.9932608669290817,0.013194729691301463,0.032528482,0.032529097,0.20853555,0.20853545,1582450
0.1,0.04667117,0.041074324,0.9932608669290817,0.013194729691301463,0.032528482,0.032529097,0.20853555,0.20853545,1582450
0.1,0.0020064767,0.003038604,0.9932608669290817,0.013194729691301463,0.032528482,0.032529097,0.20853555,0.20853545,1582450
0.1,0.021710016,0.02411223,0.9932608669290817,0.013194729691301463,0.032528482,0.032529097,0.20853555,0.20853545,1582450
0.1,0.0007926231,0.0017025295,0.9932608669290817,0.013194729691301463,0.032528482,0.032529097,0.20853555,0.20853545,1582450
0.1,0.0055542057,0.006425347,0.9932608669290817,0.013194729691301463,0.032528482,0.032529097,0.20853555,0.20853545,1582450
0.1,0.00035975085,0.0013877338,0.9932608669290817,0.013194729691301463,0.032528482,0.032529097,0.20853555,0.20853545,1582450
0.1,0.011419327,0.0112276925,0.9932608669290817,0.013194729691301463,0.032528482,0.032529097,0.20853555,0.20853545,1582450
0.1,9.822586e-06,0.0,0.9932608669290817,0.013194729691301463,0.032528482,0.032529097,0.20853555,0.20853545,1582450
0.1,0.025472347,0.02545569,0.9932608669290817,0.013194729691301463,0.032528482,0.032529097,0.20853555,0.20853545,1582450
0.1,0.004985294,0.0063841115,0.9932608669290817,0.013194729691301463,0.032528482,0.032529097,0.20853555,0.20853545,1582450
0.1,0.00069567206,0.00058077945,0.9932608669290817,0.013194729691301463,0.032528482,0.032529097,0.20853555,0.20853545,1582450
0.1,0.0016051558,0.0026745172,0.9932608669290817,0.013194729691301463,0.032528482,0.032529097,0.20853555,0.20853545,1582450
0.1,0.002364857,0.0033387286,0.9932608669290817,0.013194729691301463,0.032528482,0.032529097,0.20853555,0.20853545,1582450
0.1,0.012010215,0.01015995,0.9932608669290817,0.013194729691301463,0.032528482,0.032529097,0.20853555,0.20853545,1582450
0.1,0.26102906,0.29163042,0.9932608669290817,0.013194729691301463,0.032528482,0.032529097,0.20853555,0.20853545,1582450
0.1,0.0019114962,0.001916713,0.9932608669290817,0.013194729691301463,0.032528482,0.032529097,0.20853555,0.20853545,1582450
0.1,0.040730808,0.034698796,0.9932608669290817,0.013194729691301463,0.032528482,0.032529097,0.20853555,0.20853545,1582450
0.1,0.028223557,0.030795492,0.9932608669290817,0.013194729691301463,0.032528482,0.032529097,0.20853555,0.20853545,1582450
0.1,0.038085617,0.026879197,0.9932608669290817,0.013194729691301463,0.032528482,0.032529097,0.20853555,0.20853545,1582450
0.1,0.92604953,0.85064316,0.9932608669290817,0.013194729691301463,0.032528482,0.032529097,0.20853555,0.20853545,1582450
0.1,0.00020392699,0.001172085,0.9932608669290817,0.013194729691301463,0.032528482,0.032529097,0.20853555,0.20853545,1582450
0.1,0.00017672013,0.0011820988,0.9932608669290817,0.013194729691301463,0.032528482,0.032529097,0.20853555,0.20853545,1582450
0.1,0.03816338,0.03655187,0.9932608669290817,0.013194729691301463,0.032528482,0.032529097,0.20853555,0.20853545,1582450
0.1,0.007892734,0.008479459,0.9932608669290817,0.013194729691301463,0.032528482,0.032529097,0.20853555,0.20853545,1582450
0.1,0.030369315,0.024742171,0.9932608669290817,0.013194729691301463,0.032528482,0.032529097,0.20853555,0.20853545,1582450
0.1,0.00016795986,0.001165902,0.9932608669290817,0.013194729691301463,0.032528482,0.032529097,0.20853555,0.20853545,1582450
0.1,0.041680973,0.051043592,0.9932608669290817,0.013194729691301463,0.032528482,0.032529097,0.20853555,0.20853545,1582450
0.1,0.015950536,0.0203826,0.9932608669290817,0.013194729691301463,0.032528482,0.032529097,0.20853555,0.20853545,1582450
0.1,0.002789417,0.0037601988,0.9932608669290817,0.013194729691301463,0.032528482,0.032529097,0.20853555,0.20853545,1582450
0.1,0.25630242,0.23446204,0.9932608669290817,0.013194729691301463,0.032528482,0.032529097,0.20853555,0.20853545,1582450
0.1,0.00043367033,0.0014572132,0.9932608669290817,0.013194729691301463,0.032528482,0.032529097,0.20853555,0.20853545,1582450
0.1,0.09490218,0.10109424,0.9932608669290817,0.013194729691301463,0.032528482,0.032529097,0.20853555,0.20853545,1582450
0.1,0.0005205186,0.0015060896,0.9932608669290817,0.013194729691301463,0.032528482,0.032529097,0.20853555,0.20853545,1582450
0.1,0.005074044,0.00637574,0.9932608669290817,0.013194729691301463,0.032528482,0.032529097,0.20853555,0.20853545,1582450
0.1,0.007013279,0.007574619,0.9932608669290817,0.013194729691301463,0.032528482,0.032529097,0.20853555,0.20853545,1582450
0.1,0.0072557474,0.007069064,0.9932608669290817,0.013194729691301463,0.032528482,0.032529097,0.20853555,0.20853545,1582450
0.1,0.00014561092,0.0011733678,0.9932608669290817,0.013194729691301463,0.032528482,0.032529097,0.20853555,0.20853545,1582450
0.1,0.00018052828,0.001206551,0.9932608669290817,0.013194729691301463,0.032528482,0.032529097,0.20853555,0.20853545,1582450
0.1,0.023225829,0.02218638,0.9932608669290817,0.013194729691301463,0.032528482,0.032529097,0.20853555,0.20853545,1582450
0.1,0.00885647,0.009889446,0.9932608669290817,0.013194729691301463,0.032528482,0.032529097,0.20853555,0.20853545,1582450
0.1,0.013033005,0.014375798,0.9932608669290817,0.013194729691301463,0.032528482,0.032529097,0.20853555,0.20853545,1582450
0.1,0.0008509213,0.0018054383,0.9932608669290817,0.013194729691301463,0.032528482,0.032529097,0.20853555,0.20853545,1582450
0.1,0.0038476442,0.0050169537,0.9932608669290817,0.013194729691301463,0.032528482,0.032529097,0.20853555,0.20853545,1582450
0.1,0.00046186458,0.0014224973,0.9932608669290817,0.013194729691301463,0.032528482,0.032529097,0.20853555,0.20853545,1582450
0.1,0.05027463,0.05104289,0.9932608669290817,0.013194729691301463,0.032528482,0.032529097,0.20853555,0.20853545,1582450
0.1,0.0003025245,0.0013167756,0.9932608669290817,0.013194729691301463,0.032528482,0.032529097,0.20853555,0.20853545,1582450
0.1,0.0024486235,0.002101018,0.9932608669290817,0.013194729691301463,0.032528482,0.032529097,0.20853555,0.20853545,1582450
0.1,0.15085506,0.12615563,0.9932608669290817,0.013194729691301463,0.032528482,0.032529097,0.20853555,0.20853545,1582450
0.1,0.0047076372,0.004850679,0.9932608669290817,0.013194729691301463,0.032528482,0.032529097,0.20853555,0.20853545,1582450
0.1,0.002703273,0.0028069615,0.9932608669290817,0.013194729691301463,0.032528482,0.032529097,0.20853555,0.20853545,1582450
0.1,0.004170082,0.004939048,0.9932608669290817,0.013194729691301463,0.032528482,0.032529097,0.20853555,0.20853545,1582450
0.1,0.013467756,0.014150029,0.9932608669290817,0.013194729691301463,0.032528482,0.032529097,0.20853555,0.20853545,1582450
0.1,0.029945903,0.03178163,0.9932608669290817,0.013194729691301463,0.032528482,0.032529097,0.20853555,0.20853545,1582450
0.1,0.004726732,0.0056957616,0.9932608669290817,0.013194729691301463,0.032528482,0.032529097,0.20853555,0.20853545,1582450
0.1,0.15640178,0.19001144,0.9932608669290817,0.013194729691301463,0.032528482,0.032529097,0.20853555,0.20853545,1582450
0.1,0.0058224364,0.0062579666,0.9932608669290817,0.013194729691301463,0.032528482,0.032529097,0.20853555,0.20853545,1582450
0.1,0.00017808593,0.0011936086,0.9932608669290817,0.013194729691301463,0.032528482,0.032529097,0.20853555,0.20853545,1582450
0.1,0.0118817445,0.011222277,0.9932608669290817,0.013194729691301463,0.032528482,0.032529097,0.20853555,0.20853545,1582450
0.1,0.0011225544,0.0021144836,0.9932608669290817,0.013194729691301463,0.032528482,0.032529097,0.20853555,0.20853545,1582450
0.1,0.0019489924,0.0026748918,0.9932608669290817,0.013194729691301463,0.032528482,0.032529097,0.20853555,0.20853545,1582450
0.1,0.021291507,0.021944799,0.9932608669290817,0.013194729691301463,0.032528482,0.032529097,0.20853555,0.20853545,1582450
0.1,0.008567448,0.00975453,0.9932608669290817,0.013194729691301463,0.032528482,0.032529097,0.20853555,0.20853545,1582450
0.1,0.00050989696,0.0015241865,0.9932608669290817,0.013194729691301463,0.032528482,0.032529097,0.20853555,0.20853545,1582450
0.1,9.891233e-05,0.0011061575,0.9932608669290817,0.013194729691301463,0.032528482,0.032529097,0.20853555,0.20853545,1582450
0.1,0.00013908718,0.0011246604,0.9932608669290817,0.013194729691301463,0.032528482,0.032529097,0.20853555,0.20853545,1582450
0.1,0.0059068226,0.0050100912,0.9932608669290817,0.013194729691301463,0.032528482,0.032529097,0.20853555,0.20853545,1582450
0.1,0.0006723097,0.00073951954,0.9932608669290817,0.013194729691301463,0.032528482,0.032529097,0.20853555,0.20853545,1582450
0.1,0.00037081496,0.0013183291,0.9932608669290817,0.013194729691301463,0.032528482,0.032529097,0.20853555,0.20853545,1582450
0.1,0.0036681772,0.0046005547,0.9932608669290817,0.013194729691301463,0.032528482,0.032529097,0.20853555,0.20853545,1582450
0.1,0.0003126682,0.0013789084,0.9932608669290817,0.013194729691301463,0.032528482,0.032529097,0.20853555,0.20853545,1582450
0.1,0.0032632824,0.0039849007,0.9932608669290817,0.013194729691301463,0.032528482,0.032529097,0.20853555,0.20853545,1582450
0.1,0.0014357169,0.0013407909,0.9932608669290817,0.013194729691301463,0.032528482,0.032529097,0.20853555,0.20853545,1582450
0.1,0.03571659,0.03746906,0.9932608669290817,0.013194729691301463,0.032528482,0.032529097,0.20853555,0.20853545,1582450
0.1,0.0033693095,0.0039273957,0.9932608669290817,0.013194729691301463,0.032528482,0.032529097,0.20853555,0.20853545,1582450
0.1,0.00033019963,0.001323593,0.9932608669290817,0.013194729691301463,0.032528482,0.032529097,0.20853555,0.20853545,1582450
0.1,0.00033860988,0.00028522182,0.9932608669290817,0.013194729691301463,0.032528482,0.032529097,0.20853555,0.20853545,1582450
0.1,0.00043043945,0.0014212535,0.9932608669290817,0.013194729691301463,0.032528482,0.032529097,0.20853555,0.20853545,1582450
0.1,0.0051440303,0.0061735837,0.9932608669290817,0.013194729691301463,0.032528482,0.032529097,0.20853555,0.20853545,1582450
0.1,0.0073568486,0.0088983,0.9932608669290817,0.013194729691301463,0.032528482,0.032529097,0.20853555,0.20853545,1582450
0.1,0.00016527364,0.001171123,0.9932608669290817,0.013194729691301463,0.032528482,0.032529097,0.20853555,0.20853545,1582450
0.1,0.00014796575,0.0011535049,0.9932608669290817,0.013194729691301463,0.032528482,0.032529097,0.20853555,0.20853545,1582450
0.1,0.0012282403,0.0022610663,0.9932608669290817,0.013194729691301463,0.032528482,0.032529097,0.20853555,0.20853545,1582450
0.1,0.00133834,0.0025574875,0.9932608669290817,0.013194729691301463,0.032528482,0.032529097,0.20853555,0.20853545,1582450
0.1,5.4179854e-06,0.0010216887,0.9932608669290817,0.013194729691301463,0.032528482,0.032529097,0.20853555,0.20853545,1582450
0.1,0.0018456577,0.0031301414,0.9932608669290817,0.013194729691301463,0.032528482,0.032529097,0.20853555,0.20853545,1582450
0.1,0.00582052,0.006342785,0.9932608669290817,0.013194729691301463,0.032528482,0.032529097,0.20853555,0.20853545,1582450
0.1,0.0016546171,0.0027407554,0.9932608669290817,0.013194729691301463,0.032528482,0.032529097,0.20853555,0.20853545,1582450
0.1,0.0016976168,0.0024666337,0.9932608669290817,0.013194729691301463,0.032528482,0.032529097,0.20853555,0.20853545,1582450
0.1,0.12852883,0.12710792,0.9932608669290817,0.013194729691301463,0.032528482,0.032529097,0.20853555,0.20853545,1582450
0.1,0.00011579203,3.6092788e-06,0.9932608669290817,0.013194729691301463,0.032528482,0.032529097,0.20853555,0.20853545,1582450
0.1,0.06973875,0.07406026,0.9932608669290817,0.013194729691301463,0.032528482,0.032529097,0.20853555,0.20853545,1582450
0.1,0.0031306976,0.004086848,0.9932608669290817,0.013194729691301463,0.032528482,0.032529097,0.20853555,0.20853545,1582450
0.1,0.0814364,0.08723558,0.9932608669290817,0.013194729691301463,0.032528482,0.032529097,0.20853555,0.20853545,1582450
0.1,0.20520778,0.17165506,0.9932608669290817,0.013194729691301463,0.032528482,0.032529097,0.20853555,0.20853545,1582450
0.1,0.04438152,0.041940343,0.9932608669290817,0.013194729691301463,0.032528482,0.032529097,0.20853555,0.20853545,1582450
0.1,0.20348425,0.20711505,0.9932608669290817,0.013194729691301463,0.032528482,0.032529097,0.20853555,0.20853545,1582450
0.1,0.00023253297,0.0012852089,0.9932608669290817,0.013194729691301463,0.032528482,0.032529097,0.20853555,0.20853545,1582450
0.1,0.02461192,0.02817327,0.9932608669290817,0.013194729691301463,0.032528482,0.032529097,0.20853555,0.20853545,1582450
0.1,0.0006437466,0.001698805,0.9932608669290817,0.013194729691301463,0.032528482,0.032529097,0.20853555,0.20853545,1582450
0.1,0.114816226,0.10895533,0.9932608669290817,0.013194729691301463,0.032528482,0.032529097,0.20853555,0.20853545,1582450
0.1,0.001243794,0.00215233,0.9932608669290817,0.013194729691301463,0.032528482,0.032529097,0.20853555,0.20853545,1582450
0.1,0.0011664459,0.0021715127,0.9932608669290817,0.013194729691301463,0.032528482,0.032529097,0.20853555,0.20853545,1582450
0.1,0.0005125463,0.0014238612,0.9932608669290817,0.013194729691301463,0.032528482,0.032529097,0.20853555,0.20853545,1582450
0.1,0.0028775455,0.003511064,0.9932608669290817,0.013194729691301463,0.032528482,0.032529097,0.20853555,0.20853545,1582450
0.1,0.00036968003,0.0013003828,0.9932608669290817,0.013194729691301463,0.032528482,0.032529097,0.20853555,0.20853545,1582450
0.1,0.0012264545,0.0010713971,0.9932608669290817,0.013194729691301463,0.032528482,0.032529097,0.20853555,0.20853545,1582450
0.1,0.0522612,0.0518493,0.9932608669290817,0.013194729691301463,0.032528482,0.032529097,0.20853555,0.20853545,1582450
0.1,0.00022295039,0.0012382284,0.9932608669290817,0.013194729691301463,0.032528482,0.032529097,0.20853555,0.20853545,1582450
0.1,0.0016819512,0.0027803883,0.9932608669290817,0.013194729691301463,0.032528482,0.032529097,0.20853555,0.20853545,1582450
0.1,1.9369152e-05,0.0010334365,0.9932608669290817,0.013194729691301463,0.032528482,0.032529097,0.20853555,0.20853545,1582450
0.1,0.0367482,0.04013329,0.9932608669290817,0.013194729691301463,0.032528482,0.032529097,0.20853555,0.20853545,1582450
0.1,0.00094119855,0.0018609888,0.9932608669290817,0.013194729691301463,0.032528482,0.032529097,0.20853555,0.20853545,1582450
0.1,0.00023390232,0.0012137083,0.9932608669290817,0.013194729691301463,0.032528482,0.032529097,0.20853555,0.20853545,1582450
0.1,0.00040882622,0.0003053653,0.9932608669290817,0.013194729691301463,0.032528482,0.032529097,0.20853555,0.20853545,1582450
0.1,0.07327604,0.080168664,0.9932608669290817,0.013194729691301463,0.032528482,0.032529097,0.20853555,0.20853545,1582450
0.1,0.0028576225,0.0044311103,0.9932608669290817,0.013194729691301463,0.032528482,0.032529097,0.20853555,0.20853545,1582450
0.1,0.00029000064,0.0012919095,0.9932608669290817,0.013194729691301463,0.032528482,0.032529097,0.20853555,0.20853545,1582450
0.1,0.054333765,0.052763876,0.9932608669290817,0.013194729691301463,0.032528482,0.032529097,0.20853555,0.20853545,1582450
0.1,9.095072e-05,0.0010994431,0.9932608669290817,0.013194729691301463,0.032528482,0.032529097,0.20853555,0.20853545,1582450
0.1,0.0017052644,0.0014845218,0.9932608669290817,0.013194729691301463,0.032528482,0.032529097,0.20853555,0.20853545,1582450
0.1,0.0133846365,0.012829361,0.9932608669290817,0.013194729691301463,0.032528482,0.032529097,0.20853555,0.20853545,1582450
0.1,0.016798168,0.019099284,0.9932608669290817,0.013194729691301463,0.032528482,0.032529097,0.20853555,0.20853545,1582450
0.1,0.00014039148,0.0011354098,0.9932608669290817,0.013194729691301463,0.032528482,0.032529097,0.20853555,0.20853545,1582450
0.1,0.0049729566,0.005904579,0.9932608669290817,0.013194729691301463,0.032528482,0.032529097,0.20853555,0.20853545,1582450
0.1,0.028235136,0.028861962,0.9932608669290817,0.013194729691301463,0.032528482,0.032529097,0.20853555,0.20853545,1582450
0.1,0.00012786148,0.0011300151,0.9932608669290817,0.013194729691301463,0.032528482,0.032529097,0.20853555,0.20853545,1582450
0.1,0.0724306,0.07326233,0.9932608669290817,0.013194729691301463,0.032528482,0.032529097,0.20853555,0.20853545,1582450
0.1,0.0008885721,0.0018032874,0.9932608669290817,0.013194729691301463,0.032528482,0.032529097,0.20853555,0.20853545,1582450
0.1,0.004034193,0.0032755118,0.9932608669290817,0.013194729691301463,0.032528482,0.032529097,0.20853555,0.20853545,1582450
0.1,0.05391182,0.045158196,0.9932608669290817,0.013194729691301463,0.032528482,0.032529097,0.20853555,0.20853545,1582450
0.1,0.004091531,0.0049100947,0.9932608669290817,0.013194729691301463,0.032528482,0.032529097,0.20853555,0.20853545,1582450
0.1,0.004528684,0.004739614,0.9932608669290817,0.013194729691301463,0.032528482,0.032529097,0.20853555,0.20853545,1582450
0.1,9.5098025e-05,0.001096653,0.9932608669290817,0.013194729691301463,0.032528482,0.032529097,0.20853555,0.20853545,1582450
0.1,2.351923e-05,0.0010384129,0.9932608669290817,0.013194729691301463,0.032528482,0.032529097,0.20853555,0.20853545,1582450
0.1,0.004075343,0.0046552685,0.9932608669290817,0.013194729691301463,0.032528482,0.032529097,0.20853555,0.20853545,1582450
0.1,0.022988927,0.024275053,0.9932608669290817,0.013194729691301463,0.032528482,0.032529097,0.20853555,0.20853545,1582450
0.1,0.026272826,0.027554117,0.9932608669290817,0.013194729691301463,0.032528482,0.032529097,0.20853555,0.20853545,1582450
0.1,0.008266091,0.009234457,0.9932608669290817,0.013194729691301463,0.032528482,0.032529097,0.20853555,0.20853545,1582450
0.1,0.004692587,0.0055487514,0.9932608669290817,0.013194729691301463,0.032528482,0.032529097,0.20853555,0.20853545,1582450
0.1,0.00019419647,0.0012245645,0.9932608669290817,0.013194729691301463,0.032528482,0.032529097,0.20853555,0.20853545,1582450
0.1,0.002250073,0.0032603333,0.9932608669290817,0.013194729691301463,0.032528482,0.032529097,0.20853555,0.20853545,1582450
0.1,0.004085345,0.004595513,0.9932608669290817,0.013194729691301463,0.032528482,0.032529097,0.20853555,0.20853545,1582450
0.1,0.0015118672,0.0012602187,0.9932608669290817,0.013194729691301463,0.032528482,0.032529097,0.20853555,0.20853545,1582450
0.1,0.00043743226,0.00038378782,0.9932608669290817,0.013194729691301463,0.032528482,0.032529097,0.20853555,0.20853545,1582450
0.1,0.01977889,0.021117637,0.9932608669290817,0.013194729691301463,0.032528482,0.032529097,0.20853555,0.20853545,1582450
0.1,0.0481435,0.041797243,0.9932608669290817,0.013194729691301463,0.032528482,0.032529097,0.20853555,0.20853545,1582450
0.1,0.017350307,0.014996283,0.9932608669290817,0.013194729691301463,0.032528482,0.032529097,0.20853555,0.20853545,1582450
0.1,0.004530742,0.004341383,0.9932608669290817,0.013194729691301463,0.032528482,0.032529097,0.20853555,0.20853545,1582450
0.1,0.00039254635,0.0014425392,0.9932608669290817,0.013194729691301463,0.032528482,0.032529097,0.20853555,0.20853545,1582450
0.1,0.0012651369,0.0011086164,0.9932608669290817,0.013194729691301463,0.032528482,0.032529097,0.20853555,0.20853545,1582450
0.1,0.00023577022,0.0012810949,0.9932608669290817,0.013194729691301463,0.032528482,0.032529097,0.20853555,0.20853545,1582450
0.1,0.30528933,0.29983327,0.9932608669290817,0.013194729691301463,0.032528482,0.032529097,0.20853555,0.20853545,1582450
0.1,0.0018983809,0.0025684398,0.9932608669290817,0.013194729691301463,0.032528482,0.032529097,0.20853555,0.20853545,1582450
0.1,0.0048265187,0.0064469283,0.9932608669290817,0.013194729691301463,0.032528482,0.032529097,0.20853555,0.20853545,1582450
0.1,0.006126074,0.0062671215,0.9932608669290817,0.013194729691301463,0.032528482,0.032529097,0.20853555,0.20853545,1582450
0.1,0.00286537,0.0039365073,0.9932608669290817,0.013194729691301463,0.032528482,0.032529097,0.20853555,0.20853545,1582450
0.1,0.090959705,0.07599141,0.9932608669290817,0.013194729691301463,0.032528482,0.032529097,0.20853555,0.20853545,1582450
0.1,0.002851161,0.0044051344,0.9932608669290817,0.013194729691301463,0.032528482,0.032529097,0.20853555,0.20853545,1582450
0.1,0.0001344921,0.0011419334,0.9932608669290817,0.013194729691301463,0.032528482,0.032529097,0.20853555,0.20853545,1582450
0.1,0.010254276,0.011929996,0.9932608669290817,0.013194729691301463,0.032528482,0.032529097,0.20853555,0.20853545,1582450
0.1,0.0723518,0.07478666,0.9932608669290817,0.013194729691301463,0.032528482,0.032529097,0.20853555,0.20853545,1582450
0.1,0.026480334,0.026933752,0.9932608669290817,0.013194729691301463,0.032528482,0.032529097,0.20853555,0.20853545,1582450
0.1,0.007772216,0.009213156,0.9932608669290817,0.013194729691301463,0.032528482,0.032529097,0.20853555,0.20853545,1582450
0.1,0.0025095362,0.0021367439,0.9932608669290817,0.013194729691301463,0.032528482,0.032529097,0.20853555,0.20853545,1582450
0.1,0.03266422,0.029827282,0.9932608669290817,0.013194729691301463,0.032528482,0.032529097,0.20853555,0.20853545,1582450
0.1,0.0003237348,0.0012933839,0.9932608669290817,0.013194729691301463,0.032528482,0.032529097,0.20853555,0.20853545,1582450
0.1,0.0023864247,0.003559112,0.9932608669290817,0.013194729691301463,0.032528482,0.032529097,0.20853555,0.20853545,1582450
0.1,0.002859868,0.0038580855,0.9932608669290817,0.013194729691301463,0.032528482,0.032529097,0.20853555,0.20853545,1582450
0.1,0.001386849,0.0013155154,0.9932608669290817,0.013194729691301463,0.032528482,0.032529097,0.20853555,0.20853545,1582450
0.1,0.0033335013,0.0032276774,0.9932608669290817,0.013194729691301463,0.032528482,0.032529097,0.20853555,0.20853545,1582450
0.1,3.6648114e-06,0.0,0.9932608669290817,0.013194729691301463,0.032528482,0.032529097,0.20853555,0.20853545,1582450
0.1,0.00865113,0.009331788,0.9932608669290817,0.013194729691301463,0.032528482,0.032529097,0.20853555,0.20853545,1582450
0.1,0.008442029,0.010778342,0.9932608669290817,0.013194729691301463,0.032528482,0.032529097,0.20853555,0.20853545,1582450
0.1,0.0047774888,0.005378668,0.9932608669290817,0.013194729691301463,0.032528482,0.032529097,0.20853555,0.20853545,1582450
0.1,0.0061653424,0.0069938507,0.9932608669290817,0.013194729691301463,0.032528482,0.032529097,0.20853555,0.20853545,1582450
0.1,0.08188168,0.08261806,0.9932608669290817,0.013194729691301463,0.032528482,0.032529097,0.20853555,0.20853545,1582450
0.1,0.00029837506,0.0012952463,0.9932608669290817,0.013194729691301463,0.032528482,0.032529097,0.20853555,0.20853545,1582450
0.1,0.016574934,0.019475373,0.9932608669290817,0.013194729691301463,0.032528482,0.032529097,0.20853555,0.20853545,1582450
0.1,0.0010607768,0.001916882,0.9932608669290817,0.013194729691301463,0.032528482,0.032529097,0.20853555,0.20853545,1582450
0.1,0.0876208,0.08160222,0.9932608669290817,0.013194729691301463,0.032528482,0.032529097,0.20853555,0.20853545,1582450
0.1,0.0024050025,0.0020412842,0.9932608669290817,0.013194729691301463,0.032528482,0.032529097,0.20853555,0.20853545,1582450
0.1,0.001221131,0.0022812784,0.9932608669290817,0.013194729691301463,0.032528482,0.032529097,0.20853555,0.20853545,1582450
0.1,0.028534142,0.02480499,0.9932608669290817,0.013194729691301463,0.032528482,0.032529097,0.20853555,0.20853545,1582450
0.1,0.037915185,0.033806935,0.9932608669290817,0.013194729691301463,0.032528482,0.032529097,0.20853555,0.20853545,1582450
0.1,0.00810371,0.0090298755,0.9932608669290817,0.013194729691301463,0.032528482,0.032529097,0.20853555,0.20853545,1582450
0.1,0.0006080172,0.0015667672,0.9932608669290817,0.013194729691301463,0.032528482,0.032529097,0.20853555,0.20853545,1582450
0.1,0.00015449862,0.0011424259,0.9932608669290817,0.013194729691301463,0.032528482,0.032529097,0.20853555,0.20853545,1582450
0.1,1.3868982e-05,0.0010289046,0.9932608669290817,0.013194729691301463,0.032528482,0.032529097,0.20853555,0.20853545,1582450
0.1,0.009756604,0.012062403,0.9932608669290817,0.013194729691301463,0.032528482,0.032529097,0.20853555,0.20853545,1582450
0.1,0.0031552422,0.0040024943,0.9932608669290817,0.013194729691301463,0.032528482,0.032529097,0.20853555,0.20853545,1582450
0.1,0.010251953,0.009639545,0.9932608669290817,0.013194729691301463,0.032528482,0.032529097,0.20853555,0.20853545,1582450
0.1,0.010772373,0.010359986,0.9932608669290817,0.013194729691301463,0.032528482,0.032529097,0.20853555,0.20853545,1582450
0.1,0.00023217629,0.0012278403,0.9932608669290817,0.013194729691301463,0.032528482,0.032529097,0.20853555,0.20853545,1582450
0.1,0.0037707535,0.0044473587,0.9932608669290817,0.013194729691301463,0.032528482,0.032529097,0.20853555,0.20853545,1582450
0.1,0.0030264915,0.004357452,0.9932608669290817,0.013194729691301463,0.032528482,0.032529097,0.20853555,0.20853545,1582450
0.1,0.00022266876,0.00011687895,0.9932608669290817,0.013194729691301463,0.032528482,0.032529097,0.20853555,0.20853545,1582450
0.1,0.0043728547,0.0055325185,0.9932608669290817,0.013194729691301463,0.032528482,0.032529097,0.20853555,0.20853545,1582450
0.1,0.036278937,0.03210248,0.9932608669290817,0.013194729691301463,0.032528482,0.032529097,0.20853555,0.20853545,1582450
0.1,0.00021940307,0.0012291447,0.9932608669290817,0.013194729691301463,0.032528482,0.032529097,0.20853555,0.20853545,1582450
0.1,0.0018057252,0.0025431283,0.9932608669290817,0.013194729691301463,0.032528482,0.032529097,0.20853555,0.20853545,1582450
0.1,0.002420553,0.0031659112,0.9932608669290817,0.013194729691301463,0.032528482,0.032529097,0.20853555,0.20853545,1582450
0.1,0.00046140095,0.00033860307,0.9932608669290817,0.013194729691301463,0.032528482,0.032529097,0.20853555,0.20853545,1582450
0.1,0.0008867373,0.0018279654,0.9932608669290817,0.013194729691301463,0.032528482,0.032529097,0.20853555,0.20853545,1582450
0.1,0.008072448,0.00819069,0.9932608669290817,0.013194729691301463,0.032528482,0.032529097,0.20853555,0.20853545,1582450
0.1,0.08441124,0.0784151,0.9932608669290817,0.013194729691301463,0.032528482,0.032529097,0.20853555,0.20853545,1582450
0.1,0.0002971078,0.0013341252,0.9932608669290817,0.013194729691301463,0.032528482,0.032529097,0.20853555,0.20853545,1582450
0.1,0.0003802607,0.0013542495,0.9932608669290817,0.013194729691301463,0.032528482,0.032529097,0.20853555,0.20853545,1582450
0.1,0.014759825,0.014660585,0.9932608669290817,0.013194729691301463,0.032528482,0.032529097,0.20853555,0.20853545,1582450
0.1,0.00037046545,0.0014435733,0.9932608669290817,0.013194729691301463,0.032528482,0.032529097,0.20853555,0.20853545,1582450
0.1,0.0014833768,0.0012999119,0.9932608669290817,0.013194729691301463,0.032528482,0.032529097,0.20853555,0.20853545,1582450
0.1,0.2671616,0.25158575,0.9932608669290817,0.013194729691301463,0.032528482,0.032529097,0.20853555,0.20853545,1582450
0.1,0.098165266,0.10380551,0.9932608669290817,0.013194729691301463,0.032528482,0.032529097,0.20853555,0.20853545,1582450
0.1,7.17451e-05,3.3586293e-06,0.9932608669290817,0.013194729691301463,0.032528482,0.032529097,0.20853555,0.20853545,1582450
0.1,0.00025121612,0.0012940654,0.9932608669290817,0.013194729691301463,0.032528482,0.032529097,0.20853555,0.20853545,1582450
0.1,0.0052456204,0.0058564874,0.9932608669290817,0.013194729691301463,0.032528482,0.032529097,0.20853555,0.20853545,1582450
0.1,0.022095509,0.019988684,0.9932608669290817,0.013194729691301463,0.032528482,0.032529097,0.20853555,0.20853545,1582450
0.1,9.085294e-05,0.0010948867,0.9932608669290817,0.013194729691301463,0.032528482,0.032529097,0.20853555,0.20853545,1582450
0.1,0.00925744,0.009531133,0.9932608669290817,0.013194729691301463,0.032528482,0.032529097,0.20853555,0.20853545,1582450
0.1,0.010080675,0.009610192,0.9932608669290817,0.013194729691301463,0.032528482,0.032529097,0.20853555,0.20853545,1582450
0.1,3.4467666e-05,0.0010478082,0.9932608669290817,0.013194729691301463,0.032528482,0.032529097,0.20853555,0.20853545,1582450
0.1,0.3104816,0.31318364,0.9932608669290817,0.013194729691301463,0.032528482,0.032529097,0.20853555,0.20853545,1582450
0.1,0.00061427697,0.0017099334,0.9932608669290817,0.013194729691301463,0.032528482,0.032529097,0.20853555,0.20853545,1582450
0.1,0.00030791576,0.00023138525,0.9932608669290817,0.013194729691301463,0.032528482,0.032529097,0.20853555,0.20853545,1582450
0.1,0.0008324168,0.0017925918,0.9932608669290817,0.013194729691301463,0.032528482,0.032529097,0.20853555,0.20853545,1582450
0.1,0.00047447372,0.0014435119,0.9932608669290817,0.013194729691301463,0.032528482,0.032529097,0.20853555,0.20853545,1582450
0.1,0.09729689,0.0811441,0.9932608669290817,0.013194729691301463,0.032528482,0.032529097,0.20853555,0.20853545,1582450
0.1,0.00087707763,0.0016932292,0.9932608669290817,0.013194729691301463,0.032528482,0.032529097,0.20853555,0.20853545,1582450
0.1,0.0015061395,0.0023189567,0.9932608669290817,0.013194729691301463,0.032528482,0.032529097,0.20853555,0.20853545,1582450
0.1,0.22238368,0.2217709,0.9932608669290817,0.013194729691301463,0.032528482,0.032529097,0.20853555,0.20853545,1582450
0.1,0.019732349,0.020262877,0.9932608669290817,0.013194729691301463,0.032528482,0.032529097,0.20853555,0.20853545,1582450
0.1,0.06567982,0.06670543,0.9932608669290817,0.013194729691301463,0.032528482,0.032529097,0.20853555,0.20853545,1582450
0.1,0.01360007,0.013699897,0.9932608669290817,0.013194729691301463,0.032528482,0.032529097,0.20853555,0.20853545,1582450
0.1,0.0033234945,0.00469907,0.9932608669290817,0.013194729691301463,0.032528482,0.032529097,0.20853555,0.20853545,1582450
0.1,0.010853084,0.010100557,0.9932608669290817,0.013194729691301463,0.032528482,0.032529097,0.20853555,0.20853545,1582450
0.1,0.0006971921,0.0015955811,0.9932608669290817,0.013194729691301463,0.032528482,0.032529097,0.20853555,0.20853545,1582450
0.1,0.000104245344,2.967771e-05,0.9932608669290817,0.013194729691301463,0.032528482,0.032529097,0.20853555,0.20853545,1582450
0.1,0.004845212,0.0053874254,0.9932608669290817,0.013194729691301463,0.032528482,0.032529097,0.20853555,0.20853545,1582450
0.1,0.033455037,0.03060754,0.9932608669290817,0.013194729691301463,0.032528482,0.032529097,0.20853555,0.20853545,1582450
0.1,0.0031968704,0.0038683699,0.9932608669290817,0.013194729691301463,0.032528482,0.032529097,0.20853555,0.20853545,1582450
0.1,0.101871416,0.10737856,0.9932608669290817,0.013194729691301463,0.032528482,0.032529097,0.20853555,0.20853545,1582450
0.1,0.024490366,0.026016358,0.9932608669290817,0.013194729691301463,0.032528482,0.032529097,0.20853555,0.20853545,1582450
0.1,0.04965257,0.043705307,0.9932608669290817,0.013194729691301463,0.032528482,0.032529097,0.20853555,0.20853545,1582450
0.1,0.054749344,0.05465919,0.9932608669290817,0.013194729691301463,0.032528482,0.032529097,0.20853555,0.20853545,1582450
0.1,0.017417394,0.014615494,0.9932608669290817,0.013194729691301463,0.032528482,0.032529097,0.20853555,0.20853545,1582450
0.1,0.0003628983,0.00025812458,0.9932608669290817,0.013194729691301463,0.032528482,0.032529097,0.20853555,0.20853545,1582450
0.1,0.0037373926,0.004377647,0.9932608669290817,0.013194729691301463,0.032528482,0.032529097,0.20853555,0.20853545,1582450
0.1,0.008000767,0.008860176,0.9932608669290817,0.013194729691301463,0.032528482,0.032529097,0.20853555,0.20853545,1582450
0.1,0.026274795,0.021666942,0.9932608669290817,0.013194729691301463,0.032528482,0.032529097,0.20853555,0.20853545,1582450
0.1,0.02297224,0.021723231,0.9932608669290817,0.013194729691301463,0.032528482,0.032529097,0.20853555,0.20853545,1582450
0.1,0.008457897,0.009649494,0.9932608669290817,0.013194729691301463,0.032528482,0.032529097,0.20853555,0.20853545,1582450
0.1,0.0055340524,0.005887795,0.9932608669290817,0.013194729691301463,0.032528482,0.032529097,0.20853555,0.20853545,1582450
0.1,0.011734998,0.012293567,0.9932608669290817,0.013194729691301463,0.032528482,0.032529097,0.20853555,0.20853545,1582450
0.1,0.08341345,0.086701535,0.9932608669290817,0.013194729691301463,0.032528482,0.032529097,0.20853555,0.20853545,1582450
0.1,0.0033333988,0.0029735374,0.9932608669290817,0.013194729691301463,0.032528482,0.032529097,0.20853555,0.20853545,1582450
0.1,0.0028398328,0.0036506015,0.9932608669290817,0.013194729691301463,0.032528482,0.032529097,0.20853555,0.20853545,1582450
0.1,0.00076932186,0.0017500612,0.9932608669290817,0.013194729691301463,0.032528482,0.032529097,0.20853555,0.20853545,1582450
0.1,0.01824342,0.021307781,0.9932608669290817,0.013194729691301463,0.032528482,0.032529097,0.20853555,0.20853545,1582450
0.1,0.0005246716,0.001511779,0.9932608669290817,0.013194729691301463,0.032528482,0.032529097,0.20853555,0.20853545,1582450
0.1,0.0019835038,0.003156749,0.9932608669290817,0.013194729691301463,0.032528482,0.032529097,0.20853555,0.20853545,1582450
0.1,0.0015859621,0.002427516,0.9932608669290817,0.013194729691301463,0.032528482,0.032529097,0.20853555,0.20853545,1582450
0.1,0.00035991997,0.0013992186,0.9932608669290817,0.013194729691301463,0.032528482,0.032529097,0.20853555,0.20853545,1582450
0.1,0.014069602,0.01517752,0.9932608669290817,0.013194729691301463,0.032528482,0.032529097,0.20853555,0.20853545,1582450
0.1,0.00014883456,0.0011548082,0.9932608669290817,0.013194729691301463,0.032528482,0.032529097,0.20853555,0.20853545,1582450
0.1,0.0029866083,0.0046136724,0.9932608669290817,0.013194729691301463,0.032528482,0.032529097,0.20853555,0.20853545,1582450
0.1,0.00036613655,0.0013418853,0.9932608669290817,0.013194729691301463,0.032528482,0.032529097,0.20853555,0.20853545,1582450
0.1,0.0003727061,0.0013994303,0.9932608669290817,0.013194729691301463,0.032528482,0.032529097,0.20853555,0.20853545,1582450
0.1,0.007958971,0.008607591,0.9932608669290817,0.013194729691301463,0.032528482,0.032529097,0.20853555,0.20853545,1582450
0.1,0.0029467128,0.004085373,0.9932608669290817,0.013194729691301463,0.032528482,0.032529097,0.20853555,0.20853545,1582450
0.1,0.047878616,0.052590992,0.9932608669290817,0.013194729691301463,0.032528482,0.032529097,0.20853555,0.20853545,1582450
0.1,0.11291636,0.11459369,0.9932608669290817,0.013194729691301463,0.032528482,0.032529097,0.20853555,0.20853545,1582450
0.1,0.0010195584,0.0019726946,0.9932608669290817,0.013194729691301463,0.032528482,0.032529097,0.20853555,0.20853545,1582450
0.1,0.023920154,0.023120068,0.9932608669290817,0.013194729691301463,0.032528482,0.032529097,0.20853555,0.20853545,1582450
0.1,0.008066488,0.009670343,0.9932608669290817,0.013194729691301463,0.032528482,0.032529097,0.20853555,0.20853545,1582450
0.1,0.0009786612,0.0019813585,0.9932608669290817,0.013194729691301463,0.032528482,0.032529097,0.20853555,0.20853545,1582450
0.1,0.035387896,0.03348576,0.9932608669290817,0.013194729691301463,0.032528482,0.032529097,0.20853555,0.20853545,1582450
0.1,0.010412357,0.012062656,0.9932608669290817,0.013194729691301463,0.032528482,0.032529097,0.20853555,0.20853545,1582450
0.1,0.00721949,0.007881494,0.9932608669290817,0.013194729691301463,0.032528482,0.032529097,0.20853555,0.20853545,1582450
0.1,0.00015947835,0.0011756778,0.9932608669290817,0.013194729691301463,0.032528482,0.032529097,0.20853555,0.20853545,1582450
0.1,0.0019923039,0.003005859,0.9932608669290817,0.013194729691301463,0.032528482,0.032529097,0.20853555,0.20853545,1582450
0.1,0.0058882474,0.004645844,0.9932608669290817,0.013194729691301463,0.032528482,0.032529097,0.20853555,0.20853545,1582450
0.1,0.00043671,0.0014969736,0.9932608669290817,0.013194729691301463,0.032528482,0.032529097,0.20853555,0.20853545,1582450
0.1,0.00158407,0.0026764106,0.9932608669290817,0.013194729691301463,0.032528482,0.032529097,0.20853555,0.20853545,1582450
0.1,0.060235966,0.061112694,0.9932608669290817,0.013194729691301463,0.032528482,0.032529097,0.20853555,0.20853545,1582450
0.1,0.0015021062,0.002355376,0.9932608669290817,0.013194729691301463,0.032528482,0.032529097,0.20853555,0.20853545,1582450
0.1,0.0024234725,0.0029177868,0.9932608669290817,0.013194729691301463,0.032528482,0.032529097,0.20853555,0.20853545,1582450
0.1,0.0020179513,0.0029582626,0.9932608669290817,0.013194729691301463,0.032528482,0.032529097,0.20853555,0.20853545,1582450
0.1,0.036223616,0.03720777,0.9932608669290817,0.013194729691301463,0.032528482,0.032529097,0.20853555,0.20853545,1582450
0.1,0.0029935949,0.0041815424,0.9932608669290817,0.013194729691301463,0.032528482,0.032529097,0.20853555,0.20853545,1582450
0.1,8.632501e-05,0.0010920297,0.9932608669290817,0.013194729691301463,0.032528482,0.032529097,0.20853555,0.20853545,1582450
0.1,0.0973157,0.11925791,0.9932608669290817,0.013194729691301463,0.032528482,0.032529097,0.20853555,0.20853545,1582450
0.1,0.0036296614,0.0040065073,0.9932608669290817,0.013194729691301463,0.032528482,0.032529097,0.20853555,0.20853545,1582450
0.1,0.0031866818,0.0042429725,0.9932608669290817,0.013194729691301463,0.032528482,0.032529097,0.20853555,0.20853545,1582450
0.1,0.0002501937,0.0012325844,0.9932608669290817,0.013194729691301463,0.032528482,0.032529097,0.20853555,0.20853545,1582450
0.1,0.00043437027,0.0014001735,0.9932608669290817,0.013194729691301463,0.032528482,0.032529097,0.20853555,0.20853545,1582450
0.1,0.0066480553,0.0065963706,0.9932608669290817,0.013194729691301463,0.032528482,0.032529097,0.20853555,0.20853545,1582450
0.1,4.0452735e-05,0.001053506,0.9932608669290817,0.013194729691301463,0.032528482,0.032529097,0.20853555,0.20853545,1582450
0.1,0.0036413078,0.004779077,0.9932608669290817,0.013194729691301463,0.032528482,0.032529097,0.20853555,0.20853545,1582450
0.1,0.0015815694,0.0025864146,0.9932608669290817,0.013194729691301463,0.032528482,0.032529097,0.20853555,0.20853545,1582450
0.1,0.040431827,0.041645467,0.9932608669290817,0.013194729691301463,0.032528482,0.032529097,0.20853555,0.20853545,1582450
0.1,0.0016024929,0.0025263627,0.9932608669290817,0.013194729691301463,0.032528482,0.032529097,0.20853555,0.20853545,1582450
0.1,0.017452931,0.016412111,0.9932608669290817,0.013194729691301463,0.032528482,0.032529097,0.20853555,0.20853545,1582450
0.1,0.0004107901,0.00028336167,0.9932608669290817,0.013194729691301463,0.032528482,0.032529097,0.20853555,0.20853545,1582450
0.1,0.0012590343,0.0022502905,0.9932608669290817,0.013194729691301463,0.032528482,0.032529097,0.20853555,0.20853545,1582450
0.1,0.033493772,0.03904433,0.9932608669290817,0.013194729691301463,0.032528482,0.032529097,0.20853555,0.20853545,1582450
0.1,0.0017693045,0.0014856989,0.9932608669290817,0.013194729691301463,0.032528482,0.032529097,0.20853555,0.20853545,1582450
0.1,4.9295482e-05,0.0010611038,0.9932608669290817,0.013194729691301463,0.032528482,0.032529097,0.20853555,0.20853545,1582450
0.1,0.003948779,0.004745944,0.9932608669290817,0.013194729691301463,0.032528482,0.032529097,0.20853555,0.20853545,1582450
0.1,0.00239635,0.0031914755,0.9932608669290817,0.013194729691301463,0.032528482,0.032529097,0.20853555,0.20853545,1582450
0.1,0.0011694717,0.0023810072,0.9932608669290817,0.013194729691301463,0.032528482,0.032529097,0.20853555,0.20853545,1582450
0.1,0.020481212,0.020750001,0.9932608669290817,0.013194729691301463,0.032528482,0.032529097,0.20853555,0.20853545,1582450
0.1,1.8610157e-05,0.0010306641,0.9932608669290817,0.013194729691301463,0.032528482,0.032529097,0.20853555,0.20853545,1582450
0.1,0.0038188566,0.0041333153,0.9932608669290817,0.013194729691301463,0.032528482,0.032529097,0.20853555,0.20853545,1582450
0.1,0.022962993,0.023526346,0.9932608669290817,0.013194729691301463,0.032528482,0.032529097,0.20853555,0.20853545,1582450
0.1,0.18338674,0.17667119,0.9932608669290817,0.013194729691301463,0.032528482,0.032529097,0.20853555,0.20853545,1582450
0.1,0.0013099419,0.0021050214,0.9932608669290817,0.013194729691301463,0.032528482,0.032529097,0.20853555,0.20853545,1582450
0.1,6.34632e-05,0.0010774712,0.9932608669290817,0.013194729691301463,0.032528482,0.032529097,0.20853555,0.20853545,1582450
0.1,0.00355218,0.0040435367,0.9932608669290817,0.013194729691301463,0.032528482,0.032529097,0.20853555,0.20853545,1582450
0.1,0.006320891,0.0069076265,0.9932608669290817,0.013194729691301463,0.032528482,0.032529097,0.20853555,0.20853545,1582450
0.1,0.0017024336,0.0025349096,0.9932608669290817,0.013194729691301463,0.032528482,0.032529097,0.20853555,0.20853545,1582450
0.1,0.0118207615,0.013891125,0.9932608669290817,0.013194729691301463,0.032528482,0.032529097,0.20853555,0.20853545,1582450
0.1,0.00065978506,0.0005631534,0.9932608669290817,0.013194729691301463,0.032528482,0.032529097,0.20853555,0.20853545,1582450
0.1,0.23277044,0.20033991,0.9932608669290817,0.013194729691301463,0.032528482,0.032529097,0.20853555,0.20853545,1582450
0.1,0.004254562,0.0048131025,0.9932608669290817,0.013194729691301463,0.032528482,0.032529097,0.20853555,0.20853545,1582450
0.1,0.00079975894,0.0018613954,0.9932608669290817,0.013194729691301463,0.032528482,0.032529097,0.20853555,0.20853545,1582450
0.1,0.007433179,0.0074796826,0.9932608669290817,0.013194729691301463,0.032528482,0.032529097,0.20853555,0.20853545,1582450
0.1,0.025007363,0.029373124,0.9932608669290817,0.013194729691301463,0.032528482,0.032529097,0.20853555,0.20853545,1582450
0.1,7.091157e-05,0.0,0.9932608669290817,0.013194729691301463,0.032528482,0.032529097,0.20853555,0.20853545,1582450
0.1,0.00073651684,0.001778254,0.9932608669290817,0.013194729691301463,0.032528482,0.032529097,0.20853555,0.20853545,1582450
0.1,0.01477488,0.014706256,0.9932608669290817,0.013194729691301463,0.032528482,0.032529097,0.20853555,0.20853545,1582450
0.1,0.0025213996,0.0026557308,0.9932608669290817,0.013194729691301463,0.032528482,0.032529097,0.20853555,0.20853545,1582450
0.1,0.001384961,0.0024510345,0.9932608669290817,0.013194729691301463,0.032528482,0.032529097,0.20853555,0.20853545,1582450
0.1,0.027152456,0.024812782,0.9932608669290817,0.013194729691301463,0.032528482,0.032529097,0.20853555,0.20853545,1582450
0.1,0.036309145,0.031918235,0.9932608669290817,0.013194729691301463,0.032528482,0.032529097,0.20853555,0.20853545,1582450
0.1,0.00022233465,0.0012393189,0.9932608669290817,0.013194729691301463,0.032528482,0.032529097,0.20853555,0.20853545,1582450
0.1,1.7004264e-05,0.0010306872,0.9932608669290817,0.013194729691301463,0.032528482,0.032529097,0.20853555,0.20853545,1582450
0.1,7.534385e-05,0.0010856797,0.9932608669290817,0.013194729691301463,0.032528482,0.032529097,0.20853555,0.20853545,1582450
0.1,0.026391285,0.026884284,0.9932608669290817,0.013194729691301463,0.032528482,0.032529097,0.20853555,0.20853545,1582450
0.1,0.002398174,0.0034836037,0.9932608669290817,0.013194729691301463,0.032528482,0.032529097,0.20853555,0.20853545,1582450
0.1,2.6234891e-05,0.0010380883,0.9932608669290817,0.013194729691301463,0.032528482,0.032529097,0.20853555,0.20853545,1582450
0.1,4.2126354e-05,0.0,0.9932608669290817,0.013194729691301463,0.032528482,0.032529097,0.20853555,0.20853545,1582450
0.1,0.0005587135,0.0015655454,0.9932608669290817,0.013194729691301463,0.032528482,0.032529097,0.20853555,0.20853545,1582450
0.1,7.4782416e-05,0.0010793749,0.9932608669290817,0.013194729691301463,0.032528482,0.032529097,0.20853555,0.20853545,1582450
0.1,3.9867013e-05,0.0,0.9932608669290817,0.013194729691301463,0.032528482,0.032529097,0.20853555,0.20853545,1582450
0.1,0.00020945512,0.0012126857,0.9932608669290817,0.013194729691301463,0.032528482,0.032529097,0.20853555,0.20853545,1582450
0.1,0.00014968481,0.0011598741,0.9932608669290817,0.013194729691301463,0.032528482,0.032529097,0.20853555,0.20853545,1582450
0.1,0.00042100536,0.00041238294,0.9932608669290817,0.013194729691301463,0.032528482,0.032529097,0.20853555,0.20853545,1582450
0.1,0.6738849,0.66998976,0.9932608669290817,0.013194729691301463,0.032528482,0.032529097,0.20853555,0.20853545,1582450
0.1,0.00045131,0.0014283479,0.9932608669290817,0.013194729691301463,0.032528482,0.032529097,0.20853555,0.20853545,1582450
0.1,0.00059819524,0.0016232475,0.9932608669290817,0.013194729691301463,0.032528482,0.032529097,0.20853555,0.20853545,1582450
0.1,0.05768538,0.049598973,0.9932608669290817,0.013194729691301463,0.032528482,0.032529097,0.20853555,0.20853545,1582450
0.1,0.11842925,0.12526219,0.9932608669290817,0.013194729691301463,0.032528482,0.032529097,0.20853555,0.20853545,1582450
0.1,0.00010895938,2.7698497e-05,0.9932608669290817,0.013194729691301463,0.032528482,0.032529097,0.20853555,0.20853545,1582450
0.1,0.0022691265,0.0029447475,0.9932608669290817,0.013194729691301463,0.032528482,0.032529097,0.20853555,0.20853545,1582450
0.1,0.0005163928,0.0015200386,0.9932608669290817,0.013194729691301463,0.032528482,0.032529097,0.20853555,0.20853545,1582450
0.1,0.0036039145,0.0042831167,0.9932608669290817,0.013194729691301463,0.032528482,0.032529097,0.20853555,0.20853545,1582450
0.1,6.526034e-05,0.0010725752,0.9932608669290817,0.013194729691301463,0.032528482,0.032529097,0.20853555,0.20853545,1582450
0.1,3.202421e-05,0.0010513902,0.9932608669290817,0.013194729691301463,0.032528482,0.032529097,0.20853555,0.20853545,1582450
0.1,0.0039755506,0.004148532,0.9932608669290817,0.013194729691301463,0.032528482,0.032529097,0.20853555,0.20853545,1582450
0.1,0.00017201473,0.0012041939,0.9932608669290817,0.013194729691301463,0.032528482,0.032529097,0.20853555,0.20853545,1582450
0.1,0.0045095556,0.004379485,0.9932608669290817,0.013194729691301463,0.032528482,0.032529097,0.20853555,0.20853545,1582450
0.1,0.0070983805,0.008619131,0.9932608669290817,0.013194729691301463,0.032528482,0.032529097,0.20853555,0.20853545,1582450
0.1,0.0038868259,0.004403253,0.9932608669290817,0.013194729691301463,0.032528482,0.032529097,0.20853555,0.20853545,1582450
0.1,0.0013286754,0.0022164756,0.9932608669290817,0.013194729691301463,0.032528482,0.032529097,0.20853555,0.20853545,1582450
0.1,0.0001837506,0.0012050882,0.9932608669290817,0.013194729691301463,0.032528482,0.032529097,0.20853555,0.20853545,1582450
0.1,0.061721236,0.057497144,0.9932608669290817,0.013194729691301463,0.032528482,0.032529097,0.20853555,0.20853545,1582450
0.1,0.01862386,0.019357596,0.9932608669290817,0.013194729691301463,0.032528482,0.032529097,0.20853555,0.20853545,1582450
0.1,8.3158375e-05,1.8990606e-06,0.9932608669290817,0.013194729691301463,0.032528482,0.032529097,0.20853555,0.20853545,1582450
0.1,0.013680458,0.014921223,0.9932608669290817,0.013194729691301463,0.032528482,0.032529097,0.20853555,0.20853545,1582450
0.1,0.001553542,0.0013455531,0.9932608669290817,0.013194729691301463,0.032528482,0.032529097,0.20853555,0.20853545,1582450
0.1,0.0054198317,0.0068076747,0.9932608669290817,0.013194729691301463,0.032528482,0.032529097,0.20853555,0.20853545,1582450
0.1,0.010946786,0.012524592,0.9932608669290817,0.013194729691301463,0.032528482,0.032529097,0.20853555,0.20853545,1582450
0.1,0.015784765,0.015716845,0.9932608669290817,0.013194729691301463,0.032528482,0.032529097,0.20853555,0.20853545,1582450
0.1,0.012595115,0.01241228,0.9932608669290817,0.013194729691301463,0.032528482,0.032529097,0.20853555,0.20853545,1582450
0.1,0.0033742539,0.003941215,0.9932608669290817,0.013194729691301463,0.032528482,0.032529097,0.20853555,0.20853545,1582450
0.1,0.14508392,0.1675784,0.9932608669290817,0.013194729691301463,0.032528482,0.032529097,0.20853555,0.20853545,1582450
0.1,0.014404335,0.01410249,0.9932608669290817,0.013194729691301463,0.032528482,0.032529097,0.20853555,0.20853545,1582450
0.1,0.0003090781,0.0012644487,0.9932608669290817,0.013194729691301463,0.032528482,0.032529097,0.20853555,0.20853545,1582450
0.1,0.00017379149,0.0011841975,0.9932608669290817,0.013194729691301463,0.032528482,0.032529097,0.20853555,0.20853545,1582450
0.1,0.009596698,0.010672927,0.9932608669290817,0.013194729691301463,0.032528482,0.032529097,0.20853555,0.20853545,1582450
0.1,0.36153105,0.38207635,0.9932608669290817,0.013194729691301463,0.032528482,0.032529097,0.20853555,0.20853545,1582450
0.1,0.0332945,0.02895553,0.9932608669290817,0.013194729691301463,0.032528482,0.032529097,0.20853555,0.20853545,1582450
0.1,0.0006671764,0.0015610339,0.9932608669290817,0.013194729691301463,0.032528482,0.032529097,0.20853555,0.20853545,1582450
0.1,0.00088883785,0.0009736354,0.9932608669290817,0.013194729691301463,0.032528482,0.032529097,0.20853555,0.20853545,1582450
0.1,0.008425535,0.008912395,0.9932608669290817,0.013194729691301463,0.032528482,0.032529097,0.20853555,0.20853545,1582450
0.1,0.0046747574,0.0055845287,0.9932608669290817,0.013194729691301463,0.032528482,0.032529097,0.20853555,0.20853545,1582450
0.1,8.9402594e-05,0.0010930251,0.9932608669290817,0.013194729691301463,0.032528482,0.032529097,0.20853555,0.20853545,1582450
0.1,0.21539183,0.18113348,0.9932608669290817,0.013194729691301463,0.032528482,0.032529097,0.20853555,0.20853545,1582450
0.1,0.00043442205,0.0014507673,0.9932608669290817,0.013194729691301463,0.032528482,0.032529097,0.20853555,0.20853545,1582450
0.1,0.7629089,0.7388978,0.9932608669290817,0.013194729691301463,0.032528482,0.032529097,0.20853555,0.20853545,1582450
0.1,4.0749383e-05,0.0010556197,0.9932608669290817,0.013194729691301463,0.032528482,0.032529097,0.20853555,0.20853545,1582450
0.1,0.010055097,0.011680654,0.9932608669290817,0.013194729691301463,0.032528482,0.032529097,0.20853555,0.20853545,1582450
0.1,0.0011102854,0.00081401464,0.9932608669290817,0.013194729691301463,0.032528482,0.032529097,0.20853555,0.20853545,1582450
0.1,0.45010176,0.4929991,0.9932608669290817,0.013194729691301463,0.032528482,0.032529097,0.20853555,0.20853545,1582450
0.1,0.00031829288,0.00024497785,0.9932608669290817,0.013194729691301463,0.032528482,0.032529097,0.20853555,0.20853545,1582450
0.1,0.00022751806,0.0012171773,0.9932608669290817,0.013194729691301463,0.032528482,0.032529097,0.20853555,0.20853545,1582450
0.1,0.0010195666,0.0020961177,0.9932608669290817,0.013194729691301463,0.032528482,0.032529097,0.20853555,0.20853545,1582450
0.1,0.00036193046,0.0014231101,0.9932608669290817,0.013194729691301463,0.032528482,0.032529097,0.20853555,0.20853545,1582450
0.1,0.0053099464,0.00649301,0.9932608669290817,0.013194729691301463,0.032528482,0.032529097,0.20853555,0.20853545,1582450
0.1,0.00035447668,0.0013555774,0.9932608669290817,0.013194729691301463,0.032528482,0.032529097,0.20853555,0.20853545,1582450
0.1,0.012847575,0.014099513,0.9932608669290817,0.013194729691301463,0.032528482,0.032529097,0.20853555,0.20853545,1582450
0.1,0.005831588,0.007471561,0.9932608669290817,0.013194729691301463,0.032528482,0.032529097,0.20853555,0.20853545,1582450
0.1,0.0067975465,0.0083826175,0.9932608669290817,0.013194729691301463,0.032528482,0.032529097,0.20853555,0.20853545,1582450
0.1,0.0038624809,0.0036293636,0.9932608669290817,0.013194729691301463,0.032528482,0.032529097,0.20853555,0.20853545,1582450
0.1,0.0047008926,0.005111851,0.9932608669290817,0.013194729691301463,0.032528482,0.032529097,0.20853555,0.20853545,1582450
0.1,0.0005630218,0.0016129846,0.9932608669290817,0.013194729691301463,0.032528482,0.032529097,0.20853555,0.20853545,1582450
0.1,0.014332032,0.01495721,0.9932608669290817,0.013194729691301463,0.032528482,0.032529097,0.20853555,0.20853545,1582450
0.1,0.01225293,0.011917428,0.9932608669290817,0.013194729691301463,0.032528482,0.032529097,0.20853555,0.20853545,1582450
0.1,0.10872538,0.0927345,0.9932608669290817,0.013194729691301463,0.032528482,0.032529097,0.20853555,0.20853545,1582450
0.1,0.072105706,0.06994621,0.9932608669290817,0.013194729691301463,0.032528482,0.032529097,0.20853555,0.20853545,1582450
0.1,0.024533646,0.021615382,0.9932608669290817,0.013194729691301463,0.032528482,0.032529097,0.20853555,0.20853545,1582450
0.1,0.071811415,0.07497775,0.9932608669290817,0.013194729691301463,0.032528482,0.032529097,0.20853555,0.20853545,1582450
0.1,0.07468871,0.08122815,0.9932608669290817,0.013194729691301463,0.032528482,0.032529097,0.20853555,0.20853545,1582450
0.1,0.009995604,0.009957339,0.9932608669290817,0.013194729691301463,0.032528482,0.032529097,0.20853555,0.20853545,1582450
0.1,0.0007249885,0.0006221872,0.9932608669290817,0.013194729691301463,0.032528482,0.032529097,0.20853555,0.20853545,1582450
0.1,0.0007921372,0.0018319513,0.9932608669290817,0.013194729691301463,0.032528482,0.032529097,0.20853555,0.20853545,1582450
0.1,0.07166001,0.06359761,0.9932608669290817,0.013194729691301463,0.032528482,0.032529097,0.20853555,0.20853545,1582450
0.1,0.0006273086,0.0015633126,0.9932608669290817,0.013194729691301463,0.032528482,0.032529097,0.20853555,0.20853545,1582450
0.1,0.0026545287,0.0037922405,0.9932608669290817,0.013194729691301463,0.032528482,0.032529097,0.20853555,0.20853545,1582450
0.1,0.0030924578,0.0037744245,0.9932608669290817,0.013194729691301463,0.032528482,0.032529097,0.20853555,0.20853545,1582450
0.1,0.0027123494,0.0036926193,0.9932608669290817,0.013194729691301463,0.032528482,0.032529097,0.20853555,0.20853545,1582450
0.1,0.0004327776,0.0014166738,0.9932608669290817,0.013194729691301463,0.032528482,0.032529097,0.20853555,0.20853545,1582450
0.1,0.0007175513,0.0018491752,0.9932608669290817,0.013194729691301463,0.032528482,0.032529097,0.20853555,0.20853545,1582450
0.1,0.00038284733,0.0013862894,0.9932608669290817,0.013194729691301463,0.032528482,0.032529097,0.20853555,0.20853545,1582450
0.1,0.0025439067,0.0027418355,0.9932608669290817,0.013194729691301463,0.032528482,0.032529097,0.20853555,0.20853545,1582450
0.1,0.02167259,0.022816384,0.9932608669290817,0.013194729691301463,0.032528482,0.032529097,0.20853555,0.20853545,1582450
0.1,0.0010123771,0.00112726,0.9932608669290817,0.013194729691301463,0.032528482,0.032529097,0.20853555,0.20853545,1582450
0.1,0.0016752053,0.0015642502,0.9932608669290817,0.013194729691301463,0.032528482,0.032529097,0.20853555,0.20853545,1582450
0.1,0.007671267,0.0072092623,0.9932608669290817,0.013194729691301463,0.032528482,0.032529097,0.20853555,0.20853545,1582450
0.1,0.21242447,0.20575956,0.9932608669290817,0.013194729691301463,0.032528482,0.032529097,0.20853555,0.20853545,1582450
0.1,0.00014660378,7.18652e-05,0.9932608669290817,0.013194729691301463,0.032528482,0.032529097,0.20853555,0.20853545,1582450
0.1,0.007238067,0.006192693,0.9932608669290817,0.013194729691301463,0.032528482,0.032529097,0.20853555,0.20853545,1582450
0.1,0.0016886648,0.0013380789,0.9932608669290817,0.013194729691301463,0.032528482,0.032529097,0.20853555,0.20853545,1582450
0.1,2.5300938e-05,0.0010404793,0.9932608669290817,0.013194729691301463,0.032528482,0.032529097,0.20853555,0.20853545,1582450
0.1,0.002068141,0.0029627348,0.9932608669290817,0.013194729691301463,0.032528482,0.032529097,0.20853555,0.20853545,1582450
0.1,0.036065195,0.034855288,0.9932608669290817,0.013194729691301463,0.032528482,0.032529097,0.20853555,0.20853545,1582450
0.1,5.1953564e-05,0.001066523,0.9932608669290817,0.013194729691301463,0.032528482,0.032529097,0.20853555,0.20853545,1582450
0.1,0.003074254,0.003973688,0.9932608669290817,0.013194729691301463,0.032528482,0.032529097,0.20853555,0.20853545,1582450
0.1,0.000997106,0.0019273593,0.9932608669290817,0.013194729691301463,0.032528482,0.032529097,0.20853555,0.20853545,1582450
0.1,0.009696593,0.011554141,0.9932608669290817,0.013194729691301463,0.032528482,0.032529097,0.20853555,0.20853545,1582450
0.1,0.036378272,0.040195417,0.9932608669290817,0.013194729691301463,0.032528482,0.032529097,0.20853555,0.20853545,1582450
0.1,0.018482404,0.01664662,0.9932608669290817,0.013194729691301463,0.032528482,0.032529097,0.20853555,0.20853545,1582450
0.1,0.015567614,0.01490794,0.9932608669290817,0.013194729691301463,0.032528482,0.032529097,0.20853555,0.20853545,1582450
0.1,0.059863977,0.060841914,0.9932608669290817,0.013194729691301463,0.032528482,0.032529097,0.20853555,0.20853545,1582450
0.1,0.0034934247,0.0047806203,0.9932608669290817,0.013194729691301463,0.032528482,0.032529097,0.20853555,0.20853545,1582450
0.1,4.2178976e-06,0.0010194628,0.9932608669290817,0.013194729691301463,0.032528482,0.032529097,0.20853555,0.20853545,1582450
0.1,0.0061157863,0.0063829217,0.9932608669290817,0.013194729691301463,0.032528482,0.032529097,0.20853555,0.20853545,1582450
0.1,0.005319068,0.006406864,0.9932608669290817,0.013194729691301463,0.032528482,0.032529097,0.20853555,0.20853545,1582450
0.1,0.0014638063,0.0011480654,0.9932608669290817,0.013194729691301463,0.032528482,0.032529097,0.20853555,0.20853545,1582450
0.1,0.00011066089,0.001120626,0.9932608669290817,0.013194729691301463,0.032528482,0.032529097,0.20853555,0.20853545,1582450
0.1,0.013946114,0.013192826,0.9932608669290817,0.013194729691301463,0.032528482,0.032529097,0.20853555,0.20853545,1582450
0.1,0.00013070591,0.001151498,0.9932608669290817,0.013194729691301463,0.032528482,0.032529097,0.20853555,0.20853545,1582450
0.1,0.059335213,0.059511222,0.9932608669290817,0.013194729691301463,0.032528482,0.032529097,0.20853555,0.20853545,1582450
0.1,0.0010425145,0.0018904338,0.9932608669290817,0.013194729691301463,0.032528482,0.032529097,0.20853555,0.20853545,1582450
0.1,0.0015379139,0.001446344,0.9932608669290817,0.013194729691301463,0.032528482,0.032529097,0.20853555,0.20853545,1582450
0.1,0.004420932,0.004407473,0.9932608669290817,0.013194729691301463,0.032528482,0.032529097,0.20853555,0.20853545,1582450
0.1,0.010481908,0.010097973,0.9932608669290817,0.013194729691301463,0.032528482,0.032529097,0.20853555,0.20853545,1582450
0.1,0.055105872,0.05499856,0.9932608669290817,0.013194729691301463,0.032528482,0.032529097,0.20853555,0.20853545,1582450
0.1,0.0006026385,0.0015088868,0.9932608669290817,0.013194729691301463,0.032528482,0.032529097,0.20853555,0.20853545,1582450
0.1,0.0011664053,0.0021727134,0.9932608669290817,0.013194729691301463,0.032528482,0.032529097,0.20853555,0.20853545,1582450
0.1,0.0062863408,0.007767116,0.9932608669290817,0.013194729691301463,0.032528482,0.032529097,0.20853555,0.20853545,1582450
0.1,0.0017410935,0.0024448307,0.9932608669290817,0.013194729691301463,0.032528482,0.032529097,0.20853555,0.20853545,1582450
0.1,0.018542822,0.01781047,0.9932608669290817,0.013194729691301463,0.032528482,0.032529097,0.20853555,0.20853545,1582450
0.1,0.0005263496,0.0014492051,0.9932608669290817,0.013194729691301463,0.032528482,0.032529097,0.20853555,0.20853545,1582450
0.1,0.0031831563,0.0032999676,0.9932608669290817,0.013194729691301463,0.032528482,0.032529097,0.20853555,0.20853545,1582450
0.1,0.00034740948,0.0013661203,0.9932608669290817,0.013194729691301463,0.032528482,0.032529097,0.20853555,0.20853545,1582450
0.1,0.08086442,0.08813405,0.9932608669290817,0.013194729691301463,0.032528482,0.032529097,0.20853555,0.20853545,1582450
0.1,0.029564323,0.029554721,0.9932608669290817,0.013194729691301463,0.032528482,0.032529097,0.20853555,0.20853545,1582450
0.1,0.010266219,0.010069411,0.9932608669290817,0.013194729691301463,0.032528482,0.032529097,0.20853555,0.20853545,1582450
0.1,0.0090383645,0.010502129,0.9932608669290817,0.013194729691301463,0.032528482,0.032529097,0.20853555,0.20853545,1582450
0.1,0.09173048,0.100546785,0.9932608669290817,0.013194729691301463,0.032528482,0.032529097,0.20853555,0.20853545,1582450
0.1,0.020095425,0.018965984,0.9932608669290817,0.013194729691301463,0.032528482,0.032529097,0.20853555,0.20853545,1582450
0.1,0.00034611457,0.001348911,0.9932608669290817,0.013194729691301463,0.032528482,0.032529097,0.20853555,0.20853545,1582450
0.1,0.025373297,0.02286366,0.9932608669290817,0.013194729691301463,0.032528482,0.032529097,0.20853555,0.20853545,1582450
0.1,0.018318534,0.019933682,0.9932608669290817,0.013194729691301463,0.032528482,0.032529097,0.20853555,0.20853545,1582450
0.1,0.00023707139,0.0012196085,0.9932608669290817,0.013194729691301463,0.032528482,0.032529097,0.20853555,0.20853545,1582450
0.1,0.0007063684,0.0016887657,0.9932608669290817,0.013194729691301463,0.032528482,0.032529097,0.20853555,0.20853545,1582450
0.1,0.11794303,0.12654428,0.9932608669290817,0.013194729691301463,0.032528482,0.032529097,0.20853555,0.20853545,1582450
0.1,0.00021481235,0.0012079887,0.9932608669290817,0.013194729691301463,0.032528482,0.032529097,0.20853555,0.20853545,1582450
0.1,0.0012358429,0.0020870941,0.9932608669290817,0.013194729691301463,0.032528482,0.032529097,0.20853555,0.20853545,1582450
0.1,0.059304792,0.06496013,0.9932608669290817,0.013194729691301463,0.032528482,0.032529097,0.20853555,0.20853545,1582450
0.1,0.043966874,0.043217115,0.9932608669290817,0.013194729691301463,0.032528482,0.032529097,0.20853555,0.20853545,1582450
0.1,0.006999663,0.0072847786,0.9932608669290817,0.013194729691301463,0.032528482,0.032529097,0.20853555,0.20853545,1582450
0.1,0.00018805188,0.00010710781,0.9932608669290817,0.013194729691301463,0.032528482,0.032529097,0.20853555,0.20853545,1582450
0.1,0.017213825,0.020251123,0.9932608669290817,0.013194729691301463,0.032528482,0.032529097,0.20853555,0.20853545,1582450
0.1,2.5821513e-05,0.0010457329,0.9932608669290817,0.013194729691301463,0.032528482,0.032529097,0.20853555,0.20853545,1582450
0.1,0.040050432,0.036738906,0.9932608669290817,0.013194729691301463,0.032528482,0.032529097,0.20853555,0.20853545,1582450
0.1,0.018321654,0.017242514,0.9932608669290817,0.013194729691301463,0.032528482,0.032529097,0.20853555,0.20853545,1582450
0.1,0.0003994362,0.0014013625,0.9932608669290817,0.013194729691301463,0.032528482,0.032529097,0.20853555,0.20853545,1582450
0.1,0.042648427,0.039811987,0.9932608669290817,0.013194729691301463,0.032528482,0.032529097,0.20853555,0.20853545,1582450
0.1,1.1039053e-05,0.0010271169,0.9932608669290817,0.013194729691301463,0.032528482,0.032529097,0.20853555,0.20853545,1582450
0.1,0.0011215488,0.0020532028,0.9932608669290817,0.013194729691301463,0.032528482,0.032529097,0.20853555,0.20853545,1582450
0.1,0.00041931347,0.0013462068,0.9932608669290817,0.013194729691301463,0.032528482,0.032529097,0.20853555,0.20853545,1582450
0.1,0.03939862,0.035109825,0.9932608669290817,0.013194729691301463,0.032528482,0.032529097,0.20853555,0.20853545,1582450
0.1,0.0013745765,0.0022417067,0.9932608669290817,0.013194729691301463,0.032528482,0.032529097,0.20853555,0.20853545,1582450
0.1,0.001050137,0.002103438,0.9932608669290817,0.013194729691301463,0.032528482,0.032529097,0.20853555,0.20853545,1582450
0.1,2.5966847e-05,0.0010436638,0.9932608669290817,0.013194729691301463,0.032528482,0.032529097,0.20853555,0.20853545,1582450
0.1,0.030074334,0.028606145,0.9932608669290817,0.013194729691301463,0.032528482,0.032529097,0.20853555,0.20853545,1582450
0.1,0.00049689494,0.00044790324,0.9932608669290817,0.013194729691301463,0.032528482,0.032529097,0.20853555,0.20853545,1582450
0.1,0.00021773356,0.0012682081,0.9932608669290817,0.013194729691301463,0.032528482,0.032529097,0.20853555,0.20853545,1582450
0.1,0.0047734845,0.0049936883,0.9932608669290817,0.013194729691301463,0.032528482,0.032529097,0.20853555,0.20853545,1582450
0.1,0.0077309394,0.0081328275,0.9932608669290817,0.013194729691301463,0.032528482,0.032529097,0.20853555,0.20853545,1582450
0.1,0.006627113,0.006737403,0.9932608669290817,0.013194729691301463,0.032528482,0.032529097,0.20853555,0.20853545,1582450
0.1,0.033648472,0.034351084,0.9932608669290817,0.013194729691301463,0.032528482,0.032529097,0.20853555,0.20853545,1582450
0.1,0.0005424034,0.000408152,0.9932608669290817,0.013194729691301463,0.032528482,0.032529097,0.20853555,0.20853545,1582450
0.1,0.00034670703,0.0013874116,0.9932608669290817,0.013194729691301463,0.032528482,0.032529097,0.20853555,0.20853545,1582450
0.1,0.010614317,0.0095788,0.9932608669290817,0.013194729691301463,0.032528482,0.032529097,0.20853555,0.20853545,1582450
0.1,0.0005983514,0.0016416743,0.9932608669290817,0.013194729691301463,0.032528482,0.032529097,0.20853555,0.20853545,1582450
0.1,0.00045657242,0.0014189964,0.9932608669290817,0.013194729691301463,0.032528482,0.032529097,0.20853555,0.20853545,1582450
0.1,0.016585808,0.01632473,0.9932608669290817,0.013194729691301463,0.032528482,0.032529097,0.20853555,0.20853545,1582450
0.1,0.04376016,0.048344355,0.9932608669290817,0.013194729691301463,0.032528482,0.032529097,0.20853555,0.20853545,1582450
0.1,0.044636026,0.042582672,0.9932608669290817,0.013194729691301463,0.032528482,0.032529097,0.20853555,0.20853545,1582450
0.1,0.0018777814,0.0030314322,0.9932608669290817,0.013194729691301463,0.032528482,0.032529097,0.20853555,0.20853545,1582450
0.1,0.010159442,0.011104903,0.9932608669290817,0.013194729691301463,0.032528482,0.032529097,0.20853555,0.20853545,1582450
0.1,0.019975703,0.018631684,0.9932608669290817,0.013194729691301463,0.032528482,0.032529097,0.20853555,0.20853545,1582450
0.1,0.00878658,0.00802319,0.9932608669290817,0.013194729691301463,0.032528482,0.032529097,0.20853555,0.20853545,1582450
0.1,0.11073652,0.111673474,0.9932608669290817,0.013194729691301463,0.032528482,0.032529097,0.20853555,0.20853545,1582450
0.1,8.924988e-05,0.0010924786,0.9932608669290817,0.013194729691301463,0.032528482,0.032529097,0.20853555,0.20853545,1582450
0.1,0.00038450304,0.0013336507,0.9932608669290817,0.013194729691301463,0.032528482,0.032529097,0.20853555,0.20853545,1582450
0.1,0.0024746768,0.0032887494,0.9932608669290817,0.013194729691301463,0.032528482,0.032529097,0.20853555,0.20853545,1582450
0.1,0.017439632,0.01856443,0.9932608669290817,0.013194729691301463,0.032528482,0.032529097,0.20853555,0.20853545,1582450
0.1,0.027761826,0.026012419,0.9932608669290817,0.013194729691301463,0.032528482,0.032529097,0.20853555,0.20853545,1582450
0.1,0.013130391,0.013835888,0.9932608669290817,0.013194729691301463,0.032528482,0.032529097,0.20853555,0.20853545,1582450
0.1,0.0024205137,0.00333617,0.9932608669290817,0.013194729691301463,0.032528482,0.032529097,0.20853555,0.20853545,1582450
0.1,0.0018830315,0.0027134188,0.9932608669290817,0.013194729691301463,0.032528482,0.032529097,0.20853555,0.20853545,1582450
0.1,0.001599651,0.0023829022,0.9932608669290817,0.013194729691301463,0.032528482,0.032529097,0.20853555,0.20853545,1582450
0.1,0.00035245653,0.0013421116,0.9932608669290817,0.013194729691301463,0.032528482,0.032529097,0.20853555,0.20853545,1582450
0.1,0.00132676,0.002136182,0.9932608669290817,0.013194729691301463,0.032528482,0.032529097,0.20853555,0.20853545,1582450
0.1,0.07656185,0.07869471,0.9932608669290817,0.013194729691301463,0.032528482,0.032529097,0.20853555,0.20853545,1582450
0.1,0.041657623,0.044382837,0.9932608669290817,0.013194729691301463,0.032528482,0.032529097,0.20853555,0.20853545,1582450
0.1,0.0044268584,0.0049044103,0.9932608669290817,0.013194729691301463,0.032528482,0.032529097,0.20853555,0.20853545,1582450
0.1,1.0145277e-05,0.0010237972,0.9932608669290817,0.013194729691301463,0.032528482,0.032529097,0.20853555,0.20853545,1582450
0.1,0.000991814,0.0019862494,0.9932608669290817,0.013194729691301463,0.032528482,0.032529097,0.20853555,0.20853545,1582450
0.1,0.01046351,0.012176003,0.9932608669290817,0.013194729691301463,0.032528482,0.032529097,0.20853555,0.20853545,1582450
0.1,0.12465924,0.13460954,0.9932608669290817,0.013194729691301463,0.032528482,0.032529097,0.20853555,0.20853545,1582450
0.1,0.02030541,0.020755015,0.9932608669290817,0.013194729691301463,0.032528482,0.032529097,0.20853555,0.20853545,1582450
0.1,0.02198421,0.02344644,0.9932608669290817,0.013194729691301463,0.032528482,0.032529097,0.20853555,0.20853545,1582450
0.1,0.024968637,0.024912426,0.9932608669290817,0.013194729691301463,0.032528482,0.032529097,0.20853555,0.20853545,1582450
0.1,0.0030807266,0.004135157,0.9932608669290817,0.013194729691301463,0.032528482,0.032529097,0.20853555,0.20853545,1582450
0.1,0.0013708628,0.0023598934,0.9932608669290817,0.013194729691301463,0.032528482,0.032529097,0.20853555,0.20853545,1582450
0.1,0.0013077866,0.0021937022,0.9932608669290817,0.013194729691301463,0.032528482,0.032529097,0.20853555,0.20853545,1582450
0.1,0.004411445,0.005543761,0.9932608669290817,0.013194729691301463,0.032528482,0.032529097,0.20853555,0.20853545,1582450
0.1,0.0131854685,0.012354792,0.9932608669290817,0.013194729691301463,0.032528482,0.032529097,0.20853555,0.20853545,1582450
0.1,0.011883335,0.012761725,0.9932608669290817,0.013194729691301463,0.032528482,0.032529097,0.20853555,0.20853545,1582450
0.1,0.072103806,0.06614864,0.9932608669290817,0.013194729691301463,0.032528482,0.032529097,0.20853555,0.20853545,1582450
0.1,0.2865604,0.2683144,0.9932608669290817,0.013194729691301463,0.032528482,0.032529097,0.20853555,0.20853545,1582450
0.1,0.02774517,0.030684697,0.9932608669290817,0.013194729691301463,0.032528482,0.032529097,0.20853555,0.20853545,1582450
0.1,0.0028971967,0.003092589,0.9932608669290817,0.013194729691301463,0.032528482,0.032529097,0.20853555,0.20853545,1582450
0.1,0.00060260284,0.0015238483,0.9932608669290817,0.013194729691301463,0.032528482,0.032529097,0.20853555,0.20853545,1582450
0.1,0.0050840126,0.0065765562,0.9932608669290817,0.013194729691301463,0.032528482,0.032529097,0.20853555,0.20853545,1582450
0.1,0.00013506394,0.0011404055,0.9932608669290817,0.013194729691301463,0.032528482,0.032529097,0.20853555,0.20853545,1582450
0.1,0.0052020964,0.005152691,0.9932608669290817,0.013194729691301463,0.032528482,0.032529097,0.20853555,0.20853545,1582450
0.1,0.00027263947,0.0013184882,0.9932608669290817,0.013194729691301463,0.032528482,0.032529097,0.20853555,0.20853545,1582450
0.1,0.0028118184,0.0038142686,0.9932608669290817,0.013194729691301463,0.032528482,0.032529097,0.20853555,0.20853545,1582450
0.1,0.002704921,0.003533437,0.9932608669290817,0.013194729691301463,0.032528482,0.032529097,0.20853555,0.20853545,1582450
0.1,0.01919777,0.020198349,0.9932608669290817,0.013194729691301463,0.032528482,0.032529097,0.20853555,0.20853545,1582450
0.1,0.001733005,0.0019413077,0.9932608669290817,0.013194729691301463,0.032528482,0.032529097,0.20853555,0.20853545,1582450
0.1,0.0007276994,0.00065525714,0.9932608669290817,0.013194729691301463,0.032528482,0.032529097,0.20853555,0.20853545,1582450
0.1,0.0037798472,0.004643557,0.9932608669290817,0.013194729691301463,0.032528482,0.032529097,0.20853555,0.20853545,1582450
0.1,0.00010046502,0.0011294975,0.9932608669290817,0.013194729691301463,0.032528482,0.032529097,0.20853555,0.20853545,1582450
0.1,0.0023365552,0.0031308956,0.9932608669290817,0.013194729691301463,0.032528482,0.032529097,0.20853555,0.20853545,1582450
0.1,0.0009841238,0.0019277751,0.9932608669290817,0.013194729691301463,0.032528482,0.032529097,0.20853555,0.20853545,1582450
0.1,0.09060737,0.09197639,0.9932608669290817,0.013194729691301463,0.032528482,0.032529097,0.20853555,0.20853545,1582450
0.1,0.001080733,0.0021522979,0.9932608669290817,0.013194729691301463,0.032528482,0.032529097,0.20853555,0.20853545,1582450
0.1,0.057141114,0.05747278,0.9932608669290817,0.013194729691301463,0.032528482,0.032529097,0.20853555,0.20853545,1582450
0.1,0.0018480871,0.0017884147,0.9932608669290817,0.013194729691301463,0.032528482,0.032529097,0.20853555,0.20853545,1582450
0.1,4.026168e-05,0.0010511146,0.9932608669290817,0.013194729691301463,0.032528482,0.032529097,0.20853555,0.20853545,1582450
0.1,0.014719519,0.015013957,0.9932608669290817,0.013194729691301463,0.032528482,0.032529097,0.20853555,0.20853545,1582450
0.1,0.0003931039,0.0014097926,0.9932608669290817,0.013194729691301463,0.032528482,0.032529097,0.20853555,0.20853545,1582450
0.1,0.00044508954,0.0014311991,0.9932608669290817,0.013194729691301463,0.032528482,0.032529097,0.20853555,0.20853545,1582450
0.1,0.01270528,0.010690515,0.9932608669290817,0.013194729691301463,0.032528482,0.032529097,0.20853555,0.20853545,1582450
0.1,0.02896152,0.032102905,0.9932608669290817,0.013194729691301463,0.032528482,0.032529097,0.20853555,0.20853545,1582450
0.1,0.0002947144,0.001292235,0.9932608669290817,0.013194729691301463,0.032528482,0.032529097,0.20853555,0.20853545,1582450
0.1,0.0068896227,0.007267369,0.9932608669290817,0.013194729691301463,0.032528482,0.032529097,0.20853555,0.20853545,1582450
0.1,0.0027800573,0.003889941,0.9932608669290817,0.013194729691301463,0.032528482,0.032529097,0.20853555,0.20853545,1582450
0.1,0.0049846894,0.005595761,0.9932608669290817,0.013194729691301463,0.032528482,0.032529097,0.20853555,0.20853545,1582450
0.1,0.0053103897,0.006646906,0.9932608669290817,0.013194729691301463,0.032528482,0.032529097,0.20853555,0.20853545,1582450
0.1,5.8310496e-05,0.0010687222,0.9932608669290817,0.013194729691301463,0.032528482,0.032529097,0.20853555,0.20853545,1582450
0.1,0.00022734133,0.0012397375,0.9932608669290817,0.013194729691301463,0.032528482,0.032529097,0.20853555,0.20853545,1582450
0.1,4.4378558e-05,0.0010565682,0.9932608669290817,0.013194729691301463,0.032528482,0.032529097,0.20853555,0.20853545,1582450
0.1,0.023868365,0.029366734,0.9932608669290817,0.013194729691301463,0.032528482,0.032529097,0.20853555,0.20853545,1582450
0.1,0.001203283,0.0020100065,0.9932608669290817,0.013194729691301463,0.032528482,0.032529097,0.20853555,0.20853545,1582450
0.1,0.0011135575,0.0019868796,0.9932608669290817,0.013194729691301463,0.032528482,0.032529097,0.20853555,0.20853545,1582450
0.1,0.020742564,0.02209127,0.9932608669290817,0.013194729691301463,0.032528482,0.032529097,0.20853555,0.20853545,1582450
0.1,0.0015889332,0.002531092,0.9932608669290817,0.013194729691301463,0.032528482,0.032529097,0.20853555,0.20853545,1582450
0.1,0.0040096333,0.0049852612,0.9932608669290817,0.013194729691301463,0.032528482,0.032529097,0.20853555,0.20853545,1582450
0.1,0.00014562918,5.3153457e-05,0.9932608669290817,0.013194729691301463,0.032528482,0.032529097,0.20853555,0.20853545,1582450
0.1,0.03322146,0.027244952,0.9932608669290817,0.013194729691301463,0.032528482,0.032529097,0.20853555,0.20853545,1582450
0.1,0.0035768356,0.0046743113,0.9932608669290817,0.013194729691301463,0.032528482,0.032529097,0.20853555,0.20853545,1582450
0.1,0.00035430602,0.0013761111,0.9932608669290817,0.013194729691301463,0.032528482,0.032529097,0.20853555,0.20853545,1582450
0.1,0.032112278,0.03482787,0.9932608669290817,0.013194729691301463,0.032528482,0.032529097,0.20853555,0.20853545,1582450
0.1,0.00025028535,0.0012499447,0.9932608669290817,0.013194729691301463,0.032528482,0.032529097,0.20853555,0.20853545,1582450
0.1,8.591392e-05,0.0010905041,0.9932608669290817,0.013194729691301463,0.032528482,0.032529097,0.20853555,0.20853545,1582450
0.1,0.048926596,0.043612763,0.9932608669290817,0.013194729691301463,0.032528482,0.032529097,0.20853555,0.20853545,1582450
0.1,0.0023979296,0.002830559,0.9932608669290817,0.013194729691301463,0.032528482,0.032529097,0.20853555,0.20853545,1582450
0.1,7.985389e-05,0.0010962572,0.9932608669290817,0.013194729691301463,0.032528482,0.032529097,0.20853555,0.20853545,1582450
0.1,0.0035885281,0.0043684347,0.9932608669290817,0.013194729691301463,0.032528482,0.032529097,0.20853555,0.20853545,1582450
0.1,0.0103043,0.010101433,0.9932608669290817,0.013194729691301463,0.032528482,0.032529097,0.20853555,0.20853545,1582450
0.1,0.002497254,0.0031697485,0.9932608669290817,0.013194729691301463,0.032528482,0.032529097,0.20853555,0.20853545,1582450
0.1,0.00014475871,0.0011429907,0.9932608669290817,0.013194729691301463,0.032528482,0.032529097,0.20853555,0.20853545,1582450
0.1,0.0065624695,0.0064107683,0.9932608669290817,0.013194729691301463,0.032528482,0.032529097,0.20853555,0.20853545,1582450
0.1,0.00068422133,0.0017217933,0.9932608669290817,0.013194729691301463,0.032528482,0.032529097,0.20853555,0.20853545,1582450
0.1,0.0041023307,0.0050395,0.9932608669290817,0.013194729691301463,0.032528482,0.032529097,0.20853555,0.20853545,1582450
0.1,0.008717018,0.008941084,0.9932608669290817,0.013194729691301463,0.032528482,0.032529097,0.20853555,0.20853545,1582450
0.1,0.00164622,0.0025782264,0.9932608669290817,0.013194729691301463,0.032528482,0.032529097,0.20853555,0.20853545,1582450
0.1,0.0009812337,0.0019419277,0.9932608669290817,0.013194729691301463,0.032528482,0.032529097,0.20853555,0.20853545,1582450
0.1,0.00018532311,0.0011973678,0.9932608669290817,0.013194729691301463,0.032528482,0.032529097,0.20853555,0.20853545,1582450
0.1,0.0014363459,0.0023884277,0.9932608669290817,0.013194729691301463,0.032528482,0.032529097,0.20853555,0.20853545,1582450
0.1,0.039562676,0.03856998,0.9932608669290817,0.013194729691301463,0.032528482,0.032529097,0.20853555,0.20853545,1582450
0.1,0.01657812,0.016772432,0.9932608669290817,0.013194729691301463,0.032528482,0.032529097,0.20853555,0.20853545,1582450
0.1,0.00038591668,0.0014438041,0.9932608669290817,0.013194729691301463,0.032528482,0.032529097,0.20853555,0.20853545,1582450
0.1,0.0025694626,0.0035298308,0.9932608669290817,0.013194729691301463,0.032528482,0.032529097,0.20853555,0.20853545,1582450
0.1,1.5069689e-05,0.0010277005,0.9932608669290817,0.013194729691301463,0.032528482,0.032529097,0.20853555,0.20853545,1582450
0.1,0.0047943955,0.006190342,0.9932608669290817,0.013194729691301463,0.032528482,0.032529097,0.20853555,0.20853545,1582450
0.1,0.02052803,0.02054914,0.9932608669290817,0.013194729691301463,0.032528482,0.032529097,0.20853555,0.20853545,1582450
0.1,0.0002700711,0.0013176072,0.9932608669290817,0.013194729691301463,0.032528482,0.032529097,0.20853555,0.20853545,1582450
0.1,0.01615203,0.016280461,0.9932608669290817,0.013194729691301463,0.032528482,0.032529097,0.20853555,0.20853545,1582450
0.1,0.0050403494,0.0044470094,0.9932608669290817,0.013194729691301463,0.032528482,0.032529097,0.20853555,0.20853545,1582450
0.1,0.000693842,0.0015719717,0.9932608669290817,0.013194729691301463,0.032528482,0.032529097,0.20853555,0.20853545,1582450
0.1,0.00018296961,0.0012038815,0.9932608669290817,0.013194729691301463,0.032528482,0.032529097,0.20853555,0.20853545,1582450
0.1,0.0015253687,0.00233028,0.9932608669290817,0.013194729691301463,0.032528482,0.032529097,0.20853555,0.20853545,1582450
0.1,0.001947356,0.003019761,0.9932608669290817,0.013194729691301463,0.032528482,0.032529097,0.20853555,0.20853545,1582450
0.1,0.011501259,0.011317545,0.9932608669290817,0.013194729691301463,0.032528482,0.032529097,0.20853555,0.20853545,1582450
0.1,0.004708402,0.005689797,0.9932608669290817,0.013194729691301463,0.032528482,0.032529097,0.20853555,0.20853545,1582450
0.1,0.0003474275,0.0013730031,0.9932608669290817,0.013194729691301463,0.032528482,0.032529097,0.20853555,0.20853545,1582450
0.1,0.0057213726,0.0058017266,0.9932608669290817,0.013194729691301463,0.032528482,0.032529097,0.20853555,0.20853545,1582450
0.1,0.18712518,0.15734302,0.9932608669290817,0.013194729691301463,0.032528482,0.032529097,0.20853555,0.20853545,1582450
0.1,0.010067259,0.008959733,0.9932608669290817,0.013194729691301463,0.032528482,0.032529097,0.20853555,0.20853545,1582450
0.1,0.0018472677,0.0030313078,0.9932608669290817,0.013194729691301463,0.032528482,0.032529097,0.20853555,0.20853545,1582450
0.1,0.0037518828,0.0042811395,0.9932608669290817,0.013194729691301463,0.032528482,0.032529097,0.20853555,0.20853545,1582450
0.1,0.011699495,0.012080147,0.9932608669290817,0.013194729691301463,0.032528482,0.032529097,0.20853555,0.20853545,1582450
0.1,0.006583329,0.0071406765,0.9932608669290817,0.013194729691301463,0.032528482,0.032529097,0.20853555,0.20853545,1582450
0.1,0.006427375,0.008347566,0.9932608669290817,0.013194729691301463,0.032528482,0.032529097,0.20853555,0.20853545,1582450
0.1,0.00080470584,0.0017996997,0.9932608669290817,0.013194729691301463,0.032528482,0.032529097,0.20853555,0.20853545,1582450
0.1,0.00024120127,0.0012741026,0.9932608669290817,0.013194729691301463,0.032528482,0.032529097,0.20853555,0.20853545,1582450
0.1,0.3351726,0.33117524,0.9932608669290817,0.013194729691301463,0.032528482,0.032529097,0.20853555,0.20853545,1582450
0.1,0.0021695988,0.0028956986,0.9932608669290817,0.013194729691301463,0.032528482,0.032529097,0.20853555,0.20853545,1582450
0.1,0.0040255124,0.004801172,0.9932608669290817,0.013194729691301463,0.032528482,0.032529097,0.20853555,0.20853545,1582450
0.1,0.0020338208,0.002883738,0.9932608669290817,0.013194729691301463,0.032528482,0.032529097,0.20853555,0.20853545,1582450
0.1,0.10828891,0.09377915,0.9932608669290817,0.013194729691301463,0.032528482,0.032529097,0.20853555,0.20853545,1582450
0.1,0.039416183,0.039131388,0.9932608669290817,0.013194729691301463,0.032528482,0.032529097,0.20853555,0.20853545,1582450
0.1,0.50107706,0.4232153,0.9932608669290817,0.013194729691301463,0.032528482,0.032529097,0.20853555,0.20853545,1582450
0.1,0.00043587675,0.00033607852,0.9932608669290817,0.013194729691301463,0.032528482,0.032529097,0.20853555,0.20853545,1582450
0.1,8.786562e-05,0.0011059237,0.9932608669290817,0.013194729691301463,0.032528482,0.032529097,0.20853555,0.20853545,1582450
0.1,0.00018552934,0.0011576546,0.9932608669290817,0.013194729691301463,0.032528482,0.032529097,0.20853555,0.20853545,1582450
0.1,0.05782813,0.05710327,0.9932608669290817,0.013194729691301463,0.032528482,0.032529097,0.20853555,0.20853545,1582450
0.1,0.00029549288,0.0012964646,0.9932608669290817,0.013194729691301463,0.032528482,0.032529097,0.20853555,0.20853545,1582450
0.1,0.0011388552,0.0020552129,0.9932608669290817,0.013194729691301463,0.032528482,0.032529097,0.20853555,0.20853545,1582450
0.1,0.0031682714,0.004622859,0.9932608669290817,0.013194729691301463,0.032528482,0.032529097,0.20853555,0.20853545,1582450
0.1,0.004193015,0.00474862,0.9932608669290817,0.013194729691301463,0.032528482,0.032529097,0.20853555,0.20853545,1582450
0.1,0.003851573,0.005166086,0.9932608669290817,0.013194729691301463,0.032528482,0.032529097,0.20853555,0.20853545,1582450
0.1,0.0066229384,0.007814403,0.9932608669290817,0.013194729691301463,0.032528482,0.032529097,0.20853555,0.20853545,1582450
0.1,0.05055568,0.04853503,0.9932608669290817,0.013194729691301463,0.032528482,0.032529097,0.20853555,0.20853545,1582450
0.1,0.05427781,0.049572565,0.9932608669290817,0.013194729691301463,0.032528482,0.032529097,0.20853555,0.20853545,1582450
0.1,0.03507628,0.036990993,0.9932608669290817,0.013194729691301463,0.032528482,0.032529097,0.20853555,0.20853545,1582450
0.1,0.0039219204,0.0038165236,0.9932608669290817,0.013194729691301463,0.032528482,0.032529097,0.20853555,0.20853545,1582450
0.1,0.0012218343,0.0022105575,0.9932608669290817,0.013194729691301463,0.032528482,0.032529097,0.20853555,0.20853545,1582450
0.1,0.08173404,0.0758172,0.9932608669290817,0.013194729691301463,0.032528482,0.032529097,0.20853555,0.20853545,1582450
0.1,0.025760194,0.023531789,0.9932608669290817,0.013194729691301463,0.032528482,0.032529097,0.20853555,0.20853545,1582450
0.1,0.00020220026,0.0012255555,0.9932608669290817,0.013194729691301463,0.032528482,0.032529097,0.20853555,0.20853545,1582450
0.1,0.0005880542,0.0015433478,0.9932608669290817,0.013194729691301463,0.032528482,0.032529097,0.20853555,0.20853545,1582450
0.1,0.0002312185,0.0012518582,0.9932608669290817,0.013194729691301463,0.032528482,0.032529097,0.20853555,0.20853545,1582450
0.1,0.04113918,0.038478795,0.9932608669290817,0.013194729691301463,0.032528482,0.032529097,0.20853555,0.20853545,1582450
0.1,2.0794655e-06,0.0,0.9932608669290817,0.013194729691301463,0.032528482,0.032529097,0.20853555,0.20853545,1582450
0.1,0.009699598,0.008772142,0.9932608669290817,0.013194729691301463,0.032528482,0.032529097,0.20853555,0.20853545,1582450
0.1,0.16286431,0.16574371,0.9932608669290817,0.013194729691301463,0.032528482,0.032529097,0.20853555,0.20853545,1582450
0.1,0.0009021982,0.00089255255,0.9932608669290817,0.013194729691301463,0.032528482,0.032529097,0.20853555,0.20853545,1582450
0.1,0.00021341366,0.0012194999,0.9932608669290817,0.013194729691301463,0.032528482,0.032529097,0.20853555,0.20853545,1582450
0.1,0.057233326,0.06030624,0.9932608669290817,0.013194729691301463,0.032528482,0.032529097,0.20853555,0.20853545,1582450
0.1,0.0018020862,0.0024905012,0.9932608669290817,0.013194729691301463,0.032528482,0.032529097,0.20853555,0.20853545,1582450
0.1,0.04612888,0.05099537,0.9932608669290817,0.013194729691301463,0.032528482,0.032529097,0.20853555,0.20853545,1582450
0.1,0.00067629124,0.0005402956,0.9932608669290817,0.013194729691301463,0.032528482,0.032529097,0.20853555,0.20853545,1582450
0.1,0.10661968,0.10242854,0.9932608669290817,0.013194729691301463,0.032528482,0.032529097,0.20853555,0.20853545,1582450
0.1,0.008839536,0.009425879,0.9932608669290817,0.013194729691301463,0.032528482,0.032529097,0.20853555,0.20853545,1582450
0.1,0.007897528,0.0085764555,0.9932608669290817,0.013194729691301463,0.032528482,0.032529097,0.20853555,0.20853545,1582450
0.1,0.002871303,0.0041186847,0.9932608669290817,0.013194729691301463,0.032528482,0.032529097,0.20853555,0.20853545,1582450
0.1,0.008633433,0.008700098,0.9932608669290817,0.013194729691301463,0.032528482,0.032529097,0.20853555,0.20853545,1582450
0.1,0.0043232846,0.0049619246,0.9932608669290817,0.013194729691301463,0.032528482,0.032529097,0.20853555,0.20853545,1582450
0.1,0.00080524926,0.0017500913,0.9932608669290817,0.013194729691301463,0.032528482,0.032529097,0.20853555,0.20853545,1582450
0.1,0.0024252965,0.0034640415,0.9932608669290817,0.013194729691301463,0.032528482,0.032529097,0.20853555,0.20853545,1582450
0.1,0.00090889743,0.0019268371,0.9932608669290817,0.013194729691301463,0.032528482,0.032529097,0.20853555,0.20853545,1582450
0.1,0.015596577,0.0148035195,0.9932608669290817,0.013194729691301463,0.032528482,0.032529097,0.20853555,0.20853545,1582450
0.1,0.009152382,0.009868391,0.9932608669290817,0.013194729691301463,0.032528482,0.032529097,0.20853555,0.20853545,1582450
0.1,0.057498254,0.05699215,0.9932608669290817,0.013194729691301463,0.032528482,0.032529097,0.20853555,0.20853545,1582450
0.1,0.116702855,0.14648063,0.9932608669290817,0.013194729691301463,0.032528482,0.032529097,0.20853555,0.20853545,1582450
0.1,0.00042269248,0.0014046583,0.9932608669290817,0.013194729691301463,0.032528482,0.032529097,0.20853555,0.20853545,1582450
0.1,0.025639765,0.025443325,0.9932608669290817,0.013194729691301463,0.032528482,0.032529097,0.20853555,0.20853545,1582450
0.1,0.0010827252,0.0019395406,0.9932608669290817,0.013194729691301463,0.032528482,0.032529097,0.20853555,0.20853545,1582450
0.1,0.0033380326,0.003894767,0.9932608669290817,0.013194729691301463,0.032528482,0.032529097,0.20853555,0.20853545,1582450
0.1,0.0038650746,0.004170129,0.9932608669290817,0.013194729691301463,0.032528482,0.032529097,0.20853555,0.20853545,1582450
0.1,0.0010722403,0.0022459172,0.9932608669290817,0.013194729691301463,0.032528482,0.032529097,0.20853555,0.20853545,1582450
0.1,0.08102274,0.08988997,0.9932608669290817,0.013194729691301463,0.032528482,0.032529097,0.20853555,0.20853545,1582450
0.1,0.0072115,0.007762902,0.9932608669290817,0.013194729691301463,0.032528482,0.032529097,0.20853555,0.20853545,1582450
0.1,0.026664127,0.02465898,0.9932608669290817,0.013194729691301463,0.032528482,0.032529097,0.20853555,0.20853545,1582450
0.1,0.001796454,0.0027693503,0.9932608669290817,0.013194729691301463,0.032528482,0.032529097,0.20853555,0.20853545,1582450
0.1,0.00012083263,0.0011181282,0.9932608669290817,0.013194729691301463,0.032528482,0.032529097,0.20853555,0.20853545,1582450
0.1,0.02281427,0.024621665,0.9932608669290817,0.013194729691301463,0.032528482,0.032529097,0.20853555,0.20853545,1582450
0.1,0.019763947,0.019381434,0.9932608669290817,0.013194729691301463,0.032528482,0.032529097,0.20853555,0.20853545,1582450
0.1,0.09060738,0.07574114,0.9932608669290817,0.013194729691301463,0.032528482,0.032529097,0.20853555,0.20853545,1582450
0.1,0.073561855,0.070490584,0.9932608669290817,0.013194729691301463,0.032528482,0.032529097,0.20853555,0.20853545,1582450
0.1,0.00574023,0.0054819835,0.9932608669290817,0.013194729691301463,0.032528482,0.032529097,0.20853555,0.20853545,1582450
0.1,0.007054461,0.0073883114,0.9932608669290817,0.013194729691301463,0.032528482,0.032529097,0.20853555,0.20853545,1582450
0.1,0.025010856,0.026049111,0.9932608669290817,0.013194729691301463,0.032528482,0.032529097,0.20853555,0.20853545,1582450
0.1,0.0005406405,0.0015714335,0.9932608669290817,0.013194729691301463,0.032528482,0.032529097,0.20853555,0.20853545,1582450
0.1,0.0020859526,0.0027643763,0.9932608669290817,0.013194729691301463,0.032528482,0.032529097,0.20853555,0.20853545,1582450
0.1,0.025157712,0.026988154,0.9932608669290817,0.013194729691301463,0.032528482,0.032529097,0.20853555,0.20853545,1582450
0.1,0.0009500388,0.00206859,0.9932608669290817,0.013194729691301463,0.032528482,0.032529097,0.20853555,0.20853545,1582450
0.1,0.0023595954,0.0032747344,0.9932608669290817,0.013194729691301463,0.032528482,0.032529097,0.20853555,0.20853545,1582450
0.1,0.042418856,0.044729266,0.9932608669290817,0.013194729691301463,0.032528482,0.032529097,0.20853555,0.20853545,1582450
0.1,0.007213469,0.008406553,0.9932608669290817,0.013194729691301463,0.032528482,0.032529097,0.20853555,0.20853545,1582450
0.1,0.06871803,0.056230795,0.9932608669290817,0.013194729691301463,0.032528482,0.032529097,0.20853555,0.20853545,1582450
0.1,0.00012548917,3.4278128e-05,0.9932608669290817,0.013194729691301463,0.032528482,0.032529097,0.20853555,0.20853545,1582450
0.1,9.953839e-06,0.0,0.9932608669290817,0.013194729691301463,0.032528482,0.032529097,0.20853555,0.20853545,1582450
0.1,0.4556147,0.3853429,0.9932608669290817,0.013194729691301463,0.032528482,0.032529097,0.20853555,0.20853545,1582450
0.1,0.0028731208,0.0035097578,0.9932608669290817,0.013194729691301463,0.032528482,0.032529097,0.20853555,0.20853545,1582450
0.1,0.003456917,0.0038923468,0.9932608669290817,0.013194729691301463,0.032528482,0.032529097,0.20853555,0.20853545,1582450
0.1,0.00051087287,0.0015288816,0.9932608669290817,0.013194729691301463,0.032528482,0.032529097,0.20853555,0.20853545,1582450
0.1,0.00022712344,0.0001613535,0.9932608669290817,0.013194729691301463,0.032528482,0.032529097,0.20853555,0.20853545,1582450
0.1,0.0042787176,0.0057950723,0.9932608669290817,0.013194729691301463,0.032528482,0.032529097,0.20853555,0.20853545,1582450
0.1,0.011109681,0.01273779,0.9932608669290817,0.013194729691301463,0.032528482,0.032529097,0.20853555,0.20853545,1582450
0.1,0.03666278,0.038207505,0.9932608669290817,0.013194729691301463,0.032528482,0.032529097,0.20853555,0.20853545,1582450
0.1,0.00013570368,0.0011881503,0.9932608669290817,0.013194729691301463,0.032528482,0.032529097,0.20853555,0.20853545,1582450
0.1,0.013628473,0.012487713,0.9932608669290817,0.013194729691301463,0.032528482,0.032529097,0.20853555,0.20853545,1582450
0.1,0.005069199,0.006338574,0.9932608669290817,0.013194729691301463,0.032528482,0.032529097,0.20853555,0.20853545,1582450
0.1,0.0012650501,0.0022594344,0.9932608669290817,0.013194729691301463,0.032528482,0.032529097,0.20853555,0.20853545,1582450
0.1,0.13975061,0.14115924,0.9932608669290817,0.013194729691301463,0.032528482,0.032529097,0.20853555,0.20853545,1582450
0.1,0.008147785,0.010644219,0.9932608669290817,0.013194729691301463,0.032528482,0.032529097,0.20853555,0.20853545,1582450
0.1,0.0036253727,0.0046969275,0.9932608669290817,0.013194729691301463,0.032528482,0.032529097,0.20853555,0.20853545,1582450
0.1,0.16876094,0.14678463,0.9932608669290817,0.013194729691301463,0.032528482,0.032529097,0.20853555,0.20853545,1582450
0.1,0.0076748244,0.007952047,0.9932608669290817,0.013194729691301463,0.032528482,0.032529097,0.20853555,0.20853545,1582450
0.1,0.0005883509,0.0015508548,0.9932608669290817,0.013194729691301463,0.032528482,0.032529097,0.20853555,0.20853545,1582450
0.1,0.00014226817,0.0011488621,0.9932608669290817,0.013194729691301463,0.032528482,0.032529097,0.20853555,0.20853545,1582450
0.1,1.2353242e-05,0.0010286769,0.9932608669290817,0.013194729691301463,0.032528482,0.032529097,0.20853555,0.20853545,1582450
0.1,0.0350851,0.037647855,0.9932608669290817,0.013194729691301463,0.032528482,0.032529097,0.20853555,0.20853545,1582450
0.1,6.804588e-05,0.0010863753,0.9932608669290817,0.013194729691301463,0.032528482,0.032529097,0.20853555,0.20853545,1582450
0.1,0.13305901,0.11636099,0.9932608669290817,0.013194729691301463,0.032528482,0.032529097,0.20853555,0.20853545,1582450
0.1,0.0051785554,0.0065503097,0.9932608669290817,0.013194729691301463,0.032528482,0.032529097,0.20853555,0.20853545,1582450
0.1,0.0004817734,0.0014187149,0.9932608669290817,0.013194729691301463,0.032528482,0.032529097,0.20853555,0.20853545,1582450
0.1,0.016601343,0.014307068,0.9932608669290817,0.013194729691301463,0.032528482,0.032529097,0.20853555,0.20853545,1582450
0.1,0.06854685,0.06646234,0.9932608669290817,0.013194729691301463,0.032528482,0.032529097,0.20853555,0.20853545,1582450
0.1,0.0022312158,0.0033956154,0.9932608669290817,0.013194729691301463,0.032528482,0.032529097,0.20853555,0.20853545,1582450
0.1,0.0027155543,0.0025481512,0.9932608669290817,0.013194729691301463,0.032528482,0.032529097,0.20853555,0.20853545,1582450
0.1,0.002290421,0.0025060985,0.9932608669290817,0.013194729691301463,0.032528482,0.032529097,0.20853555,0.20853545,1582450
0.1,0.0026731978,0.0034830826,0.9932608669290817,0.013194729691301463,0.032528482,0.032529097,0.20853555,0.20853545,1582450
0.1,0.029872833,0.029674996,0.9932608669290817,0.013194729691301463,0.032528482,0.032529097,0.20853555,0.20853545,1582450
0.1,0.00014606646,0.0011479111,0.9932608669290817,0.013194729691301463,0.032528482,0.032529097,0.20853555,0.20853545,1582450
0.1,0.0023963964,0.0031645077,0.9932608669290817,0.013194729691301463,0.032528482,0.032529097,0.20853555,0.20853545,1582450
0.1,0.0010813079,0.0019205462,0.9932608669290817,0.013194729691301463,0.032528482,0.032529097,0.20853555,0.20853545,1582450
0.1,0.0024606725,0.0029662093,0.9932608669290817,0.013194729691301463,0.032528482,0.032529097,0.20853555,0.20853545,1582450
0.1,0.0058578975,0.007378482,0.9932608669290817,0.013194729691301463,0.032528482,0.032529097,0.20853555,0.20853545,1582450
0.1,0.017503008,0.015850129,0.9932608669290817,0.013194729691301463,0.032528482,0.032529097,0.20853555,0.20853545,1582450
0.1,0.00022569647,0.0012280224,0.9932608669290817,0.013194729691301463,0.032528482,0.032529097,0.20853555,0.20853545,1582450
0.1,0.018711608,0.017858595,0.9932608669290817,0.013194729691301463,0.032528482,0.032529097,0.20853555,0.20853545,1582450
0.1,0.0007289727,0.0005552805,0.9932608669290817,0.013194729691301463,0.032528482,0.032529097,0.20853555,0.20853545,1582450
0.1,0.0025920356,0.0038423396,0.9932608669290817,0.013194729691301463,0.032528482,0.032529097,0.20853555,0.20853545,1582450
0.1,0.22741908,0.22145197,0.9932608669290817,0.013194729691301463,0.032528482,0.032529097,0.20853555,0.20853545,1582450
0.1,0.00049592275,0.0015034663,0.9932608669290817,0.013194729691301463,0.032528482,0.032529097,0.20853555,0.20853545,1582450
0.1,0.26979908,0.2833665,0.9932608669290817,0.013194729691301463,0.032528482,0.032529097,0.20853555,0.20853545,1582450
0.1,0.07040424,0.058788586,0.9932608669290817,0.013194729691301463,0.032528482,0.032529097,0.20853555,0.20853545,1582450
0.1,0.0002736339,0.0012558829,0.9932608669290817,0.013194729691301463,0.032528482,0.032529097,0.20853555,0.20853545,1582450
0.1,0.017032104,0.018607019,0.9932608669290817,0.013194729691301463,0.032528482,0.032529097,0.20853555,0.20853545,1582450
0.1,0.031024821,0.032469936,0.9932608669290817,0.013194729691301463,0.032528482,0.032529097,0.20853555,0.20853545,1582450
0.1,0.0002609775,0.0012613724,0.9932608669290817,0.013194729691301463,0.032528482,0.032529097,0.20853555,0.20853545,1582450
0.1,0.20934518,0.24673891,0.9932608669290817,0.013194729691301463,0.032528482,0.032529097,0.20853555,0.20853545,1582450
0.1,0.0016974703,0.002525222,0.9932608669290817,0.013194729691301463,0.032528482,0.032529097,0.20853555,0.20853545,1582450
0.1,0.015478078,0.018303173,0.9932608669290817,0.013194729691301463,0.032528482,0.032529097,0.20853555,0.20853545,1582450
0.1,0.0065651536,0.007244993,0.9932608669290817,0.013194729691301463,0.032528482,0.032529097,0.20853555,0.20853545,1582450
0.1,0.0022409668,0.0018919274,0.9932608669290817,0.013194729691301463,0.032528482,0.032529097,0.20853555,0.20853545,1582450
0.1,0.00042092206,0.0014804016,0.9932608669290817,0.013194729691301463,0.032528482,0.032529097,0.20853555,0.20853545,1582450
0.1,0.00015611717,0.0011589475,0.9932608669290817,0.013194729691301463,0.032528482,0.032529097,0.20853555,0.20853545,1582450
0.1,1.293034e-05,0.0010273224,0.9932608669290817,0.013194729691301463,0.032528482,0.032529097,0.20853555,0.20853545,1582450
0.1,0.0006980964,0.0017612596,0.9932608669290817,0.013194729691301463,0.032528482,0.032529097,0.20853555,0.20853545,1582450
0.1,0.27403265,0.24133672,0.9932608669290817,0.013194729691301463,0.032528482,0.032529097,0.20853555,0.20853545,1582450
0.1,0.0015299267,0.0025615264,0.9932608669290817,0.013194729691301463,0.032528482,0.032529097,0.20853555,0.20853545,1582450
0.1,0.0049548848,0.005471126,0.9932608669290817,0.013194729691301463,0.032528482,0.032529097,0.20853555,0.20853545,1582450
0.1,0.0037264857,0.0043223025,0.9932608669290817,0.013194729691301463,0.032528482,0.032529097,0.20853555,0.20853545,1582450
0.1,0.0033777757,0.0037347407,0.9932608669290817,0.013194729691301463,0.032528482,0.032529097,0.20853555,0.20853545,1582450
0.1,0.0023301875,0.0019879423,0.9932608669290817,0.013194729691301463,0.032528482,0.032529097,0.20853555,0.20853545,1582450
0.1,9.627203e-05,0.0011007814,0.9932608669290817,0.013194729691301463,0.032528482,0.032529097,0.20853555,0.20853545,1582450
0.1,1.6293898e-05,0.001028723,0.9932608669290817,0.013194729691301463,0.032528482,0.032529097,0.20853555,0.20853545,1582450
0.1,0.00051353767,0.0014322716,0.9932608669290817,0.013194729691301463,0.032528482,0.032529097,0.20853555,0.20853545,1582450
0.1,0.02716006,0.028965611,0.9932608669290817,0.013194729691301463,0.032528482,0.032529097,0.20853555,0.20853545,1582450
0.1,0.0005491025,0.0014814226,0.9932608669290817,0.013194729691301463,0.032528482,0.032529097,0.20853555,0.20853545,1582450
0.1,0.0040640747,0.004118215,0.9932608669290817,0.013194729691301463,0.032528482,0.032529097,0.20853555,0.20853545,1582450
0.1,0.01876527,0.01872891,0.9932608669290817,0.013194729691301463,0.032528482,0.032529097,0.20853555,0.20853545,1582450
0.1,0.00024826577,0.0012120818,0.9932608669290817,0.013194729691301463,0.032528482,0.032529097,0.20853555,0.20853545,1582450
0.1,0.00093071297,0.0019044289,0.9932608669290817,0.013194729691301463,0.032528482,0.032529097,0.20853555,0.20853545,1582450
0.1,0.0004487749,0.001404255,0.9932608669290817,0.013194729691301463,0.032528482,0.032529097,0.20853555,0.20853545,1582450
0.1,0.014182944,0.014481146,0.9932608669290817,0.013194729691301463,0.032528482,0.032529097,0.20853555,0.20853545,1582450
0.1,0.00021984651,0.0012013075,0.9932608669290817,0.013194729691301463,0.032528482,0.032529097,0.20853555,0.20853545,1582450
0.1,0.43690938,0.46934325,0.9932608669290817,0.013194729691301463,0.032528482,0.032529097,0.20853555,0.20853545,1582450
0.1,0.08384119,0.07185432,0.9932608669290817,0.013194729691301463,0.032528482,0.032529097,0.20853555,0.20853545,1582450
0.1,0.039253045,0.04141075,0.9932608669290817,0.013194729691301463,0.032528482,0.032529097,0.20853555,0.20853545,1582450
0.1,0.016545625,0.014845926,0.9932608669290817,0.013194729691301463,0.032528482,0.032529097,0.20853555,0.20853545,1582450
0.1,4.2793195e-05,0.0010531541,0.9932608669290817,0.013194729691301463,0.032528482,0.032529097,0.20853555,0.20853545,1582450
0.1,0.003393778,0.0041510025,0.9932608669290817,0.013194729691301463,0.032528482,0.032529097,0.20853555,0.20853545,1582450
0.1,0.00021267908,0.001185071,0.9932608669290817,0.013194729691301463,0.032528482,0.032529097,0.20853555,0.20853545,1582450
0.1,0.004512084,0.0051971106,0.9932608669290817,0.013194729691301463,0.032528482,0.032529097,0.20853555,0.20853545,1582450
0.1,0.013283295,0.012765602,0.9932608669290817,0.013194729691301463,0.032528482,0.032529097,0.20853555,0.20853545,1582450
0.1,0.0024822128,0.0031943324,0.9932608669290817,0.013194729691301463,0.032528482,0.032529097,0.20853555,0.20853545,1582450
0.1,0.11798763,0.10638214,0.9932608669290817,0.013194729691301463,0.032528482,0.032529097,0.20853555,0.20853545,1582450
0.1,0.014590187,0.01689062,0.9932608669290817,0.013194729691301463,0.032528482,0.032529097,0.20853555,0.20853545,1582450
0.1,0.003391534,0.0040262714,0.9932608669290817,0.013194729691301463,0.032528482,0.032529097,0.20853555,0.20853545,1582450
0.1,0.006404289,0.008282263,0.9932608669290817,0.013194729691301463,0.032528482,0.032529097,0.20853555,0.20853545,1582450
0.1,0.00013890238,0.0011277169,0.9932608669290817,0.013194729691301463,0.032528482,0.032529097,0.20853555,0.20853545,1582450
0.1,0.00029113088,0.001302537,0.9932608669290817,0.013194729691301463,0.032528482,0.032529097,0.20853555,0.20853545,1582450
0.1,0.0016891173,0.002603461,0.9932608669290817,0.013194729691301463,0.032528482,0.032529097,0.20853555,0.20853545,1582450
0.1,0.0001068162,2.9772542e-05,0.9932608669290817,0.013194729691301463,0.032528482,0.032529097,0.20853555,0.20853545,1582450
0.1,0.007838774,0.008557054,0.9932608669290817,0.013194729691301463,0.032528482,0.032529097,0.20853555,0.20853545,1582450
0.1,0.0038665214,0.0043058144,0.9932608669290817,0.013194729691301463,0.032528482,0.032529097,0.20853555,0.20853545,1582450
0.1,0.06773112,0.06938656,0.9932608669290817,0.013194729691301463,0.032528482,0.032529097,0.20853555,0.20853545,1582450
0.1,0.027996952,0.027724747,0.9932608669290817,0.013194729691301463,0.032528482,0.032529097,0.20853555,0.20853545,1582450
0.1,0.0036996047,0.0044153817,0.9932608669290817,0.013194729691301463,0.032528482,0.032529097,0.20853555,0.20853545,1582450
0.1,0.024758598,0.022084981,0.9932608669290817,0.013194729691301463,0.032528482,0.032529097,0.20853555,0.20853545,1582450
0.1,0.011529935,0.012961564,0.9932608669290817,0.013194729691301463,0.032528482,0.032529097,0.20853555,0.20853545,1582450
0.1,0.00048208248,0.0014224637,0.9932608669290817,0.013194729691301463,0.032528482,0.032529097,0.20853555,0.20853545,1582450
0.1,3.3754222e-05,0.0010508643,0.9932608669290817,0.013194729691301463,0.032528482,0.032529097,0.20853555,0.20853545,1582450
0.1,0.015586487,0.01795784,0.9932608669290817,0.013194729691301463,0.032528482,0.032529097,0.20853555,0.20853545,1582450
0.1,0.00064398174,0.0016443115,0.9932608669290817,0.013194729691301463,0.032528482,0.032529097,0.20853555,0.20853545,1582450
0.1,0.0034267367,0.0043610116,0.9932608669290817,0.013194729691301463,0.032528482,0.032529097,0.20853555,0.20853545,1582450
0.1,0.00032290563,0.0013057924,0.9932608669290817,0.013194729691301463,0.032528482,0.032529097,0.20853555,0.20853545,1582450
0.1,0.2935359,0.3247822,0.9932608669290817,0.013194729691301463,0.032528482,0.032529097,0.20853555,0.20853545,1582450
0.1,0.29522082,0.24628986,0.9932608669290817,0.013194729691301463,0.032528482,0.032529097,0.20853555,0.20853545,1582450
0.1,0.00055072905,0.0015458999,0.9932608669290817,0.013194729691301463,0.032528482,0.032529097,0.20853555,0.20853545,1582450
0.1,0.0078831995,0.008648937,0.9932608669290817,0.013194729691301463,0.032528482,0.032529097,0.20853555,0.20853545,1582450
0.1,0.032321364,0.027265303,0.9932608669290817,0.013194729691301463,0.032528482,0.032529097,0.20853555,0.20853545,1582450
0.1,0.060986545,0.06661336,0.9932608669290817,0.013194729691301463,0.032528482,0.032529097,0.20853555,0.20853545,1582450
0.1,0.012841728,0.015858097,0.9932608669290817,0.013194729691301463,0.032528482,0.032529097,0.20853555,0.20853545,1582450
0.1,0.0024528801,0.0035263516,0.9932608669290817,0.013194729691301463,0.032528482,0.032529097,0.20853555,0.20853545,1582450
0.1,0.0023172072,0.003712267,0.9932608669290817,0.013194729691301463,0.032528482,0.032529097,0.20853555,0.20853545,1582450
0.1,0.06039319,0.058172923,0.9932608669290817,0.013194729691301463,0.032528482,0.032529097,0.20853555,0.20853545,1582450
0.1,4.981247e-06,0.0,0.9932608669290817,0.013194729691301463,0.032528482,0.032529097,0.20853555,0.20853545,1582450
0.1,5.042207e-05,0.0010700703,0.9932608669290817,0.013194729691301463,0.032528482,0.032529097,0.20853555,0.20853545,1582450
0.1,2.7759278,2.715736,0.9932608669290817,0.013194729691301463,0.032528482,0.032529097,0.20853555,0.20853545,1582450
0.1,0.011846397,0.011861934,0.9932608669290817,0.013194729691301463,0.032528482,0.032529097,0.20853555,0.20853545,1582450
0.1,0.0019467334,0.0033946042,0.9932608669290817,0.013194729691301463,0.032528482,0.032529097,0.20853555,0.20853545,1582450
0.1,1.1959781e-05,0.0010302763,0.9932608669290817,0.013194729691301463,0.032528482,0.032529097,0.20853555,0.20853545,1582450
0.1,0.0014216666,0.0023113992,0.9932608669290817,0.013194729691301463,0.032528482,0.032529097,0.20853555,0.20853545,1582450
0.1,0.0007312672,0.000525006,0.9932608669290817,0.013194729691301463,0.032528482,0.032529097,0.20853555,0.20853545,1582450
0.1,0.000105192994,0.0011109081,0.9932608669290817,0.013194729691301463,0.032528482,0.032529097,0.20853555,0.20853545,1582450
0.1,0.26232514,0.24778403,0.9932608669290817,0.013194729691301463,0.032528482,0.032529097,0.20853555,0.20853545,1582450
0.1,1.4224752,1.3079848,0.9932608669290817,0.013194729691301463,0.032528482,0.032529097,0.20853555,0.20853545,1582450
0.1,0.053217184,0.049020145,0.9932608669290817,0.013194729691301463,0.032528482,0.032529097,0.20853555,0.20853545,1582450
0.1,0.003310021,0.0038742272,0.9932608669290817,0.013194729691301463,0.032528482,0.032529097,0.20853555,0.20853545,1582450
0.1,0.0005596884,0.0015095744,0.9932608669290817,0.013194729691301463,0.032528482,0.032529097,0.20853555,0.20853545,1582450
0.1,1.37724855e-05,0.0010286206,0.9932608669290817,0.013194729691301463,0.032528482,0.032529097,0.20853555,0.20853545,1582450
0.1,0.03981685,0.035843827,0.9932608669290817,0.013194729691301463,0.032528482,0.032529097,0.20853555,0.20853545,1582450
0.1,0.18201649,0.14496689,0.9932608669290817,0.013194729691301463,0.032528482,0.032529097,0.20853555,0.20853545,1582450
0.1,0.009994594,0.009041072,0.9932608669290817,0.013194729691301463,0.032528482,0.032529097,0.20853555,0.20853545,1582450
0.1,0.17295644,0.15646373,0.9932608669290817,0.013194729691301463,0.032528482,0.032529097,0.20853555,0.20853545,1582450
0.1,0.0022954624,0.0020331496,0.9932608669290817,0.013194729691301463,0.032528482,0.032529097,0.20853555,0.20853545,1582450
0.1,0.0002599389,0.0012590686,0.9932608669290817,0.013194729691301463,0.032528482,0.032529097,0.20853555,0.20853545,1582450
0.1,0.115722254,0.104363345,0.9932608669290817,0.013194729691301463,0.032528482,0.032529097,0.20853555,0.20853545,1582450
0.1,0.00021067772,0.0012218748,0.9932608669290817,0.013194729691301463,0.032528482,0.032529097,0.20853555,0.20853545,1582450
0.1,0.0002427324,0.0012232527,0.9932608669290817,0.013194729691301463,0.032528482,0.032529097,0.20853555,0.20853545,1582450
0.1,2.4629491e-05,0.0010403877,0.9932608669290817,0.013194729691301463,0.032528482,0.032529097,0.20853555,0.20853545,1582450
0.1,0.12445566,0.13755344,0.9932608669290817,0.013194729691301463,0.032528482,0.032529097,0.20853555,0.20853545,1582450
0.1,0.0010856573,0.002021707,0.9932608669290817,0.013194729691301463,0.032528482,0.032529097,0.20853555,0.20853545,1582450
0.1,0.0036084515,0.0045020245,0.9932608669290817,0.013194729691301463,0.032528482,0.032529097,0.20853555,0.20853545,1582450
0.1,4.656873e-05,0.0010553219,0.9932608669290817,0.013194729691301463,0.032528482,0.032529097,0.20853555,0.20853545,1582450
0.1,0.0011498107,0.0020349163,0.9932608669290817,0.013194729691301463,0.032528482,0.032529097,0.20853555,0.20853545,1582450
0.1,0.0033234672,0.0037799936,0.9932608669290817,0.013194729691301463,0.032528482,0.032529097,0.20853555,0.20853545,1582450
0.1,0.07245864,0.07645768,0.9932608669290817,0.013194729691301463,0.032528482,0.032529097,0.20853555,0.20853545,1582450
0.1,0.052264024,0.053418763,0.9932608669290817,0.013194729691301463,0.032528482,0.032529097,0.20853555,0.20853545,1582450
0.1,4.4821805e-05,0.001058753,0.9932608669290817,0.013194729691301463,0.032528482,0.032529097,0.20853555,0.20853545,1582450
0.1,0.0822145,0.08188859,0.9932608669290817,0.013194729691301463,0.032528482,0.032529097,0.20853555,0.20853545,1582450
0.1,0.20770192,0.16946627,0.9932608669290817,0.013194729691301463,0.032528482,0.032529097,0.20853555,0.20853545,1582450
0.1,0.0328638,0.032145627,0.9932608669290817,0.013194729691301463,0.032528482,0.032529097,0.20853555,0.20853545,1582450
0.1,0.0002074644,0.0012428309,0.9932608669290817,0.013194729691301463,0.032528482,0.032529097,0.20853555,0.20853545,1582450
0.1,0.0012290257,0.0022924312,0.9932608669290817,0.013194729691301463,0.032528482,0.032529097,0.20853555,0.20853545,1582450
0.1,0.008482548,0.008746013,0.9932608669290817,0.013194729691301463,0.032528482,0.032529097,0.20853555,0.20853545,1582450
0.1,0.004706111,0.005770556,0.9932608669290817,0.013194729691301463,0.032528482,0.032529097,0.20853555,0.20853545,1582450
0.1,0.00853333,0.009346601,0.9932608669290817,0.013194729691301463,0.032528482,0.032529097,0.20853555,0.20853545,1582450
0.1,0.2601563,0.2639105,0.9932608669290817,0.013194729691301463,0.032528482,0.032529097,0.20853555,0.20853545,1582450
0.1,2.7564947e-06,0.0010179562,0.9932608669290817,0.013194729691301463,0.032528482,0.032529097,0.20853555,0.20853545,1582450
0.1,0.0024929664,0.0033601448,0.9932608669290817,0.013194729691301463,0.032528482,0.032529097,0.20853555,0.20853545,1582450
0.1,0.0023686287,0.0030794803,0.9932608669290817,0.013194729691301463,0.032528482,0.032529097,0.20853555,0.20853545,1582450
0.1,0.00020747208,0.001220827,0.9932608669290817,0.013194729691301463,0.032528482,0.032529097,0.20853555,0.20853545,1582450
0.1,0.109203346,0.11528796,0.9932608669290817,0.013194729691301463,0.032528482,0.032529097,0.20853555,0.20853545,1582450
0.1,0.048138432,0.039104216,0.9932608669290817,0.013194729691301463,0.032528482,0.032529097,0.20853555,0.20853545,1582450
0.1,0.04502642,0.039865945,0.9932608669290817,0.013194729691301463,0.032528482,0.032529097,0.20853555,0.20853545,1582450
0.1,0.005319582,0.006468804,0.9932608669290817,0.013194729691301463,0.032528482,0.032529097,0.20853555,0.20853545,1582450
0.1,0.0026059083,0.0034296066,0.9932608669290817,0.013194729691301463,0.032528482,0.032529097,0.20853555,0.20853545,1582450
0.1,3.3417018e-05,0.0010488816,0.9932608669290817,0.013194729691301463,0.032528482,0.032529097,0.20853555,0.20853545,1582450
0.1,9.607908e-05,0.0011020751,0.9932608669290817,0.013194729691301463,0.032528482,0.032529097,0.20853555,0.20853545,1582450
0.1,0.0025119972,0.0037823506,0.9932608669290817,0.013194729691301463,0.032528482,0.032529097,0.20853555,0.20853545,1582450
0.1,0.00033852662,0.0002888411,0.9932608669290817,0.013194729691301463,0.032528482,0.032529097,0.20853555,0.20853545,1582450
0.1,0.03142481,0.033932716,0.9932608669290817,0.013194729691301463,0.032528482,0.032529097,0.20853555,0.20853545,1582450
0.1,0.0032879957,0.004225508,0.9932608669290817,0.013194729691301463,0.032528482,0.032529097,0.20853555,0.20853545,1582450
0.1,0.0013444498,0.0025491924,0.9932608669290817,0.013194729691301463,0.032528482,0.032529097,0.20853555,0.20853545,1582450
0.1,0.0001600867,0.001169044,0.9932608669290817,0.013194729691301463,0.032528482,0.032529097,0.20853555,0.20853545,1582450
0.1,0.003693882,0.0039697834,0.9932608669290817,0.013194729691301463,0.032528482,0.032529097,0.20853555,0.20853545,1582450
0.1,0.038073175,0.039597206,0.9932608669290817,0.013194729691301463,0.032528482,0.032529097,0.20853555,0.20853545,1582450
0.1,0.00020916625,0.0012213424,0.9932608669290817,0.013194729691301463,0.032528482,0.032529097,0.20853555,0.20853545,1582450
0.1,0.07836105,0.09094085,0.9932608669290817,0.013194729691301463,0.032528482,0.032529097,0.20853555,0.20853545,1582450
0.1,0.00017603708,0.0011757304,0.9932608669290817,0.013194729691301463,0.032528482,0.032529097,0.20853555,0.20853545,1582450
0.1,0.002412345,0.0032881685,0.9932608669290817,0.013194729691301463,0.032528482,0.032529097,0.20853555,0.20853545,1582450
0.1,0.012295767,0.012538683,0.9932608669290817,0.013194729691301463,0.032528482,0.032529097,0.20853555,0.20853545,1582450
0.1,0.0007442724,0.0018285193,0.9932608669290817,0.013194729691301463,0.032528482,0.032529097,0.20853555,0.20853545,1582450
0.1,0.0009888989,0.00087246596,0.9932608669290817,0.013194729691301463,0.032528482,0.032529097,0.20853555,0.20853545,1582450
0.1,0.0011025717,0.002287689,0.9932608669290817,0.013194729691301463,0.032528482,0.032529097,0.20853555,0.20853545,1582450
0.1,0.025618875,0.025582412,0.9932608669290817,0.013194729691301463,0.032528482,0.032529097,0.20853555,0.20853545,1582450
0.1,0.007841372,0.007212875,0.9932608669290817,0.013194729691301463,0.032528482,0.032529097,0.20853555,0.20853545,1582450
0.1,0.0053219656,0.0073359148,0.9932608669290817,0.013194729691301463,0.032528482,0.032529097,0.20853555,0.20853545,1582450
0.1,4.4526252e-05,0.0010535516,0.9932608669290817,0.013194729691301463,0.032528482,0.032529097,0.20853555,0.20853545,1582450
0.1,0.058023896,0.06410124,0.9932608669290817,0.013194729691301463,0.032528482,0.032529097,0.20853555,0.20853545,1582450
0.1,0.014492741,0.015694793,0.9932608669290817,0.013194729691301463,0.032528482,0.032529097,0.20853555,0.20853545,1582450
0.1,0.017240483,0.017063318,0.9932608669290817,0.013194729691301463,0.032528482,0.032529097,0.20853555,0.20853545,1582450
0.1,0.004919279,0.0058549233,0.9932608669290817,0.013194729691301463,0.032528482,0.032529097,0.20853555,0.20853545,1582450
0.1,0.0012751372,0.0024096665,0.9932608669290817,0.013194729691301463,0.032528482,0.032529097,0.20853555,0.20853545,1582450
0.1,0.009308514,0.010577223,0.9932608669290817,0.013194729691301463,0.032528482,0.032529097,0.20853555,0.20853545,1582450
0.1,0.021910114,0.02357298,0.9932608669290817,0.013194729691301463,0.032528482,0.032529097,0.20853555,0.20853545,1582450
0.1,3.3703367e-05,0.0010453057,0.9932608669290817,0.013194729691301463,0.032528482,0.032529097,0.20853555,0.20853545,1582450
0.1,0.026965003,0.025632035,0.9932608669290817,0.013194729691301463,0.032528482,0.032529097,0.20853555,0.20853545,1582450
0.1,0.002028559,0.0028377916,0.9932608669290817,0.013194729691301463,0.032528482,0.032529097,0.20853555,0.20853545,1582450
0.1,0.014910676,0.01705189,0.9932608669290817,0.013194729691301463,0.032528482,0.032529097,0.20853555,0.20853545,1582450
0.1,1.6212367e-05,0.0010293117,0.9932608669290817,0.013194729691301463,0.032528482,0.032529097,0.20853555,0.20853545,1582450
0.1,0.0016672809,0.0023942008,0.9932608669290817,0.013194729691301463,0.032528482,0.032529097,0.20853555,0.20853545,1582450
0.1,0.009575172,0.010279122,0.9932608669290817,0.013194729691301463,0.032528482,0.032529097,0.20853555,0.20853545,1582450
0.1,0.0012676867,0.0020575866,0.9932608669290817,0.013194729691301463,0.032528482,0.032529097,0.20853555,0.20853545,1582450
0.1,0.055486564,0.042428847,0.9932608669290817,0.013194729691301463,0.032528482,0.032529097,0.20853555,0.20853545,1582450
0.1,0.008333722,0.008783348,0.9932608669290817,0.013194729691301463,0.032528482,0.032529097,0.20853555,0.20853545,1582450
0.1,3.2165978,3.199625,0.9932608669290817,0.013194729691301463,0.032528482,0.032529097,0.20853555,0.20853545,1582450
0.1,0.012772488,0.012430775,0.9932608669290817,0.013194729691301463,0.032528482,0.032529097,0.20853555,0.20853545,1582450
0.1,2.192073e-05,0.0,0.9932608669290817,0.013194729691301463,0.032528482,0.032529097,0.20853555,0.20853545,1582450
0.1,0.0006226207,0.0016126126,0.9932608669290817,0.013194729691301463,0.032528482,0.032529097,0.20853555,0.20853545,1582450
0.1,0.013427646,0.013963305,0.9932608669290817,0.013194729691301463,0.032528482,0.032529097,0.20853555,0.20853545,1582450
0.1,0.00063550717,0.0016132169,0.9932608669290817,0.013194729691301463,0.032528482,0.032529097,0.20853555,0.20853545,1582450
0.1,0.03756928,0.04295808,0.9932608669290817,0.013194729691301463,0.032528482,0.032529097,0.20853555,0.20853545,1582450
0.1,0.0030979675,0.0035246087,0.9932608669290817,0.013194729691301463,0.032528482,0.032529097,0.20853555,0.20853545,1582450
0.1,0.0006739506,0.0016651226,0.9932608669290817,0.013194729691301463,0.032528482,0.032529097,0.20853555,0.20853545,1582450
0.1,0.004405225,0.005283123,0.9932608669290817,0.013194729691301463,0.032528482,0.032529097,0.20853555,0.20853545,1582450
0.1,0.0022632095,0.0032324686,0.9932608669290817,0.013194729691301463,0.032528482,0.032529097,0.20853555,0.20853545,1582450
0.1,7.70984e-05,0.0010891788,0.9932608669290817,0.013194729691301463,0.032528482,0.032529097,0.20853555,0.20853545,1582450
0.1,0.0006426206,0.0015958219,0.9932608669290817,0.013194729691301463,0.032528482,0.032529097,0.20853555,0.20853545,1582450
0.1,0.008187688,0.008412102,0.9932608669290817,0.013194729691301463,0.032528482,0.032529097,0.20853555,0.20853545,1582450
0.1,0.00032944398,0.0013109501,0.9932608669290817,0.013194729691301463,0.032528482,0.032529097,0.20853555,0.20853545,1582450
0.1,0.0074612517,0.007743558,0.9932608669290817,0.013194729691301463,0.032528482,0.032529097,0.20853555,0.20853545,1582450
0.1,0.0060072234,0.005706672,0.9932608669290817,0.013194729691301463,0.032528482,0.032529097,0.20853555,0.20853545,1582450
0.1,0.11463301,0.13457458,0.9932608669290817,0.013194729691301463,0.032528482,0.032529097,0.20853555,0.20853545,1582450
0.1,0.00011331184,0.0011237336,0.9932608669290817,0.013194729691301463,0.032528482,0.032529097,0.20853555,0.20853545,1582450
0.1,0.026952527,0.029256128,0.9932608669290817,0.013194729691301463,0.032528482,0.032529097,0.20853555,0.20853545,1582450
0.1,0.013645637,0.011157079,0.9932608669290817,0.013194729691301463,0.032528482,0.032529097,0.20853555,0.20853545,1582450
0.1,0.0021606316,0.0033344,0.9932608669290817,0.013194729691301463,0.032528482,0.032529097,0.20853555,0.20853545,1582450
0.1,0.0006709409,0.00065375085,0.9932608669290817,0.013194729691301463,0.032528482,0.032529097,0.20853555,0.20853545,1582450
0.1,0.018967727,0.017457938,0.9932608669290817,0.013194729691301463,0.032528482,0.032529097,0.20853555,0.20853545,1582450
0.1,0.00470084,0.0053364,0.9932608669290817,0.013194729691301463,0.032528482,0.032529097,0.20853555,0.20853545,1582450
0.1,0.05729412,0.058063015,0.9932608669290817,0.013194729691301463,0.032528482,0.032529097,0.20853555,0.20853545,1582450
0.1,0.0015767015,0.0024826038,0.9932608669290817,0.013194729691301463,0.032528482,0.032529097,0.20853555,0.20853545,1582450
0.1,0.0016505852,0.0029701907,0.9932608669290817,0.013194729691301463,0.032528482,0.032529097,0.20853555,0.20853545,1582450
0.1,0.01769119,0.014038084,0.9932608669290817,0.013194729691301463,0.032528482,0.032529097,0.20853555,0.20853545,1582450
0.1,0.005195874,0.0052587865,0.9932608669290817,0.013194729691301463,0.032528482,0.032529097,0.20853555,0.20853545,1582450
0.1,0.0006087369,0.0015769693,0.9932608669290817,0.013194729691301463,0.032528482,0.032529097,0.20853555,0.20853545,1582450
0.1,0.0022706024,0.0034026464,0.9932608669290817,0.013194729691301463,0.032528482,0.032529097,0.20853555,0.20853545,1582450
0.1,0.0009373251,0.0020198543,0.9932608669290817,0.013194729691301463,0.032528482,0.032529097,0.20853555,0.20853545,1582450
0.1,0.07590603,0.09703516,0.9932608669290817,0.013194729691301463,0.032528482,0.032529097,0.20853555,0.20853545,1582450
0.1,0.0002418717,0.0012318303,0.9932608669290817,0.013194729691301463,0.032528482,0.032529097,0.20853555,0.20853545,1582450
0.1,0.010884072,0.010171076,0.9932608669290817,0.013194729691301463,0.032528482,0.032529097,0.20853555,0.20853545,1582450
0.1,0.9093983,0.8843256,0.9932608669290817,0.013194729691301463,0.032528482,0.032529097,0.20853555,0.20853545,1582450
0.1,0.00032904907,0.001260042,0.9932608669290817,0.013194729691301463,0.032528482,0.032529097,0.20853555,0.20853545,1582450
0.1,0.003908511,0.004624303,0.9932608669290817,0.013194729691301463,0.032528482,0.032529097,0.20853555,0.20853545,1582450
0.1,0.0035493139,0.0048185536,0.9932608669290817,0.013194729691301463,0.032528482,0.032529097,0.20853555,0.20853545,1582450
0.1,0.002135464,0.0029138494,0.9932608669290817,0.013194729691301463,0.032528482,0.032529097,0.20853555,0.20853545,1582450
0.1,0.0008883147,0.0018113462,0.9932608669290817,0.013194729691301463,0.032528482,0.032529097,0.20853555,0.20853545,1582450
0.1,0.0019624205,0.0026167484,0.9932608669290817,0.013194729691301463,0.032528482,0.032529097,0.20853555,0.20853545,1582450
0.1,0.37204915,0.31158528,0.9932608669290817,0.013194729691301463,0.032528482,0.032529097,0.20853555,0.20853545,1582450
0.1,0.0012697321,0.0011106689,0.9932608669290817,0.013194729691301463,0.032528482,0.032529097,0.20853555,0.20853545,1582450
0.1,0.014328021,0.012413557,0.9932608669290817,0.013194729691301463,0.032528482,0.032529097,0.20853555,0.20853545,1582450
0.1,0.042291027,0.039979942,0.9932608669290817,0.013194729691301463,0.032528482,0.032529097,0.20853555,0.20853545,1582450
0.1,0.0015337581,0.002760251,0.9932608669290817,0.013194729691301463,0.032528482,0.032529097,0.20853555,0.20853545,1582450
0.1,0.0015939465,0.0025601943,0.9932608669290817,0.013194729691301463,0.032528482,0.032529097,0.20853555,0.20853545,1582450
0.1,0.04416471,0.05265573,0.9932608669290817,0.013194729691301463,0.032528482,0.032529097,0.20853555,0.20853545,1582450
0.1,0.0027055305,0.0037252172,0.9932608669290817,0.013194729691301463,0.032528482,0.032529097,0.20853555,0.20853545,1582450
0.1,0.0011034516,0.0011890196,0.9932608669290817,0.013194729691301463,0.032528482,0.032529097,0.20853555,0.20853545,1582450
0.1,0.00076804846,0.0017879707,0.9932608669290817,0.013194729691301463,0.032528482,0.032529097,0.20853555,0.20853545,1582450
0.1,0.44943395,0.4310723,0.9932608669290817,0.013194729691301463,0.032528482,0.032529097,0.20853555,0.20853545,1582450
0.1,0.012820605,0.012879211,0.9932608669290817,0.013194729691301463,0.032528482,0.032529097,0.20853555,0.20853545,1582450
0.1,0.0039214706,0.004559278,0.9932608669290817,0.013194729691301463,0.032528482,0.032529097,0.20853555,0.20853545,1582450
0.1,0.0068021053,0.0073584807,0.9932608669290817,0.013194729691301463,0.032528482,0.032529097,0.20853555,0.20853545,1582450
0.1,0.0026576966,0.0031908979,0.9932608669290817,0.013194729691301463,0.032528482,0.032529097,0.20853555,0.20853545,1582450
0.1,3.8349714e-05,0.0010522768,0.9932608669290817,0.013194729691301463,0.032528482,0.032529097,0.20853555,0.20853545,1582450
0.1,0.00087610044,0.00091737334,0.9932608669290817,0.013194729691301463,0.032528482,0.032529097,0.20853555,0.20853545,1582450
0.1,4.7803904e-05,0.0010550513,0.9932608669290817,0.013194729691301463,0.032528482,0.032529097,0.20853555,0.20853545,1582450
0.1,0.0007513803,0.0017600845,0.9932608669290817,0.013194729691301463,0.032528482,0.032529097,0.20853555,0.20853545,1582450
0.1,7.8288576e-05,0.0010904882,0.9932608669290817,0.013194729691301463,0.032528482,0.032529097,0.20853555,0.20853545,1582450
0.1,0.21475883,0.19794703,0.9932608669290817,0.013194729691301463,0.032528482,0.032529097,0.20853555,0.20853545,1582450
0.1,0.003437411,0.0040772674,0.9932608669290817,0.013194729691301463,0.032528482,0.032529097,0.20853555,0.20853545,1582450
0.1,0.02424108,0.02148601,0.9932608669290817,0.013194729691301463,0.032528482,0.032529097,0.20853555,0.20853545,1582450
0.1,0.020897219,0.02177003,0.9932608669290817,0.013194729691301463,0.032528482,0.032529097,0.20853555,0.20853545,1582450
0.1,0.016519705,0.01641191,0.9932608669290817,0.013194729691301463,0.032528482,0.032529097,0.20853555,0.20853545,1582450
0.1,0.0008654279,0.0007854368,0.9932608669290817,0.013194729691301463,0.032528482,0.032529097,0.20853555,0.20853545,1582450
0.1,0.0017050266,0.0025890116,0.9932608669290817,0.013194729691301463,0.032528482,0.032529097,0.20853555,0.20853545,1582450
0.1,0.0025836707,0.0039360765,0.9932608669290817,0.013194729691301463,0.032528482,0.032529097,0.20853555,0.20853545,1582450
0.1,0.011766609,0.011099262,0.9932608669290817,0.013194729691301463,0.032528482,0.032529097,0.20853555,0.20853545,1582450
0.1,0.005282636,0.0062556183,0.9932608669290817,0.013194729691301463,0.032528482,0.032529097,0.20853555,0.20853545,1582450
0.1,0.00018619375,0.0011516943,0.9932608669290817,0.013194729691301463,0.032528482,0.032529097,0.20853555,0.20853545,1582450
0.1,0.00016848877,0.0011698451,0.9932608669290817,0.013194729691301463,0.032528482,0.032529097,0.20853555,0.20853545,1582450
0.1,0.00028160895,0.001266337,0.9932608669290817,0.013194729691301463,0.032528482,0.032529097,0.20853555,0.20853545,1582450
0.1,0.0018260306,0.0027792952,0.9932608669290817,0.013194729691301463,0.032528482,0.032529097,0.20853555,0.20853545,1582450
0.1,0.018311739,0.017297965,0.9932608669290817,0.013194729691301463,0.032528482,0.032529097,0.20853555,0.20853545,1582450
0.1,0.09465455,0.10770626,0.9932608669290817,0.013194729691301463,0.032528482,0.032529097,0.20853555,0.20853545,1582450
0.1,0.017813187,0.017821541,0.9932608669290817,0.013194729691301463,0.032528482,0.032529097,0.20853555,0.20853545,1582450
0.1,0.021134892,0.02022824,0.9932608669290817,0.013194729691301463,0.032528482,0.032529097,0.20853555,0.20853545,1582450
0.1,0.013534797,0.014503089,0.9932608669290817,0.013194729691301463,0.032528482,0.032529097,0.20853555,0.20853545,1582450
0.1,0.0021675897,0.0031791907,0.9932608669290817,0.013194729691301463,0.032528482,0.032529097,0.20853555,0.20853545,1582450
0.1,5.2039064e-05,0.0010589223,0.9932608669290817,0.013194729691301463,0.032528482,0.032529097,0.20853555,0.20853545,1582450
0.1,7.767558e-05,0.0010790272,0.9932608669290817,0.013194729691301463,0.032528482,0.032529097,0.20853555,0.20853545,1582450
0.1,0.0022497314,0.0033956284,0.9932608669290817,0.013194729691301463,0.032528482,0.032529097,0.20853555,0.20853545,1582450
0.1,3.744952e-05,0.0010559979,0.9932608669290817,0.013194729691301463,0.032528482,0.032529097,0.20853555,0.20853545,1582450
0.1,0.0006765779,0.0016032959,0.9932608669290817,0.013194729691301463,0.032528482,0.032529097,0.20853555,0.20853545,1582450
0.1,0.00046862042,0.0014516875,0.9932608669290817,0.013194729691301463,0.032528482,0.032529097,0.20853555,0.20853545,1582450
0.1,0.00369584,0.0041565825,0.9932608669290817,0.013194729691301463,0.032528482,0.032529097,0.20853555,0.20853545,1582450
0.1,0.015025559,0.015299377,0.9932608669290817,0.013194729691301463,0.032528482,0.032529097,0.20853555,0.20853545,1582450
0.1,0.0037871932,0.0050148275,0.9932608669290817,0.013194729691301463,0.032528482,0.032529097,0.20853555,0.20853545,1582450
0.1,0.004314346,0.0052912766,0.9932608669290817,0.013194729691301463,0.032528482,0.032529097,0.20853555,0.20853545,1582450
0.1,0.0029052903,0.0037198877,0.9932608669290817,0.013194729691301463,0.032528482,0.032529097,0.20853555,0.20853545,1582450
0.1,0.07365032,0.07669075,0.9932608669290817,0.013194729691301463,0.032528482,0.032529097,0.20853555,0.20853545,1582450
0.1,0.03803599,0.03770981,0.9932608669290817,0.013194729691301463,0.032528482,0.032529097,0.20853555,0.20853545,1582450
0.1,0.0001813144,0.0012044054,0.9932608669290817,0.013194729691301463,0.032528482,0.032529097,0.20853555,0.20853545,1582450
0.1,0.025998287,0.025319792,0.9932608669290817,0.013194729691301463,0.032528482,0.032529097,0.20853555,0.20853545,1582450
0.1,0.030302867,0.029973608,0.9932608669290817,0.013194729691301463,0.032528482,0.032529097,0.20853555,0.20853545,1582450
0.1,0.0018558499,0.0027815143,0.9932608669290817,0.013194729691301463,0.032528482,0.032529097,0.20853555,0.20853545,1582450
0.1,0.0001847376,9.2830036e-05,0.9932608669290817,0.013194729691301463,0.032528482,0.032529097,0.20853555,0.20853545,1582450
0.1,0.004111034,0.004706994,0.9932608669290817,0.013194729691301463,0.032528482,0.032529097,0.20853555,0.20853545,1582450
0.1,0.00043696296,0.0013940017,0.9932608669290817,0.013194729691301463,0.032528482,0.032529097,0.20853555,0.20853545,1582450
0.1,0.00031081404,0.00018250202,0.9932608669290817,0.013194729691301463,0.032528482,0.032529097,0.20853555,0.20853545,1582450
0.1,0.00023951424,0.0012304408,0.9932608669290817,0.013194729691301463,0.032528482,0.032529097,0.20853555,0.20853545,1582450
0.1,0.001974062,0.0020479544,0.9932608669290817,0.013194729691301463,0.032528482,0.032529097,0.20853555,0.20853545,1582450
0.1,0.028732738,0.028463382,0.9932608669290817,0.013194729691301463,0.032528482,0.032529097,0.20853555,0.20853545,1582450
0.1,0.0005402914,0.0015383951,0.9932608669290817,0.013194729691301463,0.032528482,0.032529097,0.20853555,0.20853545,1582450
0.1,0.0017698341,0.0023688122,0.9932608669290817,0.013194729691301463,0.032528482,0.032529097,0.20853555,0.20853545,1582450
0.1,0.00019464664,0.0011831685,0.9932608669290817,0.013194729691301463,0.032528482,0.032529097,0.20853555,0.20853545,1582450
0.1,0.0015168532,0.002228642,0.9932608669290817,0.013194729691301463,0.032528482,0.032529097,0.20853555,0.20853545,1582450
0.1,0.1129829,0.12969212,0.9932608669290817,0.013194729691301463,0.032528482,0.032529097,0.20853555,0.20853545,1582450
0.1,0.0037125782,0.0051299417,0.9932608669290817,0.013194729691301463,0.032528482,0.032529097,0.20853555,0.20853545,1582450
0.1,0.00026942624,0.0012809222,0.9932608669290817,0.013194729691301463,0.032528482,0.032529097,0.20853555,0.20853545,1582450
0.1,0.00023930694,0.001252479,0.9932608669290817,0.013194729691301463,0.032528482,0.032529097,0.20853555,0.20853545,1582450
0.1,0.0028367094,0.002729361,0.9932608669290817,0.013194729691301463,0.032528482,0.032529097,0.20853555,0.20853545,1582450
0.1,0.0031020339,0.0028251512,0.9932608669290817,0.013194729691301463,0.032528482,0.032529097,0.20853555,0.20853545,1582450
0.1,0.0016848466,0.0025778564,0.9932608669290817,0.013194729691301463,0.032528482,0.032529097,0.20853555,0.20853545,1582450
0.1,0.004061294,0.004712234,0.9932608669290817,0.013194729691301463,0.032528482,0.032529097,0.20853555,0.20853545,1582450
0.1,0.003963424,0.004845838,0.9932608669290817,0.013194729691301463,0.032528482,0.032529097,0.20853555,0.20853545,1582450
0.1,0.006352154,0.007093554,0.9932608669290817,0.013194729691301463,0.032528482,0.032529097,0.20853555,0.20853545,1582450
0.1,0.00022849221,0.0012445435,0.9932608669290817,0.013194729691301463,0.032528482,0.032529097,0.20853555,0.20853545,1582450
0.1,0.018087631,0.01587356,0.9932608669290817,0.013194729691301463,0.032528482,0.032529097,0.20853555,0.20853545,1582450
0.1,0.011689507,0.013861882,0.9932608669290817,0.013194729691301463,0.032528482,0.032529097,0.20853555,0.20853545,1582450
0.1,0.0026670261,0.003525881,0.9932608669290817,0.013194729691301463,0.032528482,0.032529097,0.20853555,0.20853545,1582450
0.1,0.011050419,0.01136316,0.9932608669290817,0.013194729691301463,0.032528482,0.032529097,0.20853555,0.20853545,1582450
0.1,0.45889872,0.42772058,0.9932608669290817,0.013194729691301463,0.032528482,0.032529097,0.20853555,0.20853545,1582450
0.1,9.49815e-05,0.0011127226,0.9932608669290817,0.013194729691301463,0.032528482,0.032529097,0.20853555,0.20853545,1582450
0.1,0.0015037586,0.002396053,0.9932608669290817,0.013194729691301463,0.032528482,0.032529097,0.20853555,0.20853545,1582450
0.1,0.00039419573,0.00033361075,0.9932608669290817,0.013194729691301463,0.032528482,0.032529097,0.20853555,0.20853545,1582450
0.1,0.08326774,0.06720982,0.9932608669290817,0.013194729691301463,0.032528482,0.032529097,0.20853555,0.20853545,1582450
0.1,0.00018987869,0.0012063134,0.9932608669290817,0.013194729691301463,0.032528482,0.032529097,0.20853555,0.20853545,1582450
0.1,0.12961726,0.12274939,0.9932608669290817,0.013194729691301463,0.032528482,0.032529097,0.20853555,0.20853545,1582450
0.1,0.0027440928,0.0033229769,0.9932608669290817,0.013194729691301463,0.032528482,0.032529097,0.20853555,0.20853545,1582450
0.1,0.00018731298,0.0011772804,0.9932608669290817,0.013194729691301463,0.032528482,0.032529097,0.20853555,0.20853545,1582450
0.1,0.00022361588,0.00013444498,0.9932608669290817,0.013194729691301463,0.032528482,0.032529097,0.20853555,0.20853545,1582450
0.1,0.003804939,0.0046547055,0.9932608669290817,0.013194729691301463,0.032528482,0.032529097,0.20853555,0.20853545,1582450
0.1,0.006492427,0.007411893,0.9932608669290817,0.013194729691301463,0.032528482,0.032529097,0.20853555,0.20853545,1582450
0.1,0.0029944791,0.0040261326,0.9932608669290817,0.013194729691301463,0.032528482,0.032529097,0.20853555,0.20853545,1582450
0.1,0.00030592168,0.0013061989,0.9932608669290817,0.013194729691301463,0.032528482,0.032529097,0.20853555,0.20853545,1582450
0.1,0.0018529276,0.0022044678,0.9932608669290817,0.013194729691301463,0.032528482,0.032529097,0.20853555,0.20853545,1582450
0.1,0.00020555091,0.000113922164,0.9932608669290817,0.013194729691301463,0.032528482,0.032529097,0.20853555,0.20853545,1582450
0.1,8.837794e-05,7.2035273e-06,0.9932608669290817,0.013194729691301463,0.032528482,0.032529097,0.20853555,0.20853545,1582450
0.1,0.00015723215,0.0011575214,0.9932608669290817,0.013194729691301463,0.032528482,0.032529097,0.20853555,0.20853545,1582450
0.1,0.00045672155,0.0014282998,0.9932608669290817,0.013194729691301463,0.032528482,0.032529097,0.20853555,0.20853545,1582450
0.1,0.0012368227,0.0020235705,0.9932608669290817,0.013194729691301463,0.032528482,0.032529097,0.20853555,0.20853545,1582450
0.1,0.0008552611,0.0017357488,0.9932608669290817,0.013194729691301463,0.032528482,0.032529097,0.20853555,0.20853545,1582450
0.1,0.012714412,0.014259767,0.9932608669290817,0.013194729691301463,0.032528482,0.032529097,0.20853555,0.20853545,1582450
0.1,0.0013179363,0.0022060655,0.9932608669290817,0.013194729691301463,0.032528482,0.032529097,0.20853555,0.20853545,1582450
0.1,0.035225563,0.034742806,0.9932608669290817,0.013194729691301463,0.032528482,0.032529097,0.20853555,0.20853545,1582450
0.1,8.358443e-05,0.0010919953,0.9932608669290817,0.013194729691301463,0.032528482,0.032529097,0.20853555,0.20853545,1582450
0.1,0.0026832607,0.0027141399,0.9932608669290817,0.013194729691301463,0.032528482,0.032529097,0.20853555,0.20853545,1582450
0.1,0.0021265137,0.0019900375,0.9932608669290817,0.013194729691301463,0.032528482,0.032529097,0.20853555,0.20853545,1582450
0.1,0.0018827803,0.003101124,0.9932608669290817,0.013194729691301463,0.032528482,0.032529097,0.20853555,0.20853545,1582450
0.1,0.00010508929,0.0011216025,0.9932608669290817,0.013194729691301463,0.032528482,0.032529097,0.20853555,0.20853545,1582450
0.1,0.00021081667,0.0012036664,0.9932608669290817,0.013194729691301463,0.032528482,0.032529097,0.20853555,0.20853545,1582450
0.1,0.039864007,0.03876552,0.9932608669290817,0.013194729691301463,0.032528482,0.032529097,0.20853555,0.20853545,1582450
0.1,0.026976433,0.024902306,0.9932608669290817,0.013194729691301463,0.032528482,0.032529097,0.20853555,0.20853545,1582450
0.1,0.016296158,0.015665688,0.9932608669290817,0.013194729691301463,0.032528482,0.032529097,0.20853555,0.20853545,1582450
0.1,0.00088060193,0.0019191595,0.9932608669290817,0.013194729691301463,0.032528482,0.032529097,0.20853555,0.20853545,1582450
0.1,0.029829342,0.033136945,0.9932608669290817,0.013194729691301463,0.032528482,0.032529097,0.20853555,0.20853545,1582450
0.1,0.03116451,0.026018206,0.9932608669290817,0.013194729691301463,0.032528482,0.032529097,0.20853555,0.20853545,1582450
0.1,0.000585153,0.0015730119,0.9932608669290817,0.013194729691301463,0.032528482,0.032529097,0.20853555,0.20853545,1582450
0.1,0.0011393314,0.0020979834,0.9932608669290817,0.013194729691301463,0.032528482,0.032529097,0.20853555,0.20853545,1582450
0.1,0.001997866,0.0029818292,0.9932608669290817,0.013194729691301463,0.032528482,0.032529097,0.20853555,0.20853545,1582450
0.1,0.009750505,0.008569937,0.9932608669290817,0.013194729691301463,0.032528482,0.032529097,0.20853555,0.20853545,1582450
0.1,0.09643557,0.10475666,0.9932608669290817,0.013194729691301463,0.032528482,0.032529097,0.20853555,0.20853545,1582450
0.1,0.001338233,0.0014702559,0.9932608669290817,0.013194729691301463,0.032528482,0.032529097,0.20853555,0.20853545,1582450
0.1,0.00049417565,0.0014565272,0.9932608669290817,0.013194729691301463,0.032528482,0.032529097,0.20853555,0.20853545,1582450
0.1,0.010688051,0.011595683,0.9932608669290817,0.013194729691301463,0.032528482,0.032529097,0.20853555,0.20853545,1582450
0.1,0.019128727,0.02256417,0.9932608669290817,0.013194729691301463,0.032528482,0.032529097,0.20853555,0.20853545,1582450
0.1,0.026210288,0.03462882,0.9932608669290817,0.013194729691301463,0.032528482,0.032529097,0.20853555,0.20853545,1582450
0.1,0.0006321378,0.001547475,0.9932608669290817,0.013194729691301463,0.032528482,0.032529097,0.20853555,0.20853545,1582450
0.1,0.0016171891,0.0024697084,0.9932608669290817,0.013194729691301463,0.032528482,0.032529097,0.20853555,0.20853545,1582450
0.1,0.0011983248,0.0021610048,0.9932608669290817,0.013194729691301463,0.032528482,0.032529097,0.20853555,0.20853545,1582450
0.1,0.00042377034,0.0013927176,0.9932608669290817,0.013194729691301463,0.032528482,0.032529097,0.20853555,0.20853545,1582450
0.1,1.5687208e-05,0.0010338415,0.9932608669290817,0.013194729691301463,0.032528482,0.032529097,0.20853555,0.20853545,1582450
0.1,0.0026420841,0.0031895929,0.9932608669290817,0.013194729691301463,0.032528482,0.032529097,0.20853555,0.20853545,1582450
0.1,0.011588219,0.0122023765,0.9932608669290817,0.013194729691301463,0.032528482,0.032529097,0.20853555,0.20853545,1582450
0.1,0.013301235,0.012629456,0.9932608669290817,0.013194729691301463,0.032528482,0.032529097,0.20853555,0.20853545,1582450
0.1,0.018085117,0.018451974,0.9932608669290817,0.013194729691301463,0.032528482,0.032529097,0.20853555,0.20853545,1582450
0.1,0.005159013,0.0053753457,0.9932608669290817,0.013194729691301463,0.032528482,0.032529097,0.20853555,0.20853545,1582450
0.1,0.0035965338,0.004157474,0.9932608669290817,0.013194729691301463,0.032528482,0.032529097,0.20853555,0.20853545,1582450
0.1,0.013369105,0.013192829,0.9932608669290817,0.013194729691301463,0.032528482,0.032529097,0.20853555,0.20853545,1582450
0.1,7.9386205e-05,0.0,0.9932608669290817,0.013194729691301463,0.032528482,0.032529097,0.20853555,0.20853545,1582450
0.1,0.00015199881,4.5209596e-05,0.9932608669290817,0.013194729691301463,0.032528482,0.032529097,0.20853555,0.20853545,1582450
0.1,0.0035883063,0.004489598,0.9932608669290817,0.013194729691301463,0.032528482,0.032529097,0.20853555,0.20853545,1582450
0.1,0.052159637,0.05630723,0.9932608669290817,0.013194729691301463,0.032528482,0.032529097,0.20853555,0.20853545,1582450
0.1,0.0183921,0.016673274,0.9932608669290817,0.013194729691301463,0.032528482,0.032529097,0.20853555,0.20853545,1582450
0.1,0.0002740014,0.0012738898,0.9932608669290817,0.013194729691301463,0.032528482,0.032529097,0.20853555,0.20853545,1582450
0.1,0.0023242945,0.0031461199,0.9932608669290817,0.013194729691301463,0.032528482,0.032529097,0.20853555,0.20853545,1582450
0.1,0.0018233446,0.0028106114,0.9932608669290817,0.013194729691301463,0.032528482,0.032529097,0.20853555,0.20853545,1582450
0.1,0.0073229177,0.0076266653,0.9932608669290817,0.013194729691301463,0.032528482,0.032529097,0.20853555,0.20853545,1582450
0.1,0.0074097873,0.0068966392,0.9932608669290817,0.013194729691301463,0.032528482,0.032529097,0.20853555,0.20853545,1582450
0.1,0.0151392985,0.015092313,0.9932608669290817,0.013194729691301463,0.032528482,0.032529097,0.20853555,0.20853545,1582450
0.1,0.2029416,0.21229231,0.9932608669290817,0.013194729691301463,0.032528482,0.032529097,0.20853555,0.20853545,1582450
0.1,0.0027596343,0.003282181,0.9932608669290817,0.013194729691301463,0.032528482,0.032529097,0.20853555,0.20853545,1582450
0.1,0.00033132438,0.001319974,0.9932608669290817,0.013194729691301463,0.032528482,0.032529097,0.20853555,0.20853545,1582450
0.1,0.010122727,0.01004649,0.9932608669290817,0.013194729691301463,0.032528482,0.032529097,0.20853555,0.20853545,1582450
0.1,0.031885017,0.027432034,0.9932608669290817,0.013194729691301463,0.032528482,0.032529097,0.20853555,0.20853545,1582450
0.1,0.021400126,0.022208393,0.9932608669290817,0.013194729691301463,0.032528482,0.032529097,0.20853555,0.20853545,1582450
0.1,0.0009743346,0.0020290778,0.9932608669290817,0.013194729691301463,0.032528482,0.032529097,0.20853555,0.20853545,1582450
0.1,0.00037481368,0.0013470846,0.9932608669290817,0.013194729691301463,0.032528482,0.032529097,0.20853555,0.20853545,1582450
0.1,2.5578349,2.0253317,0.9932608669290817,0.013194729691301463,0.032528482,0.032529097,0.20853555,0.20853545,1582450
0.1,2.1750544e-05,0.001036722,0.9932608669290817,0.013194729691301463,0.032528482,0.032529097,0.20853555,0.20853545,1582450
0.1,0.008145092,0.009880647,0.9932608669290817,0.013194729691301463,0.032528482,0.032529097,0.20853555,0.20853545,1582450
0.1,0.05755654,0.064235814,0.9932608669290817,0.013194729691301463,0.032528482,0.032529097,0.20853555,0.20853545,1582450
0.1,0.0005241588,0.0015285752,0.9932608669290817,0.013194729691301463,0.032528482,0.032529097,0.20853555,0.20853545,1582450
0.1,0.031405967,0.027181398,0.9932608669290817,0.013194729691301463,0.032528482,0.032529097,0.20853555,0.20853545,1582450
0.1,0.003786075,0.0045104385,0.9932608669290817,0.013194729691301463,0.032528482,0.032529097,0.20853555,0.20853545,1582450
0.1,0.0046281535,0.005590351,0.9932608669290817,0.013194729691301463,0.032528482,0.032529097,0.20853555,0.20853545,1582450
0.1,0.07678348,0.07435943,0.9932608669290817,0.013194729691301463,0.032528482,0.032529097,0.20853555,0.20853545,1582450
0.1,1.6684555e-06,0.0010167642,0.9932608669290817,0.013194729691301463,0.032528482,0.032529097,0.20853555,0.20853545,1582450
0.1,0.0006588175,0.0016723407,0.9932608669290817,0.013194729691301463,0.032528482,0.032529097,0.20853555,0.20853545,1582450
0.1,0.0005624573,0.001559788,0.9932608669290817,0.013194729691301463,0.032528482,0.032529097,0.20853555,0.20853545,1582450
0.1,5.6877234e-05,0.001072605,0.9932608669290817,0.013194729691301463,0.032528482,0.032529097,0.20853555,0.20853545,1582450
0.1,0.00017142783,0.0011775589,0.9932608669290817,0.013194729691301463,0.032528482,0.032529097,0.20853555,0.20853545,1582450
0.1,0.029028585,0.032820646,0.9932608669290817,0.013194729691301463,0.032528482,0.032529097,0.20853555,0.20853545,1582450
0.1,0.017855145,0.017398212,0.9932608669290817,0.013194729691301463,0.032528482,0.032529097,0.20853555,0.20853545,1582450
0.1,0.07434091,0.07063721,0.9932608669290817,0.013194729691301463,0.032528482,0.032529097,0.20853555,0.20853545,1582450
0.1,0.00014669352,0.0011510899,0.9932608669290817,0.013194729691301463,0.032528482,0.032529097,0.20853555,0.20853545,1582450
0.1,0.02177619,0.025133776,0.9932608669290817,0.013194729691301463,0.032528482,0.032529097,0.20853555,0.20853545,1582450
0.1,0.000790241,0.0017842472,0.9932608669290817,0.013194729691301463,0.032528482,0.032529097,0.20853555,0.20853545,1582450
0.1,0.0150670055,0.0138620455,0.9932608669290817,0.013194729691301463,0.032528482,0.032529097,0.20853555,0.20853545,1582450
0.1,0.0024385825,0.0030842563,0.9932608669290817,0.013194729691301463,0.032528482,0.032529097,0.20853555,0.20853545,1582450
0.1,0.00030853806,0.0012855941,0.9932608669290817,0.013194729691301463,0.032528482,0.032529097,0.20853555,0.20853545,1582450
0.1,0.0030852722,0.0041642725,0.9932608669290817,0.013194729691301463,0.032528482,0.032529097,0.20853555,0.20853545,1582450
0.1,0.046513256,0.053971313,0.9932608669290817,0.013194729691301463,0.032528482,0.032529097,0.20853555,0.20853545,1582450
0.1,0.0012504745,0.0020734982,0.9932608669290817,0.013194729691301463,0.032528482,0.032529097,0.20853555,0.20853545,1582450
0.1,0.124447264,0.15730537,0.9932608669290817,0.013194729691301463,0.032528482,0.032529097,0.20853555,0.20853545,1582450
0.1,0.003867841,0.0034919824,0.9932608669290817,0.013194729691301463,0.032528482,0.032529097,0.20853555,0.20853545,1582450
0.1,0.003042976,0.004134625,0.9932608669290817,0.013194729691301463,0.032528482,0.032529097,0.20853555,0.20853545,1582450
0.1,1.2763666e-05,0.0010282296,0.9932608669290817,0.013194729691301463,0.032528482,0.032529097,0.20853555,0.20853545,1582450
0.1,0.01597269,0.01573582,0.9932608669290817,0.013194729691301463,0.032528482,0.032529097,0.20853555,0.20853545,1582450
0.1,0.053634424,0.052998435,0.9932608669290817,0.013194729691301463,0.032528482,0.032529097,0.20853555,0.20853545,1582450
0.1,0.0008257416,0.0019360994,0.9932608669290817,0.013194729691301463,0.032528482,0.032529097,0.20853555,0.20853545,1582450
0.1,0.0007802682,0.0017629918,0.9932608669290817,0.013194729691301463,0.032528482,0.032529097,0.20853555,0.20853545,1582450
0.1,0.00085808267,0.0018022683,0.9932608669290817,0.013194729691301463,0.032528482,0.032529097,0.20853555,0.20853545,1582450
0.1,0.112022996,0.11012058,0.9932608669290817,0.013194729691301463,0.032528482,0.032529097,0.20853555,0.20853545,1582450
0.1,0.007030838,0.007543418,0.9932608669290817,0.013194729691301463,0.032528482,0.032529097,0.20853555,0.20853545,1582450
0.1,0.09040355,0.10218433,0.9932608669290817,0.013194729691301463,0.032528482,0.032529097,0.20853555,0.20853545,1582450
0.1,0.001460944,0.0025088524,0.9932608669290817,0.013194729691301463,0.032528482,0.032529097,0.20853555,0.20853545,1582450
0.1,0.0005721848,0.0015719553,0.9932608669290817,0.013194729691301463,0.032528482,0.032529097,0.20853555,0.20853545,1582450
0.1,0.11392263,0.0920723,0.9932608669290817,0.013194729691301463,0.032528482,0.032529097,0.20853555,0.20853545,1582450
0.1,0.017743528,0.015626797,0.9932608669290817,0.013194729691301463,0.032528482,0.032529097,0.20853555,0.20853545,1582450
0.1,0.000262553,0.0012859495,0.9932608669290817,0.013194729691301463,0.032528482,0.032529097,0.20853555,0.20853545,1582450
0.1,0.0011461029,0.0019863504,0.9932608669290817,0.013194729691301463,0.032528482,0.032529097,0.20853555,0.20853545,1582450
0.1,0.01778383,0.016242353,0.9932608669290817,0.013194729691301463,0.032528482,0.032529097,0.20853555,0.20853545,1582450
0.1,0.00049664755,0.0015460927,0.9932608669290817,0.013194729691301463,0.032528482,0.032529097,0.20853555,0.20853545,1582450
0.1,0.00014190936,0.0011489738,0.9932608669290817,0.013194729691301463,0.032528482,0.032529097,0.20853555,0.20853545,1582450
0.1,0.017236626,0.015750384,0.9932608669290817,0.013194729691301463,0.032528482,0.032529097,0.20853555,0.20853545,1582450
0.1,0.0050675506,0.005085797,0.9932608669290817,0.013194729691301463,0.032528482,0.032529097,0.20853555,0.20853545,1582450
0.1,6.844786e-05,0.0,0.9932608669290817,0.013194729691301463,0.032528482,0.032529097,0.20853555,0.20853545,1582450
0.1,0.021796396,0.02469213,0.9932608669290817,0.013194729691301463,0.032528482,0.032529097,0.20853555,0.20853545,1582450
0.1,0.0025955185,0.0034802842,0.9932608669290817,0.013194729691301463,0.032528482,0.032529097,0.20853555,0.20853545,1582450
0.1,0.00018899076,0.0011853669,0.9932608669290817,0.013194729691301463,0.032528482,0.032529097,0.20853555,0.20853545,1582450
0.1,0.0041436814,0.004846818,0.9932608669290817,0.013194729691301463,0.032528482,0.032529097,0.20853555,0.20853545,1582450
0.1,0.00028929938,0.0012952873,0.9932608669290817,0.013194729691301463,0.032528482,0.032529097,0.20853555,0.20853545,1582450
0.1,0.00076039537,0.0017339487,0.9932608669290817,0.013194729691301463,0.032528482,0.032529097,0.20853555,0.20853545,1582450
0.1,0.03897994,0.043714896,0.9932608669290817,0.013194729691301463,0.032528482,0.032529097,0.20853555,0.20853545,1582450
0.1,0.014855454,0.014807281,0.9932608669290817,0.013194729691301463,0.032528482,0.032529097,0.20853555,0.20853545,1582450
0.1,0.018014086,0.017321823,0.9932608669290817,0.013194729691301463,0.032528482,0.032529097,0.20853555,0.20853545,1582450
0.1,0.00010766464,0.0011180604,0.9932608669290817,0.013194729691301463,0.032528482,0.032529097,0.20853555,0.20853545,1582450
0.1,0.002232113,0.002796394,0.9932608669290817,0.013194729691301463,0.032528482,0.032529097,0.20853555,0.20853545,1582450
0.1,0.013305078,0.013485533,0.9932608669290817,0.013194729691301463,0.032528482,0.032529097,0.20853555,0.20853545,1582450
0.1,2.3882512e-05,0.0010397183,0.9932608669290817,0.013194729691301463,0.032528482,0.032529097,0.20853555,0.20853545,1582450
0.1,0.0062355483,0.0069052833,0.9932608669290817,0.013194729691301463,0.032528482,0.032529097,0.20853555,0.20853545,1582450
0.1,0.00039643937,0.0014007132,0.9932608669290817,0.013194729691301463,0.032528482,0.032529097,0.20853555,0.20853545,1582450
0.1,0.006904615,0.0072693466,0.9932608669290817,0.013194729691301463,0.032528482,0.032529097,0.20853555,0.20853545,1582450
0.1,0.0011401412,0.0010602911,0.9932608669290817,0.013194729691301463,0.032528482,0.032529097,0.20853555,0.20853545,1582450
0.1,0.013564864,0.016628569,0.9932608669290817,0.013194729691301463,0.032528482,0.032529097,0.20853555,0.20853545,1582450
0.1,0.0059621427,0.006475372,0.9932608669290817,0.013194729691301463,0.032528482,0.032529097,0.20853555,0.20853545,1582450
0.1,8.4843065e-05,0.0011015728,0.9932608669290817,0.013194729691301463,0.032528482,0.032529097,0.20853555,0.20853545,1582450
0.1,0.010071345,0.010903611,0.9932608669290817,0.013194729691301463,0.032528482,0.032529097,0.20853555,0.20853545,1582450
0.1,0.00078520714,0.0017769409,0.9932608669290817,0.013194729691301463,0.032528482,0.032529097,0.20853555,0.20853545,1582450
0.1,0.00653056,0.006944958,0.9932608669290817,0.013194729691301463,0.032528482,0.032529097,0.20853555,0.20853545,1582450
0.1,0.0046785893,0.0056667486,0.9932608669290817,0.013194729691301463,0.032528482,0.032529097,0.20853555,0.20853545,1582450
0.1,0.0026006778,0.0034029768,0.9932608669290817,0.013194729691301463,0.032528482,0.032529097,0.20853555,0.20853545,1582450
0.1,0.11985614,0.11720389,0.9932608669290817,0.013194729691301463,0.032528482,0.032529097,0.20853555,0.20853545,1582450
0.1,0.0143747665,0.014894015,0.9932608669290817,0.013194729691301463,0.032528482,0.032529097,0.20853555,0.20853545,1582450
0.1,0.1121244,0.11637423,0.9932608669290817,0.013194729691301463,0.032528482,0.032529097,0.20853555,0.20853545,1582450
0.1,0.0004018221,0.0013287351,0.9932608669290817,0.013194729691301463,0.032528482,0.032529097,0.20853555,0.20853545,1582450
0.1,0.00040390165,0.001377938,0.9932608669290817,0.013194729691301463,0.032528482,0.032529097,0.20853555,0.20853545,1582450
0.1,0.0010039415,0.002117923,0.9932608669290817,0.013194729691301463,0.032528482,0.032529097,0.20853555,0.20853545,1582450
0.1,0.18746752,0.19472,0.9932608669290817,0.013194729691301463,0.032528482,0.032529097,0.20853555,0.20853545,1582450
0.1,9.806046e-05,0.0011212233,0.9932608669290817,0.013194729691301463,0.032528482,0.032529097,0.20853555,0.20853545,1582450
0.1,5.1269843e-05,0.0010720816,0.9932608669290817,0.013194729691301463,0.032528482,0.032529097,0.20853555,0.20853545,1582450
0.1,0.0011726449,0.002219638,0.9932608669290817,0.013194729691301463,0.032528482,0.032529097,0.20853555,0.20853545,1582450
0.1,0.0040928614,0.0047595007,0.9932608669290817,0.013194729691301463,0.032528482,0.032529097,0.20853555,0.20853545,1582450
0.1,0.034604218,0.033567972,0.9932608669290817,0.013194729691301463,0.032528482,0.032529097,0.20853555,0.20853545,1582450
0.1,0.0072654905,0.008845304,0.9932608669290817,0.013194729691301463,0.032528482,0.032529097,0.20853555,0.20853545,1582450
0.1,0.0039296113,0.005309401,0.9932608669290817,0.013194729691301463,0.032528482,0.032529097,0.20853555,0.20853545,1582450
0.1,0.08922311,0.070349455,0.9932608669290817,0.013194729691301463,0.032528482,0.032529097,0.20853555,0.20853545,1582450
0.1,5.8029997e-05,0.0010707359,0.9932608669290817,0.013194729691301463,0.032528482,0.032529097,0.20853555,0.20853545,1582450
0.1,0.0019075945,0.0028266865,0.9932608669290817,0.013194729691301463,0.032528482,0.032529097,0.20853555,0.20853545,1582450
0.1,0.0012954532,0.002268205,0.9932608669290817,0.013194729691301463,0.032528482,0.032529097,0.20853555,0.20853545,1582450
0.1,0.008496592,0.008749708,0.9932608669290817,0.013194729691301463,0.032528482,0.032529097,0.20853555,0.20853545,1582450
0.1,0.0017460058,0.0028005333,0.9932608669290817,0.013194729691301463,0.032528482,0.032529097,0.20853555,0.20853545,1582450
0.1,0.0025012146,0.00357516,0.9932608669290817,0.013194729691301463,0.032528482,0.032529097,0.20853555,0.20853545,1582450
0.1,0.033266746,0.034677424,0.9932608669290817,0.013194729691301463,0.032528482,0.032529097,0.20853555,0.20853545,1582450
0.1,5.234664e-05,0.001068593,0.9932608669290817,0.013194729691301463,0.032528482,0.032529097,0.20853555,0.20853545,1582450
0.1,0.27012798,0.2511226,0.9932608669290817,0.013194729691301463,0.032528482,0.032529097,0.20853555,0.20853545,1582450
0.1,0.0025177414,0.0032513211,0.9932608669290817,0.013194729691301463,0.032528482,0.032529097,0.20853555,0.20853545,1582450
0.1,0.07005355,0.06871423,0.9932608669290817,0.013194729691301463,0.032528482,0.032529097,0.20853555,0.20853545,1582450
0.1,0.0116324965,0.010798319,0.9932608669290817,0.013194729691301463,0.032528482,0.032529097,0.20853555,0.20853545,1582450
0.1,0.0063793324,0.008018079,0.9932608669290817,0.013194729691301463,0.032528482,0.032529097,0.20853555,0.20853545,1582450
0.1,0.0003484264,0.0013730522,0.9932608669290817,0.013194729691301463,0.032528482,0.032529097,0.20853555,0.20853545,1582450
0.1,0.103353836,0.090677224,0.9932608669290817,0.013194729691301463,0.032528482,0.032529097,0.20853555,0.20853545,1582450
0.1,0.029374775,0.027650537,0.9932608669290817,0.013194729691301463,0.032528482,0.032529097,0.20853555,0.20853545,1582450
0.1,0.00042065268,0.0014510046,0.9932608669290817,0.013194729691301463,0.032528482,0.032529097,0.20853555,0.20853545,1582450
0.1,0.029680941,0.031150458,0.9932608669290817,0.013194729691301463,0.032528482,0.032529097,0.20853555,0.20853545,1582450
0.1,0.00029269213,0.0012883974,0.9932608669290817,0.013194729691301463,0.032528482,0.032529097,0.20853555,0.20853545,1582450
0.1,0.0007040539,0.0017335077,0.9932608669290817,0.013194729691301463,0.032528482,0.032529097,0.20853555,0.20853545,1582450
0.1,0.03014539,0.02757852,0.9932608669290817,0.013194729691301463,0.032528482,0.032529097,0.20853555,0.20853545,1582450
0.1,8.858859e-05,0.0010940057,0.9932608669290817,0.013194729691301463,0.032528482,0.032529097,0.20853555,0.20853545,1582450
0.1,0.062300358,0.061693557,0.9932608669290817,0.013194729691301463,0.032528482,0.032529097,0.20853555,0.20853545,1582450
0.1,0.012730433,0.011810765,0.9932608669290817,0.013194729691301463,0.032528482,0.032529097,0.20853555,0.20853545,1582450
0.1,0.00023971277,0.0012388036,0.9932608669290817,0.013194729691301463,0.032528482,0.032529097,0.20853555,0.20853545,1582450
0.1,0.0059113554,0.0068820138,0.9932608669290817,0.013194729691301463,0.032528482,0.032529097,0.20853555,0.20853545,1582450
0.1,0.0008100906,0.0016876416,0.9932608669290817,0.013194729691301463,0.032528482,0.032529097,0.20853555,0.20853545,1582450
0.1,7.1775976e-05,0.0010834959,0.9932608669290817,0.013194729691301463,0.032528482,0.032529097,0.20853555,0.20853545,1582450
0.1,0.013840178,0.014862507,0.9932608669290817,0.013194729691301463,0.032528482,0.032529097,0.20853555,0.20853545,1582450
0.1,0.40624288,0.37500075,0.9932608669290817,0.013194729691301463,0.032528482,0.032529097,0.20853555,0.20853545,1582450
0.1,0.0013235181,0.0011979684,0.9932608669290817,0.013194729691301463,0.032528482,0.032529097,0.20853555,0.20853545,1582450
0.1,0.0060418723,0.007447423,0.9932608669290817,0.013194729691301463,0.032528482,0.032529097,0.20853555,0.20853545,1582450
0.1,0.00081054505,0.0007172119,0.9932608669290817,0.013194729691301463,0.032528482,0.032529097,0.20853555,0.20853545,1582450
0.1,0.0021618393,0.002913543,0.9932608669290817,0.013194729691301463,0.032528482,0.032529097,0.20853555,0.20853545,1582450
0.1,0.025340632,0.025933465,0.9932608669290817,0.013194729691301463,0.032528482,0.032529097,0.20853555,0.20853545,1582450
0.1,0.0133204525,0.014204609,0.9932608669290817,0.013194729691301463,0.032528482,0.032529097,0.20853555,0.20853545,1582450
0.1,0.0021084428,0.00204055,0.9932608669290817,0.013194729691301463,0.032528482,0.032529097,0.20853555,0.20853545,1582450
0.1,0.00036282808,0.0013099246,0.9932608669290817,0.013194729691301463,0.032528482,0.032529097,0.20853555,0.20853545,1582450
0.1,0.0049823276,0.004597809,0.9932608669290817,0.013194729691301463,0.032528482,0.032529097,0.20853555,0.20853545,1582450
0.1,2.8424425e-05,0.0,0.9932608669290817,0.013194729691301463,0.032528482,0.032529097,0.20853555,0.20853545,1582450
0.1,0.013916081,0.0138792,0.9932608669290817,0.013194729691301463,0.032528482,0.032529097,0.20853555,0.20853545,1582450
0.1,0.0018339312,0.0016285594,0.9932608669290817,0.013194729691301463,0.032528482,0.032529097,0.20853555,0.20853545,1582450
0.1,0.0018284748,0.0018137046,0.9932608669290817,0.013194729691301463,0.032528482,0.032529097,0.20853555,0.20853545,1582450
0.1,0.0101975035,0.00856411,0.9932608669290817,0.013194729691301463,0.032528482,0.032529097,0.20853555,0.20853545,1582450
0.1,0.000121886806,0.0011502848,0.9932608669290817,0.013194729691301463,0.032528482,0.032529097,0.20853555,0.20853545,1582450
0.1,0.00010381401,0.0011029592,0.9932608669290817,0.013194729691301463,0.032528482,0.032529097,0.20853555,0.20853545,1582450
0.1,0.0002762794,0.0012702186,0.9932608669290817,0.013194729691301463,0.032528482,0.032529097,0.20853555,0.20853545,1582450
0.1,0.003256997,0.00424053,0.9932608669290817,0.013194729691301463,0.032528482,0.032529097,0.20853555,0.20853545,1582450
0.1,0.00057480996,0.0015583462,0.9932608669290817,0.013194729691301463,0.032528482,0.032529097,0.20853555,0.20853545,1582450
0.1,0.010103067,0.009540072,0.9932608669290817,0.013194729691301463,0.032528482,0.032529097,0.20853555,0.20853545,1582450
0.1,0.0017812893,0.0026999204,0.9932608669290817,0.013194729691301463,0.032528482,0.032529097,0.20853555,0.20853545,1582450
0.1,0.004786098,0.0052971574,0.9932608669290817,0.013194729691301463,0.032528482,0.032529097,0.20853555,0.20853545,1582450
0.1,0.04294687,0.04180633,0.9932608669290817,0.013194729691301463,0.032528482,0.032529097,0.20853555,0.20853545,1582450
0.1,0.1434447,0.1443586,0.9932608669290817,0.013194729691301463,0.032528482,0.032529097,0.20853555,0.20853545,1582450
0.1,0.004715683,0.0049642045,0.9932608669290817,0.013194729691301463,0.032528482,0.032529097,0.20853555,0.20853545,1582450
0.1,0.007516535,0.00714185,0.9932608669290817,0.013194729691301463,0.032528482,0.032529097,0.20853555,0.20853545,1582450
0.1,0.00719203,0.0082409335,0.9932608669290817,0.013194729691301463,0.032528482,0.032529097,0.20853555,0.20853545,1582450
0.1,0.00020871998,0.0012166547,0.9932608669290817,0.013194729691301463,0.032528482,0.032529097,0.20853555,0.20853545,1582450
0.1,0.0016458514,0.002583418,0.9932608669290817,0.013194729691301463,0.032528482,0.032529097,0.20853555,0.20853545,1582450
0.1,0.00021302525,0.0012035466,0.9932608669290817,0.013194729691301463,0.032528482,0.032529097,0.20853555,0.20853545,1582450
0.1,6.4040556e-05,0.0,0.9932608669290817,0.013194729691301463,0.032528482,0.032529097,0.20853555,0.20853545,1582450
0.1,0.000379301,0.00030851923,0.9932608669290817,0.013194729691301463,0.032528482,0.032529097,0.20853555,0.20853545,1582450
0.1,0.01389203,0.01416929,0.9932608669290817,0.013194729691301463,0.032528482,0.032529097,0.20853555,0.20853545,1582450
0.1,0.023999132,0.023786243,0.9932608669290817,0.013194729691301463,0.032528482,0.032529097,0.20853555,0.20853545,1582450
0.1,0.6193323,0.59225845,0.9932608669290817,0.013194729691301463,0.032528482,0.032529097,0.20853555,0.20853545,1582450
0.1,0.4375484,0.49277604,0.9932608669290817,0.013194729691301463,0.032528482,0.032529097,0.20853555,0.20853545,1582450
0.1,0.00019202653,0.00014904949,0.9932608669290817,0.013194729691301463,0.032528482,0.032529097,0.20853555,0.20853545,1582450
0.1,0.00021023265,0.0011800949,0.9932608669290817,0.013194729691301463,0.032528482,0.032529097,0.20853555,0.20853545,1582450
0.1,0.00013846823,0.0011673819,0.9932608669290817,0.013194729691301463,0.032528482,0.032529097,0.20853555,0.20853545,1582450
0.1,0.012544725,0.013761581,0.9932608669290817,0.013194729691301463,0.032528482,0.032529097,0.20853555,0.20853545,1582450
0.1,0.13103063,0.11632534,0.9932608669290817,0.013194729691301463,0.032528482,0.032529097,0.20853555,0.20853545,1582450
0.1,0.0022344661,0.003327554,0.9932608669290817,0.013194729691301463,0.032528482,0.032529097,0.20853555,0.20853545,1582450
0.1,0.0020369748,0.002910093,0.9932608669290817,0.013194729691301463,0.032528482,0.032529097,0.20853555,0.20853545,1582450
0.1,4.917624e-05,0.0010673266,0.9932608669290817,0.013194729691301463,0.032528482,0.032529097,0.20853555,0.20853545,1582450
0.1,0.0021389383,0.0028896644,0.9932608669290817,0.013194729691301463,0.032528482,0.032529097,0.20853555,0.20853545,1582450
0.1,9.718537e-05,1.4435454e-05,0.9932608669290817,0.013194729691301463,0.032528482,0.032529097,0.20853555,0.20853545,1582450
0.1,0.005822175,0.006488127,0.9932608669290817,0.013194729691301463,0.032528482,0.032529097,0.20853555,0.20853545,1582450
0.1,0.003868118,0.0049436684,0.9932608669290817,0.013194729691301463,0.032528482,0.032529097,0.20853555,0.20853545,1582450
0.1,0.0009520873,0.0007945945,0.9932608669290817,0.013194729691301463,0.032528482,0.032529097,0.20853555,0.20853545,1582450
0.1,0.04187633,0.048253592,0.9932608669290817,0.013194729691301463,0.032528482,0.032529097,0.20853555,0.20853545,1582450
0.1,0.0010242743,0.0009658065,0.9932608669290817,0.013194729691301463,0.032528482,0.032529097,0.20853555,0.20853545,1582450
0.1,0.00036912612,0.0013211957,0.9932608669290817,0.013194729691301463,0.032528482,0.032529097,0.20853555,0.20853545,1582450
0.1,0.0008587121,0.0018337596,0.9932608669290817,0.013194729691301463,0.032528482,0.032529097,0.20853555,0.20853545,1582450
0.1,0.0006564727,0.0016486571,0.9932608669290817,0.013194729691301463,0.032528482,0.032529097,0.20853555,0.20853545,1582450
0.1,0.0036069073,0.004651833,0.9932608669290817,0.013194729691301463,0.032528482,0.032529097,0.20853555,0.20853545,1582450
0.1,0.006811132,0.007115172,0.9932608669290817,0.013194729691301463,0.032528482,0.032529097,0.20853555,0.20853545,1582450
0.1,0.00038844204,0.0013758378,0.9932608669290817,0.013194729691301463,0.032528482,0.032529097,0.20853555,0.20853545,1582450
0.1,0.0010859693,0.00085329555,0.9932608669290817,0.013194729691301463,0.032528482,0.032529097,0.20853555,0.20853545,1582450
0.1,0.00027278738,0.0012677955,0.9932608669290817,0.013194729691301463,0.032528482,0.032529097,0.20853555,0.20853545,1582450
0.1,0.14955218,0.14340107,0.9932608669290817,0.013194729691301463,0.032528482,0.032529097,0.20853555,0.20853545,1582450
0.1,0.0009461463,0.0018934528,0.9932608669290817,0.013194729691301463,0.032528482,0.032529097,0.20853555,0.20853545,1582450
0.1,0.00016229435,0.0011594685,0.9932608669290817,0.013194729691301463,0.032528482,0.032529097,0.20853555,0.20853545,1582450
0.1,0.010734951,0.01131752,0.9932608669290817,0.013194729691301463,0.032528482,0.032529097,0.20853555,0.20853545,1582450
0.1,0.00018186485,0.0011821976,0.9932608669290817,0.013194729691301463,0.032528482,0.032529097,0.20853555,0.20853545,1582450
0.1,0.00020483173,0.00010883356,0.9932608669290817,0.013194729691301463,0.032528482,0.032529097,0.20853555,0.20853545,1582450
0.1,0.0027482673,0.0035465434,0.9932608669290817,0.013194729691301463,0.032528482,0.032529097,0.20853555,0.20853545,1582450
0.1,0.0024813775,0.0031981156,0.9932608669290817,0.013194729691301463,0.032528482,0.032529097,0.20853555,0.20853545,1582450
0.1,0.0002768693,0.0012759565,0.9932608669290817,0.013194729691301463,0.032528482,0.032529097,0.20853555,0.20853545,1582450
0.1,0.020193052,0.022070173,0.9932608669290817,0.013194729691301463,0.032528482,0.032529097,0.20853555,0.20853545,1582450
0.1,0.0008021422,0.0017145642,0.9932608669290817,0.013194729691301463,0.032528482,0.032529097,0.20853555,0.20853545,1582450
0.1,0.005202072,0.0068665487,0.9932608669290817,0.013194729691301463,0.032528482,0.032529097,0.20853555,0.20853545,1582450
0.1,0.001438628,0.0022527145,0.9932608669290817,0.013194729691301463,0.032528482,0.032529097,0.20853555,0.20853545,1582450
0.1,0.0038880731,0.0040909634,0.9932608669290817,0.013194729691301463,0.032528482,0.032529097,0.20853555,0.20853545,1582450
0.1,0.01507548,0.01639582,0.9932608669290817,0.013194729691301463,0.032528482,0.032529097,0.20853555,0.20853545,1582450
0.1,0.00076768396,0.001785053,0.9932608669290817,0.013194729691301463,0.032528482,0.032529097,0.20853555,0.20853545,1582450
0.1,0.00054495793,0.0015821329,0.9932608669290817,0.013194729691301463,0.032528482,0.032529097,0.20853555,0.20853545,1582450
0.1,0.017592777,0.018815266,0.9932608669290817,0.013194729691301463,0.032528482,0.032529097,0.20853555,0.20853545,1582450
0.1,0.0016493535,0.0023065875,0.9932608669290817,0.013194729691301463,0.032528482,0.032529097,0.20853555,0.20853545,1582450
0.1,4.9310398e-05,0.0010628066,0.9932608669290817,0.013194729691301463,0.032528482,0.032529097,0.20853555,0.20853545,1582450
0.1,0.00081693445,0.0016749171,0.9932608669290817,0.013194729691301463,0.032528482,0.032529097,0.20853555,0.20853545,1582450
0.1,0.029708868,0.03392042,0.9932608669290817,0.013194729691301463,0.032528482,0.032529097,0.20853555,0.20853545,1582450
0.1,0.02903367,0.027245006,0.9932608669290817,0.013194729691301463,0.032528482,0.032529097,0.20853555,0.20853545,1582450
0.1,0.001281161,0.0022659316,0.9932608669290817,0.013194729691301463,0.032528482,0.032529097,0.20853555,0.20853545,1582450
0.1,0.0019453093,0.0029393316,0.9932608669290817,0.013194729691301463,0.032528482,0.032529097,0.20853555,0.20853545,1582450
0.1,0.0008214691,0.001965384,0.9932608669290817,0.013194729691301463,0.032528482,0.032529097,0.20853555,0.20853545,1582450
0.1,0.031655353,0.03013108,0.9932608669290817,0.013194729691301463,0.032528482,0.032529097,0.20853555,0.20853545,1582450
0.1,0.0046408763,0.00512805,0.9932608669290817,0.013194729691301463,0.032528482,0.032529097,0.20853555,0.20853545,1582450
0.1,2.7549913e-05,0.0,0.9932608669290817,0.013194729691301463,0.032528482,0.032529097,0.20853555,0.20853545,1582450
0.1,0.0016432723,0.002485846,0.9932608669290817,0.013194729691301463,0.032528482,0.032529097,0.20853555,0.20853545,1582450
0.1,0.0075722905,0.00884993,0.9932608669290817,0.013194729691301463,0.032528482,0.032529097,0.20853555,0.20853545,1582450
0.1,0.003258019,0.00421698,0.9932608669290817,0.013194729691301463,0.032528482,0.032529097,0.20853555,0.20853545,1582450
0.1,0.0033469123,0.0036471924,0.9932608669290817,0.013194729691301463,0.032528482,0.032529097,0.20853555,0.20853545,1582450
0.1,0.00026558494,0.00018310956,0.9932608669290817,0.013194729691301463,0.032528482,0.032529097,0.20853555,0.20853545,1582450
0.1,0.0003502,0.0013295144,0.9932608669290817,0.013194729691301463,0.032528482,0.032529097,0.20853555,0.20853545,1582450
0.1,0.00023618019,0.0001392726,0.9932608669290817,0.013194729691301463,0.032528482,0.032529097,0.20853555,0.20853545,1582450
0.1,0.0047359373,0.004937061,0.9932608669290817,0.013194729691301463,0.032528482,0.032529097,0.20853555,0.20853545,1582450
0.1,0.019761264,0.022024425,0.9932608669290817,0.013194729691301463,0.032528482,0.032529097,0.20853555,0.20853545,1582450
0.1,0.012778,0.0150158405,0.9932608669290817,0.013194729691301463,0.032528482,0.032529097,0.20853555,0.20853545,1582450
0.1,0.0002999321,0.0013021922,0.9932608669290817,0.013194729691301463,0.032528482,0.032529097,0.20853555,0.20853545,1582450
0.1,0.0030049204,0.00397959,0.9932608669290817,0.013194729691301463,0.032528482,0.032529097,0.20853555,0.20853545,1582450
0.1,0.03222835,0.033175662,0.9932608669290817,0.013194729691301463,0.032528482,0.032529097,0.20853555,0.20853545,1582450
0.1,0.0048957476,0.0058139553,0.9932608669290817,0.013194729691301463,0.032528482,0.032529097,0.20853555,0.20853545,1582450
0.1,0.011908156,0.010512499,0.9932608669290817,0.013194729691301463,0.032528482,0.032529097,0.20853555,0.20853545,1582450
0.1,0.045702703,0.048659246,0.9932608669290817,0.013194729691301463,0.032528482,0.032529097,0.20853555,0.20853545,1582450
0.1,0.13101292,0.14927807,0.9932608669290817,0.013194729691301463,0.032528482,0.032529097,0.20853555,0.20853545,1582450
0.1,0.009439859,0.009613123,0.9932608669290817,0.013194729691301463,0.032528482,0.032529097,0.20853555,0.20853545,1582450
0.1,0.25732115,0.23965792,0.9932608669290817,0.013194729691301463,0.032528482,0.032529097,0.20853555,0.20853545,1582450
0.1,0.14008702,0.12582678,0.9932608669290817,0.013194729691301463,0.032528482,0.032529097,0.20853555,0.20853545,1582450
0.1,0.00048530588,0.0014906813,0.9932608669290817,0.013194729691301463,0.032528482,0.032529097,0.20853555,0.20853545,1582450
0.1,0.0023386194,0.0031157502,0.9932608669290817,0.013194729691301463,0.032528482,0.032529097,0.20853555,0.20853545,1582450
0.1,0.020666273,0.022028632,0.9932608669290817,0.013194729691301463,0.032528482,0.032529097,0.20853555,0.20853545,1582450
0.1,0.02877676,0.027227722,0.9932608669290817,0.013194729691301463,0.032528482,0.032529097,0.20853555,0.20853545,1582450
0.1,0.0007674923,0.0017284617,0.9932608669290817,0.013194729691301463,0.032528482,0.032529097,0.20853555,0.20853545,1582450
0.1,0.00034971227,0.0013425789,0.9932608669290817,0.013194729691301463,0.032528482,0.032529097,0.20853555,0.20853545,1582450
0.1,0.002856578,0.002422635,0.9932608669290817,0.013194729691301463,0.032528482,0.032529097,0.20853555,0.20853545,1582450
0.1,0.011036701,0.011537564,0.9932608669290817,0.013194729691301463,0.032528482,0.032529097,0.20853555,0.20853545,1582450
0.1,0.011988263,0.012297301,0.9932608669290817,0.013194729691301463,0.032528482,0.032529097,0.20853555,0.20853545,1582450
0.1,0.0112170335,0.010949829,0.9932608669290817,0.013194729691301463,0.032528482,0.032529097,0.20853555,0.20853545,1582450
0.1,0.008272581,0.008618655,0.9932608669290817,0.013194729691301463,0.032528482,0.032529097,0.20853555,0.20853545,1582450
0.1,0.0003772428,0.0013377315,0.9932608669290817,0.013194729691301463,0.032528482,0.032529097,0.20853555,0.20853545,1582450
0.1,0.0038196207,0.0046307733,0.9932608669290817,0.013194729691301463,0.032528482,0.032529097,0.20853555,0.20853545,1582450
0.1,0.00022036783,0.00123906,0.9932608669290817,0.013194729691301463,0.032528482,0.032529097,0.20853555,0.20853545,1582450
0.1,0.002224593,0.003333298,0.9932608669290817,0.013194729691301463,0.032528482,0.032529097,0.20853555,0.20853545,1582450
0.1,0.0066049783,0.0068449923,0.9932608669290817,0.013194729691301463,0.032528482,0.032529097,0.20853555,0.20853545,1582450
0.1,0.23816565,0.28001797,0.9932608669290817,0.013194729691301463,0.032528482,0.032529097,0.20853555,0.20853545,1582450
0.1,0.0008262435,0.0019428817,0.9932608669290817,0.013194729691301463,0.032528482,0.032529097,0.20853555,0.20853545,1582450
0.1,0.011698136,0.011923063,0.9932608669290817,0.013194729691301463,0.032528482,0.032529097,0.20853555,0.20853545,1582450
0.1,0.00011414865,0.00112367,0.9932608669290817,0.013194729691301463,0.032528482,0.032529097,0.20853555,0.20853545,1582450
0.1,0.0008382543,0.0017688868,0.9932608669290817,0.013194729691301463,0.032528482,0.032529097,0.20853555,0.20853545,1582450
0.1,0.020036675,0.02173877,0.9932608669290817,0.013194729691301463,0.032528482,0.032529097,0.20853555,0.20853545,1582450
0.1,0.002174853,0.0018961414,0.9932608669290817,0.013194729691301463,0.032528482,0.032529097,0.20853555,0.20853545,1582450
0.1,0.050173033,0.054610107,0.9932608669290817,0.013194729691301463,0.032528482,0.032529097,0.20853555,0.20853545,1582450
0.1,0.46629798,0.5207945,0.9932608669290817,0.013194729691301463,0.032528482,0.032529097,0.20853555,0.20853545,1582450
0.1,0.013252202,0.0133464495,0.9932608669290817,0.013194729691301463,0.032528482,0.032529097,0.20853555,0.20853545,1582450
0.1,0.004356985,0.0052128406,0.9932608669290817,0.013194729691301463,0.032528482,0.032529097,0.20853555,0.20853545,1582450
0.1,0.005972236,0.00628973,0.9932608669290817,0.013194729691301463,0.032528482,0.032529097,0.20853555,0.20853545,1582450
0.1,0.012289874,0.012887594,0.9932608669290817,0.013194729691301463,0.032528482,0.032529097,0.20853555,0.20853545,1582450
0.1,0.061972663,0.055210784,0.9932608669290817,0.013194729691301463,0.032528482,0.032529097,0.20853555,0.20853545,1582450
0.1,0.00043975943,0.00032278465,0.9932608669290817,0.013194729691301463,0.032528482,0.032529097,0.20853555,0.20853545,1582450
0.1,0.01568896,0.016352551,0.9932608669290817,0.013194729691301463,0.032528482,0.032529097,0.20853555,0.20853545,1582450
0.1,0.088684395,0.08607827,0.9932608669290817,0.013194729691301463,0.032528482,0.032529097,0.20853555,0.20853545,1582450
0.1,0.06462739,0.06400254,0.9932608669290817,0.013194729691301463,0.032528482,0.032529097,0.20853555,0.20853545,1582450
0.1,0.014291831,0.015497195,0.9932608669290817,0.013194729691301463,0.032528482,0.032529097,0.20853555,0.20853545,1582450
0.1,0.0473787,0.04306544,0.9932608669290817,0.013194729691301463,0.032528482,0.032529097,0.20853555,0.20853545,1582450
0.1,0.0060857027,0.007454795,0.9932608669290817,0.013194729691301463,0.032528482,0.032529097,0.20853555,0.20853545,1582450
0.1,0.0008437264,0.0019020612,0.9932608669290817,0.013194729691301463,0.032528482,0.032529097,0.20853555,0.20853545,1582450
0.1,0.016880326,0.01712863,0.9932608669290817,0.013194729691301463,0.032528482,0.032529097,0.20853555,0.20853545,1582450
0.1,4.6546527e-05,0.0010600669,0.9932608669290817,0.013194729691301463,0.032528482,0.032529097,0.20853555,0.20853545,1582450
0.1,0.00044972092,0.00033599607,0.9932608669290817,0.013194729691301463,0.032528482,0.032529097,0.20853555,0.20853545,1582450
0.1,0.0029460236,0.004015653,0.9932608669290817,0.013194729691301463,0.032528482,0.032529097,0.20853555,0.20853545,1582450
0.1,0.0006011935,0.0016158605,0.9932608669290817,0.013194729691301463,0.032528482,0.032529097,0.20853555,0.20853545,1582450
0.1,0.010171199,0.009510178,0.9932608669290817,0.013194729691301463,0.032528482,0.032529097,0.20853555,0.20853545,1582450
0.1,0.018323489,0.021443032,0.9932608669290817,0.013194729691301463,0.032528482,0.032529097,0.20853555,0.20853545,1582450
0.1,0.010658741,0.010434378,0.9932608669290817,0.013194729691301463,0.032528482,0.032529097,0.20853555,0.20853545,1582450
0.1,0.00044799148,0.0015323778,0.9932608669290817,0.013194729691301463,0.032528482,0.032529097,0.20853555,0.20853545,1582450
0.1,0.014572718,0.012968792,0.9932608669290817,0.013194729691301463,0.032528482,0.032529097,0.20853555,0.20853545,1582450
0.1,0.016312847,0.01427032,0.9932608669290817,0.013194729691301463,0.032528482,0.032529097,0.20853555,0.20853545,1582450
0.1,0.0015844874,0.002555454,0.9932608669290817,0.013194729691301463,0.032528482,0.032529097,0.20853555,0.20853545,1582450
0.1,0.014713483,0.014238317,0.9932608669290817,0.013194729691301463,0.032528482,0.032529097,0.20853555,0.20853545,1582450
0.1,0.00050830067,0.00041810278,0.9932608669290817,0.013194729691301463,0.032528482,0.032529097,0.20853555,0.20853545,1582450
0.1,0.014977457,0.017277112,0.9932608669290817,0.013194729691301463,0.032528482,0.032529097,0.20853555,0.20853545,1582450
0.1,0.03613546,0.035100855,0.9932608669290817,0.013194729691301463,0.032528482,0.032529097,0.20853555,0.20853545,1582450
0.1,0.64694005,0.6672847,0.9932608669290817,0.013194729691301463,0.032528482,0.032529097,0.20853555,0.20853545,1582450
0.1,0.0015924793,0.0024216138,0.9932608669290817,0.013194729691301463,0.032528482,0.032529097,0.20853555,0.20853545,1582450
0.1,0.00023426043,0.001240154,0.9932608669290817,0.013194729691301463,0.032528482,0.032529097,0.20853555,0.20853545,1582450
0.1,0.001406341,0.002156191,0.9932608669290817,0.013194729691301463,0.032528482,0.032529097,0.20853555,0.20853545,1582450
0.1,0.0070809238,0.006509571,0.9932608669290817,0.013194729691301463,0.032528482,0.032529097,0.20853555,0.20853545,1582450
0.1,8.954908e-05,0.0010896047,0.9932608669290817,0.013194729691301463,0.032528482,0.032529097,0.20853555,0.20853545,1582450
0.1,0.0028484124,0.004263075,0.9932608669290817,0.013194729691301463,0.032528482,0.032529097,0.20853555,0.20853545,1582450
0.1,0.001539267,0.0014480187,0.9932608669290817,0.013194729691301463,0.032528482,0.032529097,0.20853555,0.20853545,1582450
0.1,0.00014737774,0.0011657728,0.9932608669290817,0.013194729691301463,0.032528482,0.032529097,0.20853555,0.20853545,1582450
0.1,0.00015799433,0.0011836839,0.9932608669290817,0.013194729691301463,0.032528482,0.032529097,0.20853555,0.20853545,1582450
0.1,0.0004965493,0.0015036818,0.9932608669290817,0.013194729691301463,0.032528482,0.032529097,0.20853555,0.20853545,1582450
0.1,0.0042661363,0.0046183323,0.9932608669290817,0.013194729691301463,0.032528482,0.032529097,0.20853555,0.20853545,1582450
0.1,0.0010892084,0.0018982827,0.9932608669290817,0.013194729691301463,0.032528482,0.032529097,0.20853555,0.20853545,1582450
0.1,0.00853713,0.008836337,0.9932608669290817,0.013194729691301463,0.032528482,0.032529097,0.20853555,0.20853545,1582450
0.1,0.042084593,0.04469691,0.9932608669290817,0.013194729691301463,0.032528482,0.032529097,0.20853555,0.20853545,1582450
0.1,0.0031367335,0.004110051,0.9932608669290817,0.013194729691301463,0.032528482,0.032529097,0.20853555,0.20853545,1582450
0.1,0.020037357,0.022808095,0.9932608669290817,0.013194729691301463,0.032528482,0.032529097,0.20853555,0.20853545,1582450
0.1,7.172333e-05,0.0010921704,0.9932608669290817,0.013194729691301463,0.032528482,0.032529097,0.20853555,0.20853545,1582450
0.1,0.01873023,0.01929256,0.9932608669290817,0.013194729691301463,0.032528482,0.032529097,0.20853555,0.20853545,1582450
0.1,0.011653472,0.011215503,0.9932608669290817,0.013194729691301463,0.032528482,0.032529097,0.20853555,0.20853545,1582450
0.1,0.00011272219,0.0011172506,0.9932608669290817,0.013194729691301463,0.032528482,0.032529097,0.20853555,0.20853545,1582450
0.1,0.18069232,0.1813592,0.9932608669290817,0.013194729691301463,0.032528482,0.032529097,0.20853555,0.20853545,1582450
0.1,0.20400573,0.18895663,0.9932608669290817,0.013194729691301463,0.032528482,0.032529097,0.20853555,0.20853545,1582450
0.1,0.14965256,0.15410678,0.9932608669290817,0.013194729691301463,0.032528482,0.032529097,0.20853555,0.20853545,1582450
0.1,0.02598086,0.023675118,0.9932608669290817,0.013194729691301463,0.032528482,0.032529097,0.20853555,0.20853545,1582450
0.1,0.031040387,0.037137143,0.9932608669290817,0.013194729691301463,0.032528482,0.032529097,0.20853555,0.20853545,1582450
0.1,0.0832938,0.084424295,0.9932608669290817,0.013194729691301463,0.032528482,0.032529097,0.20853555,0.20853545,1582450
0.1,0.00015044973,0.0011563553,0.9932608669290817,0.013194729691301463,0.032528482,0.032529097,0.20853555,0.20853545,1582450
0.1,0.0072269314,0.007981162,0.9932608669290817,0.013194729691301463,0.032528482,0.032529097,0.20853555,0.20853545,1582450
0.1,0.0020123688,0.0026817983,0.9932608669290817,0.013194729691301463,0.032528482,0.032529097,0.20853555,0.20853545,1582450
0.1,0.00032514022,0.001288402,0.9932608669290817,0.013194729691301463,0.032528482,0.032529097,0.20853555,0.20853545,1582450
0.1,7.84938e-05,0.0,0.9932608669290817,0.013194729691301463,0.032528482,0.032529097,0.20853555,0.20853545,1582450
0.1,0.0010968181,0.0020170186,0.9932608669290817,0.013194729691301463,0.032528482,0.032529097,0.20853555,0.20853545,1582450
0.1,0.00085430365,0.0008591466,0.9932608669290817,0.013194729691301463,0.032528482,0.032529097,0.20853555,0.20853545,1582450
0.1,0.000557675,0.00160047,0.9932608669290817,0.013194729691301463,0.032528482,0.032529097,0.20853555,0.20853545,1582450
0.1,0.0025416801,0.0033410806,0.9932608669290817,0.013194729691301463,0.032528482,0.032529097,0.20853555,0.20853545,1582450
0.1,0.00012629626,0.0011208685,0.9932608669290817,0.013194729691301463,0.032528482,0.032529097,0.20853555,0.20853545,1582450
0.1,0.024364823,0.023163911,0.9932608669290817,0.013194729691301463,0.032528482,0.032529097,0.20853555,0.20853545,1582450
0.1,0.009319008,0.008439777,0.9932608669290817,0.013194729691301463,0.032528482,0.032529097,0.20853555,0.20853545,1582450
0.1,0.008740013,0.008739439,0.9932608669290817,0.013194729691301463,0.032528482,0.032529097,0.20853555,0.20853545,1582450
0.1,0.016070869,0.014791146,0.9932608669290817,0.013194729691301463,0.032528482,0.032529097,0.20853555,0.20853545,1582450
0.1,0.018233905,0.01803211,0.9932608669290817,0.013194729691301463,0.032528482,0.032529097,0.20853555,0.20853545,1582450
0.1,0.00047688204,0.00050385727,0.9932608669290817,0.013194729691301463,0.032528482,0.032529097,0.20853555,0.20853545,1582450
0.1,0.21948138,0.1967851,0.9932608669290817,0.013194729691301463,0.032528482,0.032529097,0.20853555,0.20853545,1582450
0.1,6.521926e-05,0.0,0.9932608669290817,0.013194729691301463,0.032528482,0.032529097,0.20853555,0.20853545,1582450
0.1,0.1166552,0.11910851,0.9932608669290817,0.013194729691301463,0.032528482,0.032529097,0.20853555,0.20853545,1582450
0.1,0.074122414,0.07093273,0.9932608669290817,0.013194729691301463,0.032528482,0.032529097,0.20853555,0.20853545,1582450
0.1,0.0442357,0.04388449,0.9932608669290817,0.013194729691301463,0.032528482,0.032529097,0.20853555,0.20853545,1582450
0.1,0.034117375,0.029638633,0.9932608669290817,0.013194729691301463,0.032528482,0.032529097,0.20853555,0.20853545,1582450
0.1,0.000994861,0.0019113114,0.9932608669290817,0.013194729691301463,0.032528482,0.032529097,0.20853555,0.20853545,1582450
0.1,0.008798591,0.008562543,0.9932608669290817,0.013194729691301463,0.032528482,0.032529097,0.20853555,0.20853545,1582450
0.1,0.0010937017,0.0020865668,0.9932608669290817,0.013194729691301463,0.032528482,0.032529097,0.20853555,0.20853545,1582450
0.1,0.001801078,0.0029060568,0.9932608669290817,0.013194729691301463,0.032528482,0.032529097,0.20853555,0.20853545,1582450
0.1,0.07334282,0.07885457,0.9932608669290817,0.013194729691301463,0.032528482,0.032529097,0.20853555,0.20853545,1582450
0.1,0.006090293,0.007411343,0.9932608669290817,0.013194729691301463,0.032528482,0.032529097,0.20853555,0.20853545,1582450
0.1,3.7652488e-05,0.0010508611,0.9932608669290817,0.013194729691301463,0.032528482,0.032529097,0.20853555,0.20853545,1582450
0.1,0.044656802,0.03975537,0.9932608669290817,0.013194729691301463,0.032528482,0.032529097,0.20853555,0.20853545,1582450
0.1,0.019602025,0.024088886,0.9932608669290817,0.013194729691301463,0.032528482,0.032529097,0.20853555,0.20853545,1582450
0.1,0.0050806603,0.0058005983,0.9932608669290817,0.013194729691301463,0.032528482,0.032529097,0.20853555,0.20853545,1582450
0.1,0.07088561,0.071022384,0.9932608669290817,0.013194729691301463,0.032528482,0.032529097,0.20853555,0.20853545,1582450
0.1,0.0016238845,0.0027446065,0.9932608669290817,0.013194729691301463,0.032528482,0.032529097,0.20853555,0.20853545,1582450
0.1,9.1808135e-05,1.2176548e-05,0.9932608669290817,0.013194729691301463,0.032528482,0.032529097,0.20853555,0.20853545,1582450
0.1,0.00023617462,0.0012478245,0.9932608669290817,0.013194729691301463,0.032528482,0.032529097,0.20853555,0.20853545,1582450
0.1,0.12671973,0.11290006,0.9932608669290817,0.013194729691301463,0.032528482,0.032529097,0.20853555,0.20853545,1582450
0.1,0.0010671185,0.00091601483,0.9932608669290817,0.013194729691301463,0.032528482,0.032529097,0.20853555,0.20853545,1582450
0.1,0.0112772,0.00844156,0.9932608669290817,0.013194729691301463,0.032528482,0.032529097,0.20853555,0.20853545,1582450
0.1,0.00442937,0.005622109,0.9932608669290817,0.013194729691301463,0.032528482,0.032529097,0.20853555,0.20853545,1582450
0.1,0.00014835842,0.0011532421,0.9932608669290817,0.013194729691301463,0.032528482,0.032529097,0.20853555,0.20853545,1582450
0.1,0.0001932874,0.001202061,0.9932608669290817,0.013194729691301463,0.032528482,0.032529097,0.20853555,0.20853545,1582450
0.1,0.011739773,0.011490882,0.9932608669290817,0.013194729691301463,0.032528482,0.032529097,0.20853555,0.20853545,1582450
0.1,0.0016277542,0.002478398,0.9932608669290817,0.013194729691301463,0.032528482,0.032529097,0.20853555,0.20853545,1582450
0.1,0.0002887709,0.0002283108,0.9932608669290817,0.013194729691301463,0.032528482,0.032529097,0.20853555,0.20853545,1582450
0.1,0.004635972,0.0044062436,0.9932608669290817,0.013194729691301463,0.032528482,0.032529097,0.20853555,0.20853545,1582450
0.1,0.0015323075,0.0024694938,0.9932608669290817,0.013194729691301463,0.032528482,0.032529097,0.20853555,0.20853545,1582450
0.1,0.42082262,0.37215683,0.9932608669290817,0.013194729691301463,0.032528482,0.032529097,0.20853555,0.20853545,1582450
0.1,0.028591631,0.029026248,0.9932608669290817,0.013194729691301463,0.032528482,0.032529097,0.20853555,0.20853545,1582450
0.1,0.0033510553,0.0041463217,0.9932608669290817,0.013194729691301463,0.032528482,0.032529097,0.20853555,0.20853545,1582450
0.1,0.0014851451,0.002442716,0.9932608669290817,0.013194729691301463,0.032528482,0.032529097,0.20853555,0.20853545,1582450
0.1,2.9140107e-05,0.0010419962,0.9932608669290817,0.013194729691301463,0.032528482,0.032529097,0.20853555,0.20853545,1582450
0.1,0.30827174,0.26021802,0.9932608669290817,0.013194729691301463,0.032528482,0.032529097,0.20853555,0.20853545,1582450
0.1,0.00044606923,0.00031011208,0.9932608669290817,0.013194729691301463,0.032528482,0.032529097,0.20853555,0.20853545,1582450
0.1,0.043224845,0.04656678,0.9932608669290817,0.013194729691301463,0.032528482,0.032529097,0.20853555,0.20853545,1582450
0.1,0.00037327295,0.0013807435,0.9932608669290817,0.013194729691301463,0.032528482,0.032529097,0.20853555,0.20853545,1582450
0.1,0.30814663,0.30225754,0.9932608669290817,0.013194729691301463,0.032528482,0.032529097,0.20853555,0.20853545,1582450
0.1,0.0029148508,0.0035573128,0.9932608669290817,0.013194729691301463,0.032528482,0.032529097,0.20853555,0.20853545,1582450
0.1,0.022048455,0.021902766,0.9932608669290817,0.013194729691301463,0.032528482,0.032529097,0.20853555,0.20853545,1582450
0.1,0.028303728,0.026923861,0.9932608669290817,0.013194729691301463,0.032528482,0.032529097,0.20853555,0.20853545,1582450
0.1,0.0011425054,0.0020943622,0.9932608669290817,0.013194729691301463,0.032528482,0.032529097,0.20853555,0.20853545,1582450
0.1,0.0002881539,0.0012545029,0.9932608669290817,0.013194729691301463,0.032528482,0.032529097,0.20853555,0.20853545,1582450
0.1,0.0023387568,0.0028323033,0.9932608669290817,0.013194729691301463,0.032528482,0.032529097,0.20853555,0.20853545,1582450
0.1,0.0002933164,0.0013081226,0.9932608669290817,0.013194729691301463,0.032528482,0.032529097,0.20853555,0.20853545,1582450
0.1,0.0027346283,0.003846541,0.9932608669290817,0.013194729691301463,0.032528482,0.032529097,0.20853555,0.20853545,1582450
0.1,0.0014223633,0.0012890308,0.9932608669290817,0.013194729691301463,0.032528482,0.032529097,0.20853555,0.20853545,1582450
0.1,0.0023464945,0.0032128154,0.9932608669290817,0.013194729691301463,0.032528482,0.032529097,0.20853555,0.20853545,1582450
0.1,0.00338572,0.0039294288,0.9932608669290817,0.013194729691301463,0.032528482,0.032529097,0.20853555,0.20853545,1582450
0.1,0.003421651,0.003964007,0.9932608669290817,0.013194729691301463,0.032528482,0.032529097,0.20853555,0.20853545,1582450
0.1,0.0002887205,0.0012241023,0.9932608669290817,0.013194729691301463,0.032528482,0.032529097,0.20853555,0.20853545,1582450
0.1,0.0037420096,0.0049235276,0.9932608669290817,0.013194729691301463,0.032528482,0.032529097,0.20853555,0.20853545,1582450
0.1,0.0002652025,0.0012698093,0.9932608669290817,0.013194729691301463,0.032528482,0.032529097,0.20853555,0.20853545,1582450
0.1,0.47157177,0.4241042,0.9932608669290817,0.013194729691301463,0.032528482,0.032529097,0.20853555,0.20853545,1582450
0.1,0.17334378,0.18571621,0.9932608669290817,0.013194729691301463,0.032528482,0.032529097,0.20853555,0.20853545,1582450
0.1,0.0022059905,0.0030737373,0.9932608669290817,0.013194729691301463,0.032528482,0.032529097,0.20853555,0.20853545,1582450
0.1,0.0049075815,0.005511965,0.9932608669290817,0.013194729691301463,0.032528482,0.032529097,0.20853555,0.20853545,1582450
0.1,0.41916367,0.3949033,0.9932608669290817,0.013194729691301463,0.032528482,0.032529097,0.20853555,0.20853545,1582450
0.1,0.0011351842,0.0020665845,0.9932608669290817,0.013194729691301463,0.032528482,0.032529097,0.20853555,0.20853545,1582450
0.1,0.0020284266,0.0017862546,0.9932608669290817,0.013194729691301463,0.032528482,0.032529097,0.20853555,0.20853545,1582450
0.7,0.00055083696,0.009362365,0.8080610862387583,0.0,0.032528482,0.032528486,0.20853555,0.20853554,1582450
0.7,0.0011273694,0.0099722855,0.8080610862387583,0.0,0.032528482,0.032528486,0.20853555,0.20853554,1582450
0.7,0.0073270565,0.00765147,0.8080610862387583,0.0,0.032528482,0.032528486,0.20853555,0.20853554,1582450
0.7,3.1138985e-05,0.008573922,0.8080610862387583,0.0,0.032528482,0.032528486,0.20853555,0.20853554,1582450
0.7,0.007148096,0.026037835,0.8080610862387583,0.0,0.032528482,0.032528486,0.20853555,0.20853554,1582450
0.7,0.0006146741,0.008957234,0.8080610862387583,0.0,0.032528482,0.032528486,0.20853555,0.20853554,1582450
0.7,0.24584208,0.33869502,0.8080610862387583,0.0,0.032528482,0.032528486,0.20853555,0.20853554,1582450
0.7,0.0001836358,0.008620509,0.8080610862387583,0.0,0.032528482,0.032528486,0.20853555,0.20853554,1582450
0.7,0.00025336538,0.008582447,0.8080610862387583,0.0,0.032528482,0.032528486,0.20853555,0.20853554,1582450
0.7,0.001941859,0.009321707,0.8080610862387583,0.0,0.032528482,0.032528486,0.20853555,0.20853554,1582450
0.7,0.012252796,0.048364036,0.8080610862387583,0.0,0.032528482,0.032528486,0.20853555,0.20853554,1582450
0.7,0.011951147,0.007924808,0.8080610862387583,0.0,0.032528482,0.032528486,0.20853555,0.20853554,1582450
0.7,0.0068404744,0.009800856,0.8080610862387583,0.0,0.032528482,0.032528486,0.20853555,0.20853554,1582450
0.7,2.8295086e-05,0.008580789,0.8080610862387583,0.0,0.032528482,0.032528486,0.20853555,0.20853554,1582450
0.7,0.0005214801,0.0035395413,0.8080610862387583,0.0,0.032528482,0.032528486,0.20853555,0.20853554,1582450
0.7,0.013937563,0.030839255,0.8080610862387583,0.0,0.032528482,0.032528486,0.20853555,0.20853554,1582450
0.7,0.0015449928,0.008874168,0.8080610862387583,0.0,0.032528482,0.032528486,0.20853555,0.20853554,1582450
0.7,0.0056953593,0.015653832,0.8080610862387583,0.0,0.032528482,0.032528486,0.20853555,0.20853554,1582450
0.7,0.13443743,0.23776965,0.8080610862387583,0.0,0.032528482,0.032528486,0.20853555,0.20853554,1582450
0.7,0.16668557,0.10913046,0.8080610862387583,0.0,0.032528482,0.032528486,0.20853555,0.20853554,1582450
0.7,0.00012471333,0.008588798,0.8080610862387583,0.0,0.032528482,0.032528486,0.20853555,0.20853554,1582450
0.7,0.0010517298,0.0043043294,0.8080610862387583,0.0,0.032528482,0.032528486,0.20853555,0.20853554,1582450
0.7,0.0011061612,0.0040747747,0.8080610862387583,0.0,0.032528482,0.032528486,0.20853555,0.20853554,1582450
0.7,0.00017351317,0.008633518,0.8080610862387583,0.0,0.032528482,0.032528486,0.20853555,0.20853554,1582450
0.7,0.0039684116,0.01241489,0.8080610862387583,0.0,0.032528482,0.032528486,0.20853555,0.20853554,1582450
0.7,0.00049556897,0.008616702,0.8080610862387583,0.0,0.032528482,0.032528486,0.20853555,0.20853554,1582450
0.7,0.0062526213,0.01036917,0.8080610862387583,0.0,0.032528482,0.032528486,0.20853555,0.20853554,1582450
0.7,0.023209782,0.0398675,0.8080610862387583,0.0,0.032528482,0.032528486,0.20853555,0.20853554,1582450
0.7,0.0017619046,0.009387562,0.8080610862387583,0.0,0.032528482,0.032528486,0.20853555,0.20853554,1582450
0.7,0.058793727,0.064323895,0.8080610862387583,0.0,0.032528482,0.032528486,0.20853555,0.20853554,1582450
0.7,0.00013467812,0.008677879,0.8080610862387583,0.0,0.032528482,0.032528486,0.20853555,0.20853554,1582450
0.7,0.0007078286,0.009118142,0.8080610862387583,0.0,0.032528482,0.032528486,0.20853555,0.20853554,1582450
0.7,0.17874664,0.12723744,0.8080610862387583,0.0,0.032528482,0.032528486,0.20853555,0.20853554,1582450
0.7,0.0023654872,0.010728311,0.8080610862387583,0.0,0.032528482,0.032528486,0.20853555,0.20853554,1582450
0.7,0.0004078942,0.008887536,0.8080610862387583,0.0,0.032528482,0.032528486,0.20853555,0.20853554,1582450
0.7,0.0034325202,0.012087447,0.8080610862387583,0.0,0.032528482,0.032528486,0.20853555,0.20853554,1582450
0.7,0.24901855,0.64782625,0.8080610862387583,0.0,0.032528482,0.032528486,0.20853555,0.20853554,1582450
0.7,0.02168543,0.036934,0.8080610862387583,0.0,0.032528482,0.032528486,0.20853555,0.20853554,1582450
0.7,0.004697841,0.012096253,0.8080610862387583,0.0,0.032528482,0.032528486,0.20853555,0.20853554,1582450
0.7,0.0057775527,0.0110473195,0.8080610862387583,0.0,0.032528482,0.032528486,0.20853555,0.20853554,1582450
0.7,0.001360203,0.009118718,0.8080610862387583,0.0,0.032528482,0.032528486,0.20853555,0.20853554,1582450
0.7,0.003690108,0.010725327,0.8080610862387583,0.0,0.032528482,0.032528486,0.20853555,0.20853554,1582450
0.7,2.8364031e-05,0.008568255,0.8080610862387583,0.0,0.032528482,0.032528486,0.20853555,0.20853554,1582450
0.7,0.009130502,0.011048969,0.8080610862387583,0.0,0.032528482,0.032528486,0.20853555,0.20853554,1582450
0.7,0.036425892,0.07742789,0.8080610862387583,0.0,0.032528482,0.032528486,0.20853555,0.20853554,1582450
0.7,0.00079925964,0.0034511413,0.8080610862387583,0.0,0.032528482,0.032528486,0.20853555,0.20853554,1582450
0.7,0.00031744887,0.008751495,0.8080610862387583,0.0,0.032528482,0.032528486,0.20853555,0.20853554,1582450
0.7,0.0012187229,0.008845521,0.8080610862387583,0.0,0.032528482,0.032528486,0.20853555,0.20853554,1582450
0.7,0.0058001378,0.010148129,0.8080610862387583,0.0,0.032528482,0.032528486,0.20853555,0.20853554,1582450
0.7,0.0043677455,0.026003039,0.8080610862387583,0.0,0.032528482,0.032528486,0.20853555,0.20853554,1582450
0.7,0.0019902885,0.008991949,0.8080610862387583,0.0,0.032528482,0.032528486,0.20853555,0.20853554,1582450
0.7,0.00010187949,0.008581744,0.8080610862387583,0.0,0.032528482,0.032528486,0.20853555,0.20853554,1582450
0.7,0.15375784,0.06565456,0.8080610862387583,0.0,0.032528482,0.032528486,0.20853555,0.20853554,1582450
0.7,0.009304768,0.024374584,0.8080610862387583,0.0,0.032528482,0.032528486,0.20853555,0.20853554,1582450
0.7,0.00020822321,0.008831275,0.8080610862387583,0.0,0.032528482,0.032528486,0.20853555,0.20853554,1582450
0.7,0.022129145,0.014379278,0.8080610862387583,0.0,0.032528482,0.032528486,0.20853555,0.20853554,1582450
0.7,0.012652977,0.02541062,0.8080610862387583,0.0,0.032528482,0.032528486,0.20853555,0.20853554,1582450
0.7,0.0014806689,0.009112847,0.8080610862387583,0.0,0.032528482,0.032528486,0.20853555,0.20853554,1582450
0.7,0.0006980099,0.008662016,0.8080610862387583,0.0,0.032528482,0.032528486,0.20853555,0.20853554,1582450
0.7,0.00070249476,0.008802841,0.8080610862387583,0.0,0.032528482,0.032528486,0.20853555,0.20853554,1582450
0.7,0.05929346,0.08677204,0.8080610862387583,0.0,0.032528482,0.032528486,0.20853555,0.20853554,1582450
0.7,0.000103667524,0.008609148,0.8080610862387583,0.0,0.032528482,0.032528486,0.20853555,0.20853554,1582450
0.7,0.00013815785,0.008627844,0.8080610862387583,0.0,0.032528482,0.032528486,0.20853555,0.20853554,1582450
0.7,0.0011754698,0.009908662,0.8080610862387583,0.0,0.032528482,0.032528486,0.20853555,0.20853554,1582450
0.7,0.0031217155,0.009650264,0.8080610862387583,0.0,0.032528482,0.032528486,0.20853555,0.20853554,1582450
0.7,0.0012834411,0.004978419,0.8080610862387583,0.0,0.032528482,0.032528486,0.20853555,0.20853554,1582450
0.7,2.663928e-05,0.008574482,0.8080610862387583,0.0,0.032528482,0.032528486,0.20853555,0.20853554,1582450
0.7,0.00086200674,0.0042047226,0.8080610862387583,0.0,0.032528482,0.032528486,0.20853555,0.20853554,1582450
0.7,0.00041029658,0.008640672,0.8080610862387583,0.0,0.032528482,0.032528486,0.20853555,0.20853554,1582450
0.7,0.009978703,0.024828734,0.8080610862387583,0.0,0.032528482,0.032528486,0.20853555,0.20853554,1582450
0.7,0.0585817,0.07745546,0.8080610862387583,0.0,0.032528482,0.032528486,0.20853555,0.20853554,1582450
0.7,0.0030994,0.009289819,0.8080610862387583,0.0,0.032528482,0.032528486,0.20853555,0.20853554,1582450
0.7,0.0040564877,0.010530921,0.8080610862387583,0.0,0.032528482,0.032528486,0.20853555,0.20853554,1582450
0.7,3.7487705e-05,0.008612965,0.8080610862387583,0.0,0.032528482,0.032528486,0.20853555,0.20853554,1582450
0.7,0.0002813063,0.0086040925,0.8080610862387583,0.0,0.032528482,0.032528486,0.20853555,0.20853554,1582450
0.7,0.045827076,0.03846727,0.8080610862387583,0.0,0.032528482,0.032528486,0.20853555,0.20853554,1582450
0.7,0.015739473,0.022813514,0.8080610862387583,0.0,0.032528482,0.032528486,0.20853555,0.20853554,1582450
0.7,0.00012999089,0.0033973095,0.8080610862387583,0.0,0.032528482,0.032528486,0.20853555,0.20853554,1582450
0.7,0.0011344962,0.008718945,0.8080610862387583,0.0,0.032528482,0.032528486,0.20853555,0.20853554,1582450
0.7,0.012156947,0.026603302,0.8080610862387583,0.0,0.032528482,0.032528486,0.20853555,0.20853554,1582450
0.7,0.07280115,0.03090729,0.8080610862387583,0.0,0.032528482,0.032528486,0.20853555,0.20853554,1582450
0.7,0.0075832736,0.012532181,0.8080610862387583,0.0,0.032528482,0.032528486,0.20853555,0.20853554,1582450
0.7,0.0138886245,0.019346809,0.8080610862387583,0.0,0.032528482,0.032528486,0.20853555,0.20853554,1582450
0.7,0.017931512,0.033368554,0.8080610862387583,0.0,0.032528482,0.032528486,0.20853555,0.20853554,1582450
0.7,0.1054597,0.12171355,0.8080610862387583,0.0,0.032528482,0.032528486,0.20853555,0.20853554,1582450
0.7,3.8146183e-05,0.008585117,0.8080610862387583,0.0,0.032528482,0.032528486,0.20853555,0.20853554,1582450
0.7,0.0031916148,0.00983118,0.8080610862387583,0.0,0.032528482,0.032528486,0.20853555,0.20853554,1582450
0.7,0.0101002315,0.024071092,0.8080610862387583,0.0,0.032528482,0.032528486,0.20853555,0.20853554,1582450
0.7,0.014029043,0.0514758,0.8080610862387583,0.0,0.032528482,0.032528486,0.20853555,0.20853554,1582450
0.7,0.0068643987,0.0053487113,0.8080610862387583,0.0,0.032528482,0.032528486,0.20853555,0.20853554,1582450
0.7,0.02834695,0.06384075,0.8080610862387583,0.0,0.032528482,0.032528486,0.20853555,0.20853554,1582450
0.7,0.09943839,0.10287607,0.8080610862387583,0.0,0.032528482,0.032528486,0.20853555,0.20853554,1582450
0.7,0.019789577,0.01739506,0.8080610862387583,0.0,0.032528482,0.032528486,0.20853555,0.20853554,1582450
0.7,0.17448865,0.075003,0.8080610862387583,0.0,0.032528482,0.032528486,0.20853555,0.20853554,1582450
0.7,0.002575262,0.004058525,0.8080610862387583,0.0,0.032528482,0.032528486,0.20853555,0.20853554,1582450
0.7,0.001125688,0.009498713,0.8080610862387583,0.0,0.032528482,0.032528486,0.20853555,0.20853554,1582450
0.7,9.690958e-06,0.0085744,0.8080610862387583,0.0,0.032528482,0.032528486,0.20853555,0.20853554,1582450
0.7,0.0018458685,0.0089732455,0.8080610862387583,0.0,0.032528482,0.032528486,0.20853555,0.20853554,1582450
0.7,6.415859e-07,0.008564125,0.8080610862387583,0.0,0.032528482,0.032528486,0.20853555,0.20853554,1582450
0.7,0.00016975736,0.0034209026,0.8080610862387583,0.0,0.032528482,0.032528486,0.20853555,0.20853554,1582450
0.7,0.00015451401,0.008810316,0.8080610862387583,0.0,0.032528482,0.032528486,0.20853555,0.20853554,1582450
0.7,0.050500244,0.017833728,0.8080610862387583,0.0,0.032528482,0.032528486,0.20853555,0.20853554,1582450
0.7,0.001048367,0.009115854,0.8080610862387583,0.0,0.032528482,0.032528486,0.20853555,0.20853554,1582450
0.7,7.778651e-05,0.008580116,0.8080610862387583,0.0,0.032528482,0.032528486,0.20853555,0.20853554,1582450
0.7,0.00037730613,0.008758334,0.8080610862387583,0.0,0.032528482,0.032528486,0.20853555,0.20853554,1582450
0.7,5.0378614e-05,0.0034174095,0.8080610862387583,0.0,0.032528482,0.032528486,0.20853555,0.20853554,1582450
0.7,3.098805e-05,0.00857782,0.8080610862387583,0.0,0.032528482,0.032528486,0.20853555,0.20853554,1582450
0.7,0.22496408,0.26111746,0.8080610862387583,0.0,0.032528482,0.032528486,0.20853555,0.20853554,1582450
0.7,0.0023078849,0.0070093535,0.8080610862387583,0.0,0.032528482,0.032528486,0.20853555,0.20853554,1582450
0.7,0.00079480547,0.009329297,0.8080610862387583,0.0,0.032528482,0.032528486,0.20853555,0.20853554,1582450
0.7,0.0014102228,0.0041140723,0.8080610862387583,0.0,0.032528482,0.032528486,0.20853555,0.20853554,1582450
0.7,0.0014898065,0.0048394604,0.8080610862387583,0.0,0.032528482,0.032528486,0.20853555,0.20853554,1582450
0.7,0.00013292344,0.008623981,0.8080610862387583,0.0,0.032528482,0.032528486,0.20853555,0.20853554,1582450
0.7,0.0005676469,0.00867946,0.8080610862387583,0.0,0.032528482,0.032528486,0.20853555,0.20853554,1582450
0.7,0.0009516643,0.022905003,0.8080610862387583,0.0,0.032528482,0.032528486,0.20853555,0.20853554,1582450
0.7,0.0014963652,0.0050098854,0.8080610862387583,0.0,0.032528482,0.032528486,0.20853555,0.20853554,1582450
0.7,0.0023205075,0.009821873,0.8080610862387583,0.0,0.032528482,0.032528486,0.20853555,0.20853554,1582450
0.7,0.22927402,0.075633116,0.8080610862387583,0.0,0.032528482,0.032528486,0.20853555,0.20853554,1582450
0.7,0.03169592,0.018394103,0.8080610862387583,0.0,0.032528482,0.032528486,0.20853555,0.20853554,1582450
0.7,0.00327215,0.009974637,0.8080610862387583,0.0,0.032528482,0.032528486,0.20853555,0.20853554,1582450
0.7,0.00083561597,0.0087204585,0.8080610862387583,0.0,0.032528482,0.032528486,0.20853555,0.20853554,1582450
0.7,0.0015875419,0.005037625,0.8080610862387583,0.0,0.032528482,0.032528486,0.20853555,0.20853554,1582450
0.7,0.009818712,0.011401685,0.8080610862387583,0.0,0.032528482,0.032528486,0.20853555,0.20853554,1582450
0.7,0.0301822,0.027800992,0.8080610862387583,0.0,0.032528482,0.032528486,0.20853555,0.20853554,1582450
0.7,0.0024305352,0.0073201717,0.8080610862387583,0.0,0.032528482,0.032528486,0.20853555,0.20853554,1582450
0.7,0.051938638,0.031790454,0.8080610862387583,0.0,0.032528482,0.032528486,0.20853555,0.20853554,1582450
0.7,0.00041777457,0.003503285,0.8080610862387583,0.0,0.032528482,0.032528486,0.20853555,0.20853554,1582450
0.7,0.00056966953,0.008899356,0.8080610862387583,0.0,0.032528482,0.032528486,0.20853555,0.20853554,1582450
0.7,0.01254096,0.010134297,0.8080610862387583,0.0,0.032528482,0.032528486,0.20853555,0.20853554,1582450
0.7,0.00028514286,0.008684931,0.8080610862387583,0.0,0.032528482,0.032528486,0.20853555,0.20853554,1582450
0.7,0.2643307,0.2288583,0.8080610862387583,0.0,0.032528482,0.032528486,0.20853555,0.20853554,1582450
0.7,8.085822e-05,0.0034363144,0.8080610862387583,0.0,0.032528482,0.032528486,0.20853555,0.20853554,1582450
0.7,0.0001315231,0.008603748,0.8080610862387583,0.0,0.032528482,0.032528486,0.20853555,0.20853554,1582450
0.7,0.14928043,0.0602292,0.8080610862387583,0.0,0.032528482,0.032528486,0.20853555,0.20853554,1582450
0.7,0.5110997,0.51932174,0.8080610862387583,0.0,0.032528482,0.032528486,0.20853555,0.20853554,1582450
0.7,4.7894868e-05,0.0034012978,0.8080610862387583,0.0,0.032528482,0.032528486,0.20853555,0.20853554,1582450
0.7,0.006303291,0.0342474,0.8080610862387583,0.0,0.032528482,0.032528486,0.20853555,0.20853554,1582450
0.7,0.005012879,0.010941867,0.8080610862387583,0.0,0.032528482,0.032528486,0.20853555,0.20853554,1582450
0.7,0.0035073704,0.022534778,0.8080610862387583,0.0,0.032528482,0.032528486,0.20853555,0.20853554,1582450
0.7,0.009008848,0.011353675,0.8080610862387583,0.0,0.032528482,0.032528486,0.20853555,0.20853554,1582450
0.7,5.56822e-05,0.0034398064,0.8080610862387583,0.0,0.032528482,0.032528486,0.20853555,0.20853554,1582450
0.7,8.147481e-05,0.008591926,0.8080610862387583,0.0,0.032528482,0.032528486,0.20853555,0.20853554,1582450
0.7,0.00063814817,0.009029337,0.8080610862387583,0.0,0.032528482,0.032528486,0.20853555,0.20853554,1582450
0.7,0.0001987954,0.008601458,0.8080610862387583,0.0,0.032528482,0.032528486,0.20853555,0.20853554,1582450
0.7,7.9280006e-05,0.008583366,0.8080610862387583,0.0,0.032528482,0.032528486,0.20853555,0.20853554,1582450
0.7,0.080364786,0.0666835,0.8080610862387583,0.0,0.032528482,0.032528486,0.20853555,0.20853554,1582450
0.7,0.0040637413,0.018560635,0.8080610862387583,0.0,0.032528482,0.032528486,0.20853555,0.20853554,1582450
0.7,0.01659743,0.036352895,0.8080610862387583,0.0,0.032528482,0.032528486,0.20853555,0.20853554,1582450
0.7,0.08837475,0.04005695,0.8080610862387583,0.0,0.032528482,0.032528486,0.20853555,0.20853554,1582450
0.7,0.01623565,0.027762879,0.8080610862387583,0.0,0.032528482,0.032528486,0.20853555,0.20853554,1582450
0.7,0.00046200075,0.0038018497,0.8080610862387583,0.0,0.032528482,0.032528486,0.20853555,0.20853554,1582450
0.7,0.0074242787,0.010065488,0.8080610862387583,0.0,0.032528482,0.032528486,0.20853555,0.20853554,1582450
0.7,0.0009862101,0.008844823,0.8080610862387583,0.0,0.032528482,0.032528486,0.20853555,0.20853554,1582450
0.7,4.3434447e-05,0.008606976,0.8080610862387583,0.0,0.032528482,0.032528486,0.20853555,0.20853554,1582450
0.7,1.5870926e-05,0.008579695,0.8080610862387583,0.0,0.032528482,0.032528486,0.20853555,0.20853554,1582450
0.7,4.287856e-05,0.0033999837,0.8080610862387583,0.0,0.032528482,0.032528486,0.20853555,0.20853554,1582450
0.7,0.00012213067,0.008632446,0.8080610862387583,0.0,0.032528482,0.032528486,0.20853555,0.20853554,1582450
0.7,0.023763318,0.03081455,0.8080610862387583,0.0,0.032528482,0.032528486,0.20853555,0.20853554,1582450
0.7,0.002108914,0.022481717,0.8080610862387583,0.0,0.032528482,0.032528486,0.20853555,0.20853554,1582450
0.7,0.0032370314,0.0101232305,0.8080610862387583,0.0,0.032528482,0.032528486,0.20853555,0.20853554,1582450
0.7,0.00048711753,0.008742028,0.8080610862387583,0.0,0.032528482,0.032528486,0.20853555,0.20853554,1582450
0.7,0.033765074,0.018411763,0.8080610862387583,0.0,0.032528482,0.032528486,0.20853555,0.20853554,1582450
0.7,0.00079180254,0.0044124485,0.8080610862387583,0.0,0.032528482,0.032528486,0.20853555,0.20853554,1582450
0.7,0.0037199282,0.01775371,0.8080610862387583,0.0,0.032528482,0.032528486,0.20853555,0.20853554,1582450
0.7,5.5941946e-05,0.008583317,0.8080610862387583,0.0,0.032528482,0.032528486,0.20853555,0.20853554,1582450
0.7,0.051727384,0.01433012,0.8080610862387583,0.0,0.032528482,0.032528486,0.20853555,0.20853554,1582450
0.7,0.001391747,0.009077191,0.8080610862387583,0.0,0.032528482,0.032528486,0.20853555,0.20853554,1582450
0.7,0.001740662,0.009651417,0.8080610862387583,0.0,0.032528482,0.032528486,0.20853555,0.20853554,1582450
0.7,0.06521105,0.043644,0.8080610862387583,0.0,0.032528482,0.032528486,0.20853555,0.20853554,1582450
0.7,0.018468149,0.017550116,0.8080610862387583,0.0,0.032528482,0.032528486,0.20853555,0.20853554,1582450
0.7,0.00017249235,0.003537451,0.8080610862387583,0.0,0.032528482,0.032528486,0.20853555,0.20853554,1582450
0.7,2.0103702e-05,0.008566036,0.8080610862387583,0.0,0.032528482,0.032528486,0.20853555,0.20853554,1582450
0.7,0.0035035338,0.009294556,0.8080610862387583,0.0,0.032528482,0.032528486,0.20853555,0.20853554,1582450
0.7,0.00033342693,0.008977165,0.8080610862387583,0.0,0.032528482,0.032528486,0.20853555,0.20853554,1582450
0.7,0.004410946,0.009462163,0.8080610862387583,0.0,0.032528482,0.032528486,0.20853555,0.20853554,1582450
0.7,3.8804425e-05,0.008571466,0.8080610862387583,0.0,0.032528482,0.032528486,0.20853555,0.20853554,1582450
0.7,0.004538892,0.009440661,0.8080610862387583,0.0,0.032528482,0.032528486,0.20853555,0.20853554,1582450
0.7,0.011634334,0.018098414,0.8080610862387583,0.0,0.032528482,0.032528486,0.20853555,0.20853554,1582450
0.7,0.062399574,0.09187901,0.8080610862387583,0.0,0.032528482,0.032528486,0.20853555,0.20853554,1582450
0.7,0.00025633545,0.009003472,0.8080610862387583,0.0,0.032528482,0.032528486,0.20853555,0.20853554,1582450
0.7,0.0049251355,0.010811225,0.8080610862387583,0.0,0.032528482,0.032528486,0.20853555,0.20853554,1582450
0.7,0.0015064043,0.009049896,0.8080610862387583,0.0,0.032528482,0.032528486,0.20853555,0.20853554,1582450
0.7,0.0022953134,0.0096750185,0.8080610862387583,0.0,0.032528482,0.032528486,0.20853555,0.20853554,1582450
0.7,8.549988e-05,0.0034126013,0.8080610862387583,0.0,0.032528482,0.032528486,0.20853555,0.20853554,1582450
0.7,0.0014711194,0.004199402,0.8080610862387583,0.0,0.032528482,0.032528486,0.20853555,0.20853554,1582450
0.7,0.0002387556,0.008646534,0.8080610862387583,0.0,0.032528482,0.032528486,0.20853555,0.20853554,1582450
0.7,0.0001161653,0.0086158505,0.8080610862387583,0.0,0.032528482,0.032528486,0.20853555,0.20853554,1582450
0.7,0.003226054,0.012018022,0.8080610862387583,0.0,0.032528482,0.032528486,0.20853555,0.20853554,1582450
0.7,0.0004696198,0.008767567,0.8080610862387583,0.0,0.032528482,0.032528486,0.20853555,0.20853554,1582450
0.7,5.7393918e-05,0.0034246235,0.8080610862387583,0.0,0.032528482,0.032528486,0.20853555,0.20853554,1582450
0.7,0.010144158,0.010432793,0.8080610862387583,0.0,0.032528482,0.032528486,0.20853555,0.20853554,1582450
0.7,0.040914215,0.07161962,0.8080610862387583,0.0,0.032528482,0.032528486,0.20853555,0.20853554,1582450
0.7,0.0101103,0.02423812,0.8080610862387583,0.0,0.032528482,0.032528486,0.20853555,0.20853554,1582450
0.7,0.002934424,0.0102013815,0.8080610862387583,0.0,0.032528482,0.032528486,0.20853555,0.20853554,1582450
0.7,0.00044063982,0.008743793,0.8080610862387583,0.0,0.032528482,0.032528486,0.20853555,0.20853554,1582450
0.7,2.3497412e-05,0.008580003,0.8080610862387583,0.0,0.032528482,0.032528486,0.20853555,0.20853554,1582450
0.7,0.005835779,0.014130023,0.8080610862387583,0.0,0.032528482,0.032528486,0.20853555,0.20853554,1582450
0.7,0.020820735,0.027041512,0.8080610862387583,0.0,0.032528482,0.032528486,0.20853555,0.20853554,1582450
0.7,0.0039524813,0.017156271,0.8080610862387583,0.0,0.032528482,0.032528486,0.20853555,0.20853554,1582450
0.7,0.004952881,0.0066030985,0.8080610862387583,0.0,0.032528482,0.032528486,0.20853555,0.20853554,1582450
0.7,0.008547057,0.015285892,0.8080610862387583,0.0,0.032528482,0.032528486,0.20853555,0.20853554,1582450
0.7,0.0046736808,0.017532839,0.8080610862387583,0.0,0.032528482,0.032528486,0.20853555,0.20853554,1582450
0.7,0.0015191154,0.010341851,0.8080610862387583,0.0,0.032528482,0.032528486,0.20853555,0.20853554,1582450
0.7,0.0110668745,0.013394333,0.8080610862387583,0.0,0.032528482,0.032528486,0.20853555,0.20853554,1582450
0.7,1.8541348e-05,0.0085736755,0.8080610862387583,0.0,0.032528482,0.032528486,0.20853555,0.20853554,1582450
0.7,0.0020752249,0.02281486,0.8080610862387583,0.0,0.032528482,0.032528486,0.20853555,0.20853554,1582450
0.7,0.009184855,0.029934274,0.8080610862387583,0.0,0.032528482,0.032528486,0.20853555,0.20853554,1582450
0.7,0.015642319,0.014677668,0.8080610862387583,0.0,0.032528482,0.032528486,0.20853555,0.20853554,1582450
0.7,0.018916044,0.03864636,0.8080610862387583,0.0,0.032528482,0.032528486,0.20853555,0.20853554,1582450
0.7,0.0004033129,0.008827217,0.8080610862387583,0.0,0.032528482,0.032528486,0.20853555,0.20853554,1582450
0.7,0.0013974356,0.008930062,0.8080610862387583,0.0,0.032528482,0.032528486,0.20853555,0.20853554,1582450
0.7,0.1624345,0.07824605,0.8080610862387583,0.0,0.032528482,0.032528486,0.20853555,0.20853554,1582450
0.7,0.0839047,0.045974977,0.8080610862387583,0.0,0.032528482,0.032528486,0.20853555,0.20853554,1582450
0.7,0.00029007156,0.008644771,0.8080610862387583,0.0,0.032528482,0.032528486,0.20853555,0.20853554,1582450
0.7,0.0010824666,0.008933103,0.8080610862387583,0.0,0.032528482,0.032528486,0.20853555,0.20853554,1582450
0.7,0.0030530372,0.023206808,0.8080610862387583,0.0,0.032528482,0.032528486,0.20853555,0.20853554,1582450
0.7,0.00042412357,0.009102111,0.8080610862387583,0.0,0.032528482,0.032528486,0.20853555,0.20853554,1582450
0.7,0.0149034355,0.011507261,0.8080610862387583,0.0,0.032528482,0.032528486,0.20853555,0.20853554,1582450
0.7,0.001196754,0.008779565,0.8080610862387583,0.0,0.032528482,0.032528486,0.20853555,0.20853554,1582450
0.7,0.03228822,0.044513315,0.8080610862387583,0.0,0.032528482,0.032528486,0.20853555,0.20853554,1582450
0.7,0.00058837014,0.008750822,0.8080610862387583,0.0,0.032528482,0.032528486,0.20853555,0.20853554,1582450
0.7,0.003412616,0.0093750935,0.8080610862387583,0.0,0.032528482,0.032528486,0.20853555,0.20853554,1582450
0.7,0.00014630397,0.008589567,0.8080610862387583,0.0,0.032528482,0.032528486,0.20853555,0.20853554,1582450
0.7,0.00040567655,0.00880793,0.8080610862387583,0.0,0.032528482,0.032528486,0.20853555,0.20853554,1582450
0.7,0.00032866743,0.0034794367,0.8080610862387583,0.0,0.032528482,0.032528486,0.20853555,0.20853554,1582450
0.7,0.03339269,0.021070806,0.8080610862387583,0.0,0.032528482,0.032528486,0.20853555,0.20853554,1582450
0.7,0.020441547,0.035573587,0.8080610862387583,0.0,0.032528482,0.032528486,0.20853555,0.20853554,1582450
0.7,0.0037918845,0.009308817,0.8080610862387583,0.0,0.032528482,0.032528486,0.20853555,0.20853554,1582450
0.7,0.00064211525,0.008990364,0.8080610862387583,0.0,0.032528482,0.032528486,0.20853555,0.20853554,1582450
0.7,0.0032826227,0.009903483,0.8080610862387583,0.0,0.032528482,0.032528486,0.20853555,0.20853554,1582450
0.7,0.0020362046,0.008775482,0.8080610862387583,0.0,0.032528482,0.032528486,0.20853555,0.20853554,1582450
0.7,0.0011981571,0.008681573,0.8080610862387583,0.0,0.032528482,0.032528486,0.20853555,0.20853554,1582450
0.7,0.027555613,0.011110011,0.8080610862387583,0.0,0.032528482,0.032528486,0.20853555,0.20853554,1582450
0.7,0.00081318174,0.009042733,0.8080610862387583,0.0,0.032528482,0.032528486,0.20853555,0.20853554,1582450
0.7,0.00034072902,0.008624494,0.8080610862387583,0.0,0.032528482,0.032528486,0.20853555,0.20853554,1582450
0.7,0.0040194592,0.0061372863,0.8080610862387583,0.0,0.032528482,0.032528486,0.20853555,0.20853554,1582450
0.7,0.00955903,0.011790632,0.8080610862387583,0.0,0.032528482,0.032528486,0.20853555,0.20853554,1582450
0.7,0.012589772,0.031363294,0.8080610862387583,0.0,0.032528482,0.032528486,0.20853555,0.20853554,1582450
0.7,0.001365014,0.0038229614,0.8080610862387583,0.0,0.032528482,0.032528486,0.20853555,0.20853554,1582450
0.7,0.0028942476,0.009440569,0.8080610862387583,0.0,0.032528482,0.032528486,0.20853555,0.20853554,1582450
0.7,0.0013487001,0.0043690177,0.8080610862387583,0.0,0.032528482,0.032528486,0.20853555,0.20853554,1582450
0.7,0.0127106,0.032780357,0.8080610862387583,0.0,0.032528482,0.032528486,0.20853555,0.20853554,1582450
0.7,0.0019709137,0.004326335,0.8080610862387583,0.0,0.032528482,0.032528486,0.20853555,0.20853554,1582450
0.7,0.06747763,0.071213596,0.8080610862387583,0.0,0.032528482,0.032528486,0.20853555,0.20853554,1582450
0.7,0.0074385046,0.008821362,0.8080610862387583,0.0,0.032528482,0.032528486,0.20853555,0.20853554,1582450
0.7,0.004605168,0.01045412,0.8080610862387583,0.0,0.032528482,0.032528486,0.20853555,0.20853554,1582450
0.7,0.000584178,0.008644095,0.8080610862387583,0.0,0.032528482,0.032528486,0.20853555,0.20853554,1582450
0.7,0.00601248,0.012935472,0.8080610862387583,0.0,0.032528482,0.032528486,0.20853555,0.20853554,1582450
0.7,0.01550824,0.024811361,0.8080610862387583,0.0,0.032528482,0.032528486,0.20853555,0.20853554,1582450
0.7,0.00011633601,0.008623869,0.8080610862387583,0.0,0.032528482,0.032528486,0.20853555,0.20853554,1582450
0.7,0.0005816323,0.008942258,0.8080610862387583,0.0,0.032528482,0.032528486,0.20853555,0.20853554,1582450
0.7,3.681029,1.9498739,0.8080610862387583,0.0,0.032528482,0.032528486,0.20853555,0.20853554,1582450
0.7,0.00013087467,0.008703108,0.8080610862387583,0.0,0.032528482,0.032528486,0.20853555,0.20853554,1582450
0.7,0.0008344193,0.008786435,0.8080610862387583,0.0,0.032528482,0.032528486,0.20853555,0.20853554,1582450
0.7,0.0077553256,0.022409763,0.8080610862387583,0.0,0.032528482,0.032528486,0.20853555,0.20853554,1582450
0.7,0.00029885635,0.008610724,0.8080610862387583,0.0,0.032528482,0.032528486,0.20853555,0.20853554,1582450
0.7,0.0805548,0.016567713,0.8080610862387583,0.0,0.032528482,0.032528486,0.20853555,0.20853554,1582450
0.7,0.00046489274,0.008689445,0.8080610862387583,0.0,0.032528482,0.032528486,0.20853555,0.20853554,1582450
0.7,0.51884234,0.16997595,0.8080610862387583,0.0,0.032528482,0.032528486,0.20853555,0.20853554,1582450
0.7,0.004572999,0.00953454,0.8080610862387583,0.0,0.032528482,0.032528486,0.20853555,0.20853554,1582450
0.7,0.00067063683,0.008709184,0.8080610862387583,0.0,0.032528482,0.032528486,0.20853555,0.20853554,1582450
0.7,0.0016397862,0.014092369,0.8080610862387583,0.0,0.032528482,0.032528486,0.20853555,0.20853554,1582450
0.7,0.039695106,0.060994405,0.8080610862387583,0.0,0.032528482,0.032528486,0.20853555,0.20853554,1582450
0.7,0.27850103,0.1056873,0.8080610862387583,0.0,0.032528482,0.032528486,0.20853555,0.20853554,1582450
0.7,0.000590088,0.008722853,0.8080610862387583,0.0,0.032528482,0.032528486,0.20853555,0.20853554,1582450
0.7,0.0006932601,0.008885117,0.8080610862387583,0.0,0.032528482,0.032528486,0.20853555,0.20853554,1582450
0.7,0.0004210586,0.0087027615,0.8080610862387583,0.0,0.032528482,0.032528486,0.20853555,0.20853554,1582450
0.7,0.025853315,0.06331785,0.8080610862387583,0.0,0.032528482,0.032528486,0.20853555,0.20853554,1582450
0.7,0.0013900144,0.0051213847,0.8080610862387583,0.0,0.032528482,0.032528486,0.20853555,0.20853554,1582450
0.7,3.7557053e-05,0.003407991,0.8080610862387583,0.0,0.032528482,0.032528486,0.20853555,0.20853554,1582450
0.7,0.015593585,0.029878054,0.8080610862387583,0.0,0.032528482,0.032528486,0.20853555,0.20853554,1582450
0.7,0.05818607,0.12277276,0.8080610862387583,0.0,0.032528482,0.032528486,0.20853555,0.20853554,1582450
0.7,0.0018475669,0.0042212014,0.8080610862387583,0.0,0.032528482,0.032528486,0.20853555,0.20853554,1582450
0.7,0.21775614,0.16195764,0.8080610862387583,0.0,0.032528482,0.032528486,0.20853555,0.20853554,1582450
0.7,0.026695777,0.022559838,0.8080610862387583,0.0,0.032528482,0.032528486,0.20853555,0.20853554,1582450
0.7,0.00013942634,0.008626594,0.8080610862387583,0.0,0.032528482,0.032528486,0.20853555,0.20853554,1582450
0.7,0.011521849,0.012641995,0.8080610862387583,0.0,0.032528482,0.032528486,0.20853555,0.20853554,1582450
0.7,0.00082657806,0.009541817,0.8080610862387583,0.0,0.032528482,0.032528486,0.20853555,0.20853554,1582450
0.7,0.014289555,0.010208862,0.8080610862387583,0.0,0.032528482,0.032528486,0.20853555,0.20853554,1582450
0.7,7.212052e-05,0.0034071847,0.8080610862387583,0.0,0.032528482,0.032528486,0.20853555,0.20853554,1582450
0.7,0.0037948475,0.009648237,0.8080610862387583,0.0,0.032528482,0.032528486,0.20853555,0.20853554,1582450
0.7,0.000307628,0.008653656,0.8080610862387583,0.0,0.032528482,0.032528486,0.20853555,0.20853554,1582450
0.7,0.009242525,0.027979122,0.8080610862387583,0.0,0.032528482,0.032528486,0.20853555,0.20853554,1582450
0.7,0.0029508898,0.0042682565,0.8080610862387583,0.0,0.032528482,0.032528486,0.20853555,0.20853554,1582450
0.7,0.04453996,0.020563878,0.8080610862387583,0.0,0.032528482,0.032528486,0.20853555,0.20853554,1582450
0.7,5.2288582e-05,0.008594023,0.8080610862387583,0.0,0.032528482,0.032528486,0.20853555,0.20853554,1582450
0.7,0.005184801,0.0042287996,0.8080610862387583,0.0,0.032528482,0.032528486,0.20853555,0.20853554,1582450
0.7,0.004074653,0.010027775,0.8080610862387583,0.0,0.032528482,0.032528486,0.20853555,0.20853554,1582450
0.7,0.0006479863,0.0034774425,0.8080610862387583,0.0,0.032528482,0.032528486,0.20853555,0.20853554,1582450
0.7,3.0675586e-05,0.008587928,0.8080610862387583,0.0,0.032528482,0.032528486,0.20853555,0.20853554,1582450
0.7,0.0038434947,0.0096338885,0.8080610862387583,0.0,0.032528482,0.032528486,0.20853555,0.20853554,1582450
0.7,0.038915835,0.039452057,0.8080610862387583,0.0,0.032528482,0.032528486,0.20853555,0.20853554,1582450
0.7,0.017627534,0.04658621,0.8080610862387583,0.0,0.032528482,0.032528486,0.20853555,0.20853554,1582450
0.7,0.034123383,0.013038443,0.8080610862387583,0.0,0.032528482,0.032528486,0.20853555,0.20853554,1582450
0.7,0.050789714,0.036231842,0.8080610862387583,0.0,0.032528482,0.032528486,0.20853555,0.20853554,1582450
0.7,0.039711807,0.024356246,0.8080610862387583,0.0,0.032528482,0.032528486,0.20853555,0.20853554,1582450
0.7,0.7427031,0.7275361,0.8080610862387583,0.0,0.032528482,0.032528486,0.20853555,0.20853554,1582450
0.7,0.02178169,0.027599657,0.8080610862387583,0.0,0.032528482,0.032528486,0.20853555,0.20853554,1582450
0.7,0.0034249558,0.011908784,0.8080610862387583,0.0,0.032528482,0.032528486,0.20853555,0.20853554,1582450
0.7,0.0013796671,0.009439114,0.8080610862387583,0.0,0.032528482,0.032528486,0.20853555,0.20853554,1582450
0.7,0.00045119794,0.008602363,0.8080610862387583,0.0,0.032528482,0.032528486,0.20853555,0.20853554,1582450
0.7,0.0007378784,0.008871488,0.8080610862387583,0.0,0.032528482,0.032528486,0.20853555,0.20853554,1582450
0.7,0.025631493,0.05067363,0.8080610862387583,0.0,0.032528482,0.032528486,0.20853555,0.20853554,1582450
0.7,5.8789636e-05,0.008584368,0.8080610862387583,0.0,0.032528482,0.032528486,0.20853555,0.20853554,1582450
0.7,0.0011905726,0.008931673,0.8080610862387583,0.0,0.032528482,0.032528486,0.20853555,0.20853554,1582450
0.7,0.00054088363,0.008875439,0.8080610862387583,0.0,0.032528482,0.032528486,0.20853555,0.20853554,1582450
0.7,0.006561136,0.024047092,0.8080610862387583,0.0,0.032528482,0.032528486,0.20853555,0.20853554,1582450
0.7,0.2667137,0.062607296,0.8080610862387583,0.0,0.032528482,0.032528486,0.20853555,0.20853554,1582450
0.7,0.015934182,0.024437038,0.8080610862387583,0.0,0.032528482,0.032528486,0.20853555,0.20853554,1582450
0.7,0.017929094,0.044903267,0.8080610862387583,0.0,0.032528482,0.032528486,0.20853555,0.20853554,1582450
0.7,0.0075805592,0.009491109,0.8080610862387583,0.0,0.032528482,0.032528486,0.20853555,0.20853554,1582450
0.7,0.00064255577,0.009296171,0.8080610862387583,0.0,0.032528482,0.032528486,0.20853555,0.20853554,1582450
0.7,0.001743455,0.010406711,0.8080610862387583,0.0,0.032528482,0.032528486,0.20853555,0.20853554,1582450
0.7,0.038986895,0.04226205,0.8080610862387583,0.0,0.032528482,0.032528486,0.20853555,0.20853554,1582450
0.7,0.022073107,0.014039681,0.8080610862387583,0.0,0.032528482,0.032528486,0.20853555,0.20853554,1582450
0.7,0.0015299976,0.009364204,0.8080610862387583,0.0,0.032528482,0.032528486,0.20853555,0.20853554,1582450
0.7,0.010641839,0.016034935,0.8080610862387583,0.0,0.032528482,0.032528486,0.20853555,0.20853554,1582450
0.7,0.005929007,0.014785691,0.8080610862387583,0.0,0.032528482,0.032528486,0.20853555,0.20853554,1582450
0.7,0.0014495186,0.021821273,0.8080610862387583,0.0,0.032528482,0.032528486,0.20853555,0.20853554,1582450
0.7,0.0036470776,0.009391859,0.8080610862387583,0.0,0.032528482,0.032528486,0.20853555,0.20853554,1582450
0.7,0.00023790264,0.008599589,0.8080610862387583,0.0,0.032528482,0.032528486,0.20853555,0.20853554,1582450
0.7,0.007271766,0.023714837,0.8080610862387583,0.0,0.032528482,0.032528486,0.20853555,0.20853554,1582450
0.7,0.00391224,0.010710477,0.8080610862387583,0.0,0.032528482,0.032528486,0.20853555,0.20853554,1582450
0.7,0.00022687807,0.008641626,0.8080610862387583,0.0,0.032528482,0.032528486,0.20853555,0.20853554,1582450
0.7,0.00029581066,0.0037556803,0.8080610862387583,0.0,0.032528482,0.032528486,0.20853555,0.20853554,1582450
0.7,0.040988673,0.013836872,0.8080610862387583,0.0,0.032528482,0.032528486,0.20853555,0.20853554,1582450
0.7,0.0015263971,0.009062034,0.8080610862387583,0.0,0.032528482,0.032528486,0.20853555,0.20853554,1582450
0.7,0.00011225705,0.008602503,0.8080610862387583,0.0,0.032528482,0.032528486,0.20853555,0.20853554,1582450
0.7,0.00044107216,0.008905896,0.8080610862387583,0.0,0.032528482,0.032528486,0.20853555,0.20853554,1582450
0.7,0.0022220947,0.010143716,0.8080610862387583,0.0,0.032528482,0.032528486,0.20853555,0.20853554,1582450
0.7,0.017667443,0.011556847,0.8080610862387583,0.0,0.032528482,0.032528486,0.20853555,0.20853554,1582450
0.7,0.00059667224,0.009022,0.8080610862387583,0.0,0.032528482,0.032528486,0.20853555,0.20853554,1582450
0.7,0.034828104,0.029235259,0.8080610862387583,0.0,0.032528482,0.032528486,0.20853555,0.20853554,1582450
0.7,0.034205005,0.031858392,0.8080610862387583,0.0,0.032528482,0.032528486,0.20853555,0.20853554,1582450
0.7,0.0003830898,0.009177995,0.8080610862387583,0.0,0.032528482,0.032528486,0.20853555,0.20853554,1582450
0.7,0.0031875293,0.012862613,0.8080610862387583,0.0,0.032528482,0.032528486,0.20853555,0.20853554,1582450
0.7,0.0005547915,0.008873318,0.8080610862387583,0.0,0.032528482,0.032528486,0.20853555,0.20853554,1582450
0.7,0.13618693,0.1452623,0.8080610862387583,0.0,0.032528482,0.032528486,0.20853555,0.20853554,1582450
0.7,0.00041578943,0.0087506035,0.8080610862387583,0.0,0.032528482,0.032528486,0.20853555,0.20853554,1582450
0.7,0.02250533,0.014601394,0.8080610862387583,0.0,0.032528482,0.032528486,0.20853555,0.20853554,1582450
0.7,0.000118315475,0.008672891,0.8080610862387583,0.0,0.032528482,0.032528486,0.20853555,0.20853554,1582450
0.7,0.030609805,0.059446782,0.8080610862387583,0.0,0.032528482,0.032528486,0.20853555,0.20853554,1582450
0.7,0.26697108,0.47825295,0.8080610862387583,0.0,0.032528482,0.032528486,0.20853555,0.20853554,1582450
0.7,0.009096731,0.015118688,0.8080610862387583,0.0,0.032528482,0.032528486,0.20853555,0.20853554,1582450
0.7,0.00032098358,0.008707547,0.8080610862387583,0.0,0.032528482,0.032528486,0.20853555,0.20853554,1582450
0.7,0.4234133,0.14100315,0.8080610862387583,0.0,0.032528482,0.032528486,0.20853555,0.20853554,1582450
0.7,0.00032053576,0.0034936273,0.8080610862387583,0.0,0.032528482,0.032528486,0.20853555,0.20853554,1582450
0.7,0.00043245536,0.0038026653,0.8080610862387583,0.0,0.032528482,0.032528486,0.20853555,0.20853554,1582450
0.7,0.00024674568,0.008608809,0.8080610862387583,0.0,0.032528482,0.032528486,0.20853555,0.20853554,1582450
0.7,0.0004121262,0.009186929,0.8080610862387583,0.0,0.032528482,0.032528486,0.20853555,0.20853554,1582450
0.7,0.00049011497,0.008912341,0.8080610862387583,0.0,0.032528482,0.032528486,0.20853555,0.20853554,1582450
0.7,0.019752136,0.017241307,0.8080610862387583,0.0,0.032528482,0.032528486,0.20853555,0.20853554,1582450
0.7,0.2754899,0.066905715,0.8080610862387583,0.0,0.032528482,0.032528486,0.20853555,0.20853554,1582450
0.7,0.008910238,0.025941465,0.8080610862387583,0.0,0.032528482,0.032528486,0.20853555,0.20853554,1582450
0.7,0.0011820757,0.008806197,0.8080610862387583,0.0,0.032528482,0.032528486,0.20853555,0.20853554,1582450
0.7,0.010691719,0.014426609,0.8080610862387583,0.0,0.032528482,0.032528486,0.20853555,0.20853554,1582450
0.7,0.007348033,0.0149935,0.8080610862387583,0.0,0.032528482,0.032528486,0.20853555,0.20853554,1582450
0.7,0.023126327,0.047411166,0.8080610862387583,0.0,0.032528482,0.032528486,0.20853555,0.20853554,1582450
0.7,0.00033116117,0.008758957,0.8080610862387583,0.0,0.032528482,0.032528486,0.20853555,0.20853554,1582450
0.7,0.0017911955,0.009320105,0.8080610862387583,0.0,0.032528482,0.032528486,0.20853555,0.20853554,1582450
0.7,0.00013227272,0.008617278,0.8080610862387583,0.0,0.032528482,0.032528486,0.20853555,0.20853554,1582450
0.7,0.015449493,0.03071108,0.8080610862387583,0.0,0.032528482,0.032528486,0.20853555,0.20853554,1582450
0.7,0.000762887,0.00894805,0.8080610862387583,0.0,0.032528482,0.032528486,0.20853555,0.20853554,1582450
0.7,2.1081592e-05,0.008574951,0.8080610862387583,0.0,0.032528482,0.032528486,0.20853555,0.20853554,1582450
0.7,0.06299921,0.08777676,0.8080610862387583,0.0,0.032528482,0.032528486,0.20853555,0.20853554,1582450
0.7,0.054496553,0.051345687,0.8080610862387583,0.0,0.032528482,0.032528486,0.20853555,0.20853554,1582450
0.7,0.050710473,0.04105393,0.8080610862387583,0.0,0.032528482,0.032528486,0.20853555,0.20853554,1582450
0.7,0.37457135,0.113840416,0.8080610862387583,0.0,0.032528482,0.032528486,0.20853555,0.20853554,1582450
0.7,0.0011426683,0.0090914685,0.8080610862387583,0.0,0.032528482,0.032528486,0.20853555,0.20853554,1582450
0.7,0.007098268,0.026103346,0.8080610862387583,0.0,0.032528482,0.032528486,0.20853555,0.20853554,1582450
0.7,6.178625e-05,0.008593649,0.8080610862387583,0.0,0.032528482,0.032528486,0.20853555,0.20853554,1582450
0.7,0.009765139,0.012317561,0.8080610862387583,0.0,0.032528482,0.032528486,0.20853555,0.20853554,1582450
0.7,0.0005547173,0.009634765,0.8080610862387583,0.0,0.032528482,0.032528486,0.20853555,0.20853554,1582450
0.7,0.0072047347,0.02562434,0.8080610862387583,0.0,0.032528482,0.032528486,0.20853555,0.20853554,1582450
0.7,0.0018554844,0.010305767,0.8080610862387583,0.0,0.032528482,0.032528486,0.20853555,0.20853554,1582450
0.7,0.00029330692,0.008645292,0.8080610862387583,0.0,0.032528482,0.032528486,0.20853555,0.20853554,1582450
0.7,0.025855936,0.03613728,0.8080610862387583,0.0,0.032528482,0.032528486,0.20853555,0.20853554,1582450
0.7,0.0006589421,0.0086589595,0.8080610862387583,0.0,0.032528482,0.032528486,0.20853555,0.20853554,1582450
0.7,0.015133167,0.030327007,0.8080610862387583,0.0,0.032528482,0.032528486,0.20853555,0.20853554,1582450
0.7,0.005821348,0.018117221,0.8080610862387583,0.0,0.032528482,0.032528486,0.20853555,0.20853554,1582450
0.7,0.00022082764,0.00863825,0.8080610862387583,0.0,0.032528482,0.032528486,0.20853555,0.20853554,1582450
0.7,0.0009865912,0.008820367,0.8080610862387583,0.0,0.032528482,0.032528486,0.20853555,0.20853554,1582450
0.7,0.00049187586,0.008876156,0.8080610862387583,0.0,0.032528482,0.032528486,0.20853555,0.20853554,1582450
0.7,2.7460002e-05,0.008589646,0.8080610862387583,0.0,0.032528482,0.032528486,0.20853555,0.20853554,1582450
0.7,0.001337543,0.004297629,0.8080610862387583,0.0,0.032528482,0.032528486,0.20853555,0.20853554,1582450
0.7,0.0056254067,0.010570875,0.8080610862387583,0.0,0.032528482,0.032528486,0.20853555,0.20853554,1582450
0.7,0.012535337,0.02813778,0.8080610862387583,0.0,0.032528482,0.032528486,0.20853555,0.20853554,1582450
0.7,0.001275532,0.009092221,0.8080610862387583,0.0,0.032528482,0.032528486,0.20853555,0.20853554,1582450
0.7,0.00014504865,0.008751067,0.8080610862387583,0.0,0.032528482,0.032528486,0.20853555,0.20853554,1582450
0.7,9.22233e-05,0.0086697545,0.8080610862387583,0.0,0.032528482,0.032528486,0.20853555,0.20853554,1582450
0.7,0.02227668,0.019122908,0.8080610862387583,0.0,0.032528482,0.032528486,0.20853555,0.20853554,1582450
0.7,0.001357573,0.009624471,0.8080610862387583,0.0,0.032528482,0.032528486,0.20853555,0.20853554,1582450
0.7,0.014545298,0.012927283,0.8080610862387583,0.0,0.032528482,0.032528486,0.20853555,0.20853554,1582450
0.7,0.003330302,0.010286754,0.8080610862387583,0.0,0.032528482,0.032528486,0.20853555,0.20853554,1582450
0.7,0.01882832,0.018609654,0.8080610862387583,0.0,0.032528482,0.032528486,0.20853555,0.20853554,1582450
0.7,0.005997804,0.0061394507,0.8080610862387583,0.0,0.032528482,0.032528486,0.20853555,0.20853554,1582450
0.7,0.006413951,0.0130218435,0.8080610862387583,0.0,0.032528482,0.032528486,0.20853555,0.20853554,1582450
0.7,0.002246892,0.0089066215,0.8080610862387583,0.0,0.032528482,0.032528486,0.20853555,0.20853554,1582450
0.7,0.000315785,0.008789196,0.8080610862387583,0.0,0.032528482,0.032528486,0.20853555,0.20853554,1582450
0.7,0.008779737,0.011964521,0.8080610862387583,0.0,0.032528482,0.032528486,0.20853555,0.20853554,1582450
0.7,0.009606743,0.012188256,0.8080610862387583,0.0,0.032528482,0.032528486,0.20853555,0.20853554,1582450
0.7,0.0056991694,0.023071367,0.8080610862387583,0.0,0.032528482,0.032528486,0.20853555,0.20853554,1582450
0.7,4.708622e-05,0.008586675,0.8080610862387583,0.0,0.032528482,0.032528486,0.20853555,0.20853554,1582450
0.7,0.0038114726,0.024022488,0.8080610862387583,0.0,0.032528482,0.032528486,0.20853555,0.20853554,1582450
0.7,0.000971963,0.008822329,0.8080610862387583,0.0,0.032528482,0.032528486,0.20853555,0.20853554,1582450
0.7,0.004301768,0.005334057,0.8080610862387583,0.0,0.032528482,0.032528486,0.20853555,0.20853554,1582450
0.7,0.011373038,0.012738746,0.8080610862387583,0.0,0.032528482,0.032528486,0.20853555,0.20853554,1582450
0.7,0.011425495,0.014091674,0.8080610862387583,0.0,0.032528482,0.032528486,0.20853555,0.20853554,1582450
0.7,0.0067949723,0.009332379,0.8080610862387583,0.0,0.032528482,0.032528486,0.20853555,0.20853554,1582450
0.7,0.009655705,0.012668186,0.8080610862387583,0.0,0.032528482,0.032528486,0.20853555,0.20853554,1582450
0.7,0.0002723707,0.008983809,0.8080610862387583,0.0,0.032528482,0.032528486,0.20853555,0.20853554,1582450
0.7,0.011320377,0.012919816,0.8080610862387583,0.0,0.032528482,0.032528486,0.20853555,0.20853554,1582450
0.7,0.0012384647,0.0038639717,0.8080610862387583,0.0,0.032528482,0.032528486,0.20853555,0.20853554,1582450
0.7,0.07383114,0.053905997,0.8080610862387583,0.0,0.032528482,0.032528486,0.20853555,0.20853554,1582450
0.7,0.015073378,0.02943937,0.8080610862387583,0.0,0.032528482,0.032528486,0.20853555,0.20853554,1582450
0.7,2.5629697e-05,0.008597122,0.8080610862387583,0.0,0.032528482,0.032528486,0.20853555,0.20853554,1582450
0.7,0.0069022523,0.011829654,0.8080610862387583,0.0,0.032528482,0.032528486,0.20853555,0.20853554,1582450
0.7,0.00027089272,0.008886113,0.8080610862387583,0.0,0.032528482,0.032528486,0.20853555,0.20853554,1582450
0.7,0.0077055767,0.02532286,0.8080610862387583,0.0,0.032528482,0.032528486,0.20853555,0.20853554,1582450
0.7,0.0031650956,0.012500989,0.8080610862387583,0.0,0.032528482,0.032528486,0.20853555,0.20853554,1582450
0.7,0.0037914,0.010056724,0.8080610862387583,0.0,0.032528482,0.032528486,0.20853555,0.20853554,1582450
0.7,0.0014881102,0.021865211,0.8080610862387583,0.0,0.032528482,0.032528486,0.20853555,0.20853554,1582450
0.7,0.023729058,0.043729316,0.8080610862387583,0.0,0.032528482,0.032528486,0.20853555,0.20853554,1582450
0.7,0.0027257353,0.011637166,0.8080610862387583,0.0,0.032528482,0.032528486,0.20853555,0.20853554,1582450
0.7,0.009855198,0.023989918,0.8080610862387583,0.0,0.032528482,0.032528486,0.20853555,0.20853554,1582450
0.7,0.0056808395,0.00938253,0.8080610862387583,0.0,0.032528482,0.032528486,0.20853555,0.20853554,1582450
0.7,0.18711512,0.2835386,0.8080610862387583,0.0,0.032528482,0.032528486,0.20853555,0.20853554,1582450
0.7,0.00017421733,0.008609781,0.8080610862387583,0.0,0.032528482,0.032528486,0.20853555,0.20853554,1582450
0.7,0.0015407773,0.0103494255,0.8080610862387583,0.0,0.032528482,0.032528486,0.20853555,0.20853554,1582450
0.7,0.022212164,0.04198441,0.8080610862387583,0.0,0.032528482,0.032528486,0.20853555,0.20853554,1582450
0.7,0.07780351,0.022296477,0.8080610862387583,0.0,0.032528482,0.032528486,0.20853555,0.20853554,1582450
0.7,0.0022272482,0.009568099,0.8080610862387583,0.0,0.032528482,0.032528486,0.20853555,0.20853554,1582450
0.7,0.37553382,0.3029158,0.8080610862387583,0.0,0.032528482,0.032528486,0.20853555,0.20853554,1582450
0.7,0.0053604115,0.029334761,0.8080610862387583,0.0,0.032528482,0.032528486,0.20853555,0.20853554,1582450
0.7,0.0507744,0.026360309,0.8080610862387583,0.0,0.032528482,0.032528486,0.20853555,0.20853554,1582450
0.7,0.00039543086,0.009114398,0.8080610862387583,0.0,0.032528482,0.032528486,0.20853555,0.20853554,1582450
0.7,0.041895162,0.034117274,0.8080610862387583,0.0,0.032528482,0.032528486,0.20853555,0.20853554,1582450
0.7,0.28098863,0.12226275,0.8080610862387583,0.0,0.032528482,0.032528486,0.20853555,0.20853554,1582450
0.7,0.08603084,0.06682791,0.8080610862387583,0.0,0.032528482,0.032528486,0.20853555,0.20853554,1582450
0.7,0.03542727,0.052382287,0.8080610862387583,0.0,0.032528482,0.032528486,0.20853555,0.20853554,1582450
0.7,7.260081e-05,0.008585454,0.8080610862387583,0.0,0.032528482,0.032528486,0.20853555,0.20853554,1582450
0.7,0.032218218,0.03555856,0.8080610862387583,0.0,0.032528482,0.032528486,0.20853555,0.20853554,1582450
0.7,8.072731e-05,0.008586991,0.8080610862387583,0.0,0.032528482,0.032528486,0.20853555,0.20853554,1582450
0.7,0.00013998,0.008585714,0.8080610862387583,0.0,0.032528482,0.032528486,0.20853555,0.20853554,1582450
0.7,0.005488109,0.010761888,0.8080610862387583,0.0,0.032528482,0.032528486,0.20853555,0.20853554,1582450
0.7,0.002022486,0.009853507,0.8080610862387583,0.0,0.032528482,0.032528486,0.20853555,0.20853554,1582450
0.7,0.007714722,0.012403074,0.8080610862387583,0.0,0.032528482,0.032528486,0.20853555,0.20853554,1582450
0.7,0.024411565,0.037603896,0.8080610862387583,0.0,0.032528482,0.032528486,0.20853555,0.20853554,1582450
0.7,5.8324516e-05,0.008573612,0.8080610862387583,0.0,0.032528482,0.032528486,0.20853555,0.20853554,1582450
0.7,0.20007566,0.1773669,0.8080610862387583,0.0,0.032528482,0.032528486,0.20853555,0.20853554,1582450
0.7,0.0040119183,0.0100875655,0.8080610862387583,0.0,0.032528482,0.032528486,0.20853555,0.20853554,1582450
0.7,0.14042778,0.21082135,0.8080610862387583,0.0,0.032528482,0.032528486,0.20853555,0.20853554,1582450
0.7,0.013494112,0.020909326,0.8080610862387583,0.0,0.032528482,0.032528486,0.20853555,0.20853554,1582450
0.7,0.0017299466,0.008788602,0.8080610862387583,0.0,0.032528482,0.032528486,0.20853555,0.20853554,1582450
0.7,0.006250589,0.013098822,0.8080610862387583,0.0,0.032528482,0.032528486,0.20853555,0.20853554,1582450
0.7,1.2551932e-05,0.008583434,0.8080610862387583,0.0,0.032528482,0.032528486,0.20853555,0.20853554,1582450
0.7,0.017996712,0.034794264,0.8080610862387583,0.0,0.032528482,0.032528486,0.20853555,0.20853554,1582450
0.7,0.019733766,0.024717532,0.8080610862387583,0.0,0.032528482,0.032528486,0.20853555,0.20853554,1582450
0.7,0.03385939,0.034015283,0.8080610862387583,0.0,0.032528482,0.032528486,0.20853555,0.20853554,1582450
0.7,0.0011319995,0.00408349,0.8080610862387583,0.0,0.032528482,0.032528486,0.20853555,0.20853554,1582450
0.7,4.4311106e-05,0.008590345,0.8080610862387583,0.0,0.032528482,0.032528486,0.20853555,0.20853554,1582450
0.7,0.00055175414,0.008952446,0.8080610862387583,0.0,0.032528482,0.032528486,0.20853555,0.20853554,1582450
0.7,0.0015164146,0.008836088,0.8080610862387583,0.0,0.032528482,0.032528486,0.20853555,0.20853554,1582450
0.7,0.0060587353,0.013189958,0.8080610862387583,0.0,0.032528482,0.032528486,0.20853555,0.20853554,1582450
0.7,0.045082923,0.025603628,0.8080610862387583,0.0,0.032528482,0.032528486,0.20853555,0.20853554,1582450
0.7,0.008393465,0.01339273,0.8080610862387583,0.0,0.032528482,0.032528486,0.20853555,0.20853554,1582450
0.7,0.06177896,0.099537835,0.8080610862387583,0.0,0.032528482,0.032528486,0.20853555,0.20853554,1582450
0.7,0.009562011,0.014140392,0.8080610862387583,0.0,0.032528482,0.032528486,0.20853555,0.20853554,1582450
0.7,0.012531907,0.023887886,0.8080610862387583,0.0,0.032528482,0.032528486,0.20853555,0.20853554,1582450
0.7,0.0007806289,0.00867645,0.8080610862387583,0.0,0.032528482,0.032528486,0.20853555,0.20853554,1582450
0.7,0.0014933163,0.0042710826,0.8080610862387583,0.0,0.032528482,0.032528486,0.20853555,0.20853554,1582450
0.7,0.0010776221,0.009011737,0.8080610862387583,0.0,0.032528482,0.032528486,0.20853555,0.20853554,1582450
0.7,3.8602204e-05,0.008578378,0.8080610862387583,0.0,0.032528482,0.032528486,0.20853555,0.20853554,1582450
0.7,0.0012901708,0.009399349,0.8080610862387583,0.0,0.032528482,0.032528486,0.20853555,0.20853554,1582450
0.7,0.071017876,0.094074614,0.8080610862387583,0.0,0.032528482,0.032528486,0.20853555,0.20853554,1582450
0.7,0.15061894,0.06163938,0.8080610862387583,0.0,0.032528482,0.032528486,0.20853555,0.20853554,1582450
0.7,0.00023635017,0.0034758311,0.8080610862387583,0.0,0.032528482,0.032528486,0.20853555,0.20853554,1582450
0.7,0.00013246277,0.008587945,0.8080610862387583,0.0,0.032528482,0.032528486,0.20853555,0.20853554,1582450
0.7,0.0031674986,0.009684103,0.8080610862387583,0.0,0.032528482,0.032528486,0.20853555,0.20853554,1582450
0.7,0.009104079,0.014735545,0.8080610862387583,0.0,0.032528482,0.032528486,0.20853555,0.20853554,1582450
0.7,0.0011604517,0.00925022,0.8080610862387583,0.0,0.032528482,0.032528486,0.20853555,0.20853554,1582450
0.7,0.10958358,0.036131278,0.8080610862387583,0.0,0.032528482,0.032528486,0.20853555,0.20853554,1582450
0.7,6.4827356e-05,0.008574149,0.8080610862387583,0.0,0.032528482,0.032528486,0.20853555,0.20853554,1582450
0.7,0.0006208038,0.008862491,0.8080610862387583,0.0,0.032528482,0.032528486,0.20853555,0.20853554,1582450
0.7,0.0025845023,0.010923306,0.8080610862387583,0.0,0.032528482,0.032528486,0.20853555,0.20853554,1582450
0.7,7.437791e-05,0.0034310787,0.8080610862387583,0.0,0.032528482,0.032528486,0.20853555,0.20853554,1582450
0.7,0.0009739901,0.0093697,0.8080610862387583,0.0,0.032528482,0.032528486,0.20853555,0.20853554,1582450
0.7,0.0016375629,0.011676427,0.8080610862387583,0.0,0.032528482,0.032528486,0.20853555,0.20853554,1582450
0.7,0.1162553,0.053410362,0.8080610862387583,0.0,0.032528482,0.032528486,0.20853555,0.20853554,1582450
0.7,0.015350823,0.01334454,0.8080610862387583,0.0,0.032528482,0.032528486,0.20853555,0.20853554,1582450
0.7,0.0035838203,0.0043749036,0.8080610862387583,0.0,0.032528482,0.032528486,0.20853555,0.20853554,1582450
0.7,0.024856456,0.011710701,0.8080610862387583,0.0,0.032528482,0.032528486,0.20853555,0.20853554,1582450
0.7,0.002938738,0.009512457,0.8080610862387583,0.0,0.032528482,0.032528486,0.20853555,0.20853554,1582450
0.7,0.0013762669,0.00900142,0.8080610862387583,0.0,0.032528482,0.032528486,0.20853555,0.20853554,1582450
0.7,0.0025493216,0.012168125,0.8080610862387583,0.0,0.032528482,0.032528486,0.20853555,0.20853554,1582450
0.7,0.0034152416,0.011386493,0.8080610862387583,0.0,0.032528482,0.032528486,0.20853555,0.20853554,1582450
0.7,0.057047945,0.03117401,0.8080610862387583,0.0,0.032528482,0.032528486,0.20853555,0.20853554,1582450
0.7,0.00020005499,0.008656745,0.8080610862387583,0.0,0.032528482,0.032528486,0.20853555,0.20853554,1582450
0.7,0.00014994596,0.008652185,0.8080610862387583,0.0,0.032528482,0.032528486,0.20853555,0.20853554,1582450
0.7,0.0028827698,0.009488707,0.8080610862387583,0.0,0.032528482,0.032528486,0.20853555,0.20853554,1582450
0.7,0.0012236013,0.008893131,0.8080610862387583,0.0,0.032528482,0.032528486,0.20853555,0.20853554,1582450
0.7,0.0014756123,0.009600355,0.8080610862387583,0.0,0.032528482,0.032528486,0.20853555,0.20853554,1582450
0.7,0.030507417,0.04753519,0.8080610862387583,0.0,0.032528482,0.032528486,0.20853555,0.20853554,1582450
0.7,0.024403239,0.10245764,0.8080610862387583,0.0,0.032528482,0.032528486,0.20853555,0.20853554,1582450
0.7,0.0023273886,0.011076361,0.8080610862387583,0.0,0.032528482,0.032528486,0.20853555,0.20853554,1582450
0.7,0.00023494645,0.008815567,0.8080610862387583,0.0,0.032528482,0.032528486,0.20853555,0.20853554,1582450
0.7,0.0011597929,0.0088040475,0.8080610862387583,0.0,0.032528482,0.032528486,0.20853555,0.20853554,1582450
0.7,0.00028010842,0.008733932,0.8080610862387583,0.0,0.032528482,0.032528486,0.20853555,0.20853554,1582450
0.7,0.0049264976,0.009159233,0.8080610862387583,0.0,0.032528482,0.032528486,0.20853555,0.20853554,1582450
0.7,0.00031406054,0.008606715,0.8080610862387583,0.0,0.032528482,0.032528486,0.20853555,0.20853554,1582450
0.7,0.0007318832,0.008768918,0.8080610862387583,0.0,0.032528482,0.032528486,0.20853555,0.20853554,1582450
0.7,0.021879585,0.020686276,0.8080610862387583,0.0,0.032528482,0.032528486,0.20853555,0.20853554,1582450
0.7,0.00096487335,0.009010951,0.8080610862387583,0.0,0.032528482,0.032528486,0.20853555,0.20853554,1582450
0.7,0.10492669,0.04486772,0.8080610862387583,0.0,0.032528482,0.032528486,0.20853555,0.20853554,1582450
0.7,3.70296e-05,0.0033881166,0.8080610862387583,0.0,0.032528482,0.032528486,0.20853555,0.20853554,1582450
0.7,0.010134552,0.01505856,0.8080610862387583,0.0,0.032528482,0.032528486,0.20853555,0.20853554,1582450
0.7,0.011627449,0.02809579,0.8080610862387583,0.0,0.032528482,0.032528486,0.20853555,0.20853554,1582450
0.7,0.009873081,0.039315943,0.8080610862387583,0.0,0.032528482,0.032528486,0.20853555,0.20853554,1582450
0.7,0.00093807944,0.008991074,0.8080610862387583,0.0,0.032528482,0.032528486,0.20853555,0.20853554,1582450
0.7,0.0110986205,0.012964987,0.8080610862387583,0.0,0.032528482,0.032528486,0.20853555,0.20853554,1582450
0.7,1.2518202e-05,0.0033936603,0.8080610862387583,0.0,0.032528482,0.032528486,0.20853555,0.20853554,1582450
0.7,0.0009822478,0.008852764,0.8080610862387583,0.0,0.032528482,0.032528486,0.20853555,0.20853554,1582450
0.7,0.001788326,0.008778667,0.8080610862387583,0.0,0.032528482,0.032528486,0.20853555,0.20853554,1582450
0.7,0.009664831,0.016652115,0.8080610862387583,0.0,0.032528482,0.032528486,0.20853555,0.20853554,1582450
0.7,0.0008107478,0.008946938,0.8080610862387583,0.0,0.032528482,0.032528486,0.20853555,0.20853554,1582450
0.7,0.0003643575,0.008636182,0.8080610862387583,0.0,0.032528482,0.032528486,0.20853555,0.20853554,1582450
0.7,0.00083713717,0.0088422,0.8080610862387583,0.0,0.032528482,0.032528486,0.20853555,0.20853554,1582450
0.7,0.0012205325,0.009199964,0.8080610862387583,0.0,0.032528482,0.032528486,0.20853555,0.20853554,1582450
0.7,0.0004192309,0.008649874,0.8080610862387583,0.0,0.032528482,0.032528486,0.20853555,0.20853554,1582450
0.7,0.0044569545,0.008851272,0.8080610862387583,0.0,0.032528482,0.032528486,0.20853555,0.20853554,1582450
0.7,0.021827964,0.014473491,0.8080610862387583,0.0,0.032528482,0.032528486,0.20853555,0.20853554,1582450
0.7,7.211894e-05,0.008628746,0.8080610862387583,0.0,0.032528482,0.032528486,0.20853555,0.20853554,1582450
0.7,0.004759864,0.010203314,0.8080610862387583,0.0,0.032528482,0.032528486,0.20853555,0.20853554,1582450
0.7,0.0033890393,0.009506507,0.8080610862387583,0.0,0.032528482,0.032528486,0.20853555,0.20853554,1582450
0.7,0.006955096,0.013866856,0.8080610862387583,0.0,0.032528482,0.032528486,0.20853555,0.20853554,1582450
0.7,0.08351231,0.049707223,0.8080610862387583,0.0,0.032528482,0.032528486,0.20853555,0.20853554,1582450
0.7,3.499881e-05,0.008586307,0.8080610862387583,0.0,0.032528482,0.032528486,0.20853555,0.20853554,1582450
0.7,0.00019803448,0.008662232,0.8080610862387583,0.0,0.032528482,0.032528486,0.20853555,0.20853554,1582450
0.7,0.018868087,0.01552789,0.8080610862387583,0.0,0.032528482,0.032528486,0.20853555,0.20853554,1582450
0.7,0.001206447,0.00884284,0.8080610862387583,0.0,0.032528482,0.032528486,0.20853555,0.20853554,1582450
0.7,0.22698882,0.27414265,0.8080610862387583,0.0,0.032528482,0.032528486,0.20853555,0.20853554,1582450
0.7,0.003151079,0.004368983,0.8080610862387583,0.0,0.032528482,0.032528486,0.20853555,0.20853554,1582450
0.7,0.012521868,0.017333925,0.8080610862387583,0.0,0.032528482,0.032528486,0.20853555,0.20853554,1582450
0.7,0.331715,0.14071138,0.8080610862387583,0.0,0.032528482,0.032528486,0.20853555,0.20853554,1582450
0.7,0.0010958534,0.009096414,0.8080610862387583,0.0,0.032528482,0.032528486,0.20853555,0.20853554,1582450
0.7,0.0006921423,0.0089884065,0.8080610862387583,0.0,0.032528482,0.032528486,0.20853555,0.20853554,1582450
0.7,0.08663985,0.06434022,0.8080610862387583,0.0,0.032528482,0.032528486,0.20853555,0.20853554,1582450
0.7,0.0070966925,0.012541099,0.8080610862387583,0.0,0.032528482,0.032528486,0.20853555,0.20853554,1582450
0.7,0.0016951484,0.008822697,0.8080610862387583,0.0,0.032528482,0.032528486,0.20853555,0.20853554,1582450
0.7,0.0019514915,0.004085439,0.8080610862387583,0.0,0.032528482,0.032528486,0.20853555,0.20853554,1582450
0.7,0.0012317969,0.009331524,0.8080610862387583,0.0,0.032528482,0.032528486,0.20853555,0.20853554,1582450
0.7,0.0074501145,0.01013859,0.8080610862387583,0.0,0.032528482,0.032528486,0.20853555,0.20853554,1582450
0.7,0.0015127261,0.009576928,0.8080610862387583,0.0,0.032528482,0.032528486,0.20853555,0.20853554,1582450
0.7,0.023436807,0.05254385,0.8080610862387583,0.0,0.032528482,0.032528486,0.20853555,0.20853554,1582450
0.7,0.0061034146,0.010895927,0.8080610862387583,0.0,0.032528482,0.032528486,0.20853555,0.20853554,1582450
0.7,0.013075709,0.015043519,0.8080610862387583,0.0,0.032528482,0.032528486,0.20853555,0.20853554,1582450
0.7,0.0033886991,0.010100563,0.8080610862387583,0.0,0.032528482,0.032528486,0.20853555,0.20853554,1582450
0.7,0.00015245622,0.008635765,0.8080610862387583,0.0,0.032528482,0.032528486,0.20853555,0.20853554,1582450
0.7,0.001484229,0.0088916095,0.8080610862387583,0.0,0.032528482,0.032528486,0.20853555,0.20853554,1582450
0.7,0.000838864,0.003859781,0.8080610862387583,0.0,0.032528482,0.032528486,0.20853555,0.20853554,1582450
0.7,0.00016518914,0.008662273,0.8080610862387583,0.0,0.032528482,0.032528486,0.20853555,0.20853554,1582450
0.7,0.018979829,0.016963538,0.8080610862387583,0.0,0.032528482,0.032528486,0.20853555,0.20853554,1582450
0.7,0.00033253973,0.008626752,0.8080610862387583,0.0,0.032528482,0.032528486,0.20853555,0.20853554,1582450
0.7,0.003542634,0.010739956,0.8080610862387583,0.0,0.032528482,0.032528486,0.20853555,0.20853554,1582450
0.7,0.007731775,0.012952508,0.8080610862387583,0.0,0.032528482,0.032528486,0.20853555,0.20853554,1582450
0.7,0.054588612,0.052788798,0.8080610862387583,0.0,0.032528482,0.032528486,0.20853555,0.20853554,1582450
0.7,0.018547947,0.033632193,0.8080610862387583,0.0,0.032528482,0.032528486,0.20853555,0.20853554,1582450
0.7,0.005324957,0.024708452,0.8080610862387583,0.0,0.032528482,0.032528486,0.20853555,0.20853554,1582450
0.7,0.00039633305,0.008849391,0.8080610862387583,0.0,0.032528482,0.032528486,0.20853555,0.20853554,1582450
0.7,0.009103467,0.01881161,0.8080610862387583,0.0,0.032528482,0.032528486,0.20853555,0.20853554,1582450
0.7,0.0048139836,0.0064837732,0.8080610862387583,0.0,0.032528482,0.032528486,0.20853555,0.20853554,1582450
0.7,0.0004994013,0.008973441,0.8080610862387583,0.0,0.032528482,0.032528486,0.20853555,0.20853554,1582450
0.7,0.046832144,0.08018842,0.8080610862387583,0.0,0.032528482,0.032528486,0.20853555,0.20853554,1582450
0.7,0.00054884085,0.009098072,0.8080610862387583,0.0,0.032528482,0.032528486,0.20853555,0.20853554,1582450
0.7,0.26850536,0.10943247,0.8080610862387583,0.0,0.032528482,0.032528486,0.20853555,0.20853554,1582450
0.7,0.00019023902,0.008681764,0.8080610862387583,0.0,0.032528482,0.032528486,0.20853555,0.20853554,1582450
0.7,0.064705074,0.019554285,0.8080610862387583,0.0,0.032528482,0.032528486,0.20853555,0.20853554,1582450
0.7,0.00105782,0.008651873,0.8080610862387583,0.0,0.032528482,0.032528486,0.20853555,0.20853554,1582450
0.7,0.010005451,0.018186802,0.8080610862387583,0.0,0.032528482,0.032528486,0.20853555,0.20853554,1582450
0.7,0.009156943,0.010331716,0.8080610862387583,0.0,0.032528482,0.032528486,0.20853555,0.20853554,1582450
0.7,0.05056725,0.062616505,0.8080610862387583,0.0,0.032528482,0.032528486,0.20853555,0.20853554,1582450
0.7,0.058786474,0.045961484,0.8080610862387583,0.0,0.032528482,0.032528486,0.20853555,0.20853554,1582450
0.7,0.07694542,0.097408995,0.8080610862387583,0.0,0.032528482,0.032528486,0.20853555,0.20853554,1582450
0.7,0.010960871,0.011130579,0.8080610862387583,0.0,0.032528482,0.032528486,0.20853555,0.20853554,1582450
0.7,0.004163567,0.013887743,0.8080610862387583,0.0,0.032528482,0.032528486,0.20853555,0.20853554,1582450
0.7,0.0028659462,0.009168093,0.8080610862387583,0.0,0.032528482,0.032528486,0.20853555,0.20853554,1582450
0.7,0.05645079,0.06673624,0.8080610862387583,0.0,0.032528482,0.032528486,0.20853555,0.20853554,1582450
0.7,0.0006719682,0.0037022394,0.8080610862387583,0.0,0.032528482,0.032528486,0.20853555,0.20853554,1582450
0.7,0.0062785964,0.010331011,0.8080610862387583,0.0,0.032528482,0.032528486,0.20853555,0.20853554,1582450
0.7,0.010745119,0.01321136,0.8080610862387583,0.0,0.032528482,0.032528486,0.20853555,0.20853554,1582450
0.7,6.562961e-05,0.008580275,0.8080610862387583,0.0,0.032528482,0.032528486,0.20853555,0.20853554,1582450
0.7,0.00043272358,0.009001076,0.8080610862387583,0.0,0.032528482,0.032528486,0.20853555,0.20853554,1582450
0.7,0.0010987675,0.0049470244,0.8080610862387583,0.0,0.032528482,0.032528486,0.20853555,0.20853554,1582450
0.7,0.004170335,0.0064300657,0.8080610862387583,0.0,0.032528482,0.032528486,0.20853555,0.20853554,1582450
0.7,0.0025117723,0.009086165,0.8080610862387583,0.0,0.032528482,0.032528486,0.20853555,0.20853554,1582450
0.7,0.010206327,0.012405347,0.8080610862387583,0.0,0.032528482,0.032528486,0.20853555,0.20853554,1582450
0.7,0.0007723054,0.003648296,0.8080610862387583,0.0,0.032528482,0.032528486,0.20853555,0.20853554,1582450
0.7,0.00044391848,0.0086774705,0.8080610862387583,0.0,0.032528482,0.032528486,0.20853555,0.20853554,1582450
0.7,0.0120060835,0.0125045655,0.8080610862387583,0.0,0.032528482,0.032528486,0.20853555,0.20853554,1582450
0.7,0.0006760128,0.008733572,0.8080610862387583,0.0,0.032528482,0.032528486,0.20853555,0.20853554,1582450
0.7,0.0001708523,0.008636741,0.8080610862387583,0.0,0.032528482,0.032528486,0.20853555,0.20853554,1582450
0.7,0.022838863,0.028292796,0.8080610862387583,0.0,0.032528482,0.032528486,0.20853555,0.20853554,1582450
0.7,0.0031582352,0.0076525593,0.8080610862387583,0.0,0.032528482,0.032528486,0.20853555,0.20853554,1582450
0.7,0.18430188,0.11015116,0.8080610862387583,0.0,0.032528482,0.032528486,0.20853555,0.20853554,1582450
0.7,0.0012667975,0.008805259,0.8080610862387583,0.0,0.032528482,0.032528486,0.20853555,0.20853554,1582450
0.7,0.05899529,0.06818492,0.8080610862387583,0.0,0.032528482,0.032528486,0.20853555,0.20853554,1582450
0.7,0.011237311,0.03022695,0.8080610862387583,0.0,0.032528482,0.032528486,0.20853555,0.20853554,1582450
0.7,0.0007130128,0.0035655373,0.8080610862387583,0.0,0.032528482,0.032528486,0.20853555,0.20853554,1582450
0.7,0.0024885314,0.022988116,0.8080610862387583,0.0,0.032528482,0.032528486,0.20853555,0.20853554,1582450
0.7,0.015634943,0.03196895,0.8080610862387583,0.0,0.032528482,0.032528486,0.20853555,0.20853554,1582450
0.7,0.0014533617,0.009198147,0.8080610862387583,0.0,0.032528482,0.032528486,0.20853555,0.20853554,1582450
0.7,0.04030952,0.05722951,0.8080610862387583,0.0,0.032528482,0.032528486,0.20853555,0.20853554,1582450
0.7,0.00086122967,0.008947925,0.8080610862387583,0.0,0.032528482,0.032528486,0.20853555,0.20853554,1582450
0.7,0.0006589347,0.009706721,0.8080610862387583,0.0,0.032528482,0.032528486,0.20853555,0.20853554,1582450
0.7,0.0026147726,0.023147242,0.8080610862387583,0.0,0.032528482,0.032528486,0.20853555,0.20853554,1582450
0.7,0.025636306,0.016813371,0.8080610862387583,0.0,0.032528482,0.032528486,0.20853555,0.20853554,1582450
0.7,0.010843474,0.010849966,0.8080610862387583,0.0,0.032528482,0.032528486,0.20853555,0.20853554,1582450
0.7,0.03329298,0.041551143,0.8080610862387583,0.0,0.032528482,0.032528486,0.20853555,0.20853554,1582450
0.7,0.0074406476,0.024618382,0.8080610862387583,0.0,0.032528482,0.032528486,0.20853555,0.20853554,1582450
0.7,0.001425335,0.00404243,0.8080610862387583,0.0,0.032528482,0.032528486,0.20853555,0.20853554,1582450
0.7,2.9480632e-05,0.008570771,0.8080610862387583,0.0,0.032528482,0.032528486,0.20853555,0.20853554,1582450
0.7,0.0006561942,0.0086984625,0.8080610862387583,0.0,0.032528482,0.032528486,0.20853555,0.20853554,1582450
0.7,0.0004134897,0.008641804,0.8080610862387583,0.0,0.032528482,0.032528486,0.20853555,0.20853554,1582450
0.7,0.0031102512,0.010217278,0.8080610862387583,0.0,0.032528482,0.032528486,0.20853555,0.20853554,1582450
0.7,0.052185666,0.037573304,0.8080610862387583,0.0,0.032528482,0.032528486,0.20853555,0.20853554,1582450
0.7,0.00044445792,0.008660303,0.8080610862387583,0.0,0.032528482,0.032528486,0.20853555,0.20853554,1582450
0.7,0.0015944911,0.00914833,0.8080610862387583,0.0,0.032528482,0.032528486,0.20853555,0.20853554,1582450
0.7,4.04383e-05,0.0033915427,0.8080610862387583,0.0,0.032528482,0.032528486,0.20853555,0.20853554,1582450
0.7,0.02406751,0.01670464,0.8080610862387583,0.0,0.032528482,0.032528486,0.20853555,0.20853554,1582450
0.7,0.16810864,0.28476292,0.8080610862387583,0.0,0.032528482,0.032528486,0.20853555,0.20853554,1582450
0.7,0.0069846227,0.018228596,0.8080610862387583,0.0,0.032528482,0.032528486,0.20853555,0.20853554,1582450
0.7,0.02183983,0.022076026,0.8080610862387583,0.0,0.032528482,0.032528486,0.20853555,0.20853554,1582450
0.7,0.00020750673,0.0036585138,0.8080610862387583,0.0,0.032528482,0.032528486,0.20853555,0.20853554,1582450
0.7,9.219209e-05,0.008620965,0.8080610862387583,0.0,0.032528482,0.032528486,0.20853555,0.20853554,1582450
0.7,0.0013810921,0.008946594,0.8080610862387583,0.0,0.032528482,0.032528486,0.20853555,0.20853554,1582450
0.7,0.07848752,0.079197496,0.8080610862387583,0.0,0.032528482,0.032528486,0.20853555,0.20853554,1582450
0.7,9.617911e-05,0.008643377,0.8080610862387583,0.0,0.032528482,0.032528486,0.20853555,0.20853554,1582450
0.7,0.00045354126,0.008732631,0.8080610862387583,0.0,0.032528482,0.032528486,0.20853555,0.20853554,1582450
0.7,0.0012476248,0.008885455,0.8080610862387583,0.0,0.032528482,0.032528486,0.20853555,0.20853554,1582450
0.7,0.0068974523,0.027262064,0.8080610862387583,0.0,0.032528482,0.032528486,0.20853555,0.20853554,1582450
0.7,0.0014852184,0.009670505,0.8080610862387583,0.0,0.032528482,0.032528486,0.20853555,0.20853554,1582450
0.7,0.009884331,0.020725092,0.8080610862387583,0.0,0.032528482,0.032528486,0.20853555,0.20853554,1582450
0.7,0.048162736,0.046734903,0.8080610862387583,0.0,0.032528482,0.032528486,0.20853555,0.20853554,1582450
0.7,0.00024978208,0.0087066805,0.8080610862387583,0.0,0.032528482,0.032528486,0.20853555,0.20853554,1582450
0.7,0.00045293313,0.008627893,0.8080610862387583,0.0,0.032528482,0.032528486,0.20853555,0.20853554,1582450
0.7,0.30083695,0.10209781,0.8080610862387583,0.0,0.032528482,0.032528486,0.20853555,0.20853554,1582450
0.7,0.0070018694,0.031027606,0.8080610862387583,0.0,0.032528482,0.032528486,0.20853555,0.20853554,1582450
0.7,0.0025928984,0.008972004,0.8080610862387583,0.0,0.032528482,0.032528486,0.20853555,0.20853554,1582450
0.7,0.0012200584,0.011703261,0.8080610862387583,0.0,0.032528482,0.032528486,0.20853555,0.20853554,1582450
0.7,0.00050403224,0.0035562343,0.8080610862387583,0.0,0.032528482,0.032528486,0.20853555,0.20853554,1582450
0.7,0.00092033704,0.010059381,0.8080610862387583,0.0,0.032528482,0.032528486,0.20853555,0.20853554,1582450
0.7,0.0030103095,0.010073667,0.8080610862387583,0.0,0.032528482,0.032528486,0.20853555,0.20853554,1582450
0.7,0.0029421747,0.023410892,0.8080610862387583,0.0,0.032528482,0.032528486,0.20853555,0.20853554,1582450
0.7,3.103191e-05,0.008586508,0.8080610862387583,0.0,0.032528482,0.032528486,0.20853555,0.20853554,1582450
0.7,0.003830068,0.01572358,0.8080610862387583,0.0,0.032528482,0.032528486,0.20853555,0.20853554,1582450
0.7,0.051275402,0.01797341,0.8080610862387583,0.0,0.032528482,0.032528486,0.20853555,0.20853554,1582450
0.7,0.066303395,0.04141231,0.8080610862387583,0.0,0.032528482,0.032528486,0.20853555,0.20853554,1582450
0.7,7.852281e-05,0.008761202,0.8080610862387583,0.0,0.032528482,0.032528486,0.20853555,0.20853554,1582450
0.7,0.03879421,0.024139106,0.8080610862387583,0.0,0.032528482,0.032528486,0.20853555,0.20853554,1582450
0.7,0.0055683944,0.010129498,0.8080610862387583,0.0,0.032528482,0.032528486,0.20853555,0.20853554,1582450
0.7,0.0149663165,0.012318059,0.8080610862387583,0.0,0.032528482,0.032528486,0.20853555,0.20853554,1582450
0.7,0.010134807,0.037014097,0.8080610862387583,0.0,0.032528482,0.032528486,0.20853555,0.20853554,1582450
0.7,0.00028964298,0.009237239,0.8080610862387583,0.0,0.032528482,0.032528486,0.20853555,0.20853554,1582450
0.7,0.001994683,0.009967555,0.8080610862387583,0.0,0.032528482,0.032528486,0.20853555,0.20853554,1582450
0.7,0.056398563,0.10468577,0.8080610862387583,0.0,0.032528482,0.032528486,0.20853555,0.20853554,1582450
0.7,0.01801261,0.035836086,0.8080610862387583,0.0,0.032528482,0.032528486,0.20853555,0.20853554,1582450
0.7,0.00051089056,0.00873792,0.8080610862387583,0.0,0.032528482,0.032528486,0.20853555,0.20853554,1582450
0.7,0.000470887,0.003652993,0.8080610862387583,0.0,0.032528482,0.032528486,0.20853555,0.20853554,1582450
0.7,0.037767336,0.03174362,0.8080610862387583,0.0,0.032528482,0.032528486,0.20853555,0.20853554,1582450
0.7,0.00016630538,0.008652056,0.8080610862387583,0.0,0.032528482,0.032528486,0.20853555,0.20853554,1582450
0.7,0.04484111,0.040541314,0.8080610862387583,0.0,0.032528482,0.032528486,0.20853555,0.20853554,1582450
0.7,0.0005739491,0.009074493,0.8080610862387583,0.0,0.032528482,0.032528486,0.20853555,0.20853554,1582450
0.7,0.0028059047,0.009694479,0.8080610862387583,0.0,0.032528482,0.032528486,0.20853555,0.20853554,1582450
0.7,0.010182638,0.033109017,0.8080610862387583,0.0,0.032528482,0.032528486,0.20853555,0.20853554,1582450
0.7,0.33377564,0.22476302,0.8080610862387583,0.0,0.032528482,0.032528486,0.20853555,0.20853554,1582450
0.7,0.014014219,0.02199254,0.8080610862387583,0.0,0.032528482,0.032528486,0.20853555,0.20853554,1582450
0.7,0.005997966,0.025058609,0.8080610862387583,0.0,0.032528482,0.032528486,0.20853555,0.20853554,1582450
0.7,0.0015692122,0.009115065,0.8080610862387583,0.0,0.032528482,0.032528486,0.20853555,0.20853554,1582450
0.7,0.017375192,0.026759708,0.8080610862387583,0.0,0.032528482,0.032528486,0.20853555,0.20853554,1582450
0.7,0.1287121,0.07152437,0.8080610862387583,0.0,0.032528482,0.032528486,0.20853555,0.20853554,1582450
0.7,0.04233389,0.023035139,0.8080610862387583,0.0,0.032528482,0.032528486,0.20853555,0.20853554,1582450
0.7,0.15849718,0.27515462,0.8080610862387583,0.0,0.032528482,0.032528486,0.20853555,0.20853554,1582450
0.7,0.007957957,0.012185507,0.8080610862387583,0.0,0.032528482,0.032528486,0.20853555,0.20853554,1582450
0.7,0.052305683,0.03926772,0.8080610862387583,0.0,0.032528482,0.032528486,0.20853555,0.20853554,1582450
0.7,0.0056919195,0.029443026,0.8080610862387583,0.0,0.032528482,0.032528486,0.20853555,0.20853554,1582450
0.7,0.025026083,0.01308914,0.8080610862387583,0.0,0.032528482,0.032528486,0.20853555,0.20853554,1582450
0.7,0.00039404051,0.008674347,0.8080610862387583,0.0,0.032528482,0.032528486,0.20853555,0.20853554,1582450
0.7,0.03262642,0.03622779,0.8080610862387583,0.0,0.032528482,0.032528486,0.20853555,0.20853554,1582450
0.7,0.005697212,0.01237825,0.8080610862387583,0.0,0.032528482,0.032528486,0.20853555,0.20853554,1582450
0.7,0.00452782,0.0072502894,0.8080610862387583,0.0,0.032528482,0.032528486,0.20853555,0.20853554,1582450
0.7,3.6389592e-05,0.008628438,0.8080610862387583,0.0,0.032528482,0.032528486,0.20853555,0.20853554,1582450
0.7,0.0009478344,0.008943176,0.8080610862387583,0.0,0.032528482,0.032528486,0.20853555,0.20853554,1582450
0.7,4.512432e-05,0.008578745,0.8080610862387583,0.0,0.032528482,0.032528486,0.20853555,0.20853554,1582450
0.7,0.0019094138,0.009759076,0.8080610862387583,0.0,0.032528482,0.032528486,0.20853555,0.20853554,1582450
0.7,0.00183222,0.004385052,0.8080610862387583,0.0,0.032528482,0.032528486,0.20853555,0.20853554,1582450
0.7,3.572745e-05,0.008569916,0.8080610862387583,0.0,0.032528482,0.032528486,0.20853555,0.20853554,1582450
0.7,0.024665779,0.023346515,0.8080610862387583,0.0,0.032528482,0.032528486,0.20853555,0.20853554,1582450
0.7,0.0010953365,0.00884555,0.8080610862387583,0.0,0.032528482,0.032528486,0.20853555,0.20853554,1582450
0.7,0.08423102,0.055453844,0.8080610862387583,0.0,0.032528482,0.032528486,0.20853555,0.20853554,1582450
0.7,0.0125085935,0.013355941,0.8080610862387583,0.0,0.032528482,0.032528486,0.20853555,0.20853554,1582450
0.7,0.0009208396,0.00941649,0.8080610862387583,0.0,0.032528482,0.032528486,0.20853555,0.20853554,1582450
0.7,3.226312e-05,0.008582283,0.8080610862387583,0.0,0.032528482,0.032528486,0.20853555,0.20853554,1582450
0.7,0.00517005,0.010476211,0.8080610862387583,0.0,0.032528482,0.032528486,0.20853555,0.20853554,1582450
0.7,5.578684e-05,0.008586534,0.8080610862387583,0.0,0.032528482,0.032528486,0.20853555,0.20853554,1582450
0.7,0.0016810112,0.009262947,0.8080610862387583,0.0,0.032528482,0.032528486,0.20853555,0.20853554,1582450
0.7,0.0020011205,0.009918972,0.8080610862387583,0.0,0.032528482,0.032528486,0.20853555,0.20853554,1582450
0.7,0.00836379,0.02429162,0.8080610862387583,0.0,0.032528482,0.032528486,0.20853555,0.20853554,1582450
0.7,0.019243114,0.020250514,0.8080610862387583,0.0,0.032528482,0.032528486,0.20853555,0.20853554,1582450
0.7,0.00062472053,0.009027549,0.8080610862387583,0.0,0.032528482,0.032528486,0.20853555,0.20853554,1582450
0.7,0.0064541236,0.0091738235,0.8080610862387583,0.0,0.032528482,0.032528486,0.20853555,0.20853554,1582450
0.7,0.000273976,0.008663747,0.8080610862387583,0.0,0.032528482,0.032528486,0.20853555,0.20853554,1582450
0.7,0.0005070336,0.008658858,0.8080610862387583,0.0,0.032528482,0.032528486,0.20853555,0.20853554,1582450
0.7,0.06693341,0.041184686,0.8080610862387583,0.0,0.032528482,0.032528486,0.20853555,0.20853554,1582450
0.7,0.06382693,0.08287939,0.8080610862387583,0.0,0.032528482,0.032528486,0.20853555,0.20853554,1582450
0.7,0.004868116,0.0064328257,0.8080610862387583,0.0,0.032528482,0.032528486,0.20853555,0.20853554,1582450
0.7,0.00075175567,0.008988114,0.8080610862387583,0.0,0.032528482,0.032528486,0.20853555,0.20853554,1582450
0.7,4.9588787e-05,0.0034117454,0.8080610862387583,0.0,0.032528482,0.032528486,0.20853555,0.20853554,1582450
0.7,0.00062585954,0.00868298,0.8080610862387583,0.0,0.032528482,0.032528486,0.20853555,0.20853554,1582450
0.7,0.01000089,0.015982911,0.8080610862387583,0.0,0.032528482,0.032528486,0.20853555,0.20853554,1582450
0.7,0.030986272,0.012548074,0.8080610862387583,0.0,0.032528482,0.032528486,0.20853555,0.20853554,1582450
0.7,0.009487211,0.004841482,0.8080610862387583,0.0,0.032528482,0.032528486,0.20853555,0.20853554,1582450
0.7,0.023331571,0.022575201,0.8080610862387583,0.0,0.032528482,0.032528486,0.20853555,0.20853554,1582450
0.7,0.002345407,0.023888933,0.8080610862387583,0.0,0.032528482,0.032528486,0.20853555,0.20853554,1582450
0.7,0.24910238,0.06958794,0.8080610862387583,0.0,0.032528482,0.032528486,0.20853555,0.20853554,1582450
0.7,0.0347731,0.043036323,0.8080610862387583,0.0,0.032528482,0.032528486,0.20853555,0.20853554,1582450
0.7,0.8137178,0.3682703,0.8080610862387583,0.0,0.032528482,0.032528486,0.20853555,0.20853554,1582450
0.7,0.61308616,0.75861865,0.8080610862387583,0.0,0.032528482,0.032528486,0.20853555,0.20853554,1582450
0.7,0.00026873618,0.008610324,0.8080610862387583,0.0,0.032528482,0.032528486,0.20853555,0.20853554,1582450
0.7,0.00020919056,0.008898011,0.8080610862387583,0.0,0.032528482,0.032528486,0.20853555,0.20853554,1582450
0.7,0.008917637,0.015147703,0.8080610862387583,0.0,0.032528482,0.032528486,0.20853555,0.20853554,1582450
0.7,0.0003796772,0.003581826,0.8080610862387583,0.0,0.032528482,0.032528486,0.20853555,0.20853554,1582450
0.7,0.012491069,0.026898935,0.8080610862387583,0.0,0.032528482,0.032528486,0.20853555,0.20853554,1582450
0.7,0.0075694467,0.0133865215,0.8080610862387583,0.0,0.032528482,0.032528486,0.20853555,0.20853554,1582450
0.7,0.0018444004,0.0057356795,0.8080610862387583,0.0,0.032528482,0.032528486,0.20853555,0.20853554,1582450
0.7,0.00072006456,0.009189765,0.8080610862387583,0.0,0.032528482,0.032528486,0.20853555,0.20853554,1582450
0.7,0.0098798415,0.022747954,0.8080610862387583,0.0,0.032528482,0.032528486,0.20853555,0.20853554,1582450
0.7,0.0020437166,0.009073747,0.8080610862387583,0.0,0.032528482,0.032528486,0.20853555,0.20853554,1582450
0.7,0.006640496,0.02382967,0.8080610862387583,0.0,0.032528482,0.032528486,0.20853555,0.20853554,1582450
0.7,2.8945897e-05,0.008604394,0.8080610862387583,0.0,0.032528482,0.032528486,0.20853555,0.20853554,1582450
0.7,5.691972e-05,0.008581093,0.8080610862387583,0.0,0.032528482,0.032528486,0.20853555,0.20853554,1582450
0.7,0.005003445,0.014196362,0.8080610862387583,0.0,0.032528482,0.032528486,0.20853555,0.20853554,1582450
0.7,0.00016983465,0.008598545,0.8080610862387583,0.0,0.032528482,0.032528486,0.20853555,0.20853554,1582450
0.7,0.00028170028,0.00862563,0.8080610862387583,0.0,0.032528482,0.032528486,0.20853555,0.20853554,1582450
0.7,0.022525704,0.038140908,0.8080610862387583,0.0,0.032528482,0.032528486,0.20853555,0.20853554,1582450
0.7,6.192221e-05,0.0086178845,0.8080610862387583,0.0,0.032528482,0.032528486,0.20853555,0.20853554,1582450
0.7,0.0076585314,0.009653868,0.8080610862387583,0.0,0.032528482,0.032528486,0.20853555,0.20853554,1582450
0.7,0.044216525,0.015452575,0.8080610862387583,0.0,0.032528482,0.032528486,0.20853555,0.20853554,1582450
0.7,0.016385343,0.027501864,0.8080610862387583,0.0,0.032528482,0.032528486,0.20853555,0.20853554,1582450
0.7,0.027717272,0.012093661,0.8080610862387583,0.0,0.032528482,0.032528486,0.20853555,0.20853554,1582450
0.7,3.0154746e-05,0.0033733477,0.8080610862387583,0.0,0.032528482,0.032528486,0.20853555,0.20853554,1582450
0.7,0.0004295216,0.008672573,0.8080610862387583,0.0,0.032528482,0.032528486,0.20853555,0.20853554,1582450
0.7,0.00011471232,0.008575689,0.8080610862387583,0.0,0.032528482,0.032528486,0.20853555,0.20853554,1582450
0.7,0.00030053058,0.0034813168,0.8080610862387583,0.0,0.032528482,0.032528486,0.20853555,0.20853554,1582450
0.7,0.00747534,0.010254308,0.8080610862387583,0.0,0.032528482,0.032528486,0.20853555,0.20853554,1582450
0.7,0.023371335,0.05513635,0.8080610862387583,0.0,0.032528482,0.032528486,0.20853555,0.20853554,1582450
0.7,0.00021833843,0.0038429345,0.8080610862387583,0.0,0.032528482,0.032528486,0.20853555,0.20853554,1582450
0.7,0.020254156,0.016453147,0.8080610862387583,0.0,0.032528482,0.032528486,0.20853555,0.20853554,1582450
0.7,0.0010691031,0.009057007,0.8080610862387583,0.0,0.032528482,0.032528486,0.20853555,0.20853554,1582450
0.7,5.4086675e-05,0.00860573,0.8080610862387583,0.0,0.032528482,0.032528486,0.20853555,0.20853554,1582450
0.7,0.004127355,0.011585898,0.8080610862387583,0.0,0.032528482,0.032528486,0.20853555,0.20853554,1582450
0.7,0.0022675171,0.009714884,0.8080610862387583,0.0,0.032528482,0.032528486,0.20853555,0.20853554,1582450
0.7,0.026492182,0.01575435,0.8080610862387583,0.0,0.032528482,0.032528486,0.20853555,0.20853554,1582450
0.7,0.013844919,0.021015007,0.8080610862387583,0.0,0.032528482,0.032528486,0.20853555,0.20853554,1582450
0.7,0.19855547,0.15376213,0.8080610862387583,0.0,0.032528482,0.032528486,0.20853555,0.20853554,1582450
0.7,3.864226e-05,0.008590508,0.8080610862387583,0.0,0.032528482,0.032528486,0.20853555,0.20853554,1582450
0.7,0.0006378525,0.0039453255,0.8080610862387583,0.0,0.032528482,0.032528486,0.20853555,0.20853554,1582450
0.7,0.06712888,0.034384567,0.8080610862387583,0.0,0.032528482,0.032528486,0.20853555,0.20853554,1582450
0.7,0.0024688707,0.022864662,0.8080610862387583,0.0,0.032528482,0.032528486,0.20853555,0.20853554,1582450
0.7,0.013936357,0.03123047,0.8080610862387583,0.0,0.032528482,0.032528486,0.20853555,0.20853554,1582450
0.7,6.265414e-05,0.008632454,0.8080610862387583,0.0,0.032528482,0.032528486,0.20853555,0.20853554,1582450
0.7,0.0010355525,0.0035763974,0.8080610862387583,0.0,0.032528482,0.032528486,0.20853555,0.20853554,1582450
0.7,0.07006382,0.06250903,0.8080610862387583,0.0,0.032528482,0.032528486,0.20853555,0.20853554,1582450
0.7,0.0002944103,0.009029271,0.8080610862387583,0.0,0.032528482,0.032528486,0.20853555,0.20853554,1582450
0.7,0.0004259759,0.003460182,0.8080610862387583,0.0,0.032528482,0.032528486,0.20853555,0.20853554,1582450
0.7,0.00043167267,0.008712191,0.8080610862387583,0.0,0.032528482,0.032528486,0.20853555,0.20853554,1582450
0.7,0.0062221163,0.023432288,0.8080610862387583,0.0,0.032528482,0.032528486,0.20853555,0.20853554,1582450
0.7,0.008520259,0.016719732,0.8080610862387583,0.0,0.032528482,0.032528486,0.20853555,0.20853554,1582450
0.7,0.0047763013,0.024331922,0.8080610862387583,0.0,0.032528482,0.032528486,0.20853555,0.20853554,1582450
0.7,0.00046098922,0.0088304235,0.8080610862387583,0.0,0.032528482,0.032528486,0.20853555,0.20853554,1582450
0.7,0.0032189873,0.010870575,0.8080610862387583,0.0,0.032528482,0.032528486,0.20853555,0.20853554,1582450
0.7,0.002347206,0.003999861,0.8080610862387583,0.0,0.032528482,0.032528486,0.20853555,0.20853554,1582450
0.7,0.022387912,0.016059538,0.8080610862387583,0.0,0.032528482,0.032528486,0.20853555,0.20853554,1582450
0.7,0.16352718,0.23500417,0.8080610862387583,0.0,0.032528482,0.032528486,0.20853555,0.20853554,1582450
0.7,0.023632187,0.024595942,0.8080610862387583,0.0,0.032528482,0.032528486,0.20853555,0.20853554,1582450
0.7,0.024921626,0.012452009,0.8080610862387583,0.0,0.032528482,0.032528486,0.20853555,0.20853554,1582450
0.7,0.0027375645,0.022795338,0.8080610862387583,0.0,0.032528482,0.032528486,0.20853555,0.20853554,1582450
0.7,0.003329869,0.024943607,0.8080610862387583,0.0,0.032528482,0.032528486,0.20853555,0.20853554,1582450
0.7,0.0006454516,0.008888134,0.8080610862387583,0.0,0.032528482,0.032528486,0.20853555,0.20853554,1582450
0.7,0.0001874073,0.008695087,0.8080610862387583,0.0,0.032528482,0.032528486,0.20853555,0.20853554,1582450
0.7,0.008394692,0.021404702,0.8080610862387583,0.0,0.032528482,0.032528486,0.20853555,0.20853554,1582450
0.7,0.0065197055,0.023929538,0.8080610862387583,0.0,0.032528482,0.032528486,0.20853555,0.20853554,1582450
0.7,0.031812787,0.0226235,0.8080610862387583,0.0,0.032528482,0.032528486,0.20853555,0.20853554,1582450
0.7,0.0005745489,0.0041916384,0.8080610862387583,0.0,0.032528482,0.032528486,0.20853555,0.20853554,1582450
0.7,0.0017503096,0.004231913,0.8080610862387583,0.0,0.032528482,0.032528486,0.20853555,0.20853554,1582450
0.7,0.1683955,0.4877809,0.8080610862387583,0.0,0.032528482,0.032528486,0.20853555,0.20853554,1582450
0.7,0.06312481,0.106607795,0.8080610862387583,0.0,0.032528482,0.032528486,0.20853555,0.20853554,1582450
0.7,0.00034970845,0.008772742,0.8080610862387583,0.0,0.032528482,0.032528486,0.20853555,0.20853554,1582450
0.7,0.0008140687,0.0089225555,0.8080610862387583,0.0,0.032528482,0.032528486,0.20853555,0.20853554,1582450
0.7,0.081378505,0.115304664,0.8080610862387583,0.0,0.032528482,0.032528486,0.20853555,0.20853554,1582450
0.7,3.413708e-05,0.0033722254,0.8080610862387583,0.0,0.032528482,0.032528486,0.20853555,0.20853554,1582450
0.7,7.545692e-05,0.0034306464,0.8080610862387583,0.0,0.032528482,0.032528486,0.20853555,0.20853554,1582450
0.7,0.008408301,0.013728307,0.8080610862387583,0.0,0.032528482,0.032528486,0.20853555,0.20853554,1582450
0.7,0.0013538932,0.0093140695,0.8080610862387583,0.0,0.032528482,0.032528486,0.20853555,0.20853554,1582450
0.7,0.000120991856,0.008652618,0.8080610862387583,0.0,0.032528482,0.032528486,0.20853555,0.20853554,1582450
0.7,0.001790712,0.009576577,0.8080610862387583,0.0,0.032528482,0.032528486,0.20853555,0.20853554,1582450
0.7,0.028952667,0.014077146,0.8080610862387583,0.0,0.032528482,0.032528486,0.20853555,0.20853554,1582450
0.7,0.039152786,0.027888067,0.8080610862387583,0.0,0.032528482,0.032528486,0.20853555,0.20853554,1582450
0.7,0.0030546929,0.008986399,0.8080610862387583,0.0,0.032528482,0.032528486,0.20853555,0.20853554,1582450
0.7,0.0031968658,0.0052174185,0.8080610862387583,0.0,0.032528482,0.032528486,0.20853555,0.20853554,1582450
0.7,0.017233443,0.016233493,0.8080610862387583,0.0,0.032528482,0.032528486,0.20853555,0.20853554,1582450
0.7,0.0014183582,0.0038130549,0.8080610862387583,0.0,0.032528482,0.032528486,0.20853555,0.20853554,1582450
0.7,0.004547523,0.011524881,0.8080610862387583,0.0,0.032528482,0.032528486,0.20853555,0.20853554,1582450
0.7,0.03967418,0.0228282,0.8080610862387583,0.0,0.032528482,0.032528486,0.20853555,0.20853554,1582450
0.7,1.717024e-05,0.00856864,0.8080610862387583,0.0,0.032528482,0.032528486,0.20853555,0.20853554,1582450
0.7,0.0054962654,0.022742651,0.8080610862387583,0.0,0.032528482,0.032528486,0.20853555,0.20853554,1582450
0.7,0.00048202867,0.008984094,0.8080610862387583,0.0,0.032528482,0.032528486,0.20853555,0.20853554,1582450
0.7,8.477053e-05,0.008593429,0.8080610862387583,0.0,0.032528482,0.032528486,0.20853555,0.20853554,1582450
0.7,0.0012076977,0.009215532,0.8080610862387583,0.0,0.032528482,0.032528486,0.20853555,0.20853554,1582450
0.7,0.0016528011,0.0093617225,0.8080610862387583,0.0,0.032528482,0.032528486,0.20853555,0.20853554,1582450
0.7,0.00054602127,0.008688965,0.8080610862387583,0.0,0.032528482,0.032528486,0.20853555,0.20853554,1582450
0.7,0.0013139967,0.009307048,0.8080610862387583,0.0,0.032528482,0.032528486,0.20853555,0.20853554,1582450
0.7,6.7087785e-05,0.008590435,0.8080610862387583,0.0,0.032528482,0.032528486,0.20853555,0.20853554,1582450
0.7,0.078972116,0.05964275,0.8080610862387583,0.0,0.032528482,0.032528486,0.20853555,0.20853554,1582450
0.7,0.0017067456,0.009003205,0.8080610862387583,0.0,0.032528482,0.032528486,0.20853555,0.20853554,1582450
0.7,0.00021764374,0.008598129,0.8080610862387583,0.0,0.032528482,0.032528486,0.20853555,0.20853554,1582450
0.7,0.00082235446,0.008682529,0.8080610862387583,0.0,0.032528482,0.032528486,0.20853555,0.20853554,1582450
0.7,0.0067638317,0.011558847,0.8080610862387583,0.0,0.032528482,0.032528486,0.20853555,0.20853554,1582450
0.7,0.12082447,0.071650654,0.8080610862387583,0.0,0.032528482,0.032528486,0.20853555,0.20853554,1582450
0.7,0.023313103,0.023075493,0.8080610862387583,0.0,0.032528482,0.032528486,0.20853555,0.20853554,1582450
0.7,0.00021728638,0.008633429,0.8080610862387583,0.0,0.032528482,0.032528486,0.20853555,0.20853554,1582450
0.7,0.0018398567,0.009063525,0.8080610862387583,0.0,0.032528482,0.032528486,0.20853555,0.20853554,1582450
0.7,0.00039048077,0.008735744,0.8080610862387583,0.0,0.032528482,0.032528486,0.20853555,0.20853554,1582450
0.7,0.0006162278,0.009056786,0.8080610862387583,0.0,0.032528482,0.032528486,0.20853555,0.20853554,1582450
0.7,0.008078654,0.019712111,0.8080610862387583,0.0,0.032528482,0.032528486,0.20853555,0.20853554,1582450
0.7,0.004502573,0.009795777,0.8080610862387583,0.0,0.032528482,0.032528486,0.20853555,0.20853554,1582450
0.7,0.00824207,0.020029625,0.8080610862387583,0.0,0.032528482,0.032528486,0.20853555,0.20853554,1582450
0.7,0.017930064,0.010718215,0.8080610862387583,0.0,0.032528482,0.032528486,0.20853555,0.20853554,1582450
0.7,0.0010179562,0.009118142,0.8080610862387583,0.0,0.032528482,0.032528486,0.20853555,0.20853554,1582450
0.7,0.0018755591,0.004051333,0.8080610862387583,0.0,0.032528482,0.032528486,0.20853555,0.20853554,1582450
0.7,2.2680042e-05,0.008576369,0.8080610862387583,0.0,0.032528482,0.032528486,0.20853555,0.20853554,1582450
0.7,0.00058247783,0.003650721,0.8080610862387583,0.0,0.032528482,0.032528486,0.20853555,0.20853554,1582450
0.7,0.011248966,0.02199045,0.8080610862387583,0.0,0.032528482,0.032528486,0.20853555,0.20853554,1582450
0.7,0.010396198,0.012943959,0.8080610862387583,0.0,0.032528482,0.032528486,0.20853555,0.20853554,1582450
0.7,4.1319716e-05,0.00858172,0.8080610862387583,0.0,0.032528482,0.032528486,0.20853555,0.20853554,1582450
0.7,0.0010586546,0.009211506,0.8080610862387583,0.0,0.032528482,0.032528486,0.20853555,0.20853554,1582450
0.7,0.09535266,0.09039559,0.8080610862387583,0.0,0.032528482,0.032528486,0.20853555,0.20853554,1582450
0.7,0.013709887,0.025480522,0.8080610862387583,0.0,0.032528482,0.032528486,0.20853555,0.20853554,1582450
0.7,0.00010498095,0.008611559,0.8080610862387583,0.0,0.032528482,0.032528486,0.20853555,0.20853554,1582450
0.7,0.014175235,0.014987717,0.8080610862387583,0.0,0.032528482,0.032528486,0.20853555,0.20853554,1582450
0.7,0.0046392735,0.011156498,0.8080610862387583,0.0,0.032528482,0.032528486,0.20853555,0.20853554,1582450
0.7,0.009750515,0.030828087,0.8080610862387583,0.0,0.032528482,0.032528486,0.20853555,0.20853554,1582450
0.7,0.105486125,0.11826437,0.8080610862387583,0.0,0.032528482,0.032528486,0.20853555,0.20853554,1582450
0.7,0.00038029943,0.008683492,0.8080610862387583,0.0,0.032528482,0.032528486,0.20853555,0.20853554,1582450
0.7,0.007710986,0.03264466,0.8080610862387583,0.0,0.032528482,0.032528486,0.20853555,0.20853554,1582450
0.7,0.0033952713,0.012573208,0.8080610862387583,0.0,0.032528482,0.032528486,0.20853555,0.20853554,1582450
0.7,0.00031925956,0.008611737,0.8080610862387583,0.0,0.032528482,0.032528486,0.20853555,0.20853554,1582450
0.7,0.00027311378,0.004213884,0.8080610862387583,0.0,0.032528482,0.032528486,0.20853555,0.20853554,1582450
0.7,0.023195772,0.013668875,0.8080610862387583,0.0,0.032528482,0.032528486,0.20853555,0.20853554,1582450
0.7,0.0017957176,0.011069797,0.8080610862387583,0.0,0.032528482,0.032528486,0.20853555,0.20853554,1582450
0.7,0.0015116073,0.0097940015,0.8080610862387583,0.0,0.032528482,0.032528486,0.20853555,0.20853554,1582450
0.7,0.005145488,0.014636155,0.8080610862387583,0.0,0.032528482,0.032528486,0.20853555,0.20853554,1582450
0.7,0.007567034,0.026596662,0.8080610862387583,0.0,0.032528482,0.032528486,0.20853555,0.20853554,1582450
0.7,0.0010926261,0.0046092207,0.8080610862387583,0.0,0.032528482,0.032528486,0.20853555,0.20853554,1582450
0.7,0.0056506987,0.01655117,0.8080610862387583,0.0,0.032528482,0.032528486,0.20853555,0.20853554,1582450
0.7,0.004740578,0.011185468,0.8080610862387583,0.0,0.032528482,0.032528486,0.20853555,0.20853554,1582450
0.7,0.0046048886,0.0137588205,0.8080610862387583,0.0,0.032528482,0.032528486,0.20853555,0.20853554,1582450
0.7,0.0012894638,0.012166475,0.8080610862387583,0.0,0.032528482,0.032528486,0.20853555,0.20853554,1582450
0.7,0.00021477969,0.008597023,0.8080610862387583,0.0,0.032528482,0.032528486,0.20853555,0.20853554,1582450
0.7,0.004745811,0.009295056,0.8080610862387583,0.0,0.032528482,0.032528486,0.20853555,0.20853554,1582450
0.7,0.010709448,0.011811366,0.8080610862387583,0.0,0.032528482,0.032528486,0.20853555,0.20853554,1582450
0.7,0.27164346,0.06257663,0.8080610862387583,0.0,0.032528482,0.032528486,0.20853555,0.20853554,1582450
0.7,0.016769081,0.013178612,0.8080610862387583,0.0,0.032528482,0.032528486,0.20853555,0.20853554,1582450
0.7,0.042315997,0.024760453,0.8080610862387583,0.0,0.032528482,0.032528486,0.20853555,0.20853554,1582450
0.7,0.000655848,0.0035868115,0.8080610862387583,0.0,0.032528482,0.032528486,0.20853555,0.20853554,1582450
0.7,0.0085590165,0.016326211,0.8080610862387583,0.0,0.032528482,0.032528486,0.20853555,0.20853554,1582450
0.7,0.020309746,0.013599927,0.8080610862387583,0.0,0.032528482,0.032528486,0.20853555,0.20853554,1582450
0.7,0.0060556573,0.00698642,0.8080610862387583,0.0,0.032528482,0.032528486,0.20853555,0.20853554,1582450
0.7,0.0004296913,0.008604862,0.8080610862387583,0.0,0.032528482,0.032528486,0.20853555,0.20853554,1582450
0.7,0.00027961147,0.008608897,0.8080610862387583,0.0,0.032528482,0.032528486,0.20853555,0.20853554,1582450
0.7,0.0007758671,0.0039216746,0.8080610862387583,0.0,0.032528482,0.032528486,0.20853555,0.20853554,1582450
0.7,0.0037181566,0.014058845,0.8080610862387583,0.0,0.032528482,0.032528486,0.20853555,0.20853554,1582450
0.7,0.018226746,0.029515017,0.8080610862387583,0.0,0.032528482,0.032528486,0.20853555,0.20853554,1582450
0.7,0.034661684,0.03924446,0.8080610862387583,0.0,0.032528482,0.032528486,0.20853555,0.20853554,1582450
0.7,0.019324532,0.026600774,0.8080610862387583,0.0,0.032528482,0.032528486,0.20853555,0.20853554,1582450
0.7,0.012713022,0.022971027,0.8080610862387583,0.0,0.032528482,0.032528486,0.20853555,0.20853554,1582450
0.7,0.014264081,0.027154222,0.8080610862387583,0.0,0.032528482,0.032528486,0.20853555,0.20853554,1582450
0.7,3.505094e-05,0.0033794192,0.8080610862387583,0.0,0.032528482,0.032528486,0.20853555,0.20853554,1582450
0.7,0.030551111,0.022711098,0.8080610862387583,0.0,0.032528482,0.032528486,0.20853555,0.20853554,1582450
0.7,0.00022384853,0.00861525,0.8080610862387583,0.0,0.032528482,0.032528486,0.20853555,0.20853554,1582450
0.7,0.05535118,0.023877839,0.8080610862387583,0.0,0.032528482,0.032528486,0.20853555,0.20853554,1582450
0.7,0.11666948,0.028252983,0.8080610862387583,0.0,0.032528482,0.032528486,0.20853555,0.20853554,1582450
0.7,0.006942701,0.025147364,0.8080610862387583,0.0,0.032528482,0.032528486,0.20853555,0.20853554,1582450
0.7,0.0030028345,0.010711792,0.8080610862387583,0.0,0.032528482,0.032528486,0.20853555,0.20853554,1582450
0.7,0.08506855,0.07563396,0.8080610862387583,0.0,0.032528482,0.032528486,0.20853555,0.20853554,1582450
0.7,0.0020508352,0.004252854,0.8080610862387583,0.0,0.032528482,0.032528486,0.20853555,0.20853554,1582450
0.7,0.0016568992,0.009103987,0.8080610862387583,0.0,0.032528482,0.032528486,0.20853555,0.20853554,1582450
0.7,0.0143074775,0.029529799,0.8080610862387583,0.0,0.032528482,0.032528486,0.20853555,0.20853554,1582450
0.7,0.0104847355,0.010636438,0.8080610862387583,0.0,0.032528482,0.032528486,0.20853555,0.20853554,1582450
0.7,0.0008242163,0.008794697,0.8080610862387583,0.0,0.032528482,0.032528486,0.20853555,0.20853554,1582450
0.7,0.0018958938,0.009418295,0.8080610862387583,0.0,0.032528482,0.032528486,0.20853555,0.20853554,1582450
0.7,0.006460671,0.010436345,0.8080610862387583,0.0,0.032528482,0.032528486,0.20853555,0.20853554,1582450
0.7,0.018190112,0.03500561,0.8080610862387583,0.0,0.032528482,0.032528486,0.20853555,0.20853554,1582450
0.7,0.014121264,0.03172735,0.8080610862387583,0.0,0.032528482,0.032528486,0.20853555,0.20853554,1582450
0.7,0.0002583286,0.008865465,0.8080610862387583,0.0,0.032528482,0.032528486,0.20853555,0.20853554,1582450
0.7,0.050005566,0.036793683,0.8080610862387583,0.0,0.032528482,0.032528486,0.20853555,0.20853554,1582450
0.7,0.00059275504,0.021896396,0.8080610862387583,0.0,0.032528482,0.032528486,0.20853555,0.20853554,1582450
0.7,0.0006147774,0.0038535364,0.8080610862387583,0.0,0.032528482,0.032528486,0.20853555,0.20853554,1582450
0.7,8.911905e-05,0.0033805417,0.8080610862387583,0.0,0.032528482,0.032528486,0.20853555,0.20853554,1582450
0.7,0.05655607,0.053540777,0.8080610862387583,0.0,0.032528482,0.032528486,0.20853555,0.20853554,1582450
0.7,0.0053215837,0.012393905,0.8080610862387583,0.0,0.032528482,0.032528486,0.20853555,0.20853554,1582450
0.7,0.007822078,0.013734524,0.8080610862387583,0.0,0.032528482,0.032528486,0.20853555,0.20853554,1582450
0.7,0.016312353,0.012935407,0.8080610862387583,0.0,0.032528482,0.032528486,0.20853555,0.20853554,1582450
0.7,0.0076317214,0.0089338245,0.8080610862387583,0.0,0.032528482,0.032528486,0.20853555,0.20853554,1582450
0.7,0.0021868395,0.010524251,0.8080610862387583,0.0,0.032528482,0.032528486,0.20853555,0.20853554,1582450
0.7,0.0005195855,0.008954745,0.8080610862387583,0.0,0.032528482,0.032528486,0.20853555,0.20853554,1582450
0.7,0.016401898,0.020695426,0.8080610862387583,0.0,0.032528482,0.032528486,0.20853555,0.20853554,1582450
0.7,0.021763835,0.020064937,0.8080610862387583,0.0,0.032528482,0.032528486,0.20853555,0.20853554,1582450
0.7,0.085262425,0.048997816,0.8080610862387583,0.0,0.032528482,0.032528486,0.20853555,0.20853554,1582450
0.7,0.00011581394,0.00859974,0.8080610862387583,0.0,0.032528482,0.032528486,0.20853555,0.20853554,1582450
0.7,0.0027702805,0.026563382,0.8080610862387583,0.0,0.032528482,0.032528486,0.20853555,0.20853554,1582450
0.7,0.007671085,0.01221123,0.8080610862387583,0.0,0.032528482,0.032528486,0.20853555,0.20853554,1582450
0.7,0.0006279799,0.0036510094,0.8080610862387583,0.0,0.032528482,0.032528486,0.20853555,0.20853554,1582450
0.7,0.015170321,0.010826108,0.8080610862387583,0.0,0.032528482,0.032528486,0.20853555,0.20853554,1582450
0.7,4.1429088e-05,0.0033942945,0.8080610862387583,0.0,0.032528482,0.032528486,0.20853555,0.20853554,1582450
0.7,0.00013297907,0.0033863084,0.8080610862387583,0.0,0.032528482,0.032528486,0.20853555,0.20853554,1582450
0.7,0.02773831,0.027341485,0.8080610862387583,0.0,0.032528482,0.032528486,0.20853555,0.20853554,1582450
0.7,0.08327142,0.039001066,0.8080610862387583,0.0,0.032528482,0.032528486,0.20853555,0.20853554,1582450
0.7,0.0034974706,0.011559015,0.8080610862387583,0.0,0.032528482,0.032528486,0.20853555,0.20853554,1582450
0.7,0.00044945825,0.008870701,0.8080610862387583,0.0,0.032528482,0.032528486,0.20853555,0.20853554,1582450
0.7,0.010125907,0.012020749,0.8080610862387583,0.0,0.032528482,0.032528486,0.20853555,0.20853554,1582450
0.7,0.007370842,0.020941373,0.8080610862387583,0.0,0.032528482,0.032528486,0.20853555,0.20853554,1582450
0.7,0.0123642385,0.013949391,0.8080610862387583,0.0,0.032528482,0.032528486,0.20853555,0.20853554,1582450
0.7,0.006352351,0.028208544,0.8080610862387583,0.0,0.032528482,0.032528486,0.20853555,0.20853554,1582450
0.7,0.0059371456,0.010355742,0.8080610862387583,0.0,0.032528482,0.032528486,0.20853555,0.20853554,1582450
0.7,0.0033097204,0.010885219,0.8080610862387583,0.0,0.032528482,0.032528486,0.20853555,0.20853554,1582450
0.7,0.0020549926,0.007996637,0.8080610862387583,0.0,0.032528482,0.032528486,0.20853555,0.20853554,1582450
0.7,0.00021279028,0.0086626215,0.8080610862387583,0.0,0.032528482,0.032528486,0.20853555,0.20853554,1582450
0.7,5.879643e-05,0.008579232,0.8080610862387583,0.0,0.032528482,0.032528486,0.20853555,0.20853554,1582450
0.7,0.04546523,0.030625649,0.8080610862387583,0.0,0.032528482,0.032528486,0.20853555,0.20853554,1582450
0.7,0.0046476163,0.011235346,0.8080610862387583,0.0,0.032528482,0.032528486,0.20853555,0.20853554,1582450
0.7,0.0080413595,0.016995149,0.8080610862387583,0.0,0.032528482,0.032528486,0.20853555,0.20853554,1582450
0.7,0.0656733,0.08131281,0.8080610862387583,0.0,0.032528482,0.032528486,0.20853555,0.20853554,1582450
0.7,0.20595701,0.32140818,0.8080610862387583,0.0,0.032528482,0.032528486,0.20853555,0.20853554,1582450
0.7,0.024396963,0.02011568,0.8080610862387583,0.0,0.032528482,0.032528486,0.20853555,0.20853554,1582450
0.7,0.0007935992,0.008821707,0.8080610862387583,0.0,0.032528482,0.032528486,0.20853555,0.20853554,1582450
0.7,0.02383746,0.025626132,0.8080610862387583,0.0,0.032528482,0.032528486,0.20853555,0.20853554,1582450
0.7,0.038469113,0.04368035,0.8080610862387583,0.0,0.032528482,0.032528486,0.20853555,0.20853554,1582450
0.7,0.00028359648,0.008606925,0.8080610862387583,0.0,0.032528482,0.032528486,0.20853555,0.20853554,1582450
0.7,0.00033366383,0.008730824,0.8080610862387583,0.0,0.032528482,0.032528486,0.20853555,0.20853554,1582450
0.7,9.254151e-05,0.008601126,0.8080610862387583,0.0,0.032528482,0.032528486,0.20853555,0.20853554,1582450
0.7,0.004423129,0.011144021,0.8080610862387583,0.0,0.032528482,0.032528486,0.20853555,0.20853554,1582450
0.7,6.21784e-06,0.008569908,0.8080610862387583,0.0,0.032528482,0.032528486,0.20853555,0.20853554,1582450
0.7,0.0005489249,0.008923599,0.8080610862387583,0.0,0.032528482,0.032528486,0.20853555,0.20853554,1582450
0.7,0.049097847,0.070155226,0.8080610862387583,0.0,0.032528482,0.032528486,0.20853555,0.20853554,1582450
0.7,0.0019409771,0.0102112675,0.8080610862387583,0.0,0.032528482,0.032528486,0.20853555,0.20853554,1582450
0.7,7.77937e-06,0.008572581,0.8080610862387583,0.0,0.032528482,0.032528486,0.20853555,0.20853554,1582450
0.7,0.0003016032,0.008783331,0.8080610862387583,0.0,0.032528482,0.032528486,0.20853555,0.20853554,1582450
0.7,0.05785391,0.04946892,0.8080610862387583,0.0,0.032528482,0.032528486,0.20853555,0.20853554,1582450
0.7,0.0030173722,0.0051314766,0.8080610862387583,0.0,0.032528482,0.032528486,0.20853555,0.20853554,1582450
0.7,0.003576528,0.011847485,0.8080610862387583,0.0,0.032528482,0.032528486,0.20853555,0.20853554,1582450
0.7,0.0006775944,0.0038353798,0.8080610862387583,0.0,0.032528482,0.032528486,0.20853555,0.20853554,1582450
0.7,0.25762373,0.08958268,0.8080610862387583,0.0,0.032528482,0.032528486,0.20853555,0.20853554,1582450
0.7,0.0006142087,0.003897235,0.8080610862387583,0.0,0.032528482,0.032528486,0.20853555,0.20853554,1582450
0.7,0.013131167,0.018299868,0.8080610862387583,0.0,0.032528482,0.032528486,0.20853555,0.20853554,1582450
0.7,0.010133546,0.036844555,0.8080610862387583,0.0,0.032528482,0.032528486,0.20853555,0.20853554,1582450
0.7,0.041226096,0.029014228,0.8080610862387583,0.0,0.032528482,0.032528486,0.20853555,0.20853554,1582450
0.7,0.043272533,0.10037943,0.8080610862387583,0.0,0.032528482,0.032528486,0.20853555,0.20853554,1582450
0.7,0.0003552466,0.003605248,0.8080610862387583,0.0,0.032528482,0.032528486,0.20853555,0.20853554,1582450
0.7,0.006406213,0.012850426,0.8080610862387583,0.0,0.032528482,0.032528486,0.20853555,0.20853554,1582450
0.7,0.24979419,0.16437851,0.8080610862387583,0.0,0.032528482,0.032528486,0.20853555,0.20853554,1582450
0.7,0.015774596,0.016570421,0.8080610862387583,0.0,0.032528482,0.032528486,0.20853555,0.20853554,1582450
0.7,0.01096479,0.012635028,0.8080610862387583,0.0,0.032528482,0.032528486,0.20853555,0.20853554,1582450
0.7,0.10136476,0.120811395,0.8080610862387583,0.0,0.032528482,0.032528486,0.20853555,0.20853554,1582450
0.7,0.012341884,0.011217913,0.8080610862387583,0.0,0.032528482,0.032528486,0.20853555,0.20853554,1582450
0.7,0.010951905,0.011399157,0.8080610862387583,0.0,0.032528482,0.032528486,0.20853555,0.20853554,1582450
0.7,0.009565074,0.009937178,0.8080610862387583,0.0,0.032528482,0.032528486,0.20853555,0.20853554,1582450
0.7,0.07317359,0.03344318,0.8080610862387583,0.0,0.032528482,0.032528486,0.20853555,0.20853554,1582450
0.7,0.03958926,0.01714315,0.8080610862387583,0.0,0.032528482,0.032528486,0.20853555,0.20853554,1582450
0.7,0.0004410985,0.008733751,0.8080610862387583,0.0,0.032528482,0.032528486,0.20853555,0.20853554,1582450
0.7,0.0024032332,0.01043802,0.8080610862387583,0.0,0.032528482,0.032528486,0.20853555,0.20853554,1582450
0.7,0.05308727,0.069683515,0.8080610862387583,0.0,0.032528482,0.032528486,0.20853555,0.20853554,1582450
0.7,0.056892622,0.04266172,0.8080610862387583,0.0,0.032528482,0.032528486,0.20853555,0.20853554,1582450
0.7,0.0028147881,0.008968773,0.8080610862387583,0.0,0.032528482,0.032528486,0.20853555,0.20853554,1582450
0.7,0.0060101654,0.006418707,0.8080610862387583,0.0,0.032528482,0.032528486,0.20853555,0.20853554,1582450
0.7,6.7610235e-05,0.008584547,0.8080610862387583,0.0,0.032528482,0.032528486,0.20853555,0.20853554,1582450
0.7,0.000814873,0.009506813,0.8080610862387583,0.0,0.032528482,0.032528486,0.20853555,0.20853554,1582450
0.7,0.017280037,0.020223156,0.8080610862387583,0.0,0.032528482,0.032528486,0.20853555,0.20853554,1582450
0.7,0.008208976,0.014764689,0.8080610862387583,0.0,0.032528482,0.032528486,0.20853555,0.20853554,1582450
0.7,0.0012956907,0.0089985635,0.8080610862387583,0.0,0.032528482,0.032528486,0.20853555,0.20853554,1582450
0.7,0.07060945,0.06278498,0.8080610862387583,0.0,0.032528482,0.032528486,0.20853555,0.20853554,1582450
0.7,0.0023059817,0.008895428,0.8080610862387583,0.0,0.032528482,0.032528486,0.20853555,0.20853554,1582450
0.7,6.2262548e-06,0.008565335,0.8080610862387583,0.0,0.032528482,0.032528486,0.20853555,0.20853554,1582450
0.7,2.964075e-05,0.0085739335,0.8080610862387583,0.0,0.032528482,0.032528486,0.20853555,0.20853554,1582450
0.7,0.00052553596,0.0089269085,0.8080610862387583,0.0,0.032528482,0.032528486,0.20853555,0.20853554,1582450
0.7,0.0008449935,0.008959236,0.8080610862387583,0.0,0.032528482,0.032528486,0.20853555,0.20853554,1582450
0.7,0.002786168,0.010949824,0.8080610862387583,0.0,0.032528482,0.032528486,0.20853555,0.20853554,1582450
0.7,0.024186559,0.021979935,0.8080610862387583,0.0,0.032528482,0.032528486,0.20853555,0.20853554,1582450
0.7,0.0024784494,0.01801037,0.8080610862387583,0.0,0.032528482,0.032528486,0.20853555,0.20853554,1582450
0.7,0.020973135,0.0336961,0.8080610862387583,0.0,0.032528482,0.032528486,0.20853555,0.20853554,1582450
0.7,0.049413167,0.059716087,0.8080610862387583,0.0,0.032528482,0.032528486,0.20853555,0.20853554,1582450
0.7,0.028907117,0.025872469,0.8080610862387583,0.0,0.032528482,0.032528486,0.20853555,0.20853554,1582450
0.7,0.0026471552,0.010053833,0.8080610862387583,0.0,0.032528482,0.032528486,0.20853555,0.20853554,1582450
0.7,0.03978522,0.029959764,0.8080610862387583,0.0,0.032528482,0.032528486,0.20853555,0.20853554,1582450
0.7,0.00014632416,0.00859164,0.8080610862387583,0.0,0.032528482,0.032528486,0.20853555,0.20853554,1582450
0.7,0.000369854,0.0038931307,0.8080610862387583,0.0,0.032528482,0.032528486,0.20853555,0.20853554,1582450
0.7,0.0006120068,0.003685823,0.8080610862387583,0.0,0.032528482,0.032528486,0.20853555,0.20853554,1582450
0.7,0.0033464879,0.011342097,0.8080610862387583,0.0,0.032528482,0.032528486,0.20853555,0.20853554,1582450
0.7,0.00044204426,0.0035552552,0.8080610862387583,0.0,0.032528482,0.032528486,0.20853555,0.20853554,1582450
0.7,0.015349535,0.016258318,0.8080610862387583,0.0,0.032528482,0.032528486,0.20853555,0.20853554,1582450
0.7,0.00037290604,0.008818703,0.8080610862387583,0.0,0.032528482,0.032528486,0.20853555,0.20853554,1582450
0.7,0.0012207982,0.009441025,0.8080610862387583,0.0,0.032528482,0.032528486,0.20853555,0.20853554,1582450
0.7,2.2955542,3.1955009,0.8080610862387583,0.0,0.032528482,0.032528486,0.20853555,0.20853554,1582450
0.7,0.013112702,0.011634515,0.8080610862387583,0.0,0.032528482,0.032528486,0.20853555,0.20853554,1582450
0.7,0.005160733,0.012142851,0.8080610862387583,0.0,0.032528482,0.032528486,0.20853555,0.20853554,1582450
0.7,0.015158565,0.015510005,0.8080610862387583,0.0,0.032528482,0.032528486,0.20853555,0.20853554,1582450
0.7,0.0010903918,0.0035476384,0.8080610862387583,0.0,0.032528482,0.032528486,0.20853555,0.20853554,1582450
0.7,0.005961931,0.011423527,0.8080610862387583,0.0,0.032528482,0.032528486,0.20853555,0.20853554,1582450
0.7,0.024401076,0.029435255,0.8080610862387583,0.0,0.032528482,0.032528486,0.20853555,0.20853554,1582450
0.7,0.070331216,0.049433272,0.8080610862387583,0.0,0.032528482,0.032528486,0.20853555,0.20853554,1582450
0.7,0.0029457707,0.009252365,0.8080610862387583,0.0,0.032528482,0.032528486,0.20853555,0.20853554,1582450
0.7,0.0006250424,0.008740347,0.8080610862387583,0.0,0.032528482,0.032528486,0.20853555,0.20853554,1582450
0.7,0.028232133,0.026893929,0.8080610862387583,0.0,0.032528482,0.032528486,0.20853555,0.20853554,1582450
0.7,0.045388542,0.040474378,0.8080610862387583,0.0,0.032528482,0.032528486,0.20853555,0.20853554,1582450
0.7,0.0011314355,0.008881735,0.8080610862387583,0.0,0.032528482,0.032528486,0.20853555,0.20853554,1582450
0.7,0.09637994,0.23190236,0.8080610862387583,0.0,0.032528482,0.032528486,0.20853555,0.20853554,1582450
0.7,7.655967e-05,0.008612179,0.8080610862387583,0.0,0.032528482,0.032528486,0.20853555,0.20853554,1582450
0.7,0.025031904,0.01928033,0.8080610862387583,0.0,0.032528482,0.032528486,0.20853555,0.20853554,1582450
0.7,0.0009900074,0.008873778,0.8080610862387583,0.0,0.032528482,0.032528486,0.20853555,0.20853554,1582450
0.7,0.003842401,0.008961044,0.8080610862387583,0.0,0.032528482,0.032528486,0.20853555,0.20853554,1582450
0.7,0.02518987,0.02053198,0.8080610862387583,0.0,0.032528482,0.032528486,0.20853555,0.20853554,1582450
0.7,0.014402204,0.02305758,0.8080610862387583,0.0,0.032528482,0.032528486,0.20853555,0.20853554,1582450
0.7,0.005425061,0.013863846,0.8080610862387583,0.0,0.032528482,0.032528486,0.20853555,0.20853554,1582450
0.7,3.966082e-05,0.008574634,0.8080610862387583,0.0,0.032528482,0.032528486,0.20853555,0.20853554,1582450
0.7,0.27104935,0.4560039,0.8080610862387583,0.0,0.032528482,0.032528486,0.20853555,0.20853554,1582450
0.7,0.0025145207,0.009515526,0.8080610862387583,0.0,0.032528482,0.032528486,0.20853555,0.20853554,1582450
0.7,0.0232888,0.02452277,0.8080610862387583,0.0,0.032528482,0.032528486,0.20853555,0.20853554,1582450
0.7,0.020399734,0.028954098,0.8080610862387583,0.0,0.032528482,0.032528486,0.20853555,0.20853554,1582450
0.7,0.0037721589,0.012797015,0.8080610862387583,0.0,0.032528482,0.032528486,0.20853555,0.20853554,1582450
0.7,0.04215197,0.05571831,0.8080610862387583,0.0,0.032528482,0.032528486,0.20853555,0.20853554,1582450
0.7,0.09645723,0.022055753,0.8080610862387583,0.0,0.032528482,0.032528486,0.20853555,0.20853554,1582450
0.7,0.0016585985,0.008778442,0.8080610862387583,0.0,0.032528482,0.032528486,0.20853555,0.20853554,1582450
0.7,0.035980348,0.028350981,0.8080610862387583,0.0,0.032528482,0.032528486,0.20853555,0.20853554,1582450
0.7,0.00042407302,0.0035971792,0.8080610862387583,0.0,0.032528482,0.032528486,0.20853555,0.20853554,1582450
0.7,5.4560565e-05,0.0033859487,0.8080610862387583,0.0,0.032528482,0.032528486,0.20853555,0.20853554,1582450
0.7,0.0014226346,0.0094238315,0.8080610862387583,0.0,0.032528482,0.032528486,0.20853555,0.20853554,1582450
0.7,0.00097355444,0.0091013955,0.8080610862387583,0.0,0.032528482,0.032528486,0.20853555,0.20853554,1582450
0.7,0.045109883,0.03571276,0.8080610862387583,0.0,0.032528482,0.032528486,0.20853555,0.20853554,1582450
0.7,0.031372286,0.035725154,0.8080610862387583,0.0,0.032528482,0.032528486,0.20853555,0.20853554,1582450
0.7,0.003751407,0.0052814144,0.8080610862387583,0.0,0.032528482,0.032528486,0.20853555,0.20853554,1582450
0.7,0.3454327,0.20080605,0.8080610862387583,0.0,0.032528482,0.032528486,0.20853555,0.20853554,1582450
0.7,0.45831183,0.24478616,0.8080610862387583,0.0,0.032528482,0.032528486,0.20853555,0.20853554,1582450
0.7,0.016959367,0.025121389,0.8080610862387583,0.0,0.032528482,0.032528486,0.20853555,0.20853554,1582450
0.7,0.0014828559,0.008793948,0.8080610862387583,0.0,0.032528482,0.032528486,0.20853555,0.20853554,1582450
0.7,0.00014397767,0.00867636,0.8080610862387583,0.0,0.032528482,0.032528486,0.20853555,0.20853554,1582450
0.7,0.014197467,0.019877046,0.8080610862387583,0.0,0.032528482,0.032528486,0.20853555,0.20853554,1582450
0.7,0.0038404837,0.009818125,0.8080610862387583,0.0,0.032528482,0.032528486,0.20853555,0.20853554,1582450
0.7,0.00036571478,0.008704178,0.8080610862387583,0.0,0.032528482,0.032528486,0.20853555,0.20853554,1582450
0.7,0.0011335141,0.008738022,0.8080610862387583,0.0,0.032528482,0.032528486,0.20853555,0.20853554,1582450
0.7,0.008223644,0.01109817,0.8080610862387583,0.0,0.032528482,0.032528486,0.20853555,0.20853554,1582450
0.7,2.910017e-05,0.00857798,0.8080610862387583,0.0,0.032528482,0.032528486,0.20853555,0.20853554,1582450
0.7,0.001551911,0.0087757865,0.8080610862387583,0.0,0.032528482,0.032528486,0.20853555,0.20853554,1582450
0.7,0.0024681618,0.009265106,0.8080610862387583,0.0,0.032528482,0.032528486,0.20853555,0.20853554,1582450
0.7,0.000837255,0.008884326,0.8080610862387583,0.0,0.032528482,0.032528486,0.20853555,0.20853554,1582450
0.7,0.00326741,0.009080466,0.8080610862387583,0.0,0.032528482,0.032528486,0.20853555,0.20853554,1582450
0.7,0.0022868607,0.018525373,0.8080610862387583,0.0,0.032528482,0.032528486,0.20853555,0.20853554,1582450
0.7,0.00010096841,0.0034793732,0.8080610862387583,0.0,0.032528482,0.032528486,0.20853555,0.20853554,1582450
0.7,7.5132964e-05,0.008574968,0.8080610862387583,0.0,0.032528482,0.032528486,0.20853555,0.20853554,1582450
0.7,0.000465149,0.008762337,0.8080610862387583,0.0,0.032528482,0.032528486,0.20853555,0.20853554,1582450
0.7,0.00075675483,0.008890653,0.8080610862387583,0.0,0.032528482,0.032528486,0.20853555,0.20853554,1582450
0.7,0.0030864403,0.01096129,0.8080610862387583,0.0,0.032528482,0.032528486,0.20853555,0.20853554,1582450
0.7,0.0005543773,0.008866447,0.8080610862387583,0.0,0.032528482,0.032528486,0.20853555,0.20853554,1582450
0.7,0.0015137872,0.010388373,0.8080610862387583,0.0,0.032528482,0.032528486,0.20853555,0.20853554,1582450
0.7,0.03043394,0.117800795,0.8080610862387583,0.0,0.032528482,0.032528486,0.20853555,0.20853554,1582450
0.7,0.0037948396,0.009251252,0.8080610862387583,0.0,0.032528482,0.032528486,0.20853555,0.20853554,1582450
0.7,0.0009830804,0.0089568915,0.8080610862387583,0.0,0.032528482,0.032528486,0.20853555,0.20853554,1582450
0.7,0.00013177983,0.008694935,0.8080610862387583,0.0,0.032528482,0.032528486,0.20853555,0.20853554,1582450
0.7,0.0032452745,0.009199281,0.8080610862387583,0.0,0.032528482,0.032528486,0.20853555,0.20853554,1582450
0.7,0.00064421276,0.008765889,0.8080610862387583,0.0,0.032528482,0.032528486,0.20853555,0.20853554,1582450
0.7,0.0042500207,0.022579769,0.8080610862387583,0.0,0.032528482,0.032528486,0.20853555,0.20853554,1582450
0.7,0.00778754,0.026518105,0.8080610862387583,0.0,0.032528482,0.032528486,0.20853555,0.20853554,1582450
0.7,0.038945336,0.020950653,0.8080610862387583,0.0,0.032528482,0.032528486,0.20853555,0.20853554,1582450
0.7,0.0083612325,0.010749787,0.8080610862387583,0.0,0.032528482,0.032528486,0.20853555,0.20853554,1582450
0.7,0.00024602114,0.008743068,0.8080610862387583,0.0,0.032528482,0.032528486,0.20853555,0.20853554,1582450
0.7,0.017510334,0.03330352,0.8080610862387583,0.0,0.032528482,0.032528486,0.20853555,0.20853554,1582450
0.7,0.0020946285,0.009527834,0.8080610862387583,0.0,0.032528482,0.032528486,0.20853555,0.20853554,1582450
0.7,0.03636584,0.038235717,0.8080610862387583,0.0,0.032528482,0.032528486,0.20853555,0.20853554,1582450
0.7,0.018232647,0.030931184,0.8080610862387583,0.0,0.032528482,0.032528486,0.20853555,0.20853554,1582450
0.7,5.205515e-05,0.0034297798,0.8080610862387583,0.0,0.032528482,0.032528486,0.20853555,0.20853554,1582450
0.7,0.0019922385,0.0037848689,0.8080610862387583,0.0,0.032528482,0.032528486,0.20853555,0.20853554,1582450
0.7,0.010725264,0.017558847,0.8080610862387583,0.0,0.032528482,0.032528486,0.20853555,0.20853554,1582450
0.7,0.006106091,0.01555329,0.8080610862387583,0.0,0.032528482,0.032528486,0.20853555,0.20853554,1582450
0.7,0.0031108,0.022288019,0.8080610862387583,0.0,0.032528482,0.032528486,0.20853555,0.20853554,1582450
0.7,0.0005530111,0.0040426548,0.8080610862387583,0.0,0.032528482,0.032528486,0.20853555,0.20853554,1582450
0.7,0.116842926,0.1002463,0.8080610862387583,0.0,0.032528482,0.032528486,0.20853555,0.20853554,1582450
0.7,0.022782857,0.022939801,0.8080610862387583,0.0,0.032528482,0.032528486,0.20853555,0.20853554,1582450
0.7,0.0002194878,0.008768676,0.8080610862387583,0.0,0.032528482,0.032528486,0.20853555,0.20853554,1582450
0.7,0.042775143,0.051767066,0.8080610862387583,0.0,0.032528482,0.032528486,0.20853555,0.20853554,1582450
0.7,0.14985542,0.47370228,0.8080610862387583,0.0,0.032528482,0.032528486,0.20853555,0.20853554,1582450
0.7,0.0002114376,0.008783977,0.8080610862387583,0.0,0.032528482,0.032528486,0.20853555,0.20853554,1582450
0.7,0.07643072,0.11992973,0.8080610862387583,0.0,0.032528482,0.032528486,0.20853555,0.20853554,1582450
0.7,0.00010057126,0.008588921,0.8080610862387583,0.0,0.032528482,0.032528486,0.20853555,0.20853554,1582450
0.7,0.022635981,0.043677643,0.8080610862387583,0.0,0.032528482,0.032528486,0.20853555,0.20853554,1582450
0.7,0.04489284,0.06822989,0.8080610862387583,0.0,0.032528482,0.032528486,0.20853555,0.20853554,1582450
0.7,0.0010860169,0.0042662937,0.8080610862387583,0.0,0.032528482,0.032528486,0.20853555,0.20853554,1582450
0.7,0.00093902496,0.009040701,0.8080610862387583,0.0,0.032528482,0.032528486,0.20853555,0.20853554,1582450
0.7,1.1065062e-05,0.008565896,0.8080610862387583,0.0,0.032528482,0.032528486,0.20853555,0.20853554,1582450
0.7,7.5891166e-06,0.008566172,0.8080610862387583,0.0,0.032528482,0.032528486,0.20853555,0.20853554,1582450
0.7,0.14623523,0.10382011,0.8080610862387583,0.0,0.032528482,0.032528486,0.20853555,0.20853554,1582450
0.7,0.020696724,0.011303411,0.8080610862387583,0.0,0.032528482,0.032528486,0.20853555,0.20853554,1582450
0.7,0.0040107258,0.010569573,0.8080610862387583,0.0,0.032528482,0.032528486,0.20853555,0.20853554,1582450
0.7,0.5555695,0.16288067,0.8080610862387583,0.0,0.032528482,0.032528486,0.20853555,0.20853554,1582450
0.7,0.00054494553,0.00862204,0.8080610862387583,0.0,0.032528482,0.032528486,0.20853555,0.20853554,1582450
0.7,0.0011061367,0.008911001,0.8080610862387583,0.0,0.032528482,0.032528486,0.20853555,0.20853554,1582450
0.7,0.011462005,0.01073061,0.8080610862387583,0.0,0.032528482,0.032528486,0.20853555,0.20853554,1582450
0.7,6.2286796e-05,0.0034022003,0.8080610862387583,0.0,0.032528482,0.032528486,0.20853555,0.20853554,1582450
0.7,0.03212462,0.028560143,0.8080610862387583,0.0,0.032528482,0.032528486,0.20853555,0.20853554,1582450
0.7,0.0055449177,0.01027606,0.8080610862387583,0.0,0.032528482,0.032528486,0.20853555,0.20853554,1582450
0.7,1.2296698e-05,0.0033732578,0.8080610862387583,0.0,0.032528482,0.032528486,0.20853555,0.20853554,1582450
0.7,0.00051776576,0.0087619545,0.8080610862387583,0.0,0.032528482,0.032528486,0.20853555,0.20853554,1582450
0.7,0.0005337357,0.008651405,0.8080610862387583,0.0,0.032528482,0.032528486,0.20853555,0.20853554,1582450
0.7,0.00089349743,0.00965551,0.8080610862387583,0.0,0.032528482,0.032528486,0.20853555,0.20853554,1582450
0.7,0.019093502,0.022518335,0.8080610862387583,0.0,0.032528482,0.032528486,0.20853555,0.20853554,1582450
0.7,0.027533883,0.027362783,0.8080610862387583,0.0,0.032528482,0.032528486,0.20853555,0.20853554,1582450
0.7,0.0017471833,0.0068292655,0.8080610862387583,0.0,0.032528482,0.032528486,0.20853555,0.20853554,1582450
0.7,0.008506633,0.009352324,0.8080610862387583,0.0,0.032528482,0.032528486,0.20853555,0.20853554,1582450
0.7,0.00015061724,0.008647972,0.8080610862387583,0.0,0.032528482,0.032528486,0.20853555,0.20853554,1582450
0.7,0.0030031176,0.0066692885,0.8080610862387583,0.0,0.032528482,0.032528486,0.20853555,0.20853554,1582450
0.7,0.0003848618,0.008741729,0.8080610862387583,0.0,0.032528482,0.032528486,0.20853555,0.20853554,1582450
0.7,0.00041938343,0.008755808,0.8080610862387583,0.0,0.032528482,0.032528486,0.20853555,0.20853554,1582450
0.7,0.0018031903,0.008932128,0.8080610862387583,0.0,0.032528482,0.032528486,0.20853555,0.20853554,1582450
0.7,0.0007511564,0.0094507,0.8080610862387583,0.0,0.032528482,0.032528486,0.20853555,0.20853554,1582450
0.7,0.10624994,0.10702598,0.8080610862387583,0.0,0.032528482,0.032528486,0.20853555,0.20853554,1582450
0.7,0.1466805,0.04666245,0.8080610862387583,0.0,0.032528482,0.032528486,0.20853555,0.20853554,1582450
0.7,0.1517007,0.09168501,0.8080610862387583,0.0,0.032528482,0.032528486,0.20853555,0.20853554,1582450
0.7,0.00026051677,0.008611768,0.8080610862387583,0.0,0.032528482,0.032528486,0.20853555,0.20853554,1582450
0.7,0.16053846,0.09526048,0.8080610862387583,0.0,0.032528482,0.032528486,0.20853555,0.20853554,1582450
0.7,3.9318013e-05,0.008580272,0.8080610862387583,0.0,0.032528482,0.032528486,0.20853555,0.20853554,1582450
0.7,0.07054586,0.14169067,0.8080610862387583,0.0,0.032528482,0.032528486,0.20853555,0.20853554,1582450
0.7,0.07510531,0.056400992,0.8080610862387583,0.0,0.032528482,0.032528486,0.20853555,0.20853554,1582450
0.7,0.00022000803,0.008701941,0.8080610862387583,0.0,0.032528482,0.032528486,0.20853555,0.20853554,1582450
0.7,0.00282846,0.00872254,0.8080610862387583,0.0,0.032528482,0.032528486,0.20853555,0.20853554,1582450
0.7,0.011080669,0.03243731,0.8080610862387583,0.0,0.032528482,0.032528486,0.20853555,0.20853554,1582450
0.7,0.049744565,0.051712558,0.8080610862387583,0.0,0.032528482,0.032528486,0.20853555,0.20853554,1582450
0.7,0.000697243,0.00907488,0.8080610862387583,0.0,0.032528482,0.032528486,0.20853555,0.20853554,1582450
0.7,0.046723947,0.04470698,0.8080610862387583,0.0,0.032528482,0.032528486,0.20853555,0.20853554,1582450
0.7,0.0074664126,0.013946503,0.8080610862387583,0.0,0.032528482,0.032528486,0.20853555,0.20853554,1582450
0.7,0.026854197,0.025393322,0.8080610862387583,0.0,0.032528482,0.032528486,0.20853555,0.20853554,1582450
0.7,0.023451328,0.04494248,0.8080610862387583,0.0,0.032528482,0.032528486,0.20853555,0.20853554,1582450
0.7,0.043301336,0.031449094,0.8080610862387583,0.0,0.032528482,0.032528486,0.20853555,0.20853554,1582450
0.7,0.00016032932,0.008681244,0.8080610862387583,0.0,0.032528482,0.032528486,0.20853555,0.20853554,1582450
0.7,0.011428023,0.026511313,0.8080610862387583,0.0,0.032528482,0.032528486,0.20853555,0.20853554,1582450
0.7,0.00047001714,0.008685212,0.8080610862387583,0.0,0.032528482,0.032528486,0.20853555,0.20853554,1582450
0.7,0.00022065405,0.00860644,0.8080610862387583,0.0,0.032528482,0.032528486,0.20853555,0.20853554,1582450
0.7,0.0013187126,0.009100837,0.8080610862387583,0.0,0.032528482,0.032528486,0.20853555,0.20853554,1582450
0.7,0.004333001,0.011264008,0.8080610862387583,0.0,0.032528482,0.032528486,0.20853555,0.20853554,1582450
0.7,0.00091994967,0.008774985,0.8080610862387583,0.0,0.032528482,0.032528486,0.20853555,0.20853554,1582450
0.7,0.0008469538,0.00951955,0.8080610862387583,0.0,0.032528482,0.032528486,0.20853555,0.20853554,1582450
0.7,0.02440924,0.036001816,0.8080610862387583,0.0,0.032528482,0.032528486,0.20853555,0.20853554,1582450
0.7,0.0047562243,0.0095289275,0.8080610862387583,0.0,0.032528482,0.032528486,0.20853555,0.20853554,1582450
0.7,0.15027417,0.083267756,0.8080610862387583,0.0,0.032528482,0.032528486,0.20853555,0.20853554,1582450
0.7,0.11473082,0.0445417,0.8080610862387583,0.0,0.032528482,0.032528486,0.20853555,0.20853554,1582450
0.7,0.26672164,0.21797372,0.8080610862387583,0.0,0.032528482,0.032528486,0.20853555,0.20853554,1582450
0.7,0.103484824,0.13806175,0.8080610862387583,0.0,0.032528482,0.032528486,0.20853555,0.20853554,1582450
0.7,0.01640957,0.051800106,0.8080610862387583,0.0,0.032528482,0.032528486,0.20853555,0.20853554,1582450
0.7,0.010303167,0.019434258,0.8080610862387583,0.0,0.032528482,0.032528486,0.20853555,0.20853554,1582450
0.7,0.023960212,0.03702092,0.8080610862387583,0.0,0.032528482,0.032528486,0.20853555,0.20853554,1582450
0.7,0.0053629847,0.009497515,0.8080610862387583,0.0,0.032528482,0.032528486,0.20853555,0.20853554,1582450
0.7,0.00027516423,0.00426138,0.8080610862387583,0.0,0.032528482,0.032528486,0.20853555,0.20853554,1582450
0.7,0.0013580489,0.009393283,0.8080610862387583,0.0,0.032528482,0.032528486,0.20853555,0.20853554,1582450
0.7,0.0001101662,0.008638393,0.8080610862387583,0.0,0.032528482,0.032528486,0.20853555,0.20853554,1582450
0.7,8.004732e-05,0.0033942647,0.8080610862387583,0.0,0.032528482,0.032528486,0.20853555,0.20853554,1582450
0.7,0.0013231054,0.008946717,0.8080610862387583,0.0,0.032528482,0.032528486,0.20853555,0.20853554,1582450
0.7,0.0643822,0.046580948,0.8080610862387583,0.0,0.032528482,0.032528486,0.20853555,0.20853554,1582450
0.7,0.00080643746,0.0038897071,0.8080610862387583,0.0,0.032528482,0.032528486,0.20853555,0.20853554,1582450
0.7,0.0010607626,0.009012418,0.8080610862387583,0.0,0.032528482,0.032528486,0.20853555,0.20853554,1582450
0.7,0.00047485792,0.008698471,0.8080610862387583,0.0,0.032528482,0.032528486,0.20853555,0.20853554,1582450
0.7,0.012174878,0.022750124,0.8080610862387583,0.0,0.032528482,0.032528486,0.20853555,0.20853554,1582450
0.7,0.0024404598,0.01000329,0.8080610862387583,0.0,0.032528482,0.032528486,0.20853555,0.20853554,1582450
0.7,0.00084534445,0.009641002,0.8080610862387583,0.0,0.032528482,0.032528486,0.20853555,0.20853554,1582450
0.7,0.046025302,0.08294426,0.8080610862387583,0.0,0.032528482,0.032528486,0.20853555,0.20853554,1582450
0.7,0.05642509,0.07306582,0.8080610862387583,0.0,0.032528482,0.032528486,0.20853555,0.20853554,1582450
0.7,0.033307232,0.043141086,0.8080610862387583,0.0,0.032528482,0.032528486,0.20853555,0.20853554,1582450
0.7,0.016075263,0.013709322,0.8080610862387583,0.0,0.032528482,0.032528486,0.20853555,0.20853554,1582450
0.7,0.004456624,0.00967538,0.8080610862387583,0.0,0.032528482,0.032528486,0.20853555,0.20853554,1582450
0.7,0.0040273503,0.02524407,0.8080610862387583,0.0,0.032528482,0.032528486,0.20853555,0.20853554,1582450
0.7,0.021409111,0.05932366,0.8080610862387583,0.0,0.032528482,0.032528486,0.20853555,0.20853554,1582450
0.7,0.0004275268,0.008825992,0.8080610862387583,0.0,0.032528482,0.032528486,0.20853555,0.20853554,1582450
0.7,0.018243508,0.036738202,0.8080610862387583,0.0,0.032528482,0.032528486,0.20853555,0.20853554,1582450
0.7,0.00463197,0.013230271,0.8080610862387583,0.0,0.032528482,0.032528486,0.20853555,0.20853554,1582450
0.7,0.102317885,0.04371307,0.8080610862387583,0.0,0.032528482,0.032528486,0.20853555,0.20853554,1582450
0.7,0.00024115069,0.003452046,0.8080610862387583,0.0,0.032528482,0.032528486,0.20853555,0.20853554,1582450
0.7,0.005352383,0.009402949,0.8080610862387583,0.0,0.032528482,0.032528486,0.20853555,0.20853554,1582450
0.7,0.04514749,0.037046243,0.8080610862387583,0.0,0.032528482,0.032528486,0.20853555,0.20853554,1582450
0.7,0.0012536141,0.01041209,0.8080610862387583,0.0,0.032528482,0.032528486,0.20853555,0.20853554,1582450
0.7,0.0068739736,0.025951374,0.8080610862387583,0.0,0.032528482,0.032528486,0.20853555,0.20853554,1582450
0.7,0.22505644,0.09401167,0.8080610862387583,0.0,0.032528482,0.032528486,0.20853555,0.20853554,1582450
0.7,9.942437e-06,0.008566115,0.8080610862387583,0.0,0.032528482,0.032528486,0.20853555,0.20853554,1582450
0.7,0.00016302636,0.008664257,0.8080610862387583,0.0,0.032528482,0.032528486,0.20853555,0.20853554,1582450
0.7,0.08541066,0.13390909,0.8080610862387583,0.0,0.032528482,0.032528486,0.20853555,0.20853554,1582450
0.7,0.00050522276,0.008664013,0.8080610862387583,0.0,0.032528482,0.032528486,0.20853555,0.20853554,1582450
0.7,0.004400692,0.0137990285,0.8080610862387583,0.0,0.032528482,0.032528486,0.20853555,0.20853554,1582450
0.7,0.000394914,0.008739392,0.8080610862387583,0.0,0.032528482,0.032528486,0.20853555,0.20853554,1582450
0.7,0.00028336621,0.0036570956,0.8080610862387583,0.0,0.032528482,0.032528486,0.20853555,0.20853554,1582450
0.7,0.00092663325,0.008880492,0.8080610862387583,0.0,0.032528482,0.032528486,0.20853555,0.20853554,1582450
0.7,0.2059606,0.17905793,0.8080610862387583,0.0,0.032528482,0.032528486,0.20853555,0.20853554,1582450
0.7,0.0016098937,0.008825924,0.8080610862387583,0.0,0.032528482,0.032528486,0.20853555,0.20853554,1582450
0.7,0.00036636865,0.009061046,0.8080610862387583,0.0,0.032528482,0.032528486,0.20853555,0.20853554,1582450
0.7,0.016910478,0.029824084,0.8080610862387583,0.0,0.032528482,0.032528486,0.20853555,0.20853554,1582450
0.7,8.3233426e-05,0.008612721,0.8080610862387583,0.0,0.032528482,0.032528486,0.20853555,0.20853554,1582450
0.7,0.0018107729,0.02190022,0.8080610862387583,0.0,0.032528482,0.032528486,0.20853555,0.20853554,1582450
0.7,0.0015203262,0.00886654,0.8080610862387583,0.0,0.032528482,0.032528486,0.20853555,0.20853554,1582450
0.7,0.16332084,0.13621637,0.8080610862387583,0.0,0.032528482,0.032528486,0.20853555,0.20853554,1582450
0.7,0.0002627551,0.00877725,0.8080610862387583,0.0,0.032528482,0.032528486,0.20853555,0.20853554,1582450
0.7,0.00067694223,0.0036565452,0.8080610862387583,0.0,0.032528482,0.032528486,0.20853555,0.20853554,1582450
0.7,0.0015380364,0.009576852,0.8080610862387583,0.0,0.032528482,0.032528486,0.20853555,0.20853554,1582450
0.7,0.0020193446,0.009127106,0.8080610862387583,0.0,0.032528482,0.032528486,0.20853555,0.20853554,1582450
0.7,0.0012324636,0.004377676,0.8080610862387583,0.0,0.032528482,0.032528486,0.20853555,0.20853554,1582450
0.7,0.00250877,0.004323469,0.8080610862387583,0.0,0.032528482,0.032528486,0.20853555,0.20853554,1582450
0.7,0.00021144118,0.008627327,0.8080610862387583,0.0,0.032528482,0.032528486,0.20853555,0.20853554,1582450
0.7,0.016137363,0.014610532,0.8080610862387583,0.0,0.032528482,0.032528486,0.20853555,0.20853554,1582450
0.7,0.0027001668,0.009356705,0.8080610862387583,0.0,0.032528482,0.032528486,0.20853555,0.20853554,1582450
0.7,5.70042e-06,0.008571124,0.8080610862387583,0.0,0.032528482,0.032528486,0.20853555,0.20853554,1582450
0.7,0.004579852,0.0056101047,0.8080610862387583,0.0,0.032528482,0.032528486,0.20853555,0.20853554,1582450
0.7,0.0018589619,0.009548801,0.8080610862387583,0.0,0.032528482,0.032528486,0.20853555,0.20853554,1582450
0.7,0.08562209,0.028549584,0.8080610862387583,0.0,0.032528482,0.032528486,0.20853555,0.20853554,1582450
0.7,0.005456715,0.009325857,0.8080610862387583,0.0,0.032528482,0.032528486,0.20853555,0.20853554,1582450
0.7,0.0007186171,0.0042718416,0.8080610862387583,0.0,0.032528482,0.032528486,0.20853555,0.20853554,1582450
0.7,0.003646273,0.010820488,0.8080610862387583,0.0,0.032528482,0.032528486,0.20853555,0.20853554,1582450
0.7,0.009098891,0.0175216,0.8080610862387583,0.0,0.032528482,0.032528486,0.20853555,0.20853554,1582450
0.7,0.00022085171,0.0087015275,0.8080610862387583,0.0,0.032528482,0.032528486,0.20853555,0.20853554,1582450
0.7,6.608688e-05,0.008619758,0.8080610862387583,0.0,0.032528482,0.032528486,0.20853555,0.20853554,1582450
0.7,0.010195193,0.011145494,0.8080610862387583,0.0,0.032528482,0.032528486,0.20853555,0.20853554,1582450
0.7,0.0018501563,0.010647336,0.8080610862387583,0.0,0.032528482,0.032528486,0.20853555,0.20853554,1582450
0.7,0.0030793948,0.010586807,0.8080610862387583,0.0,0.032528482,0.032528486,0.20853555,0.20853554,1582450
0.7,0.033834912,0.029693183,0.8080610862387583,0.0,0.032528482,0.032528486,0.20853555,0.20853554,1582450
0.7,0.0003539635,0.0035364202,0.8080610862387583,0.0,0.032528482,0.032528486,0.20853555,0.20853554,1582450
0.7,9.237457e-05,0.008612632,0.8080610862387583,0.0,0.032528482,0.032528486,0.20853555,0.20853554,1582450
0.7,0.022681735,0.021351693,0.8080610862387583,0.0,0.032528482,0.032528486,0.20853555,0.20853554,1582450
0.7,5.431135e-05,0.008583802,0.8080610862387583,0.0,0.032528482,0.032528486,0.20853555,0.20853554,1582450
0.7,1.3033773e-05,0.008571729,0.8080610862387583,0.0,0.032528482,0.032528486,0.20853555,0.20853554,1582450
0.7,0.006496953,0.010186837,0.8080610862387583,0.0,0.032528482,0.032528486,0.20853555,0.20853554,1582450
0.7,0.03282393,0.034258302,0.8080610862387583,0.0,0.032528482,0.032528486,0.20853555,0.20853554,1582450
0.7,0.0004405526,0.0037073493,0.8080610862387583,0.0,0.032528482,0.032528486,0.20853555,0.20853554,1582450
0.7,0.00011121752,0.008600796,0.8080610862387583,0.0,0.032528482,0.032528486,0.20853555,0.20853554,1582450
0.7,0.00028477318,0.008655913,0.8080610862387583,0.0,0.032528482,0.032528486,0.20853555,0.20853554,1582450
0.7,0.0033065937,0.009855761,0.8080610862387583,0.0,0.032528482,0.032528486,0.20853555,0.20853554,1582450
0.7,0.003130963,0.005673837,0.8080610862387583,0.0,0.032528482,0.032528486,0.20853555,0.20853554,1582450
0.7,0.016870273,0.020155314,0.8080610862387583,0.0,0.032528482,0.032528486,0.20853555,0.20853554,1582450
0.7,0.001397964,0.00922213,0.8080610862387583,0.0,0.032528482,0.032528486,0.20853555,0.20853554,1582450
0.7,0.01966301,0.012786426,0.8080610862387583,0.0,0.032528482,0.032528486,0.20853555,0.20853554,1582450
0.7,0.000110731264,0.0033893299,0.8080610862387583,0.0,0.032528482,0.032528486,0.20853555,0.20853554,1582450
0.7,0.00027395465,0.0034872112,0.8080610862387583,0.0,0.032528482,0.032528486,0.20853555,0.20853554,1582450
0.7,0.021862777,0.011186683,0.8080610862387583,0.0,0.032528482,0.032528486,0.20853555,0.20853554,1582450
0.7,0.007598752,0.025058812,0.8080610862387583,0.0,0.032528482,0.032528486,0.20853555,0.20853554,1582450
0.7,0.023279592,0.026130652,0.8080610862387583,0.0,0.032528482,0.032528486,0.20853555,0.20853554,1582450
0.7,0.0016374943,0.0057288297,0.8080610862387583,0.0,0.032528482,0.032528486,0.20853555,0.20853554,1582450
0.7,0.0041280645,0.009517258,0.8080610862387583,0.0,0.032528482,0.032528486,0.20853555,0.20853554,1582450
0.7,0.0011984305,0.008891083,0.8080610862387583,0.0,0.032528482,0.032528486,0.20853555,0.20853554,1582450
0.7,0.20394579,0.2674758,0.8080610862387583,0.0,0.032528482,0.032528486,0.20853555,0.20853554,1582450
0.7,0.037098903,0.01593555,0.8080610862387583,0.0,0.032528482,0.032528486,0.20853555,0.20853554,1582450
0.7,0.10674002,0.11671589,0.8080610862387583,0.0,0.032528482,0.032528486,0.20853555,0.20853554,1582450
0.7,0.104679085,0.17978774,0.8080610862387583,0.0,0.032528482,0.032528486,0.20853555,0.20853554,1582450
0.7,0.052433316,0.03421948,0.8080610862387583,0.0,0.032528482,0.032528486,0.20853555,0.20853554,1582450
0.7,0.004671047,0.010968486,0.8080610862387583,0.0,0.032528482,0.032528486,0.20853555,0.20853554,1582450
0.7,0.000983151,0.009169525,0.8080610862387583,0.0,0.032528482,0.032528486,0.20853555,0.20853554,1582450
0.7,0.0052394224,0.022960464,0.8080610862387583,0.0,0.032528482,0.032528486,0.20853555,0.20853554,1582450
0.7,0.023965668,0.018290993,0.8080610862387583,0.0,0.032528482,0.032528486,0.20853555,0.20853554,1582450
0.7,0.0004343852,0.0035468088,0.8080610862387583,0.0,0.032528482,0.032528486,0.20853555,0.20853554,1582450
0.7,0.0072793197,0.011717698,0.8080610862387583,0.0,0.032528482,0.032528486,0.20853555,0.20853554,1582450
0.7,0.02726256,0.012600033,0.8080610862387583,0.0,0.032528482,0.032528486,0.20853555,0.20853554,1582450
0.7,0.00364473,0.00959429,0.8080610862387583,0.0,0.032528482,0.032528486,0.20853555,0.20853554,1582450
0.7,0.00029192094,0.008779419,0.8080610862387583,0.0,0.032528482,0.032528486,0.20853555,0.20853554,1582450
0.7,5.1892835e-05,0.008610534,0.8080610862387583,0.0,0.032528482,0.032528486,0.20853555,0.20853554,1582450
0.7,0.02805551,0.06438434,0.8080610862387583,0.0,0.032528482,0.032528486,0.20853555,0.20853554,1582450
0.7,0.0023074371,0.022231262,0.8080610862387583,0.0,0.032528482,0.032528486,0.20853555,0.20853554,1582450
0.7,9.82931e-05,0.008700115,0.8080610862387583,0.0,0.032528482,0.032528486,0.20853555,0.20853554,1582450
0.7,0.0020439217,0.008949027,0.8080610862387583,0.0,0.032528482,0.032528486,0.20853555,0.20853554,1582450
0.7,0.0027064483,0.0048995255,0.8080610862387583,0.0,0.032528482,0.032528486,0.20853555,0.20853554,1582450
0.7,0.010710049,0.041916676,0.8080610862387583,0.0,0.032528482,0.032528486,0.20853555,0.20853554,1582450
0.7,0.0006777243,0.009295196,0.8080610862387583,0.0,0.032528482,0.032528486,0.20853555,0.20853554,1582450
0.7,0.0033206872,0.009311512,0.8080610862387583,0.0,0.032528482,0.032528486,0.20853555,0.20853554,1582450
0.7,0.0076980116,0.019791655,0.8080610862387583,0.0,0.032528482,0.032528486,0.20853555,0.20853554,1582450
0.7,8.010921e-05,0.0034125098,0.8080610862387583,0.0,0.032528482,0.032528486,0.20853555,0.20853554,1582450
0.7,0.0020634672,0.017577589,0.8080610862387583,0.0,0.032528482,0.032528486,0.20853555,0.20853554,1582450
0.7,8.488563e-05,0.008616539,0.8080610862387583,0.0,0.032528482,0.032528486,0.20853555,0.20853554,1582450
0.7,0.00020871259,0.008652524,0.8080610862387583,0.0,0.032528482,0.032528486,0.20853555,0.20853554,1582450
0.7,0.0026256319,0.009500042,0.8080610862387583,0.0,0.032528482,0.032528486,0.20853555,0.20853554,1582450
0.7,0.0005435214,0.008759393,0.8080610862387583,0.0,0.032528482,0.032528486,0.20853555,0.20853554,1582450
0.7,0.0016871255,0.009211316,0.8080610862387583,0.0,0.032528482,0.032528486,0.20853555,0.20853554,1582450
0.7,0.009421628,0.016403368,0.8080610862387583,0.0,0.032528482,0.032528486,0.20853555,0.20853554,1582450
0.7,0.04452411,0.05142547,0.8080610862387583,0.0,0.032528482,0.032528486,0.20853555,0.20853554,1582450
0.7,0.0053823637,0.01020533,0.8080610862387583,0.0,0.032528482,0.032528486,0.20853555,0.20853554,1582450
0.7,0.0016343541,0.011758918,0.8080610862387583,0.0,0.032528482,0.032528486,0.20853555,0.20853554,1582450
0.7,0.00018495189,0.008616115,0.8080610862387583,0.0,0.032528482,0.032528486,0.20853555,0.20853554,1582450
0.7,0.018093593,0.019062387,0.8080610862387583,0.0,0.032528482,0.032528486,0.20853555,0.20853554,1582450
0.7,0.016272215,0.012598822,0.8080610862387583,0.0,0.032528482,0.032528486,0.20853555,0.20853554,1582450
0.7,0.29300478,0.04967454,0.8080610862387583,0.0,0.032528482,0.032528486,0.20853555,0.20853554,1582450
0.7,0.0003023251,0.008635359,0.8080610862387583,0.0,0.032528482,0.032528486,0.20853555,0.20853554,1582450
0.7,0.0021857563,0.008762786,0.8080610862387583,0.0,0.032528482,0.032528486,0.20853555,0.20853554,1582450
0.7,0.02988782,0.015919143,0.8080610862387583,0.0,0.032528482,0.032528486,0.20853555,0.20853554,1582450
0.7,0.11301332,0.08042629,0.8080610862387583,0.0,0.032528482,0.032528486,0.20853555,0.20853554,1582450
0.7,0.00019984713,0.008651577,0.8080610862387583,0.0,0.032528482,0.032528486,0.20853555,0.20853554,1582450
0.7,0.03791731,0.09806019,0.8080610862387583,0.0,0.032528482,0.032528486,0.20853555,0.20853554,1582450
0.7,0.11620871,0.12173184,0.8080610862387583,0.0,0.032528482,0.032528486,0.20853555,0.20853554,1582450
0.7,0.03065066,0.028145224,0.8080610862387583,0.0,0.032528482,0.032528486,0.20853555,0.20853554,1582450
0.7,0.00025402947,0.008798334,0.8080610862387583,0.0,0.032528482,0.032528486,0.20853555,0.20853554,1582450
0.7,6.723014e-05,0.008573902,0.8080610862387583,0.0,0.032528482,0.032528486,0.20853555,0.20853554,1582450
0.7,0.0007522418,0.008858151,0.8080610862387583,0.0,0.032528482,0.032528486,0.20853555,0.20853554,1582450
0.7,0.01153186,0.033331905,0.8080610862387583,0.0,0.032528482,0.032528486,0.20853555,0.20853554,1582450
0.7,0.056078713,0.022141675,0.8080610862387583,0.0,0.032528482,0.032528486,0.20853555,0.20853554,1582450
0.7,0.0017573816,0.0037758963,0.8080610862387583,0.0,0.032528482,0.032528486,0.20853555,0.20853554,1582450
0.7,0.003029507,0.0051016444,0.8080610862387583,0.0,0.032528482,0.032528486,0.20853555,0.20853554,1582450
0.7,0.104066156,0.038849257,0.8080610862387583,0.0,0.032528482,0.032528486,0.20853555,0.20853554,1582450
0.7,6.0653834e-05,0.003380404,0.8080610862387583,0.0,0.032528482,0.032528486,0.20853555,0.20853554,1582450
0.7,0.00029243968,0.00891257,0.8080610862387583,0.0,0.032528482,0.032528486,0.20853555,0.20853554,1582450
0.7,0.02123512,0.02266122,0.8080610862387583,0.0,0.032528482,0.032528486,0.20853555,0.20853554,1582450
0.7,0.0067050606,0.012723331,0.8080610862387583,0.0,0.032528482,0.032528486,0.20853555,0.20853554,1582450
0.7,0.00041310274,0.008902113,0.8080610862387583,0.0,0.032528482,0.032528486,0.20853555,0.20853554,1582450
0.7,0.7175649,0.5139486,0.8080610862387583,0.0,0.032528482,0.032528486,0.20853555,0.20853554,1582450
0.7,0.00030485654,0.008715327,0.8080610862387583,0.0,0.032528482,0.032528486,0.20853555,0.20853554,1582450
0.7,0.0014886713,0.009183313,0.8080610862387583,0.0,0.032528482,0.032528486,0.20853555,0.20853554,1582450
0.7,0.002525776,0.010562593,0.8080610862387583,0.0,0.032528482,0.032528486,0.20853555,0.20853554,1582450
0.7,0.0011125541,0.008892969,0.8080610862387583,0.0,0.032528482,0.032528486,0.20853555,0.20853554,1582450
0.7,0.0019891001,0.00530413,0.8080610862387583,0.0,0.032528482,0.032528486,0.20853555,0.20853554,1582450
0.7,0.00040173414,0.008742818,0.8080610862387583,0.0,0.032528482,0.032528486,0.20853555,0.20853554,1582450
0.7,0.00010449931,0.008588341,0.8080610862387583,0.0,0.032528482,0.032528486,0.20853555,0.20853554,1582450
0.7,0.02171762,0.011226128,0.8080610862387583,0.0,0.032528482,0.032528486,0.20853555,0.20853554,1582450
0.7,0.01629297,0.017895205,0.8080610862387583,0.0,0.032528482,0.032528486,0.20853555,0.20853554,1582450
0.7,9.511621e-05,0.008629275,0.8080610862387583,0.0,0.032528482,0.032528486,0.20853555,0.20853554,1582450
0.7,0.0044932505,0.008781471,0.8080610862387583,0.0,0.032528482,0.032528486,0.20853555,0.20853554,1582450
0.7,0.00045513365,0.009097044,0.8080610862387583,0.0,0.032528482,0.032528486,0.20853555,0.20853554,1582450
0.7,0.013909442,0.018049765,0.8080610862387583,0.0,0.032528482,0.032528486,0.20853555,0.20853554,1582450
0.7,7.5350414e-05,0.0033973795,0.8080610862387583,0.0,0.032528482,0.032528486,0.20853555,0.20853554,1582450
0.7,5.734503e-05,0.008585303,0.8080610862387583,0.0,0.032528482,0.032528486,0.20853555,0.20853554,1582450
0.7,0.00020215414,0.008644265,0.8080610862387583,0.0,0.032528482,0.032528486,0.20853555,0.20853554,1582450
0.7,0.00045647987,0.008967154,0.8080610862387583,0.0,0.032528482,0.032528486,0.20853555,0.20853554,1582450
0.7,0.009325902,0.022945853,0.8080610862387583,0.0,0.032528482,0.032528486,0.20853555,0.20853554,1582450
0.7,6.674806e-05,0.008600671,0.8080610862387583,0.0,0.032528482,0.032528486,0.20853555,0.20853554,1582450
0.7,0.00031611393,0.0036637487,0.8080610862387583,0.0,0.032528482,0.032528486,0.20853555,0.20853554,1582450
0.7,0.00966071,0.0062978542,0.8080610862387583,0.0,0.032528482,0.032528486,0.20853555,0.20853554,1582450
0.7,0.00022481664,0.008625328,0.8080610862387583,0.0,0.032528482,0.032528486,0.20853555,0.20853554,1582450
0.7,0.0036968072,0.011240258,0.8080610862387583,0.0,0.032528482,0.032528486,0.20853555,0.20853554,1582450
0.7,0.006697701,0.02515236,0.8080610862387583,0.0,0.032528482,0.032528486,0.20853555,0.20853554,1582450
0.7,0.0046747755,0.009452366,0.8080610862387583,0.0,0.032528482,0.032528486,0.20853555,0.20853554,1582450
0.7,0.0011237821,0.0037032291,0.8080610862387583,0.0,0.032528482,0.032528486,0.20853555,0.20853554,1582450
0.7,0.00041143986,0.008669438,0.8080610862387583,0.0,0.032528482,0.032528486,0.20853555,0.20853554,1582450
0.7,0.0009869884,0.008715484,0.8080610862387583,0.0,0.032528482,0.032528486,0.20853555,0.20853554,1582450
0.7,0.02049017,0.026338419,0.8080610862387583,0.0,0.032528482,0.032528486,0.20853555,0.20853554,1582450
0.7,0.0073011303,0.011728447,0.8080610862387583,0.0,0.032528482,0.032528486,0.20853555,0.20853554,1582450
0.7,0.007925747,0.010506742,0.8080610862387583,0.0,0.032528482,0.032528486,0.20853555,0.20853554,1582450
0.7,0.0073810774,0.023160836,0.8080610862387583,0.0,0.032528482,0.032528486,0.20853555,0.20853554,1582450
0.7,0.002514752,0.010552425,0.8080610862387583,0.0,0.032528482,0.032528486,0.20853555,0.20853554,1582450
0.7,0.00019151784,0.008684771,0.8080610862387583,0.0,0.032528482,0.032528486,0.20853555,0.20853554,1582450
0.7,0.0011414546,0.009805644,0.8080610862387583,0.0,0.032528482,0.032528486,0.20853555,0.20853554,1582450
0.7,1.2059069e-05,0.0033811796,0.8080610862387583,0.0,0.032528482,0.032528486,0.20853555,0.20853554,1582450
0.7,6.514079e-05,0.008681979,0.8080610862387583,0.0,0.032528482,0.032528486,0.20853555,0.20853554,1582450
0.7,0.00016955851,0.008605185,0.8080610862387583,0.0,0.032528482,0.032528486,0.20853555,0.20853554,1582450
0.7,0.0005028215,0.00875926,0.8080610862387583,0.0,0.032528482,0.032528486,0.20853555,0.20853554,1582450
0.7,7.6240874e-05,0.008579675,0.8080610862387583,0.0,0.032528482,0.032528486,0.20853555,0.20853554,1582450
0.7,0.00032489697,0.0086262375,0.8080610862387583,0.0,0.032528482,0.032528486,0.20853555,0.20853554,1582450
0.7,0.0025075972,0.016132876,0.8080610862387583,0.0,0.032528482,0.032528486,0.20853555,0.20853554,1582450
0.7,0.061846193,0.021368748,0.8080610862387583,0.0,0.032528482,0.032528486,0.20853555,0.20853554,1582450
0.7,4.206173e-05,0.008574146,0.8080610862387583,0.0,0.032528482,0.032528486,0.20853555,0.20853554,1582450
0.7,0.0034145468,0.009638838,0.8080610862387583,0.0,0.032528482,0.032528486,0.20853555,0.20853554,1582450
0.7,2.000333e-05,0.008572182,0.8080610862387583,0.0,0.032528482,0.032528486,0.20853555,0.20853554,1582450
0.7,0.00049342023,0.015361254,0.8080610862387583,0.0,0.032528482,0.032528486,0.20853555,0.20853554,1582450
0.7,0.000119806704,0.008629722,0.8080610862387583,0.0,0.032528482,0.032528486,0.20853555,0.20853554,1582450
0.7,0.00020077893,0.0034503834,0.8080610862387583,0.0,0.032528482,0.032528486,0.20853555,0.20853554,1582450
0.7,0.17854825,0.27561107,0.8080610862387583,0.0,0.032528482,0.032528486,0.20853555,0.20853554,1582450
0.7,0.008931226,0.012103022,0.8080610862387583,0.0,0.032528482,0.032528486,0.20853555,0.20853554,1582450
0.7,0.00048590518,0.008694599,0.8080610862387583,0.0,0.032528482,0.032528486,0.20853555,0.20853554,1582450
0.7,0.0040529817,0.011582144,0.8080610862387583,0.0,0.032528482,0.032528486,0.20853555,0.20853554,1582450
0.7,0.00026554347,0.008656903,0.8080610862387583,0.0,0.032528482,0.032528486,0.20853555,0.20853554,1582450
0.7,3.6830435e-05,0.0085792085,0.8080610862387583,0.0,0.032528482,0.032528486,0.20853555,0.20853554,1582450
0.7,0.00035167468,0.003433214,0.8080610862387583,0.0,0.032528482,0.032528486,0.20853555,0.20853554,1582450
0.7,0.004951228,0.010408219,0.8080610862387583,0.0,0.032528482,0.032528486,0.20853555,0.20853554,1582450
0.7,0.023686476,0.0336343,0.8080610862387583,0.0,0.032528482,0.032528486,0.20853555,0.20853554,1582450
0.7,0.15144804,0.13122748,0.8080610862387583,0.0,0.032528482,0.032528486,0.20853555,0.20853554,1582450
0.7,0.7140956,0.2566008,0.8080610862387583,0.0,0.032528482,0.032528486,0.20853555,0.20853554,1582450
0.7,0.22337447,0.11430863,0.8080610862387583,0.0,0.032528482,0.032528486,0.20853555,0.20853554,1582450
0.7,0.04623389,0.026011508,0.8080610862387583,0.0,0.032528482,0.032528486,0.20853555,0.20853554,1582450
0.7,0.0022820756,0.0101569025,0.8080610862387583,0.0,0.032528482,0.032528486,0.20853555,0.20853554,1582450
0.7,0.000496216,0.00364871,0.8080610862387583,0.0,0.032528482,0.032528486,0.20853555,0.20853554,1582450
0.7,0.0006264489,0.008708819,0.8080610862387583,0.0,0.032528482,0.032528486,0.20853555,0.20853554,1582450
0.7,0.005798717,0.040839776,0.8080610862387583,0.0,0.032528482,0.032528486,0.20853555,0.20853554,1582450
0.7,0.0061741336,0.011009102,0.8080610862387583,0.0,0.032528482,0.032528486,0.20853555,0.20853554,1582450
0.7,0.0014918913,0.009633125,0.8080610862387583,0.0,0.032528482,0.032528486,0.20853555,0.20853554,1582450
0.7,0.01425852,0.02795781,0.8080610862387583,0.0,0.032528482,0.032528486,0.20853555,0.20853554,1582450
0.7,0.0028368803,0.0042278203,0.8080610862387583,0.0,0.032528482,0.032528486,0.20853555,0.20853554,1582450
0.7,0.001631667,0.0039031913,0.8080610862387583,0.0,0.032528482,0.032528486,0.20853555,0.20853554,1582450
0.7,0.010195266,0.009275206,0.8080610862387583,0.0,0.032528482,0.032528486,0.20853555,0.20853554,1582450
0.7,0.14024337,0.15844832,0.8080610862387583,0.0,0.032528482,0.032528486,0.20853555,0.20853554,1582450
0.7,0.0011470373,0.022434035,0.8080610862387583,0.0,0.032528482,0.032528486,0.20853555,0.20853554,1582450
0.7,0.001046376,0.009127949,0.8080610862387583,0.0,0.032528482,0.032528486,0.20853555,0.20853554,1582450
0.7,0.018076897,0.016595896,0.8080610862387583,0.0,0.032528482,0.032528486,0.20853555,0.20853554,1582450
0.7,0.01971786,0.02940496,0.8080610862387583,0.0,0.032528482,0.032528486,0.20853555,0.20853554,1582450
0.7,0.10261158,0.1328591,0.8080610862387583,0.0,0.032528482,0.032528486,0.20853555,0.20853554,1582450
0.7,0.09711922,0.037324693,0.8080610862387583,0.0,0.032528482,0.032528486,0.20853555,0.20853554,1582450
0.7,0.0010712068,0.009618332,0.8080610862387583,0.0,0.032528482,0.032528486,0.20853555,0.20853554,1582450
0.7,0.012953034,0.009816361,0.8080610862387583,0.0,0.032528482,0.032528486,0.20853555,0.20853554,1582450
0.7,0.026590178,0.062008273,0.8080610862387583,0.0,0.032528482,0.032528486,0.20853555,0.20853554,1582450
0.7,0.00081390195,0.009382886,0.8080610862387583,0.0,0.032528482,0.032528486,0.20853555,0.20853554,1582450
0.7,0.13029814,0.05248721,0.8080610862387583,0.0,0.032528482,0.032528486,0.20853555,0.20853554,1582450
0.7,0.0005166973,0.008686517,0.8080610862387583,0.0,0.032528482,0.032528486,0.20853555,0.20853554,1582450
0.7,0.014175163,0.016337171,0.8080610862387583,0.0,0.032528482,0.032528486,0.20853555,0.20853554,1582450
0.7,0.0391619,0.04656116,0.8080610862387583,0.0,0.032528482,0.032528486,0.20853555,0.20853554,1582450
0.7,0.00017777747,0.008631472,0.8080610862387583,0.0,0.032528482,0.032528486,0.20853555,0.20853554,1582450
0.7,0.027020367,0.028443547,0.8080610862387583,0.0,0.032528482,0.032528486,0.20853555,0.20853554,1582450
0.7,0.00096999115,0.010999867,0.8080610862387583,0.0,0.032528482,0.032528486,0.20853555,0.20853554,1582450
0.7,0.0047033094,0.016228138,0.8080610862387583,0.0,0.032528482,0.032528486,0.20853555,0.20853554,1582450
0.7,0.00032771347,0.008671961,0.8080610862387583,0.0,0.032528482,0.032528486,0.20853555,0.20853554,1582450
0.7,3.922266e-05,0.008605308,0.8080610862387583,0.0,0.032528482,0.032528486,0.20853555,0.20853554,1582450
0.7,0.0024758943,0.008913967,0.8080610862387583,0.0,0.032528482,0.032528486,0.20853555,0.20853554,1582450
0.7,1.1308886e-06,0.008563983,0.8080610862387583,0.0,0.032528482,0.032528486,0.20853555,0.20853554,1582450
0.7,6.753109e-05,0.008584573,0.8080610862387583,0.0,0.032528482,0.032528486,0.20853555,0.20853554,1582450
0.7,0.00021987877,0.0035786193,0.8080610862387583,0.0,0.032528482,0.032528486,0.20853555,0.20853554,1582450
0.7,0.01910188,0.032679696,0.8080610862387583,0.0,0.032528482,0.032528486,0.20853555,0.20853554,1582450
0.7,0.029308487,0.028084438,0.8080610862387583,0.0,0.032528482,0.032528486,0.20853555,0.20853554,1582450
0.7,0.060666647,0.06449686,0.8080610862387583,0.0,0.032528482,0.032528486,0.20853555,0.20853554,1582450
0.7,0.00010166088,0.0034530025,0.8080610862387583,0.0,0.032528482,0.032528486,0.20853555,0.20853554,1582450
0.7,0.00011577479,0.008586083,0.8080610862387583,0.0,0.032528482,0.032528486,0.20853555,0.20853554,1582450
0.7,0.01800674,0.013799541,0.8080610862387583,0.0,0.032528482,0.032528486,0.20853555,0.20853554,1582450
0.7,0.0047934107,0.028012445,0.8080610862387583,0.0,0.032528482,0.032528486,0.20853555,0.20853554,1582450
0.7,0.12514457,0.10771063,0.8080610862387583,0.0,0.032528482,0.032528486,0.20853555,0.20853554,1582450
0.7,8.091205e-05,0.008623091,0.8080610862387583,0.0,0.032528482,0.032528486,0.20853555,0.20853554,1582450
0.7,0.00047449075,0.003514687,0.8080610862387583,0.0,0.032528482,0.032528486,0.20853555,0.20853554,1582450
0.7,0.023432879,0.04472138,0.8080610862387583,0.0,0.032528482,0.032528486,0.20853555,0.20853554,1582450
0.7,0.012742103,0.010273628,0.8080610862387583,0.0,0.032528482,0.032528486,0.20853555,0.20853554,1582450
0.7,0.010838704,0.012392445,0.8080610862387583,0.0,0.032528482,0.032528486,0.20853555,0.20853554,1582450
0.7,0.0010276657,0.0038220005,0.8080610862387583,0.0,0.032528482,0.032528486,0.20853555,0.20853554,1582450
0.7,0.044744954,0.043394517,0.8080610862387583,0.0,0.032528482,0.032528486,0.20853555,0.20853554,1582450
0.7,0.004523938,0.022152925,0.8080610862387583,0.0,0.032528482,0.032528486,0.20853555,0.20853554,1582450
0.7,0.006449876,0.013277283,0.8080610862387583,0.0,0.032528482,0.032528486,0.20853555,0.20853554,1582450
0.7,0.024546104,0.013356003,0.8080610862387583,0.0,0.032528482,0.032528486,0.20853555,0.20853554,1582450
0.7,0.0017843274,0.003677747,0.8080610862387583,0.0,0.032528482,0.032528486,0.20853555,0.20853554,1582450
0.7,0.0016240936,0.00882847,0.8080610862387583,0.0,0.032528482,0.032528486,0.20853555,0.20853554,1582450
0.7,0.0016121417,0.009891328,0.8080610862387583,0.0,0.032528482,0.032528486,0.20853555,0.20853554,1582450
0.7,0.00024366593,0.0086088665,0.8080610862387583,0.0,0.032528482,0.032528486,0.20853555,0.20853554,1582450
0.7,0.006674427,0.013833915,0.8080610862387583,0.0,0.032528482,0.032528486,0.20853555,0.20853554,1582450
0.7,0.0018094538,0.009458446,0.8080610862387583,0.0,0.032528482,0.032528486,0.20853555,0.20853554,1582450
0.7,0.009378993,0.014972774,0.8080610862387583,0.0,0.032528482,0.032528486,0.20853555,0.20853554,1582450
0.7,0.003121173,0.024832677,0.8080610862387583,0.0,0.032528482,0.032528486,0.20853555,0.20853554,1582450
0.7,0.0821877,0.040281802,0.8080610862387583,0.0,0.032528482,0.032528486,0.20853555,0.20853554,1582450
0.7,0.012358885,0.01097381,0.8080610862387583,0.0,0.032528482,0.032528486,0.20853555,0.20853554,1582450
0.7,0.00029535603,0.0035091417,0.8080610862387583,0.0,0.032528482,0.032528486,0.20853555,0.20853554,1582450
0.7,0.0004977553,0.008850793,0.8080610862387583,0.0,0.032528482,0.032528486,0.20853555,0.20853554,1582450
0.7,0.0005480998,0.009467622,0.8080610862387583,0.0,0.032528482,0.032528486,0.20853555,0.20853554,1582450
0.7,0.15247443,0.06837771,0.8080610862387583,0.0,0.032528482,0.032528486,0.20853555,0.20853554,1582450
0.7,0.0030146504,0.01104454,0.8080610862387583,0.0,0.032528482,0.032528486,0.20853555,0.20853554,1582450
0.7,0.004122667,0.0100909155,0.8080610862387583,0.0,0.032528482,0.032528486,0.20853555,0.20853554,1582450
0.7,0.035708018,0.040766533,0.8080610862387583,0.0,0.032528482,0.032528486,0.20853555,0.20853554,1582450
0.7,0.00047587333,0.008850856,0.8080610862387583,0.0,0.032528482,0.032528486,0.20853555,0.20853554,1582450
0.7,8.938591e-06,0.008565693,0.8080610862387583,0.0,0.032528482,0.032528486,0.20853555,0.20853554,1582450
0.7,0.0007525817,0.009621338,0.8080610862387583,0.0,0.032528482,0.032528486,0.20853555,0.20853554,1582450
0.7,0.00019237245,0.0034939921,0.8080610862387583,0.0,0.032528482,0.032528486,0.20853555,0.20853554,1582450
0.7,0.000737407,0.021527689,0.8080610862387583,0.0,0.032528482,0.032528486,0.20853555,0.20853554,1582450
0.7,0.0007337947,0.008823444,0.8080610862387583,0.0,0.032528482,0.032528486,0.20853555,0.20853554,1582450
0.7,0.0048051425,0.014413606,0.8080610862387583,0.0,0.032528482,0.032528486,0.20853555,0.20853554,1582450
0.7,0.004844339,0.005445112,0.8080610862387583,0.0,0.032528482,0.032528486,0.20853555,0.20853554,1582450
0.7,0.0006814066,0.00876572,0.8080610862387583,0.0,0.032528482,0.032528486,0.20853555,0.20853554,1582450
0.7,0.002186481,0.011006422,0.8080610862387583,0.0,0.032528482,0.032528486,0.20853555,0.20853554,1582450
0.7,0.0071936143,0.023189275,0.8080610862387583,0.0,0.032528482,0.032528486,0.20853555,0.20853554,1582450
0.7,0.003573109,0.015960878,0.8080610862387583,0.0,0.032528482,0.032528486,0.20853555,0.20853554,1582450
0.7,0.056494154,0.034707427,0.8080610862387583,0.0,0.032528482,0.032528486,0.20853555,0.20853554,1582450
0.7,0.014352366,0.013124848,0.8080610862387583,0.0,0.032528482,0.032528486,0.20853555,0.20853554,1582450
0.7,0.0018906462,0.009178058,0.8080610862387583,0.0,0.032528482,0.032528486,0.20853555,0.20853554,1582450
0.7,0.051445242,0.025334505,0.8080610862387583,0.0,0.032528482,0.032528486,0.20853555,0.20853554,1582450
0.7,0.00256942,0.01053943,0.8080610862387583,0.0,0.032528482,0.032528486,0.20853555,0.20853554,1582450
0.7,0.00094939105,0.0037736662,0.8080610862387583,0.0,0.032528482,0.032528486,0.20853555,0.20853554,1582450
0.7,0.009137892,0.023413658,0.8080610862387583,0.0,0.032528482,0.032528486,0.20853555,0.20853554,1582450
0.7,0.00053819345,0.0087562455,0.8080610862387583,0.0,0.032528482,0.032528486,0.20853555,0.20853554,1582450
0.7,0.0010313847,0.0041196854,0.8080610862387583,0.0,0.032528482,0.032528486,0.20853555,0.20853554,1582450
0.7,0.026296122,0.025945205,0.8080610862387583,0.0,0.032528482,0.032528486,0.20853555,0.20853554,1582450
0.7,0.01964091,0.028660556,0.8080610862387583,0.0,0.032528482,0.032528486,0.20853555,0.20853554,1582450
0.7,0.00022080039,0.0037216186,0.8080610862387583,0.0,0.032528482,0.032528486,0.20853555,0.20853554,1582450
0.7,0.005463204,0.010237899,0.8080610862387583,0.0,0.032528482,0.032528486,0.20853555,0.20853554,1582450
0.7,0.22804706,0.049973592,0.8080610862387583,0.0,0.032528482,0.032528486,0.20853555,0.20853554,1582450
0.7,4.6721452e-05,0.0033990035,0.8080610862387583,0.0,0.032528482,0.032528486,0.20853555,0.20853554,1582450
0.7,8.317344e-05,0.0034615817,0.8080610862387583,0.0,0.032528482,0.032528486,0.20853555,0.20853554,1582450
0.7,0.0015409394,0.009927032,0.8080610862387583,0.0,0.032528482,0.032528486,0.20853555,0.20853554,1582450
0.7,0.00021454255,0.008702116,0.8080610862387583,0.0,0.032528482,0.032528486,0.20853555,0.20853554,1582450
0.7,0.02211129,0.033024054,0.8080610862387583,0.0,0.032528482,0.032528486,0.20853555,0.20853554,1582450
0.7,0.008188032,0.017129095,0.8080610862387583,0.0,0.032528482,0.032528486,0.20853555,0.20853554,1582450
0.7,0.051504187,0.03899559,0.8080610862387583,0.0,0.032528482,0.032528486,0.20853555,0.20853554,1582450
0.7,0.0058000097,0.010216483,0.8080610862387583,0.0,0.032528482,0.032528486,0.20853555,0.20853554,1582450
0.7,0.09848056,0.040515676,0.8080610862387583,0.0,0.032528482,0.032528486,0.20853555,0.20853554,1582450
0.7,0.0015463014,0.009798428,0.8080610862387583,0.0,0.032528482,0.032528486,0.20853555,0.20853554,1582450
0.7,0.017067742,0.019225968,0.8080610862387583,0.0,0.032528482,0.032528486,0.20853555,0.20853554,1582450
0.7,0.04667117,0.015990658,0.8080610862387583,0.0,0.032528482,0.032528486,0.20853555,0.20853554,1582450
0.7,0.0020064767,0.009973016,0.8080610862387583,0.0,0.032528482,0.032528486,0.20853555,0.20853554,1582450
0.7,0.021710016,0.043276552,0.8080610862387583,0.0,0.032528482,0.032528486,0.20853555,0.20853554,1582450
0.7,0.0007926231,0.008757148,0.8080610862387583,0.0,0.032528482,0.032528486,0.20853555,0.20853554,1582450
0.7,0.0055542057,0.02450607,0.8080610862387583,0.0,0.032528482,0.032528486,0.20853555,0.20853554,1582450
0.7,0.00035975085,0.00886728,0.8080610862387583,0.0,0.032528482,0.032528486,0.20853555,0.20853554,1582450
0.7,0.011419327,0.020810181,0.8080610862387583,0.0,0.032528482,0.032528486,0.20853555,0.20853554,1582450
0.7,9.822586e-06,0.0033713565,0.8080610862387583,0.0,0.032528482,0.032528486,0.20853555,0.20853554,1582450
0.7,0.025472347,0.021198664,0.8080610862387583,0.0,0.032528482,0.032528486,0.20853555,0.20853554,1582450
0.7,0.004985294,0.027006935,0.8080610862387583,0.0,0.032528482,0.032528486,0.20853555,0.20853554,1582450
0.7,0.00069567206,0.0037080066,0.8080610862387583,0.0,0.032528482,0.032528486,0.20853555,0.20853554,1582450
0.7,0.0016051558,0.009904573,0.8080610862387583,0.0,0.032528482,0.032528486,0.20853555,0.20853554,1582450
0.7,0.002364857,0.009948136,0.8080610862387583,0.0,0.032528482,0.032528486,0.20853555,0.20853554,1582450
0.7,0.012010215,0.017130896,0.8080610862387583,0.0,0.032528482,0.032528486,0.20853555,0.20853554,1582450
0.7,0.26102906,0.38040447,0.8080610862387583,0.0,0.032528482,0.032528486,0.20853555,0.20853554,1582450
0.7,0.0019114962,0.005100307,0.8080610862387583,0.0,0.032528482,0.032528486,0.20853555,0.20853554,1582450
0.7,0.040730808,0.028444659,0.8080610862387583,0.0,0.032528482,0.032528486,0.20853555,0.20853554,1582450
0.7,0.028223557,0.035793956,0.8080610862387583,0.0,0.032528482,0.032528486,0.20853555,0.20853554,1582450
0.7,0.038085617,0.0171465,0.8080610862387583,0.0,0.032528482,0.032528486,0.20853555,0.20853554,1582450
0.7,0.92604953,0.33662263,0.8080610862387583,0.0,0.032528482,0.032528486,0.20853555,0.20853554,1582450
0.7,0.00020392699,0.00858522,0.8080610862387583,0.0,0.032528482,0.032528486,0.20853555,0.20853554,1582450
0.7,0.00017672013,0.008641773,0.8080610862387583,0.0,0.032528482,0.032528486,0.20853555,0.20853554,1582450
0.7,0.03816338,0.036508817,0.8080610862387583,0.0,0.032528482,0.032528486,0.20853555,0.20853554,1582450
0.7,0.007892734,0.022034997,0.8080610862387583,0.0,0.032528482,0.032528486,0.20853555,0.20853554,1582450
0.7,0.030369315,0.012139017,0.8080610862387583,0.0,0.032528482,0.032528486,0.20853555,0.20853554,1582450
0.7,0.00016795986,0.008615541,0.8080610862387583,0.0,0.032528482,0.032528486,0.20853555,0.20853554,1582450
0.7,0.041680973,0.11867934,0.8080610862387583,0.0,0.032528482,0.032528486,0.20853555,0.20853554,1582450
0.7,0.015950536,0.06954345,0.8080610862387583,0.0,0.032528482,0.032528486,0.20853555,0.20853554,1582450
0.7,0.002789417,0.010214923,0.8080610862387583,0.0,0.032528482,0.032528486,0.20853555,0.20853554,1582450
0.7,0.25630242,0.10789123,0.8080610862387583,0.0,0.032528482,0.032528486,0.20853555,0.20853554,1582450
0.7,0.00043367033,0.008891343,0.8080610862387583,0.0,0.032528482,0.032528486,0.20853555,0.20853554,1582450
0.7,0.09490218,0.110785514,0.8080610862387583,0.0,0.032528482,0.032528486,0.20853555,0.20853554,1582450
0.7,0.0005205186,0.008792133,0.8080610862387583,0.0,0.032528482,0.032528486,0.20853555,0.20853554,1582450
0.7,0.005074044,0.013500999,0.8080610862387583,0.0,0.032528482,0.032528486,0.20853555,0.20853554,1582450
0.7,0.007013279,0.011472473,0.8080610862387583,0.0,0.032528482,0.032528486,0.20853555,0.20853554,1582450
0.7,0.0072557474,0.009916797,0.8080610862387583,0.0,0.032528482,0.032528486,0.20853555,0.20853554,1582450
0.7,0.00014561092,0.008734773,0.8080610862387583,0.0,0.032528482,0.032528486,0.20853555,0.20853554,1582450
0.7,0.00018052828,0.008742584,0.8080610862387583,0.0,0.032528482,0.032528486,0.20853555,0.20853554,1582450
0.7,0.023225829,0.029356696,0.8080610862387583,0.0,0.032528482,0.032528486,0.20853555,0.20853554,1582450
0.7,0.00885647,0.027347384,0.8080610862387583,0.0,0.032528482,0.032528486,0.20853555,0.20853554,1582450
0.7,0.013033005,0.018837167,0.8080610862387583,0.0,0.032528482,0.032528486,0.20853555,0.20853554,1582450
0.7,0.0008509213,0.008899248,0.8080610862387583,0.0,0.032528482,0.032528486,0.20853555,0.20853554,1582450
0.7,0.0038476442,0.024833083,0.8080610862387583,0.0,0.032528482,0.032528486,0.20853555,0.20853554,1582450
0.7,0.00046186458,0.008690397,0.8080610862387583,0.0,0.032528482,0.032528486,0.20853555,0.20853554,1582450
0.7,0.05027463,0.040745158,0.8080610862387583,0.0,0.032528482,0.032528486,0.20853555,0.20853554,1582450
0.7,0.0003025245,0.008759191,0.8080610862387583,0.0,0.032528482,0.032528486,0.20853555,0.20853554,1582450
0.7,0.0024486235,0.0040932684,0.8080610862387583,0.0,0.032528482,0.032528486,0.20853555,0.20853554,1582450
0.7,0.15085506,0.03162405,0.8080610862387583,0.0,0.032528482,0.032528486,0.20853555,0.20853554,1582450
0.7,0.0047076372,0.0076522296,0.8080610862387583,0.0,0.032528482,0.032528486,0.20853555,0.20853554,1582450
0.7,0.002703273,0.006206919,0.8080610862387583,0.0,0.032528482,0.032528486,0.20853555,0.20853554,1582450
0.7,0.004170082,0.010367792,0.8080610862387583,0.0,0.032528482,0.032528486,0.20853555,0.20853554,1582450
0.7,0.013467756,0.016052358,0.8080610862387583,0.0,0.032528482,0.032528486,0.20853555,0.20853554,1582450
0.7,0.029945903,0.044996474,0.8080610862387583,0.0,0.032528482,0.032528486,0.20853555,0.20853554,1582450
0.7,0.004726732,0.011486975,0.8080610862387583,0.0,0.032528482,0.032528486,0.20853555,0.20853554,1582450
0.7,0.15640178,0.3984638,0.8080610862387583,0.0,0.032528482,0.032528486,0.20853555,0.20853554,1582450
0.7,0.0058224364,0.010293075,0.8080610862387583,0.0,0.032528482,0.032528486,0.20853555,0.20853554,1582450
0.7,0.00017808593,0.008682585,0.8080610862387583,0.0,0.032528482,0.032528486,0.20853555,0.20853554,1582450
0.7,0.0118817445,0.019575642,0.8080610862387583,0.0,0.032528482,0.032528486,0.20853555,0.20853554,1582450
0.7,0.0011225544,0.009205507,0.8080610862387583,0.0,0.032528482,0.032528486,0.20853555,0.20853554,1582450
0.7,0.0019489924,0.008982882,0.8080610862387583,0.0,0.032528482,0.032528486,0.20853555,0.20853554,1582450
0.7,0.021291507,0.021075012,0.8080610862387583,0.0,0.032528482,0.032528486,0.20853555,0.20853554,1582450
0.7,0.008567448,0.027918106,0.8080610862387583,0.0,0.032528482,0.032528486,0.20853555,0.20853554,1582450
0.7,0.00050989696,0.008896744,0.8080610862387583,0.0,0.032528482,0.032528486,0.20853555,0.20853554,1582450
0.7,9.891233e-05,0.008599824,0.8080610862387583,0.0,0.032528482,0.032528486,0.20853555,0.20853554,1582450
0.7,0.00013908718,0.008580879,0.8080610862387583,0.0,0.032528482,0.032528486,0.20853555,0.20853554,1582450
0.7,0.0059068226,0.0047387565,0.8080610862387583,0.0,0.032528482,0.032528486,0.20853555,0.20853554,1582450
0.7,0.0006723097,0.005228756,0.8080610862387583,0.0,0.032528482,0.032528486,0.20853555,0.20853554,1582450
0.7,0.00037081496,0.0086235395,0.8080610862387583,0.0,0.032528482,0.032528486,0.20853555,0.20853554,1582450
0.7,0.0036681772,0.010634551,0.8080610862387583,0.0,0.032528482,0.032528486,0.20853555,0.20853554,1582450
0.7,0.0003126682,0.009159058,0.8080610862387583,0.0,0.032528482,0.032528486,0.20853555,0.20853554,1582450
0.7,0.0032632824,0.009681028,0.8080610862387583,0.0,0.032528482,0.032528486,0.20853555,0.20853554,1582450
0.7,0.0014357169,0.004267757,0.8080610862387583,0.0,0.032528482,0.032528486,0.20853555,0.20853554,1582450
0.7,0.03571659,0.036449004,0.8080610862387583,0.0,0.032528482,0.032528486,0.20853555,0.20853554,1582450
0.7,0.0033693095,0.0093680285,0.8080610862387583,0.0,0.032528482,0.032528486,0.20853555,0.20853554,1582450
0.7,0.00033019963,0.008698952,0.8080610862387583,0.0,0.032528482,0.032528486,0.20853555,0.20853554,1582450
0.7,0.00033860988,0.0037961996,0.8080610862387583,0.0,0.032528482,0.032528486,0.20853555,0.20853554,1582450
0.7,0.00043043945,0.00875291,0.8080610862387583,0.0,0.032528482,0.032528486,0.20853555,0.20853554,1582450
0.7,0.0051440303,0.012038507,0.8080610862387583,0.0,0.032528482,0.032528486,0.20853555,0.20853554,1582450
0.7,0.0073568486,0.016468817,0.8080610862387583,0.0,0.032528482,0.032528486,0.20853555,0.20853554,1582450
0.7,0.00016527364,0.0086361505,0.8080610862387583,0.0,0.032528482,0.032528486,0.20853555,0.20853554,1582450
0.7,0.00014796575,0.008624448,0.8080610862387583,0.0,0.032528482,0.032528486,0.20853555,0.20853554,1582450
0.7,0.0012282403,0.009462181,0.8080610862387583,0.0,0.032528482,0.032528486,0.20853555,0.20853554,1582450
0.7,0.00133834,0.010955387,0.8080610862387583,0.0,0.032528482,0.032528486,0.20853555,0.20853554,1582450
0.7,5.4179854e-06,0.008574504,0.8080610862387583,0.0,0.032528482,0.032528486,0.20853555,0.20853554,1582450
0.7,0.0018456577,0.011734769,0.8080610862387583,0.0,0.032528482,0.032528486,0.20853555,0.20853554,1582450
0.7,0.00582052,0.010982763,0.8080610862387583,0.0,0.032528482,0.032528486,0.20853555,0.20853554,1582450
0.7,0.0016546171,0.010033675,0.8080610862387583,0.0,0.032528482,0.032528486,0.20853555,0.20853554,1582450
0.7,0.0016976168,0.00893918,0.8080610862387583,0.0,0.032528482,0.032528486,0.20853555,0.20853554,1582450
0.7,0.12852883,0.09438842,0.8080610862387583,0.0,0.032528482,0.032528486,0.20853555,0.20853554,1582450
0.7,0.00011579203,0.003380771,0.8080610862387583,0.0,0.032528482,0.032528486,0.20853555,0.20853554,1582450
0.7,0.06973875,0.072466366,0.8080610862387583,0.0,0.032528482,0.032528486,0.20853555,0.20853554,1582450
0.7,0.0031306976,0.010378632,0.8080610862387583,0.0,0.032528482,0.032528486,0.20853555,0.20853554,1582450
0.7,0.0814364,0.10028596,0.8080610862387583,0.0,0.032528482,0.032528486,0.20853555,0.20853554,1582450
0.7,0.20520778,0.041827623,0.8080610862387583,0.0,0.032528482,0.032528486,0.20853555,0.20853554,1582450
0.7,0.04438152,0.0377981,0.8080610862387583,0.0,0.032528482,0.032528486,0.20853555,0.20853554,1582450
0.7,0.20348425,0.1657795,0.8080610862387583,0.0,0.032528482,0.032528486,0.20853555,0.20853554,1582450
0.7,0.00023253297,0.009000539,0.8080610862387583,0.0,0.032528482,0.032528486,0.20853555,0.20853554,1582450
0.7,0.02461192,0.04104527,0.8080610862387583,0.0,0.032528482,0.032528486,0.20853555,0.20853554,1582450
0.7,0.0006437466,0.009212279,0.8080610862387583,0.0,0.032528482,0.032528486,0.20853555,0.20853554,1582450
0.7,0.114816226,0.06788885,0.8080610862387583,0.0,0.032528482,0.032528486,0.20853555,0.20853554,1582450
0.7,0.001243794,0.009003356,0.8080610862387583,0.0,0.032528482,0.032528486,0.20853555,0.20853554,1582450
0.7,0.0011664459,0.022234544,0.8080610862387583,0.0,0.032528482,0.032528486,0.20853555,0.20853554,1582450
0.7,0.0005125463,0.008633197,0.8080610862387583,0.0,0.032528482,0.032528486,0.20853555,0.20853554,1582450
0.7,0.0028775455,0.009267631,0.8080610862387583,0.0,0.032528482,0.032528486,0.20853555,0.20853554,1582450
0.7,0.00036968003,0.008603491,0.8080610862387583,0.0,0.032528482,0.032528486,0.20853555,0.20853554,1582450
0.7,0.0012264545,0.0039034788,0.8080610862387583,0.0,0.032528482,0.032528486,0.20853555,0.20853554,1582450
0.7,0.0522612,0.037089374,0.8080610862387583,0.0,0.032528482,0.032528486,0.20853555,0.20853554,1582450
0.7,0.00022295039,0.008711174,0.8080610862387583,0.0,0.032528482,0.032528486,0.20853555,0.20853554,1582450
0.7,0.0016819512,0.010125601,0.8080610862387583,0.0,0.032528482,0.032528486,0.20853555,0.20853554,1582450
0.7,1.9369152e-05,0.008571743,0.8080610862387583,0.0,0.032528482,0.032528486,0.20853555,0.20853554,1582450
0.7,0.0367482,0.058461692,0.8080610862387583,0.0,0.032528482,0.032528486,0.20853555,0.20853554,1582450
0.7,0.00094119855,0.008858544,0.8080610862387583,0.0,0.032528482,0.032528486,0.20853555,0.20853554,1582450
0.7,0.00023390232,0.008612694,0.8080610862387583,0.0,0.032528482,0.032528486,0.20853555,0.20853554,1582450
0.7,0.00040882622,0.003567385,0.8080610862387583,0.0,0.032528482,0.032528486,0.20853555,0.20853554,1582450
0.7,0.07327604,0.09364935,0.8080610862387583,0.0,0.032528482,0.032528486,0.20853555,0.20853554,1582450
0.7,0.0028576225,0.0281666,0.8080610862387583,0.0,0.032528482,0.032528486,0.20853555,0.20853554,1582450
0.7,0.00029000064,0.008701631,0.8080610862387583,0.0,0.032528482,0.032528486,0.20853555,0.20853554,1582450
0.7,0.054333765,0.046539363,0.8080610862387583,0.0,0.032528482,0.032528486,0.20853555,0.20853554,1582450
0.7,9.095072e-05,0.008598612,0.8080610862387583,0.0,0.032528482,0.032528486,0.20853555,0.20853554,1582450
0.7,0.0017052644,0.003994838,0.8080610862387583,0.0,0.032528482,0.032528486,0.20853555,0.20853554,1582450
0.7,0.0133846365,0.012265287,0.8080610862387583,0.0,0.032528482,0.032528486,0.20853555,0.20853554,1582450
0.7,0.016798168,0.02721521,0.8080610862387583,0.0,0.032528482,0.032528486,0.20853555,0.20853554,1582450
0.7,0.00014039148,0.008594923,0.8080610862387583,0.0,0.032528482,0.032528486,0.20853555,0.20853554,1582450
0.7,0.0049729566,0.011489481,0.8080610862387583,0.0,0.032528482,0.032528486,0.20853555,0.20853554,1582450
0.7,0.028235136,0.025542358,0.8080610862387583,0.0,0.032528482,0.032528486,0.20853555,0.20853554,1582450
0.7,0.00012786148,0.008603323,0.8080610862387583,0.0,0.032528482,0.032528486,0.20853555,0.20853554,1582450
0.7,0.0724306,0.055709153,0.8080610862387583,0.0,0.032528482,0.032528486,0.20853555,0.20853554,1582450
0.7,0.0008885721,0.0088176215,0.8080610862387583,0.0,0.032528482,0.032528486,0.20853555,0.20853554,1582450
0.7,0.004034193,0.004102041,0.8080610862387583,0.0,0.032528482,0.032528486,0.20853555,0.20853554,1582450
0.7,0.05391182,0.030081749,0.8080610862387583,0.0,0.032528482,0.032528486,0.20853555,0.20853554,1582450
0.7,0.004091531,0.010483664,0.8080610862387583,0.0,0.032528482,0.032528486,0.20853555,0.20853554,1582450
0.7,0.004528684,0.009327092,0.8080610862387583,0.0,0.032528482,0.032528486,0.20853555,0.20853554,1582450
0.7,9.5098025e-05,0.008584843,0.8080610862387583,0.0,0.032528482,0.032528486,0.20853555,0.20853554,1582450
0.7,2.351923e-05,0.008577378,0.8080610862387583,0.0,0.032528482,0.032528486,0.20853555,0.20853554,1582450
0.7,0.004075343,0.009788111,0.8080610862387583,0.0,0.032528482,0.032528486,0.20853555,0.20853554,1582450
0.7,0.022988927,0.03770684,0.8080610862387583,0.0,0.032528482,0.032528486,0.20853555,0.20853554,1582450
0.7,0.026272826,0.027795918,0.8080610862387583,0.0,0.032528482,0.032528486,0.20853555,0.20853554,1582450
0.7,0.008266091,0.013826448,0.8080610862387583,0.0,0.032528482,0.032528486,0.20853555,0.20853554,1582450
0.7,0.004692587,0.014390155,0.8080610862387583,0.0,0.032528482,0.032528486,0.20853555,0.20853554,1582450
0.7,0.00019419647,0.008780503,0.8080610862387583,0.0,0.032528482,0.032528486,0.20853555,0.20853554,1582450
0.7,0.002250073,0.0100311795,0.8080610862387583,0.0,0.032528482,0.032528486,0.20853555,0.20853554,1582450
0.7,0.004085345,0.009638242,0.8080610862387583,0.0,0.032528482,0.032528486,0.20853555,0.20853554,1582450
0.7,0.0015118672,0.0038069515,0.8080610862387583,0.0,0.032528482,0.032528486,0.20853555,0.20853554,1582450
0.7,0.00043743226,0.0038448714,0.8080610862387583,0.0,0.032528482,0.032528486,0.20853555,0.20853554,1582450
0.7,0.01977889,0.03589716,0.8080610862387583,0.0,0.032528482,0.032528486,0.20853555,0.20853554,1582450
0.7,0.0481435,0.0152023425,0.8080610862387583,0.0,0.032528482,0.032528486,0.20853555,0.20853554,1582450
0.7,0.017350307,0.011099781,0.8080610862387583,0.0,0.032528482,0.032528486,0.20853555,0.20853554,1582450
0.7,0.004530742,0.008908724,0.8080610862387583,0.0,0.032528482,0.032528486,0.20853555,0.20853554,1582450
0.7,0.00039254635,0.009033908,0.8080610862387583,0.0,0.032528482,0.032528486,0.20853555,0.20853554,1582450
0.7,0.0012651369,0.003922602,0.8080610862387583,0.0,0.032528482,0.032528486,0.20853555,0.20853554,1582450
0.7,0.00023577022,0.008924792,0.8080610862387583,0.0,0.032528482,0.032528486,0.20853555,0.20853554,1582450
0.7,0.30528933,0.17908326,0.8080610862387583,0.0,0.032528482,0.032528486,0.20853555,0.20853554,1582450
0.7,0.0018983809,0.00887235,0.8080610862387583,0.0,0.032528482,0.032528486,0.20853555,0.20853554,1582450
0.7,0.0048265187,0.028774472,0.8080610862387583,0.0,0.032528482,0.032528486,0.20853555,0.20853554,1582450
0.7,0.006126074,0.009945085,0.8080610862387583,0.0,0.032528482,0.032528486,0.20853555,0.20853554,1582450
0.7,0.00286537,0.010736655,0.8080610862387583,0.0,0.032528482,0.032528486,0.20853555,0.20853554,1582450
0.7,0.090959705,0.024144895,0.8080610862387583,0.0,0.032528482,0.032528486,0.20853555,0.20853554,1582450
0.7,0.002851161,0.0149069205,0.8080610862387583,0.0,0.032528482,0.032528486,0.20853555,0.20853554,1582450
0.7,0.0001344921,0.008622101,0.8080610862387583,0.0,0.032528482,0.032528486,0.20853555,0.20853554,1582450
0.7,0.010254276,0.019080278,0.8080610862387583,0.0,0.032528482,0.032528486,0.20853555,0.20853554,1582450
0.7,0.0723518,0.06348631,0.8080610862387583,0.0,0.032528482,0.032528486,0.20853555,0.20853554,1582450
0.7,0.026480334,0.023662876,0.8080610862387583,0.0,0.032528482,0.032528486,0.20853555,0.20853554,1582450
0.7,0.007772216,0.028877595,0.8080610862387583,0.0,0.032528482,0.032528486,0.20853555,0.20853554,1582450
0.7,0.0025095362,0.004068946,0.8080610862387583,0.0,0.032528482,0.032528486,0.20853555,0.20853554,1582450
0.7,0.03266422,0.017554777,0.8080610862387583,0.0,0.032528482,0.032528486,0.20853555,0.20853554,1582450
0.7,0.0003237348,0.008637731,0.8080610862387583,0.0,0.032528482,0.032528486,0.20853555,0.20853554,1582450
0.7,0.0023864247,0.011035967,0.8080610862387583,0.0,0.032528482,0.032528486,0.20853555,0.20853554,1582450
0.7,0.002859868,0.010380613,0.8080610862387583,0.0,0.032528482,0.032528486,0.20853555,0.20853554,1582450
0.7,0.001386849,0.004345474,0.8080610862387583,0.0,0.032528482,0.032528486,0.20853555,0.20853554,1582450
0.7,0.0033335013,0.0054556523,0.8080610862387583,0.0,0.032528482,0.032528486,0.20853555,0.20853554,1582450
0.7,3.6648114e-06,0.0033752806,0.8080610862387583,0.0,0.032528482,0.032528486,0.20853555,0.20853554,1582450
0.7,0.00865113,0.012912482,0.8080610862387583,0.0,0.032528482,0.032528486,0.20853555,0.20853554,1582450
0.7,0.008442029,0.024038836,0.8080610862387583,0.0,0.032528482,0.032528486,0.20853555,0.20853554,1582450
0.7,0.0047774888,0.010241654,0.8080610862387583,0.0,0.032528482,0.032528486,0.20853555,0.20853554,1582450
0.7,0.0061653424,0.011857133,0.8080610862387583,0.0,0.032528482,0.032528486,0.20853555,0.20853554,1582450
0.7,0.08188168,0.073350064,0.8080610862387583,0.0,0.032528482,0.032528486,0.20853555,0.20853554,1582450
0.7,0.00029837506,0.008690166,0.8080610862387583,0.0,0.032528482,0.032528486,0.20853555,0.20853554,1582450
0.7,0.016574934,0.044447888,0.8080610862387583,0.0,0.032528482,0.032528486,0.20853555,0.20853554,1582450
0.7,0.0010607768,0.0087888995,0.8080610862387583,0.0,0.032528482,0.032528486,0.20853555,0.20853554,1582450
0.7,0.0876208,0.038325705,0.8080610862387583,0.0,0.032528482,0.032528486,0.20853555,0.20853554,1582450
0.7,0.0024050025,0.004033494,0.8080610862387583,0.0,0.032528482,0.032528486,0.20853555,0.20853554,1582450
0.7,0.001221131,0.009604956,0.8080610862387583,0.0,0.032528482,0.032528486,0.20853555,0.20853554,1582450
0.7,0.028534142,0.013857517,0.8080610862387583,0.0,0.032528482,0.032528486,0.20853555,0.20853554,1582450
0.7,0.037915185,0.017656477,0.8080610862387583,0.0,0.032528482,0.032528486,0.20853555,0.20853554,1582450
0.7,0.00810371,0.026380228,0.8080610862387583,0.0,0.032528482,0.032528486,0.20853555,0.20853554,1582450
0.7,0.0006080172,0.008767085,0.8080610862387583,0.0,0.032528482,0.032528486,0.20853555,0.20853554,1582450
0.7,0.00015449862,0.00858988,0.8080610862387583,0.0,0.032528482,0.032528486,0.20853555,0.20853554,1582450
0.7,1.3868982e-05,0.008571618,0.8080610862387583,0.0,0.032528482,0.032528486,0.20853555,0.20853554,1582450
0.7,0.009756604,0.023986675,0.8080610862387583,0.0,0.032528482,0.032528486,0.20853555,0.20853554,1582450
0.7,0.0031552422,0.009988849,0.8080610862387583,0.0,0.032528482,0.032528486,0.20853555,0.20853554,1582450
0.7,0.010251953,0.023444906,0.8080610862387583,0.0,0.032528482,0.032528486,0.20853555,0.20853554,1582450
0.7,0.010772373,0.011201972,0.8080610862387583,0.0,0.032528482,0.032528486,0.20853555,0.20853554,1582450
0.7,0.00023217629,0.0086465385,0.8080610862387583,0.0,0.032528482,0.032528486,0.20853555,0.20853554,1582450
0.7,0.0037707535,0.009856518,0.8080610862387583,0.0,0.032528482,0.032528486,0.20853555,0.20853554,1582450
0.7,0.0030264915,0.012579217,0.8080610862387583,0.0,0.032528482,0.032528486,0.20853555,0.20853554,1582450
0.7,0.00022266876,0.0034457291,0.8080610862387583,0.0,0.032528482,0.032528486,0.20853555,0.20853554,1582450
0.7,0.0043728547,0.025103636,0.8080610862387583,0.0,0.032528482,0.032528486,0.20853555,0.20853554,1582450
0.7,0.036278937,0.029445294,0.8080610862387583,0.0,0.032528482,0.032528486,0.20853555,0.20853554,1582450
0.7,0.00021940307,0.008685064,0.8080610862387583,0.0,0.032528482,0.032528486,0.20853555,0.20853554,1582450
0.7,0.0018057252,0.0089351265,0.8080610862387583,0.0,0.032528482,0.032528486,0.20853555,0.20853554,1582450
0.7,0.002420553,0.009264628,0.8080610862387583,0.0,0.032528482,0.032528486,0.20853555,0.20853554,1582450
0.7,0.00046140095,0.0035383035,0.8080610862387583,0.0,0.032528482,0.032528486,0.20853555,0.20853554,1582450
0.7,0.0008867373,0.008882704,0.8080610862387583,0.0,0.032528482,0.032528486,0.20853555,0.20853554,1582450
0.7,0.008072448,0.010908569,0.8080610862387583,0.0,0.032528482,0.032528486,0.20853555,0.20853554,1582450
0.7,0.08441124,0.039043393,0.8080610862387583,0.0,0.032528482,0.032528486,0.20853555,0.20853554,1582450
0.7,0.0002971078,0.0088859815,0.8080610862387583,0.0,0.032528482,0.032528486,0.20853555,0.20853554,1582450
0.7,0.0003802607,0.008676327,0.8080610862387583,0.0,0.032528482,0.032528486,0.20853555,0.20853554,1582450
0.7,0.014759825,0.014208145,0.8080610862387583,0.0,0.032528482,0.032528486,0.20853555,0.20853554,1582450
0.7,0.00037046545,0.009240508,0.8080610862387583,0.0,0.032528482,0.032528486,0.20853555,0.20853554,1582450
0.7,0.0014833768,0.003971263,0.8080610862387583,0.0,0.032528482,0.032528486,0.20853555,0.20853554,1582450
0.7,0.2671616,0.132059,0.8080610862387583,0.0,0.032528482,0.032528486,0.20853555,0.20853554,1582450
0.7,0.098165266,0.11134622,0.8080610862387583,0.0,0.032528482,0.032528486,0.20853555,0.20853554,1582450
0.7,7.17451e-05,0.003604617,0.8080610862387583,0.0,0.032528482,0.032528486,0.20853555,0.20853554,1582450
0.7,0.00025121612,0.0089081675,0.8080610862387583,0.0,0.032528482,0.032528486,0.20853555,0.20853554,1582450
0.7,0.0052456204,0.010545714,0.8080610862387583,0.0,0.032528482,0.032528486,0.20853555,0.20853554,1582450
0.7,0.022095509,0.013603629,0.8080610862387583,0.0,0.032528482,0.032528486,0.20853555,0.20853554,1582450
0.7,9.085294e-05,0.008587529,0.8080610862387583,0.0,0.032528482,0.032528486,0.20853555,0.20853554,1582450
0.7,0.00925744,0.011982495,0.8080610862387583,0.0,0.032528482,0.032528486,0.20853555,0.20853554,1582450
0.7,0.010080675,0.008375103,0.8080610862387583,0.0,0.032528482,0.032528486,0.20853555,0.20853554,1582450
0.7,3.4467666e-05,0.008578795,0.8080610862387583,0.0,0.032528482,0.032528486,0.20853555,0.20853554,1582450
0.7,0.3104816,0.2305817,0.8080610862387583,0.0,0.032528482,0.032528486,0.20853555,0.20853554,1582450
0.7,0.00061427697,0.009525627,0.8080610862387583,0.0,0.032528482,0.032528486,0.20853555,0.20853554,1582450
0.7,0.00030791576,0.0036214264,0.8080610862387583,0.0,0.032528482,0.032528486,0.20853555,0.20853554,1582450
0.7,0.0008324168,0.008905056,0.8080610862387583,0.0,0.032528482,0.032528486,0.20853555,0.20853554,1582450
0.7,0.00047447372,0.008716988,0.8080610862387583,0.0,0.032528482,0.032528486,0.20853555,0.20853554,1582450
0.7,0.09729689,0.02512756,0.8080610862387583,0.0,0.032528482,0.032528486,0.20853555,0.20853554,1582450
0.7,0.00087707763,0.008659549,0.8080610862387583,0.0,0.032528482,0.032528486,0.20853555,0.20853554,1582450
0.7,0.0015061395,0.008926942,0.8080610862387583,0.0,0.032528482,0.032528486,0.20853555,0.20853554,1582450
0.7,0.22238368,0.1584558,0.8080610862387583,0.0,0.032528482,0.032528486,0.20853555,0.20853554,1582450
0.7,0.019732349,0.019548427,0.8080610862387583,0.0,0.032528482,0.032528486,0.20853555,0.20853554,1582450
0.7,0.06567982,0.052129056,0.8080610862387583,0.0,0.032528482,0.032528486,0.20853555,0.20853554,1582450
0.7,0.01360007,0.0140961725,0.8080610862387583,0.0,0.032528482,0.032528486,0.20853555,0.20853554,1582450
0.7,0.0033234945,0.0130892955,0.8080610862387583,0.0,0.032528482,0.032528486,0.20853555,0.20853554,1582450
0.7,0.010853084,0.010635182,0.8080610862387583,0.0,0.032528482,0.032528486,0.20853555,0.20853554,1582450
0.7,0.0006971921,0.008691549,0.8080610862387583,0.0,0.032528482,0.032528486,0.20853555,0.20853554,1582450
0.7,0.000104245344,0.0035178112,0.8080610862387583,0.0,0.032528482,0.032528486,0.20853555,0.20853554,1582450
0.7,0.004845212,0.010127564,0.8080610862387583,0.0,0.032528482,0.032528486,0.20853555,0.20853554,1582450
0.7,0.033455037,0.030663215,0.8080610862387583,0.0,0.032528482,0.032528486,0.20853555,0.20853554,1582450
0.7,0.0031968704,0.022412946,0.8080610862387583,0.0,0.032528482,0.032528486,0.20853555,0.20853554,1582450
0.7,0.101871416,0.09988642,0.8080610862387583,0.0,0.032528482,0.032528486,0.20853555,0.20853554,1582450
0.7,0.024490366,0.039879985,0.8080610862387583,0.0,0.032528482,0.032528486,0.20853555,0.20853554,1582450
0.7,0.04965257,0.032646585,0.8080610862387583,0.0,0.032528482,0.032528486,0.20853555,0.20853554,1582450
0.7,0.054749344,0.05228253,0.8080610862387583,0.0,0.032528482,0.032528486,0.20853555,0.20853554,1582450
0.7,0.017417394,0.010606207,0.8080610862387583,0.0,0.032528482,0.032528486,0.20853555,0.20853554,1582450
0.7,0.0003628983,0.0035339405,0.8080610862387583,0.0,0.032528482,0.032528486,0.20853555,0.20853554,1582450
0.7,0.0037373926,0.022636319,0.8080610862387583,0.0,0.032528482,0.032528486,0.20853555,0.20853554,1582450
0.7,0.008000767,0.02603307,0.8080610862387583,0.0,0.032528482,0.032528486,0.20853555,0.20853554,1582450
0.7,0.026274795,0.024608772,0.8080610862387583,0.0,0.032528482,0.032528486,0.20853555,0.20853554,1582450
0.7,0.02297224,0.02465208,0.8080610862387583,0.0,0.032528482,0.032528486,0.20853555,0.20853554,1582450
0.7,0.008457897,0.027871389,0.8080610862387583,0.0,0.032528482,0.032528486,0.20853555,0.20853554,1582450
0.7,0.0055340524,0.010067649,0.8080610862387583,0.0,0.032528482,0.032528486,0.20853555,0.20853554,1582450
0.7,0.011734998,0.014452485,0.8080610862387583,0.0,0.032528482,0.032528486,0.20853555,0.20853554,1582450
0.7,0.08341345,0.08681014,0.8080610862387583,0.0,0.032528482,0.032528486,0.20853555,0.20853554,1582450
0.7,0.0033333988,0.0045622597,0.8080610862387583,0.0,0.032528482,0.032528486,0.20853555,0.20853554,1582450
0.7,0.0028398328,0.009678688,0.8080610862387583,0.0,0.032528482,0.032528486,0.20853555,0.20853554,1582450
0.7,0.00076932186,0.008933115,0.8080610862387583,0.0,0.032528482,0.032528486,0.20853555,0.20853554,1582450
0.7,0.01824342,0.034028232,0.8080610862387583,0.0,0.032528482,0.032528486,0.20853555,0.20853554,1582450
0.7,0.0005246716,0.008799795,0.8080610862387583,0.0,0.032528482,0.032528486,0.20853555,0.20853554,1582450
0.7,0.0019835038,0.010810331,0.8080610862387583,0.0,0.032528482,0.032528486,0.20853555,0.20853554,1582450
0.7,0.0015859621,0.009030117,0.8080610862387583,0.0,0.032528482,0.032528486,0.20853555,0.20853554,1582450
0.7,0.00035991997,0.00893812,0.8080610862387583,0.0,0.032528482,0.032528486,0.20853555,0.20853554,1582450
0.7,0.014069602,0.019591082,0.8080610862387583,0.0,0.032528482,0.032528486,0.20853555,0.20853554,1582450
0.7,0.00014883456,0.0086263325,0.8080610862387583,0.0,0.032528482,0.032528486,0.20853555,0.20853554,1582450
0.7,0.0029866083,0.015856022,0.8080610862387583,0.0,0.032528482,0.032528486,0.20853555,0.20853554,1582450
0.7,0.00036613655,0.008672669,0.8080610862387583,0.0,0.032528482,0.032528486,0.20853555,0.20853554,1582450
0.7,0.0003727061,0.008868562,0.8080610862387583,0.0,0.032528482,0.032528486,0.20853555,0.20853554,1582450
0.7,0.007958971,0.012354168,0.8080610862387583,0.0,0.032528482,0.032528486,0.20853555,0.20853554,1582450
0.7,0.0029467128,0.011165125,0.8080610862387583,0.0,0.032528482,0.032528486,0.20853555,0.20853554,1582450
0.7,0.047878616,0.07381822,0.8080610862387583,0.0,0.032528482,0.032528486,0.20853555,0.20853554,1582450
0.7,0.11291636,0.08538977,0.8080610862387583,0.0,0.032528482,0.032528486,0.20853555,0.20853554,1582450
0.7,0.0010195584,0.008998548,0.8080610862387583,0.0,0.032528482,0.032528486,0.20853555,0.20853554,1582450
0.7,0.023920154,0.01768485,0.8080610862387583,0.0,0.032528482,0.032528486,0.20853555,0.20853554,1582450
0.7,0.008066488,0.017313484,0.8080610862387583,0.0,0.032528482,0.032528486,0.20853555,0.20853554,1582450
0.7,0.0009786612,0.009155769,0.8080610862387583,0.0,0.032528482,0.032528486,0.20853555,0.20853554,1582450
0.7,0.035387896,0.034047615,0.8080610862387583,0.0,0.032528482,0.032528486,0.20853555,0.20853554,1582450
0.7,0.010412357,0.019004581,0.8080610862387583,0.0,0.032528482,0.032528486,0.20853555,0.20853554,1582450
0.7,0.00721949,0.0119303465,0.8080610862387583,0.0,0.032528482,0.032528486,0.20853555,0.20853554,1582450
0.7,0.00015947835,0.008673456,0.8080610862387583,0.0,0.032528482,0.032528486,0.20853555,0.20853554,1582450
0.7,0.0019923039,0.022809634,0.8080610862387583,0.0,0.032528482,0.032528486,0.20853555,0.20853554,1582450
0.7,0.0058882474,0.004198961,0.8080610862387583,0.0,0.032528482,0.032528486,0.20853555,0.20853554,1582450
0.7,0.00043671,0.009137915,0.8080610862387583,0.0,0.032528482,0.032528486,0.20853555,0.20853554,1582450
0.7,0.00158407,0.010026916,0.8080610862387583,0.0,0.032528482,0.032528486,0.20853555,0.20853554,1582450
0.7,0.060235966,0.05994685,0.8080610862387583,0.0,0.032528482,0.032528486,0.20853555,0.20853554,1582450
0.7,0.0015021062,0.009011334,0.8080610862387583,0.0,0.032528482,0.032528486,0.20853555,0.20853554,1582450
0.7,0.0024234725,0.008858782,0.8080610862387583,0.0,0.032528482,0.032528486,0.20853555,0.20853554,1582450
0.7,0.0020179513,0.00958931,0.8080610862387583,0.0,0.032528482,0.032528486,0.20853555,0.20853554,1582450
0.7,0.036223616,0.04486483,0.8080610862387583,0.0,0.032528482,0.032528486,0.20853555,0.20853554,1582450
0.7,0.0029935949,0.011500319,0.8080610862387583,0.0,0.032528482,0.032528486,0.20853555,0.20853554,1582450
0.7,8.632501e-05,0.00858876,0.8080610862387583,0.0,0.032528482,0.032528486,0.20853555,0.20853554,1582450
0.7,0.0973157,0.26795676,0.8080610862387583,0.0,0.032528482,0.032528486,0.20853555,0.20853554,1582450
0.7,0.0036296614,0.009184553,0.8080610862387583,0.0,0.032528482,0.032528486,0.20853555,0.20853554,1582450
0.7,0.0031866818,0.010872555,0.8080610862387583,0.0,0.032528482,0.032528486,0.20853555,0.20853554,1582450
0.7,0.0002501937,0.008625477,0.8080610862387583,0.0,0.032528482,0.032528486,0.20853555,0.20853554,1582450
0.7,0.00043437027,0.008687088,0.8080610862387583,0.0,0.032528482,0.032528486,0.20853555,0.20853554,1582450
0.7,0.0066480553,0.022729784,0.8080610862387583,0.0,0.032528482,0.032528486,0.20853555,0.20853554,1582450
0.7,4.0452735e-05,0.0085816,0.8080610862387583,0.0,0.032528482,0.032528486,0.20853555,0.20853554,1582450
0.7,0.0036413078,0.01160478,0.8080610862387583,0.0,0.032528482,0.032528486,0.20853555,0.20853554,1582450
0.7,0.0015815694,0.022502273,0.8080610862387583,0.0,0.032528482,0.032528486,0.20853555,0.20853554,1582450
0.7,0.040431827,0.036254328,0.8080610862387583,0.0,0.032528482,0.032528486,0.20853555,0.20853554,1582450
0.7,0.0016024929,0.00926741,0.8080610862387583,0.0,0.032528482,0.032528486,0.20853555,0.20853554,1582450
0.7,0.017452931,0.013372519,0.8080610862387583,0.0,0.032528482,0.032528486,0.20853555,0.20853554,1582450
0.7,0.0004107901,0.0034970376,0.8080610862387583,0.0,0.032528482,0.032528486,0.20853555,0.20853554,1582450
0.7,0.0012590343,0.009292461,0.8080610862387583,0.0,0.032528482,0.032528486,0.20853555,0.20853554,1582450
0.7,0.033493772,0.06254618,0.8080610862387583,0.0,0.032528482,0.032528486,0.20853555,0.20853554,1582450
0.7,0.0017693045,0.0038729056,0.8080610862387583,0.0,0.032528482,0.032528486,0.20853555,0.20853554,1582450
0.7,4.9295482e-05,0.008583181,0.8080610862387583,0.0,0.032528482,0.032528486,0.20853555,0.20853554,1582450
0.7,0.003948779,0.010321327,0.8080610862387583,0.0,0.032528482,0.032528486,0.20853555,0.20853554,1582450
0.7,0.00239635,0.009372377,0.8080610862387583,0.0,0.032528482,0.032528486,0.20853555,0.20853554,1582450
0.7,0.0011694717,0.010858233,0.8080610862387583,0.0,0.032528482,0.032528486,0.20853555,0.20853554,1582450
0.7,0.020481212,0.019027995,0.8080610862387583,0.0,0.032528482,0.032528486,0.20853555,0.20853554,1582450
0.7,1.8610157e-05,0.008566961,0.8080610862387583,0.0,0.032528482,0.032528486,0.20853555,0.20853554,1582450
0.7,0.0038188566,0.009175785,0.8080610862387583,0.0,0.032528482,0.032528486,0.20853555,0.20853554,1582450
0.7,0.022962993,0.021801895,0.8080610862387583,0.0,0.032528482,0.032528486,0.20853555,0.20853554,1582450
0.7,0.18338674,0.10948625,0.8080610862387583,0.0,0.032528482,0.032528486,0.20853555,0.20853554,1582450
0.7,0.0013099419,0.008803026,0.8080610862387583,0.0,0.032528482,0.032528486,0.20853555,0.20853554,1582450
0.7,6.34632e-05,0.0085999975,0.8080610862387583,0.0,0.032528482,0.032528486,0.20853555,0.20853554,1582450
0.7,0.00355218,0.0093339,0.8080610862387583,0.0,0.032528482,0.032528486,0.20853555,0.20853554,1582450
0.7,0.006320891,0.011738152,0.8080610862387583,0.0,0.032528482,0.032528486,0.20853555,0.20853554,1582450
0.7,0.0017024336,0.009072944,0.8080610862387583,0.0,0.032528482,0.032528486,0.20853555,0.20853554,1582450
0.7,0.0118207615,0.022812447,0.8080610862387583,0.0,0.032528482,0.032528486,0.20853555,0.20853554,1582450
0.7,0.00065978506,0.003755563,0.8080610862387583,0.0,0.032528482,0.032528486,0.20853555,0.20853554,1582450
0.7,0.23277044,0.07241344,0.8080610862387583,0.0,0.032528482,0.032528486,0.20853555,0.20853554,1582450
0.7,0.004254562,0.009836695,0.8080610862387583,0.0,0.032528482,0.032528486,0.20853555,0.20853554,1582450
0.7,0.00079975894,0.009349435,0.8080610862387583,0.0,0.032528482,0.032528486,0.20853555,0.20853554,1582450
0.7,0.007433179,0.010416707,0.8080610862387583,0.0,0.032528482,0.032528486,0.20853555,0.20853554,1582450
0.7,0.025007363,0.048515096,0.8080610862387583,0.0,0.032528482,0.032528486,0.20853555,0.20853554,1582450
0.7,7.091157e-05,0.0033977204,0.8080610862387583,0.0,0.032528482,0.032528486,0.20853555,0.20853554,1582450
0.7,0.00073651684,0.009188128,0.8080610862387583,0.0,0.032528482,0.032528486,0.20853555,0.20853554,1582450
0.7,0.01477488,0.014306488,0.8080610862387583,0.0,0.032528482,0.032528486,0.20853555,0.20853554,1582450
0.7,0.0025213996,0.0063293464,0.8080610862387583,0.0,0.032528482,0.032528486,0.20853555,0.20853554,1582450
0.7,0.001384961,0.022706317,0.8080610862387583,0.0,0.032528482,0.032528486,0.20853555,0.20853554,1582450
0.7,0.027152456,0.013018024,0.8080610862387583,0.0,0.032528482,0.032528486,0.20853555,0.20853554,1582450
0.7,0.036309145,0.016346518,0.8080610862387583,0.0,0.032528482,0.032528486,0.20853555,0.20853554,1582450
0.7,0.00022233465,0.008718847,0.8080610862387583,0.0,0.032528482,0.032528486,0.20853555,0.20853554,1582450
0.7,1.7004264e-05,0.008569274,0.8080610862387583,0.0,0.032528482,0.032528486,0.20853555,0.20853554,1582450
0.7,7.534385e-05,0.008594625,0.8080610862387583,0.0,0.032528482,0.032528486,0.20853555,0.20853554,1582450
0.7,0.026391285,0.03638783,0.8080610862387583,0.0,0.032528482,0.032528486,0.20853555,0.20853554,1582450
0.7,0.002398174,0.0105077,0.8080610862387583,0.0,0.032528482,0.032528486,0.20853555,0.20853554,1582450
0.7,2.6234891e-05,0.008570193,0.8080610862387583,0.0,0.032528482,0.032528486,0.20853555,0.20853554,1582450
0.7,4.2126354e-05,0.0033922906,0.8080610862387583,0.0,0.032528482,0.032528486,0.20853555,0.20853554,1582450
0.7,0.0005587135,0.0088962335,0.8080610862387583,0.0,0.032528482,0.032528486,0.20853555,0.20853554,1582450
0.7,7.4782416e-05,0.008580514,0.8080610862387583,0.0,0.032528482,0.032528486,0.20853555,0.20853554,1582450
0.7,3.9867013e-05,0.0033796495,0.8080610862387583,0.0,0.032528482,0.032528486,0.20853555,0.20853554,1582450
0.7,0.00020945512,0.008655236,0.8080610862387583,0.0,0.032528482,0.032528486,0.20853555,0.20853554,1582450
0.7,0.00014968481,0.008641373,0.8080610862387583,0.0,0.032528482,0.032528486,0.20853555,0.20853554,1582450
0.7,0.00042100536,0.0042753,0.8080610862387583,0.0,0.032528482,0.032528486,0.20853555,0.20853554,1582450
0.7,0.6738849,0.43277857,0.8080610862387583,0.0,0.032528482,0.032528486,0.20853555,0.20853554,1582450
0.7,0.00045131,0.008724502,0.8080610862387583,0.0,0.032528482,0.032528486,0.20853555,0.20853554,1582450
0.7,0.00059819524,0.009007381,0.8080610862387583,0.0,0.032528482,0.032528486,0.20853555,0.20853554,1582450
0.7,0.05768538,0.020052444,0.8080610862387583,0.0,0.032528482,0.032528486,0.20853555,0.20853554,1582450
0.7,0.11842925,0.118332155,0.8080610862387583,0.0,0.032528482,0.032528486,0.20853555,0.20853554,1582450
0.7,0.00010895938,0.0034696427,0.8080610862387583,0.0,0.032528482,0.032528486,0.20853555,0.20853554,1582450
0.7,0.0022691265,0.01980162,0.8080610862387583,0.0,0.032528482,0.032528486,0.20853555,0.20853554,1582450
0.7,0.0005163928,0.00885521,0.8080610862387583,0.0,0.032528482,0.032528486,0.20853555,0.20853554,1582450
0.7,0.0036039145,0.00976702,0.8080610862387583,0.0,0.032528482,0.032528486,0.20853555,0.20853554,1582450
0.7,6.526034e-05,0.008581042,0.8080610862387583,0.0,0.032528482,0.032528486,0.20853555,0.20853554,1582450
0.7,3.202421e-05,0.008612267,0.8080610862387583,0.0,0.032528482,0.032528486,0.20853555,0.20853554,1582450
0.7,0.0039755506,0.007404557,0.8080610862387583,0.0,0.032528482,0.032528486,0.20853555,0.20853554,1582450
0.7,0.00017201473,0.008782821,0.8080610862387583,0.0,0.032528482,0.032528486,0.20853555,0.20853554,1582450
0.7,0.0045095556,0.0061155483,0.8080610862387583,0.0,0.032528482,0.032528486,0.20853555,0.20853554,1582450
0.7,0.0070983805,0.029020116,0.8080610862387583,0.0,0.032528482,0.032528486,0.20853555,0.20853554,1582450
0.7,0.0038868259,0.009548225,0.8080610862387583,0.0,0.032528482,0.032528486,0.20853555,0.20853554,1582450
0.7,0.0013286754,0.008998152,0.8080610862387583,0.0,0.032528482,0.032528486,0.20853555,0.20853554,1582450
0.7,0.0001837506,0.008716166,0.8080610862387583,0.0,0.032528482,0.032528486,0.20853555,0.20853554,1582450
0.7,0.061721236,0.030541666,0.8080610862387583,0.0,0.032528482,0.032528486,0.20853555,0.20853554,1582450
0.7,0.01862386,0.032367725,0.8080610862387583,0.0,0.032528482,0.032528486,0.20853555,0.20853554,1582450
0.7,8.3158375e-05,0.0034544934,0.8080610862387583,0.0,0.032528482,0.032528486,0.20853555,0.20853554,1582450
0.7,0.013680458,0.03147734,0.8080610862387583,0.0,0.032528482,0.032528486,0.20853555,0.20853554,1582450
0.7,0.001553542,0.0039414107,0.8080610862387583,0.0,0.032528482,0.032528486,0.20853555,0.20853554,1582450
0.7,0.0054198317,0.0142823635,0.8080610862387583,0.0,0.032528482,0.032528486,0.20853555,0.20853554,1582450
0.7,0.010946786,0.018863866,0.8080610862387583,0.0,0.032528482,0.032528486,0.20853555,0.20853554,1582450
0.7,0.015784765,0.014922018,0.8080610862387583,0.0,0.032528482,0.032528486,0.20853555,0.20853554,1582450
0.7,0.012595115,0.012708912,0.8080610862387583,0.0,0.032528482,0.032528486,0.20853555,0.20853554,1582450
0.7,0.0033742539,0.009387844,0.8080610862387583,0.0,0.032528482,0.032528486,0.20853555,0.20853554,1582450
0.7,0.14508392,0.26886752,0.8080610862387583,0.0,0.032528482,0.032528486,0.20853555,0.20853554,1582450
0.7,0.014404335,0.013441195,0.8080610862387583,0.0,0.032528482,0.032528486,0.20853555,0.20853554,1582450
0.7,0.0003090781,0.008609042,0.8080610862387583,0.0,0.032528482,0.032528486,0.20853555,0.20853554,1582450
0.7,0.00017379149,0.008657878,0.8080610862387583,0.0,0.032528482,0.032528486,0.20853555,0.20853554,1582450
0.7,0.009596698,0.028030815,0.8080610862387583,0.0,0.032528482,0.032528486,0.20853555,0.20853554,1582450
0.7,0.36153105,0.35475957,0.8080610862387583,0.0,0.032528482,0.032528486,0.20853555,0.20853554,1582450
0.7,0.0332945,0.015029326,0.8080610862387583,0.0,0.032528482,0.032528486,0.20853555,0.20853554,1582450
0.7,0.0006671764,0.008672048,0.8080610862387583,0.0,0.032528482,0.032528486,0.20853555,0.20853554,1582450
0.7,0.00088883785,0.005364472,0.8080610862387583,0.0,0.032528482,0.032528486,0.20853555,0.20853554,1582450
0.7,0.008425535,0.0121111255,0.8080610862387583,0.0,0.032528482,0.032528486,0.20853555,0.20853554,1582450
0.7,0.0046747574,0.011203442,0.8080610862387583,0.0,0.032528482,0.032528486,0.20853555,0.20853554,1582450
0.7,8.9402594e-05,0.008585943,0.8080610862387583,0.0,0.032528482,0.032528486,0.20853555,0.20853554,1582450
0.7,0.21539183,0.06139052,0.8080610862387583,0.0,0.032528482,0.032528486,0.20853555,0.20853554,1582450
0.7,0.00043442205,0.00885627,0.8080610862387583,0.0,0.032528482,0.032528486,0.20853555,0.20853554,1582450
0.7,0.7629089,0.42625615,0.8080610862387583,0.0,0.032528482,0.032528486,0.20853555,0.20853554,1582450
0.7,4.0749383e-05,0.008588641,0.8080610862387583,0.0,0.032528482,0.032528486,0.20853555,0.20853554,1582450
0.7,0.010055097,0.031409968,0.8080610862387583,0.0,0.032528482,0.032528486,0.20853555,0.20853554,1582450
0.7,0.0011102854,0.0035349568,0.8080610862387583,0.0,0.032528482,0.032528486,0.20853555,0.20853554,1582450
0.7,0.45010176,0.56552213,0.8080610862387583,0.0,0.032528482,0.032528486,0.20853555,0.20853554,1582450
0.7,0.00031829288,0.0036463963,0.8080610862387583,0.0,0.032528482,0.032528486,0.20853555,0.20853554,1582450
0.7,0.00022751806,0.008628967,0.8080610862387583,0.0,0.032528482,0.032528486,0.20853555,0.20853554,1582450
0.7,0.0010195666,0.009579711,0.8080610862387583,0.0,0.032528482,0.032528486,0.20853555,0.20853554,1582450
0.7,0.00036193046,0.009116231,0.8080610862387583,0.0,0.032528482,0.032528486,0.20853555,0.20853554,1582450
0.7,0.0053099464,0.012937576,0.8080610862387583,0.0,0.032528482,0.032528486,0.20853555,0.20853554,1582450
0.7,0.00035447668,0.00874003,0.8080610862387583,0.0,0.032528482,0.032528486,0.20853555,0.20853554,1582450
0.7,0.012847575,0.030998522,0.8080610862387583,0.0,0.032528482,0.032528486,0.20853555,0.20853554,1582450
0.7,0.005831588,0.016440684,0.8080610862387583,0.0,0.032528482,0.032528486,0.20853555,0.20853554,1582450
0.7,0.0067975465,0.016475389,0.8080610862387583,0.0,0.032528482,0.032528486,0.20853555,0.20853554,1582450
0.7,0.0038624809,0.005289197,0.8080610862387583,0.0,0.032528482,0.032528486,0.20853555,0.20853554,1582450
0.7,0.0047008926,0.009752426,0.8080610862387583,0.0,0.032528482,0.032528486,0.20853555,0.20853554,1582450
0.7,0.0005630218,0.009130185,0.8080610862387583,0.0,0.032528482,0.032528486,0.20853555,0.20853554,1582450
0.7,0.014332032,0.016483223,0.8080610862387583,0.0,0.032528482,0.032528486,0.20853555,0.20853554,1582450
0.7,0.01225293,0.012147732,0.8080610862387583,0.0,0.032528482,0.032528486,0.20853555,0.20853554,1582450
0.7,0.10872538,0.04289232,0.8080610862387583,0.0,0.032528482,0.032528486,0.20853555,0.20853554,1582450
0.7,0.072105706,0.05560779,0.8080610862387583,0.0,0.032528482,0.032528486,0.20853555,0.20853554,1582450
0.7,0.024533646,0.013347206,0.8080610862387583,0.0,0.032528482,0.032528486,0.20853555,0.20853554,1582450
0.7,0.071811415,0.07877805,0.8080610862387583,0.0,0.032528482,0.032528486,0.20853555,0.20853554,1582450
0.7,0.07468871,0.10136045,0.8080610862387583,0.0,0.032528482,0.032528486,0.20853555,0.20853554,1582450
0.7,0.009995604,0.011600618,0.8080610862387583,0.0,0.032528482,0.032528486,0.20853555,0.20853554,1582450
0.7,0.0007249885,0.003772553,0.8080610862387583,0.0,0.032528482,0.032528486,0.20853555,0.20853554,1582450
0.7,0.0007921372,0.009213165,0.8080610862387583,0.0,0.032528482,0.032528486,0.20853555,0.20853554,1582450
0.7,0.07166001,0.023813913,0.8080610862387583,0.0,0.032528482,0.032528486,0.20853555,0.20853554,1582450
0.7,0.0006273086,0.008725095,0.8080610862387583,0.0,0.032528482,0.032528486,0.20853555,0.20853554,1582450
0.7,0.0026545287,0.010974905,0.8080610862387583,0.0,0.032528482,0.032528486,0.20853555,0.20853554,1582450
0.7,0.0030924578,0.009485856,0.8080610862387583,0.0,0.032528482,0.032528486,0.20853555,0.20853554,1582450
0.7,0.0027123494,0.010204396,0.8080610862387583,0.0,0.032528482,0.032528486,0.20853555,0.20853554,1582450
0.7,0.0004327776,0.008732886,0.8080610862387583,0.0,0.032528482,0.032528486,0.20853555,0.20853554,1582450
0.7,0.0007175513,0.009924059,0.8080610862387583,0.0,0.032528482,0.032528486,0.20853555,0.20853554,1582450
0.7,0.00038284733,0.008767122,0.8080610862387583,0.0,0.032528482,0.032528486,0.20853555,0.20853554,1582450
0.7,0.0025439067,0.0068539376,0.8080610862387583,0.0,0.032528482,0.032528486,0.20853555,0.20853554,1582450
0.7,0.02167259,0.036170386,0.8080610862387583,0.0,0.032528482,0.032528486,0.20853555,0.20853554,1582450
0.7,0.0010123771,0.005724916,0.8080610862387583,0.0,0.032528482,0.032528486,0.20853555,0.20853554,1582450
0.7,0.0016752053,0.0043546595,0.8080610862387583,0.0,0.032528482,0.032528486,0.20853555,0.20853554,1582450
0.7,0.007671267,0.0068875165,0.8080610862387583,0.0,0.032528482,0.032528486,0.20853555,0.20853554,1582450
0.7,0.21242447,0.12792149,0.8080610862387583,0.0,0.032528482,0.032528486,0.20853555,0.20853554,1582450
0.7,0.00014660378,0.0035357354,0.8080610862387583,0.0,0.032528482,0.032528486,0.20853555,0.20853554,1582450
0.7,0.007238067,0.0051126485,0.8080610862387583,0.0,0.032528482,0.032528486,0.20853555,0.20853554,1582450
0.7,0.0016886648,0.0037027646,0.8080610862387583,0.0,0.032528482,0.032528486,0.20853555,0.20853554,1582450
0.7,2.5300938e-05,0.008579772,0.8080610862387583,0.0,0.032528482,0.032528486,0.20853555,0.20853554,1582450
0.7,0.002068141,0.00946312,0.8080610862387583,0.0,0.032528482,0.032528486,0.20853555,0.20853554,1582450
0.7,0.036065195,0.023864489,0.8080610862387583,0.0,0.032528482,0.032528486,0.20853555,0.20853554,1582450
0.7,5.1953564e-05,0.008594752,0.8080610862387583,0.0,0.032528482,0.032528486,0.20853555,0.20853554,1582450
0.7,0.003074254,0.010120226,0.8080610862387583,0.0,0.032528482,0.032528486,0.20853555,0.20853554,1582450
0.7,0.000997106,0.0089176195,0.8080610862387583,0.0,0.032528482,0.032528486,0.20853555,0.20853554,1582450
0.7,0.009696593,0.02007321,0.8080610862387583,0.0,0.032528482,0.032528486,0.20853555,0.20853554,1582450
0.7,0.036378272,0.062154938,0.8080610862387583,0.0,0.032528482,0.032528486,0.20853555,0.20853554,1582450
0.7,0.018482404,0.025172811,0.8080610862387583,0.0,0.032528482,0.032528486,0.20853555,0.20853554,1582450
0.7,0.015567614,0.026026577,0.8080610862387583,0.0,0.032528482,0.032528486,0.20853555,0.20853554,1582450
0.7,0.059863977,0.048054844,0.8080610862387583,0.0,0.032528482,0.032528486,0.20853555,0.20853554,1582450
0.7,0.0034934247,0.012474865,0.8080610862387583,0.0,0.032528482,0.032528486,0.20853555,0.20853554,1582450
0.7,4.2178976e-06,0.008566135,0.8080610862387583,0.0,0.032528482,0.032528486,0.20853555,0.20853554,1582450
0.7,0.0061157863,0.019139463,0.8080610862387583,0.0,0.032528482,0.032528486,0.20853555,0.20853554,1582450
0.7,0.005319068,0.025323523,0.8080610862387583,0.0,0.032528482,0.032528486,0.20853555,0.20853554,1582450
0.7,0.0014638063,0.003657677,0.8080610862387583,0.0,0.032528482,0.032528486,0.20853555,0.20853554,1582450
0.7,0.00011066089,0.008615506,0.8080610862387583,0.0,0.032528482,0.032528486,0.20853555,0.20853554,1582450
0.7,0.013946114,0.012139955,0.8080610862387583,0.0,0.032528482,0.032528486,0.20853555,0.20853554,1582450
0.7,0.00013070591,0.008679002,0.8080610862387583,0.0,0.032528482,0.032528486,0.20853555,0.20853554,1582450
0.7,0.059335213,0.056330327,0.8080610862387583,0.0,0.032528482,0.032528486,0.20853555,0.20853554,1582450
0.7,0.0010425145,0.008766619,0.8080610862387583,0.0,0.032528482,0.032528486,0.20853555,0.20853554,1582450
0.7,0.0015379139,0.004349268,0.8080610862387583,0.0,0.032528482,0.032528486,0.20853555,0.20853554,1582450
0.7,0.004420932,0.009022433,0.8080610862387583,0.0,0.032528482,0.032528486,0.20853555,0.20853554,1582450
0.7,0.010481908,0.023962354,0.8080610862387583,0.0,0.032528482,0.032528486,0.20853555,0.20853554,1582450
0.7,0.055105872,0.05244285,0.8080610862387583,0.0,0.032528482,0.032528486,0.20853555,0.20853554,1582450
0.7,0.0006026385,0.008662468,0.8080610862387583,0.0,0.032528482,0.032528486,0.20853555,0.20853554,1582450
0.7,0.0011664053,0.009295644,0.8080610862387583,0.0,0.032528482,0.032528486,0.20853555,0.20853554,1582450
0.7,0.0062863408,0.015430785,0.8080610862387583,0.0,0.032528482,0.032528486,0.20853555,0.20853554,1582450
0.7,0.0017410935,0.008853912,0.8080610862387583,0.0,0.032528482,0.032528486,0.20853555,0.20853554,1582450
0.7,0.018542822,0.014707933,0.8080610862387583,0.0,0.032528482,0.032528486,0.20853555,0.20853554,1582450
0.7,0.0005263496,0.008653968,0.8080610862387583,0.0,0.032528482,0.032528486,0.20853555,0.20853554,1582450
0.7,0.0031831563,0.0065710773,0.8080610862387583,0.0,0.032528482,0.032528486,0.20853555,0.20853554,1582450
0.7,0.00034740948,0.008810017,0.8080610862387583,0.0,0.032528482,0.032528486,0.20853555,0.20853554,1582450
0.7,0.08086442,0.0988182,0.8080610862387583,0.0,0.032528482,0.032528486,0.20853555,0.20853554,1582450
0.7,0.029564323,0.03647731,0.8080610862387583,0.0,0.032528482,0.032528486,0.20853555,0.20853554,1582450
0.7,0.010266219,0.009572897,0.8080610862387583,0.0,0.032528482,0.032528486,0.20853555,0.20853554,1582450
0.7,0.0090383645,0.029779427,0.8080610862387583,0.0,0.032528482,0.032528486,0.20853555,0.20853554,1582450
0.7,0.09173048,0.12687455,0.8080610862387583,0.0,0.032528482,0.032528486,0.20853555,0.20853554,1582450
0.7,0.020095425,0.023228684,0.8080610862387583,0.0,0.032528482,0.032528486,0.20853555,0.20853554,1582450
0.7,0.00034611457,0.008740862,0.8080610862387583,0.0,0.032528482,0.032528486,0.20853555,0.20853554,1582450
0.7,0.025373297,0.027241692,0.8080610862387583,0.0,0.032528482,0.032528486,0.20853555,0.20853554,1582450
0.7,0.018318534,0.03642363,0.8080610862387583,0.0,0.032528482,0.032528486,0.20853555,0.20853554,1582450
0.7,0.00023707139,0.008619171,0.8080610862387583,0.0,0.032528482,0.032528486,0.20853555,0.20853554,1582450
0.7,0.0007063684,0.0088987835,0.8080610862387583,0.0,0.032528482,0.032528486,0.20853555,0.20853554,1582450
0.7,0.11794303,0.1294584,0.8080610862387583,0.0,0.032528482,0.032528486,0.20853555,0.20853554,1582450
0.7,0.00021481235,0.008630191,0.8080610862387583,0.0,0.032528482,0.032528486,0.20853555,0.20853554,1582450
0.7,0.0012358429,0.008865866,0.8080610862387583,0.0,0.032528482,0.032528486,0.20853555,0.20853554,1582450
0.7,0.059304792,0.075141735,0.8080610862387583,0.0,0.032528482,0.032528486,0.20853555,0.20853554,1582450
0.7,0.043966874,0.029130261,0.8080610862387583,0.0,0.032528482,0.032528486,0.20853555,0.20853554,1582450
0.7,0.006999663,0.010708504,0.8080610862387583,0.0,0.032528482,0.032528486,0.20853555,0.20853554,1582450
0.7,0.00018805188,0.003520831,0.8080610862387583,0.0,0.032528482,0.032528486,0.20853555,0.20853554,1582450
0.7,0.017213825,0.04589341,0.8080610862387583,0.0,0.032528482,0.032528486,0.20853555,0.20853554,1582450
0.7,2.5821513e-05,0.008617157,0.8080610862387583,0.0,0.032528482,0.032528486,0.20853555,0.20853554,1582450
0.7,0.040050432,0.020483723,0.8080610862387583,0.0,0.032528482,0.032528486,0.20853555,0.20853554,1582450
0.7,0.018321654,0.022284102,0.8080610862387583,0.0,0.032528482,0.032528486,0.20853555,0.20853554,1582450
0.7,0.0003994362,0.008772126,0.8080610862387583,0.0,0.032528482,0.032528486,0.20853555,0.20853554,1582450
0.7,0.042648427,0.035735942,0.8080610862387583,0.0,0.032528482,0.032528486,0.20853555,0.20853554,1582450
0.7,1.1039053e-05,0.0085752085,0.8080610862387583,0.0,0.032528482,0.032528486,0.20853555,0.20853554,1582450
0.7,0.0011215488,0.008995592,0.8080610862387583,0.0,0.032528482,0.032528486,0.20853555,0.20853554,1582450
0.7,0.00041931347,0.008616716,0.8080610862387583,0.0,0.032528482,0.032528486,0.20853555,0.20853554,1582450
0.7,0.03939862,0.018050956,0.8080610862387583,0.0,0.032528482,0.032528486,0.20853555,0.20853554,1582450
0.7,0.0013745765,0.0089735715,0.8080610862387583,0.0,0.032528482,0.032528486,0.20853555,0.20853554,1582450
0.7,0.001050137,0.009455863,0.8080610862387583,0.0,0.032528482,0.032528486,0.20853555,0.20853554,1582450
0.7,2.5966847e-05,0.008595293,0.8080610862387583,0.0,0.032528482,0.032528486,0.20853555,0.20853554,1582450
0.7,0.030074334,0.017470507,0.8080610862387583,0.0,0.032528482,0.032528486,0.20853555,0.20853554,1582450
0.7,0.00049689494,0.00391053,0.8080610862387583,0.0,0.032528482,0.032528486,0.20853555,0.20853554,1582450
0.7,0.00021773356,0.008974718,0.8080610862387583,0.0,0.032528482,0.032528486,0.20853555,0.20853554,1582450
0.7,0.0047734845,0.008181747,0.8080610862387583,0.0,0.032528482,0.032528486,0.20853555,0.20853554,1582450
0.7,0.0077309394,0.020897316,0.8080610862387583,0.0,0.032528482,0.032528486,0.20853555,0.20853554,1582450
0.7,0.006627113,0.010134715,0.8080610862387583,0.0,0.032528482,0.032528486,0.20853555,0.20853554,1582450
0.7,0.033648472,0.041951843,0.8080610862387583,0.0,0.032528482,0.032528486,0.20853555,0.20853554,1582450
0.7,0.0005424034,0.0035541912,0.8080610862387583,0.0,0.032528482,0.032528486,0.20853555,0.20853554,1582450
0.7,0.00034670703,0.008940267,0.8080610862387583,0.0,0.032528482,0.032528486,0.20853555,0.20853554,1582450
0.7,0.010614317,0.0069595557,0.8080610862387583,0.0,0.032528482,0.032528486,0.20853555,0.20853554,1582450
0.7,0.0005983514,0.009109649,0.8080610862387583,0.0,0.032528482,0.032528486,0.20853555,0.20853554,1582450
0.7,0.00045657242,0.008691503,0.8080610862387583,0.0,0.032528482,0.032528486,0.20853555,0.20853554,1582450
0.7,0.016585808,0.014837406,0.8080610862387583,0.0,0.032528482,0.032528486,0.20853555,0.20853554,1582450
0.7,0.04376016,0.07069038,0.8080610862387583,0.0,0.032528482,0.032528486,0.20853555,0.20853554,1582450
0.7,0.044636026,0.039066732,0.8080610862387583,0.0,0.032528482,0.032528486,0.20853555,0.20853554,1582450
0.7,0.0018777814,0.02357987,0.8080610862387583,0.0,0.032528482,0.032528486,0.20853555,0.20853554,1582450
0.7,0.010159442,0.027795887,0.8080610862387583,0.0,0.032528482,0.032528486,0.20853555,0.20853554,1582450
0.7,0.019975703,0.014054536,0.8080610862387583,0.0,0.032528482,0.032528486,0.20853555,0.20853554,1582450
0.7,0.00878658,0.009758912,0.8080610862387583,0.0,0.032528482,0.032528486,0.20853555,0.20853554,1582450
0.7,0.11073652,0.081572,0.8080610862387583,0.0,0.032528482,0.032528486,0.20853555,0.20853554,1582450
0.7,8.924988e-05,0.008585094,0.8080610862387583,0.0,0.032528482,0.032528486,0.20853555,0.20853554,1582450
0.7,0.00038450304,0.008631683,0.8080610862387583,0.0,0.032528482,0.032528486,0.20853555,0.20853554,1582450
0.7,0.0024746768,0.009469227,0.8080610862387583,0.0,0.032528482,0.032528486,0.20853555,0.20853554,1582450
0.7,0.017439632,0.03333934,0.8080610862387583,0.0,0.032528482,0.032528486,0.20853555,0.20853554,1582450
0.7,0.027761826,0.015110183,0.8080610862387583,0.0,0.032528482,0.032528486,0.20853555,0.20853554,1582450
0.7,0.013130391,0.02871333,0.8080610862387583,0.0,0.032528482,0.032528486,0.20853555,0.20853554,1582450
0.7,0.0024205137,0.00975855,0.8080610862387583,0.0,0.032528482,0.032528486,0.20853555,0.20853554,1582450
0.7,0.0018830315,0.009168831,0.8080610862387583,0.0,0.032528482,0.032528486,0.20853555,0.20853554,1582450
0.7,0.001599651,0.008917552,0.8080610862387583,0.0,0.032528482,0.032528486,0.20853555,0.20853554,1582450
0.7,0.00035245653,0.008701273,0.8080610862387583,0.0,0.032528482,0.032528486,0.20853555,0.20853554,1582450
0.7,0.00132676,0.008833746,0.8080610862387583,0.0,0.032528482,0.032528486,0.20853555,0.20853554,1582450
0.7,0.07656185,0.06470717,0.8080610862387583,0.0,0.032528482,0.032528486,0.20853555,0.20853554,1582450
0.7,0.041657623,0.04514151,0.8080610862387583,0.0,0.032528482,0.032528486,0.20853555,0.20853554,1582450
0.7,0.0044268584,0.009748409,0.8080610862387583,0.0,0.032528482,0.032528486,0.20853555,0.20853554,1582450
0.7,1.0145277e-05,0.008565675,0.8080610862387583,0.0,0.032528482,0.032528486,0.20853555,0.20853554,1582450
0.7,0.000991814,0.009129864,0.8080610862387583,0.0,0.032528482,0.032528486,0.20853555,0.20853554,1582450
0.7,0.01046351,0.03222284,0.8080610862387583,0.0,0.032528482,0.032528486,0.20853555,0.20853554,1582450
0.7,0.12465924,0.15276782,0.8080610862387583,0.0,0.032528482,0.032528486,0.20853555,0.20853554,1582450
0.7,0.02030541,0.019603094,0.8080610862387583,0.0,0.032528482,0.032528486,0.20853555,0.20853554,1582450
0.7,0.02198421,0.025333328,0.8080610862387583,0.0,0.032528482,0.032528486,0.20853555,0.20853554,1582450
0.7,0.024968637,0.033409208,0.8080610862387583,0.0,0.032528482,0.032528486,0.20853555,0.20853554,1582450
0.7,0.0030807266,0.010793292,0.8080610862387583,0.0,0.032528482,0.032528486,0.20853555,0.20853554,1582450
0.7,0.0013708628,0.009356828,0.8080610862387583,0.0,0.032528482,0.032528486,0.20853555,0.20853554,1582450
0.7,0.0013077866,0.008981573,0.8080610862387583,0.0,0.032528482,0.032528486,0.20853555,0.20853554,1582450
0.7,0.004411445,0.012074284,0.8080610862387583,0.0,0.032528482,0.032528486,0.20853555,0.20853554,1582450
0.7,0.0131854685,0.011603307,0.8080610862387583,0.0,0.032528482,0.032528486,0.20853555,0.20853554,1582450
0.7,0.011883335,0.015823692,0.8080610862387583,0.0,0.032528482,0.032528486,0.20853555,0.20853554,1582450
0.7,0.072103806,0.02930521,0.8080610862387583,0.0,0.032528482,0.032528486,0.20853555,0.20853554,1582450
0.7,0.2865604,0.12522288,0.8080610862387583,0.0,0.032528482,0.032528486,0.20853555,0.20853554,1582450
0.7,0.02774517,0.04069113,0.8080610862387583,0.0,0.032528482,0.032528486,0.20853555,0.20853554,1582450
0.7,0.0028971967,0.006988677,0.8080610862387583,0.0,0.032528482,0.032528486,0.20853555,0.20853554,1582450
0.7,0.00060260284,0.008685448,0.8080610862387583,0.0,0.032528482,0.032528486,0.20853555,0.20853554,1582450
0.7,0.0050840126,0.014875911,0.8080610862387583,0.0,0.032528482,0.032528486,0.20853555,0.20853554,1582450
0.7,0.00013506394,0.008616005,0.8080610862387583,0.0,0.032528482,0.032528486,0.20853555,0.20853554,1582450
0.7,0.0052020964,0.009257578,0.8080610862387583,0.0,0.032528482,0.032528486,0.20853555,0.20853554,1582450
0.7,0.00027263947,0.008943235,0.8080610862387583,0.0,0.032528482,0.032528486,0.20853555,0.20853554,1582450
0.7,0.0028118184,0.010367812,0.8080610862387583,0.0,0.032528482,0.032528486,0.20853555,0.20853554,1582450
0.7,0.002704921,0.0096497275,0.8080610862387583,0.0,0.032528482,0.032528486,0.20853555,0.20853554,1582450
0.7,0.01919777,0.021215364,0.8080610862387583,0.0,0.032528482,0.032528486,0.20853555,0.20853554,1582450
0.7,0.001733005,0.0067663398,0.8080610862387583,0.0,0.032528482,0.032528486,0.20853555,0.20853554,1582450
0.7,0.0007276994,0.0039125467,0.8080610862387583,0.0,0.032528482,0.032528486,0.20853555,0.20853554,1582450
0.7,0.0037798472,0.01044412,0.8080610862387583,0.0,0.032528482,0.032528486,0.20853555,0.20853554,1582450
0.7,0.00010046502,0.008726457,0.8080610862387583,0.0,0.032528482,0.032528486,0.20853555,0.20853554,1582450
0.7,0.0023365552,0.009336011,0.8080610862387583,0.0,0.032528482,0.032528486,0.20853555,0.20853554,1582450
0.7,0.0009841238,0.008947786,0.8080610862387583,0.0,0.032528482,0.032528486,0.20853555,0.20853554,1582450
0.7,0.09060737,0.070257455,0.8080610862387583,0.0,0.032528482,0.032528486,0.20853555,0.20853554,1582450
0.7,0.001080733,0.009584966,0.8080610862387583,0.0,0.032528482,0.032528486,0.20853555,0.20853554,1582450
0.7,0.057141114,0.05556675,0.8080610862387583,0.0,0.032528482,0.032528486,0.20853555,0.20853554,1582450
0.7,0.0018480871,0.0047024684,0.8080610862387583,0.0,0.032528482,0.032528486,0.20853555,0.20853554,1582450
0.7,4.026168e-05,0.008575447,0.8080610862387583,0.0,0.032528482,0.032528486,0.20853555,0.20853554,1582450
0.7,0.014719519,0.028213825,0.8080610862387583,0.0,0.032528482,0.032528486,0.20853555,0.20853554,1582450
0.7,0.0003931039,0.008830519,0.8080610862387583,0.0,0.032528482,0.032528486,0.20853555,0.20853554,1582450
0.7,0.00044508954,0.008747072,0.8080610862387583,0.0,0.032528482,0.032528486,0.20853555,0.20853554,1582450
0.7,0.01270528,0.0059840656,0.8080610862387583,0.0,0.032528482,0.032528486,0.20853555,0.20853554,1582450
0.7,0.02896152,0.05240063,0.8080610862387583,0.0,0.032528482,0.032528486,0.20853555,0.20853554,1582450
0.7,0.0002947144,0.008689958,0.8080610862387583,0.0,0.032528482,0.032528486,0.20853555,0.20853554,1582450
0.7,0.0068896227,0.010876949,0.8080610862387583,0.0,0.032528482,0.032528486,0.20853555,0.20853554,1582450
0.7,0.0027800573,0.010891569,0.8080610862387583,0.0,0.032528482,0.032528486,0.20853555,0.20853554,1582450
0.7,0.0049846894,0.010390791,0.8080610862387583,0.0,0.032528482,0.032528486,0.20853555,0.20853554,1582450
0.7,0.0053103897,0.01387108,0.8080610862387583,0.0,0.032528482,0.032528486,0.20853555,0.20853554,1582450
0.7,5.8310496e-05,0.008584596,0.8080610862387583,0.0,0.032528482,0.032528486,0.20853555,0.20853554,1582450
0.7,0.00022734133,0.0087012425,0.8080610862387583,0.0,0.032528482,0.032528486,0.20853555,0.20853554,1582450
0.7,4.4378558e-05,0.008581331,0.8080610862387583,0.0,0.032528482,0.032528486,0.20853555,0.20853554,1582450
0.7,0.023868365,0.061325286,0.8080610862387583,0.0,0.032528482,0.032528486,0.20853555,0.20853554,1582450
0.7,0.001203283,0.008774062,0.8080610862387583,0.0,0.032528482,0.032528486,0.20853555,0.20853554,1582450
0.7,0.0011135575,0.008847696,0.8080610862387583,0.0,0.032528482,0.032528486,0.20853555,0.20853554,1582450
0.7,0.020742564,0.024963275,0.8080610862387583,0.0,0.032528482,0.032528486,0.20853555,0.20853554,1582450
0.7,0.0015889332,0.009320589,0.8080610862387583,0.0,0.032528482,0.032528486,0.20853555,0.20853554,1582450
0.7,0.0040096333,0.011041619,0.8080610862387583,0.0,0.032528482,0.032528486,0.20853555,0.20853554,1582450
0.7,0.00014562918,0.0034401463,0.8080610862387583,0.0,0.032528482,0.032528486,0.20853555,0.20853554,1582450
0.7,0.03322146,0.012773631,0.8080610862387583,0.0,0.032528482,0.032528486,0.20853555,0.20853554,1582450
0.7,0.0035768356,0.024257345,0.8080610862387583,0.0,0.032528482,0.032528486,0.20853555,0.20853554,1582450
0.7,0.00035430602,0.008830163,0.8080610862387583,0.0,0.032528482,0.032528486,0.20853555,0.20853554,1582450
0.7,0.032112278,0.051430333,0.8080610862387583,0.0,0.032528482,0.032528486,0.20853555,0.20853554,1582450
0.7,0.00025028535,0.0086692,0.8080610862387583,0.0,0.032528482,0.032528486,0.20853555,0.20853554,1582450
0.7,8.591392e-05,0.008586117,0.8080610862387583,0.0,0.032528482,0.032528486,0.20853555,0.20853554,1582450
0.7,0.048926596,0.017825885,0.8080610862387583,0.0,0.032528482,0.032528486,0.20853555,0.20853554,1582450
0.7,0.0023979296,0.009537327,0.8080610862387583,0.0,0.032528482,0.032528486,0.20853555,0.20853554,1582450
0.7,7.985389e-05,0.0086217765,0.8080610862387583,0.0,0.032528482,0.032528486,0.20853555,0.20853554,1582450
0.7,0.0035885281,0.010042387,0.8080610862387583,0.0,0.032528482,0.032528486,0.20853555,0.20853554,1582450
0.7,0.0103043,0.011393631,0.8080610862387583,0.0,0.032528482,0.032528486,0.20853555,0.20853554,1582450
0.7,0.002497254,0.009152298,0.8080610862387583,0.0,0.032528482,0.032528486,0.20853555,0.20853554,1582450
0.7,0.00014475871,0.0086035505,0.8080610862387583,0.0,0.032528482,0.032528486,0.20853555,0.20853554,1582450
0.7,0.0065624695,0.0073577785,0.8080610862387583,0.0,0.032528482,0.032528486,0.20853555,0.20853554,1582450
0.7,0.00068422133,0.009130796,0.8080610862387583,0.0,0.032528482,0.032528486,0.20853555,0.20853554,1582450
0.7,0.0041023307,0.010939367,0.8080610862387583,0.0,0.032528482,0.032528486,0.20853555,0.20853554,1582450
0.7,0.008717018,0.011530699,0.8080610862387583,0.0,0.032528482,0.032528486,0.20853555,0.20853554,1582450
0.7,0.00164622,0.009321988,0.8080610862387583,0.0,0.032528482,0.032528486,0.20853555,0.20853554,1582450
0.7,0.0009812337,0.02192704,0.8080610862387583,0.0,0.032528482,0.032528486,0.20853555,0.20853554,1582450
0.7,0.00018532311,0.008672047,0.8080610862387583,0.0,0.032528482,0.032528486,0.20853555,0.20853554,1582450
0.7,0.0014363459,0.009258093,0.8080610862387583,0.0,0.032528482,0.032528486,0.20853555,0.20853554,1582450
0.7,0.039562676,0.039309617,0.8080610862387583,0.0,0.032528482,0.032528486,0.20853555,0.20853554,1582450
0.7,0.01657812,0.01626135,0.8080610862387583,0.0,0.032528482,0.032528486,0.20853555,0.20853554,1582450
0.7,0.00038591668,0.00909538,0.8080610862387583,0.0,0.032528482,0.032528486,0.20853555,0.20853554,1582450
0.7,0.0025694626,0.022946095,0.8080610862387583,0.0,0.032528482,0.032528486,0.20853555,0.20853554,1582450
0.7,1.5069689e-05,0.00856629,0.8080610862387583,0.0,0.032528482,0.032528486,0.20853555,0.20853554,1582450
0.7,0.0047943955,0.013986253,0.8080610862387583,0.0,0.032528482,0.032528486,0.20853555,0.20853554,1582450
0.7,0.02052803,0.018172305,0.8080610862387583,0.0,0.032528482,0.032528486,0.20853555,0.20853554,1582450
0.7,0.0002700711,0.008957307,0.8080610862387583,0.0,0.032528482,0.032528486,0.20853555,0.20853554,1582450
0.7,0.01615203,0.028548818,0.8080610862387583,0.0,0.032528482,0.032528486,0.20853555,0.20853554,1582450
0.7,0.0050403494,0.008790282,0.8080610862387583,0.0,0.032528482,0.032528486,0.20853555,0.20853554,1582450
0.7,0.000693842,0.00866212,0.8080610862387583,0.0,0.032528482,0.032528486,0.20853555,0.20853554,1582450
0.7,0.00018296961,0.008713283,0.8080610862387583,0.0,0.032528482,0.032528486,0.20853555,0.20853554,1582450
0.7,0.0015253687,0.00892133,0.8080610862387583,0.0,0.032528482,0.032528486,0.20853555,0.20853554,1582450
0.7,0.001947356,0.010143097,0.8080610862387583,0.0,0.032528482,0.032528486,0.20853555,0.20853554,1582450
0.7,0.011501259,0.0120897,0.8080610862387583,0.0,0.032528482,0.032528486,0.20853555,0.20853554,1582450
0.7,0.004708402,0.024422506,0.8080610862387583,0.0,0.032528482,0.032528486,0.20853555,0.20853554,1582450
0.7,0.0003474275,0.008845803,0.8080610862387583,0.0,0.032528482,0.032528486,0.20853555,0.20853554,1582450
0.7,0.0057213726,0.007930164,0.8080610862387583,0.0,0.032528482,0.032528486,0.20853555,0.20853554,1582450
0.7,0.18712518,0.05591383,0.8080610862387583,0.0,0.032528482,0.032528486,0.20853555,0.20853554,1582450
0.7,0.010067259,0.009834935,0.8080610862387583,0.0,0.032528482,0.032528486,0.20853555,0.20853554,1582450
0.7,0.0018472677,0.010820209,0.8080610862387583,0.0,0.032528482,0.032528486,0.20853555,0.20853554,1582450
0.7,0.0037518828,0.00950495,0.8080610862387583,0.0,0.032528482,0.032528486,0.20853555,0.20853554,1582450
0.7,0.011699495,0.026630362,0.8080610862387583,0.0,0.032528482,0.032528486,0.20853555,0.20853554,1582450
0.7,0.006583329,0.011196886,0.8080610862387583,0.0,0.032528482,0.032528486,0.20853555,0.20853554,1582450
0.7,0.006427375,0.019271014,0.8080610862387583,0.0,0.032528482,0.032528486,0.20853555,0.20853554,1582450
0.7,0.00080470584,0.009009427,0.8080610862387583,0.0,0.032528482,0.032528486,0.20853555,0.20853554,1582450
0.7,0.00024120127,0.008825076,0.8080610862387583,0.0,0.032528482,0.032528486,0.20853555,0.20853554,1582450
0.7,0.3351726,0.20456952,0.8080610862387583,0.0,0.032528482,0.032528486,0.20853555,0.20853554,1582450
0.7,0.0021695988,0.009091797,0.8080610862387583,0.0,0.032528482,0.032528486,0.20853555,0.20853554,1582450
0.7,0.0040255124,0.010299311,0.8080610862387583,0.0,0.032528482,0.032528486,0.20853555,0.20853554,1582450
0.7,0.0020338208,0.009307893,0.8080610862387583,0.0,0.032528482,0.032528486,0.20853555,0.20853554,1582450
0.7,0.10828891,0.04523015,0.8080610862387583,0.0,0.032528482,0.032528486,0.20853555,0.20853554,1582450
0.7,0.039416183,0.04171194,0.8080610862387583,0.0,0.032528482,0.032528486,0.20853555,0.20853554,1582450
0.7,0.50107706,0.119402334,0.8080610862387583,0.0,0.032528482,0.032528486,0.20853555,0.20853554,1582450
0.7,0.00043587675,0.0035981694,0.8080610862387583,0.0,0.032528482,0.032528486,0.20853555,0.20853554,1582450
0.7,8.786562e-05,0.008635781,0.8080610862387583,0.0,0.032528482,0.032528486,0.20853555,0.20853554,1582450
0.7,0.00018552934,0.008583014,0.8080610862387583,0.0,0.032528482,0.032528486,0.20853555,0.20853554,1582450
0.7,0.05782813,0.039501227,0.8080610862387583,0.0,0.032528482,0.032528486,0.20853555,0.20853554,1582450
0.7,0.00029549288,0.008701878,0.8080610862387583,0.0,0.032528482,0.032528486,0.20853555,0.20853554,1582450
0.7,0.0011388552,0.008963061,0.8080610862387583,0.0,0.032528482,0.032528486,0.20853555,0.20853554,1582450
0.7,0.0031682714,0.013772711,0.8080610862387583,0.0,0.032528482,0.032528486,0.20853555,0.20853554,1582450
0.7,0.004193015,0.009796061,0.8080610862387583,0.0,0.032528482,0.032528486,0.20853555,0.20853554,1582450
0.7,0.003851573,0.025793988,0.8080610862387583,0.0,0.032528482,0.032528486,0.20853555,0.20853554,1582450
0.7,0.0066229384,0.013836911,0.8080610862387583,0.0,0.032528482,0.032528486,0.20853555,0.20853554,1582450
0.7,0.05055568,0.03027724,0.8080610862387583,0.0,0.032528482,0.032528486,0.20853555,0.20853554,1582450
0.7,0.05427781,0.037614267,0.8080610862387583,0.0,0.032528482,0.032528486,0.20853555,0.20853554,1582450
0.7,0.03507628,0.03631056,0.8080610862387583,0.0,0.032528482,0.032528486,0.20853555,0.20853554,1582450
0.7,0.0039219204,0.0058408,0.8080610862387583,0.0,0.032528482,0.032528486,0.20853555,0.20853554,1582450
0.7,0.0012218343,0.009257637,0.8080610862387583,0.0,0.032528482,0.032528486,0.20853555,0.20853554,1582450
0.7,0.08173404,0.04997722,0.8080610862387583,0.0,0.032528482,0.032528486,0.20853555,0.20853554,1582450
0.7,0.025760194,0.027981713,0.8080610862387583,0.0,0.032528482,0.032528486,0.20853555,0.20853554,1582450
0.7,0.00020220026,0.0087395925,0.8080610862387583,0.0,0.032528482,0.032528486,0.20853555,0.20853554,1582450
0.7,0.0005880542,0.0087471,0.8080610862387583,0.0,0.032528482,0.032528486,0.20853555,0.20853554,1582450
0.7,0.0002312185,0.008743265,0.8080610862387583,0.0,0.032528482,0.032528486,0.20853555,0.20853554,1582450
0.7,0.04113918,0.022720236,0.8080610862387583,0.0,0.032528482,0.032528486,0.20853555,0.20853554,1582450
0.7,2.0794655e-06,0.0033689258,0.8080610862387583,0.0,0.032528482,0.032528486,0.20853555,0.20853554,1582450
0.7,0.009699598,0.009908083,0.8080610862387583,0.0,0.032528482,0.032528486,0.20853555,0.20853554,1582450
0.7,0.16286431,0.13586481,0.8080610862387583,0.0,0.032528482,0.032528486,0.20853555,0.20853554,1582450
0.7,0.0009021982,0.0044138436,0.8080610862387583,0.0,0.032528482,0.032528486,0.20853555,0.20853554,1582450
0.7,0.00021341366,0.008667439,0.8080610862387583,0.0,0.032528482,0.032528486,0.20853555,0.20853554,1582450
0.7,0.057233326,0.05770095,0.8080610862387583,0.0,0.032528482,0.032528486,0.20853555,0.20853554,1582450
0.7,0.0018020862,0.0088578705,0.8080610862387583,0.0,0.032528482,0.032528486,0.20853555,0.20853554,1582450
0.7,0.04612888,0.06213989,0.8080610862387583,0.0,0.032528482,0.032528486,0.20853555,0.20853554,1582450
0.7,0.00067629124,0.003627813,0.8080610862387583,0.0,0.032528482,0.032528486,0.20853555,0.20853554,1582450
0.7,0.10661968,0.07018405,0.8080610862387583,0.0,0.032528482,0.032528486,0.20853555,0.20853554,1582450
0.7,0.008839536,0.012698269,0.8080610862387583,0.0,0.032528482,0.032528486,0.20853555,0.20853554,1582450
0.7,0.007897528,0.025277756,0.8080610862387583,0.0,0.032528482,0.032528486,0.20853555,0.20853554,1582450
0.7,0.002871303,0.011841399,0.8080610862387583,0.0,0.032528482,0.032528486,0.20853555,0.20853554,1582450
0.7,0.008633433,0.011096249,0.8080610862387583,0.0,0.032528482,0.032528486,0.20853555,0.20853554,1582450
0.7,0.0043232846,0.010076989,0.8080610862387583,0.0,0.032528482,0.032528486,0.20853555,0.20853554,1582450
0.7,0.00080524926,0.008844729,0.8080610862387583,0.0,0.032528482,0.032528486,0.20853555,0.20853554,1582450
0.7,0.0024252965,0.01028242,0.8080610862387583,0.0,0.032528482,0.032528486,0.20853555,0.20853554,1582450
0.7,0.00090889743,0.009178111,0.8080610862387583,0.0,0.032528482,0.032528486,0.20853555,0.20853554,1582450
0.7,0.015596577,0.012924987,0.8080610862387583,0.0,0.032528482,0.032528486,0.20853555,0.20853554,1582450
0.7,0.009152382,0.013368605,0.8080610862387583,0.0,0.032528482,0.032528486,0.20853555,0.20853554,1582450
0.7,0.057498254,0.050363,0.8080610862387583,0.0,0.032528482,0.032528486,0.20853555,0.20853554,1582450
0.7,0.116702855,0.37002388,0.8080610862387583,0.0,0.032528482,0.032528486,0.20853555,0.20853554,1582450
0.7,0.00042269248,0.0216513,0.8080610862387583,0.0,0.032528482,0.032528486,0.20853555,0.20853554,1582450
0.7,0.025639765,0.033343926,0.8080610862387583,0.0,0.032528482,0.032528486,0.20853555,0.20853554,1582450
0.7,0.0010827252,0.008800648,0.8080610862387583,0.0,0.032528482,0.032528486,0.20853555,0.20853554,1582450
0.7,0.0033380326,0.009349806,0.8080610862387583,0.0,0.032528482,0.032528486,0.20853555,0.20853554,1582450
0.7,0.0038650746,0.009181926,0.8080610862387583,0.0,0.032528482,0.032528486,0.20853555,0.20853554,1582450
0.7,0.0010722403,0.023477793,0.8080610862387583,0.0,0.032528482,0.032528486,0.20853555,0.20853554,1582450
0.7,0.08102274,0.11113759,0.8080610862387583,0.0,0.032528482,0.032528486,0.20853555,0.20853554,1582450
0.7,0.0072115,0.011563678,0.8080610862387583,0.0,0.032528482,0.032528486,0.20853555,0.20853554,1582450
0.7,0.026664127,0.016178785,0.8080610862387583,0.0,0.032528482,0.032528486,0.20853555,0.20853554,1582450
0.7,0.001796454,0.009570596,0.8080610862387583,0.0,0.032528482,0.032528486,0.20853555,0.20853554,1582450
0.7,0.00012083263,0.008589597,0.8080610862387583,0.0,0.032528482,0.032528486,0.20853555,0.20853554,1582450
0.7,0.02281427,0.027758945,0.8080610862387583,0.0,0.032528482,0.032528486,0.20853555,0.20853554,1582450
0.7,0.019763947,0.016400035,0.8080610862387583,0.0,0.032528482,0.032528486,0.20853555,0.20853554,1582450
0.7,0.09060738,0.020344675,0.8080610862387583,0.0,0.032528482,0.032528486,0.20853555,0.20853554,1582450
0.7,0.073561855,0.04123221,0.8080610862387583,0.0,0.032528482,0.032528486,0.20853555,0.20853554,1582450
0.7,0.00574023,0.0063937795,0.8080610862387583,0.0,0.032528482,0.032528486,0.20853555,0.20853554,1582450
0.7,0.007054461,0.010859105,0.8080610862387583,0.0,0.032528482,0.032528486,0.20853555,0.20853554,1582450
0.7,0.025010856,0.025241831,0.8080610862387583,0.0,0.032528482,0.032528486,0.20853555,0.20853554,1582450
0.7,0.0005406405,0.009000058,0.8080610862387583,0.0,0.032528482,0.032528486,0.20853555,0.20853554,1582450
0.7,0.0020859526,0.008966509,0.8080610862387583,0.0,0.032528482,0.032528486,0.20853555,0.20853554,1582450
0.7,0.025157712,0.041931026,0.8080610862387583,0.0,0.032528482,0.032528486,0.20853555,0.20853554,1582450
0.7,0.0009500388,0.009859376,0.8080610862387583,0.0,0.032528482,0.032528486,0.20853555,0.20853554,1582450
0.7,0.0023595954,0.009717618,0.8080610862387583,0.0,0.032528482,0.032528486,0.20853555,0.20853554,1582450
0.7,0.042418856,0.054845754,0.8080610862387583,0.0,0.032528482,0.032528486,0.20853555,0.20853554,1582450
0.7,0.007213469,0.02708431,0.8080610862387583,0.0,0.032528482,0.032528486,0.20853555,0.20853554,1582450
0.7,0.06871803,0.031088272,0.8080610862387583,0.0,0.032528482,0.032528486,0.20853555,0.20853554,1582450
0.7,0.00012548917,0.0034319854,0.8080610862387583,0.0,0.032528482,0.032528486,0.20853555,0.20853554,1582450
0.7,9.953839e-06,0.0033747982,0.8080610862387583,0.0,0.032528482,0.032528486,0.20853555,0.20853554,1582450
0.7,0.4556147,0.111223005,0.8080610862387583,0.0,0.032528482,0.032528486,0.20853555,0.20853554,1582450
0.7,0.0028731208,0.009271561,0.8080610862387583,0.0,0.032528482,0.032528486,0.20853555,0.20853554,1582450
0.7,0.003456917,0.009197206,0.8080610862387583,0.0,0.032528482,0.032528486,0.20853555,0.20853554,1582450
0.7,0.00051087287,0.008914802,0.8080610862387583,0.0,0.032528482,0.032528486,0.20853555,0.20853554,1582450
0.7,0.00022712344,0.0036448233,0.8080610862387583,0.0,0.032528482,0.032528486,0.20853555,0.20853554,1582450
0.7,0.0042787176,0.014717942,0.8080610862387583,0.0,0.032528482,0.032528486,0.20853555,0.20853554,1582450
0.7,0.011109681,0.01928268,0.8080610862387583,0.0,0.032528482,0.032528486,0.20853555,0.20853554,1582450
0.7,0.03666278,0.03541976,0.8080610862387583,0.0,0.032528482,0.032528486,0.20853555,0.20853554,1582450
0.7,0.00013570368,0.009051761,0.8080610862387583,0.0,0.032528482,0.032528486,0.20853555,0.20853554,1582450
0.7,0.013628473,0.024110021,0.8080610862387583,0.0,0.032528482,0.032528486,0.20853555,0.20853554,1582450
0.7,0.005069199,0.026184572,0.8080610862387583,0.0,0.032528482,0.032528486,0.20853555,0.20853554,1582450
0.7,0.0012650501,0.009309443,0.8080610862387583,0.0,0.032528482,0.032528486,0.20853555,0.20853554,1582450
0.7,0.13975061,0.10299827,0.8080610862387583,0.0,0.032528482,0.032528486,0.20853555,0.20853554,1582450
0.7,0.008147785,0.03869035,0.8080610862387583,0.0,0.032528482,0.032528486,0.20853555,0.20853554,1582450
0.7,0.0036253727,0.024151992,0.8080610862387583,0.0,0.032528482,0.032528486,0.20853555,0.20853554,1582450
0.7,0.16876094,0.048674874,0.8080610862387583,0.0,0.032528482,0.032528486,0.20853555,0.20853554,1582450
0.7,0.0076748244,0.0110692885,0.8080610862387583,0.0,0.032528482,0.032528486,0.20853555,0.20853554,1582450
0.7,0.0005883509,0.008765526,0.8080610862387583,0.0,0.032528482,0.032528486,0.20853555,0.20853554,1582450
0.7,0.00014226817,0.008624225,0.8080610862387583,0.0,0.032528482,0.032528486,0.20853555,0.20853554,1582450
0.7,1.2353242e-05,0.008577689,0.8080610862387583,0.0,0.032528482,0.032528486,0.20853555,0.20853554,1582450
0.7,0.0350851,0.04000965,0.8080610862387583,0.0,0.032528482,0.032528486,0.20853555,0.20853554,1582450
0.7,6.804588e-05,0.008624636,0.8080610862387583,0.0,0.032528482,0.032528486,0.20853555,0.20853554,1582450
0.7,0.13305901,0.04099601,0.8080610862387583,0.0,0.032528482,0.032528486,0.20853555,0.20853554,1582450
0.7,0.0051785554,0.026920632,0.8080610862387583,0.0,0.032528482,0.032528486,0.20853555,0.20853554,1582450
0.7,0.0004817734,0.008655868,0.8080610862387583,0.0,0.032528482,0.032528486,0.20853555,0.20853554,1582450
0.7,0.016601343,0.010883569,0.8080610862387583,0.0,0.032528482,0.032528486,0.20853555,0.20853554,1582450
0.7,0.06854685,0.053641964,0.8080610862387583,0.0,0.032528482,0.032528486,0.20853555,0.20853554,1582450
0.7,0.0022312158,0.010888445,0.8080610862387583,0.0,0.032528482,0.032528486,0.20853555,0.20853554,1582450
0.7,0.0027155543,0.0048015253,0.8080610862387583,0.0,0.032528482,0.032528486,0.20853555,0.20853554,1582450
0.7,0.002290421,0.006927016,0.8080610862387583,0.0,0.032528482,0.032528486,0.20853555,0.20853554,1582450
0.7,0.0026731978,0.009575692,0.8080610862387583,0.0,0.032528482,0.032528486,0.20853555,0.20853554,1582450
0.7,0.029872833,0.022335418,0.8080610862387583,0.0,0.032528482,0.032528486,0.20853555,0.20853554,1582450
0.7,0.00014606646,0.008612875,0.8080610862387583,0.0,0.032528482,0.032528486,0.20853555,0.20853554,1582450
0.7,0.0023963964,0.009304704,0.8080610862387583,0.0,0.032528482,0.032528486,0.20853555,0.20853554,1582450
0.7,0.0010813079,0.008770222,0.8080610862387583,0.0,0.032528482,0.032528486,0.20853555,0.20853554,1582450
0.7,0.0024606725,0.008884803,0.8080610862387583,0.0,0.032528482,0.032528486,0.20853555,0.20853554,1582450
0.7,0.0058578975,0.015489719,0.8080610862387583,0.0,0.032528482,0.032528486,0.20853555,0.20853554,1582450
0.7,0.017503008,0.012207361,0.8080610862387583,0.0,0.032528482,0.032528486,0.20853555,0.20853554,1582450
0.7,0.00022569647,0.00866244,0.8080610862387583,0.0,0.032528482,0.032528486,0.20853555,0.20853554,1582450
0.7,0.018711608,0.014500532,0.8080610862387583,0.0,0.032528482,0.032528486,0.20853555,0.20853554,1582450
0.7,0.0007289727,0.003563179,0.8080610862387583,0.0,0.032528482,0.032528486,0.20853555,0.20853554,1582450
0.7,0.0025920356,0.011716282,0.8080610862387583,0.0,0.032528482,0.032528486,0.20853555,0.20853554,1582450
0.7,0.22741908,0.1415649,0.8080610862387583,0.0,0.032528482,0.032528486,0.20853555,0.20853554,1582450
0.7,0.00049592275,0.008857834,0.8080610862387583,0.0,0.032528482,0.032528486,0.20853555,0.20853554,1582450
0.7,0.26979908,0.26201048,0.8080610862387583,0.0,0.032528482,0.032528486,0.20853555,0.20853554,1582450
0.7,0.07040424,0.020251477,0.8080610862387583,0.0,0.032528482,0.032528486,0.20853555,0.20853554,1582450
0.7,0.0002736339,0.0086373305,0.8080610862387583,0.0,0.032528482,0.032528486,0.20853555,0.20853554,1582450
0.7,0.017032104,0.03538921,0.8080610862387583,0.0,0.032528482,0.032528486,0.20853555,0.20853554,1582450
0.7,0.031024821,0.031198023,0.8080610862387583,0.0,0.032528482,0.032528486,0.20853555,0.20853554,1582450
0.7,0.0002609775,0.008678201,0.8080610862387583,0.0,0.032528482,0.032528486,0.20853555,0.20853554,1582450
0.7,0.20934518,0.45866102,0.8080610862387583,0.0,0.032528482,0.032528486,0.20853555,0.20853554,1582450
0.7,0.0016974703,0.009059257,0.8080610862387583,0.0,0.032528482,0.032528486,0.20853555,0.20853554,1582450
0.7,0.015478078,0.030802665,0.8080610862387583,0.0,0.032528482,0.032528486,0.20853555,0.20853554,1582450
0.7,0.0065651536,0.011576847,0.8080610862387583,0.0,0.032528482,0.032528486,0.20853555,0.20853554,1582450
0.7,0.0022409668,0.003978924,0.8080610862387583,0.0,0.032528482,0.032528486,0.20853555,0.20853554,1582450
0.7,0.00042092206,0.009124204,0.8080610862387583,0.0,0.032528482,0.032528486,0.20853555,0.20853554,1582450
0.7,0.00015611717,0.008621418,0.8080610862387583,0.0,0.032528482,0.032528486,0.20853555,0.20853554,1582450
0.7,1.293034e-05,0.008568798,0.8080610862387583,0.0,0.032528482,0.032528486,0.20853555,0.20853554,1582450
0.7,0.0006980964,0.009299207,0.8080610862387583,0.0,0.032528482,0.032528486,0.20853555,0.20853554,1582450
0.7,0.27403265,0.09234676,0.8080610862387583,0.0,0.032528482,0.032528486,0.20853555,0.20853554,1582450
0.7,0.0015299267,0.009655285,0.8080610862387583,0.0,0.032528482,0.032528486,0.20853555,0.20853554,1582450
0.7,0.0049548848,0.010125137,0.8080610862387583,0.0,0.032528482,0.032528486,0.20853555,0.20853554,1582450
0.7,0.0037264857,0.009633926,0.8080610862387583,0.0,0.032528482,0.032528486,0.20853555,0.20853554,1582450
0.7,0.0033777757,0.009054437,0.8080610862387583,0.0,0.032528482,0.032528486,0.20853555,0.20853554,1582450
0.7,0.0023301875,0.0040415027,0.8080610862387583,0.0,0.032528482,0.032528486,0.20853555,0.20853554,1582450
0.7,9.627203e-05,0.008591445,0.8080610862387583,0.0,0.032528482,0.032528486,0.20853555,0.20853554,1582450
0.7,1.6293898e-05,0.008566519,0.8080610862387583,0.0,0.032528482,0.032528486,0.20853555,0.20853554,1582450
0.7,0.00051353767,0.008642912,0.8080610862387583,0.0,0.032528482,0.032528486,0.20853555,0.20853554,1582450
0.7,0.02716006,0.043062992,0.8080610862387583,0.0,0.032528482,0.032528486,0.20853555,0.20853554,1582450
0.7,0.0005491025,0.008679284,0.8080610862387583,0.0,0.032528482,0.032528486,0.20853555,0.20853554,1582450
0.7,0.0040640747,0.0067313095,0.8080610862387583,0.0,0.032528482,0.032528486,0.20853555,0.20853554,1582450
0.7,0.01876527,0.029620571,0.8080610862387583,0.0,0.032528482,0.032528486,0.20853555,0.20853554,1582450
0.7,0.00024826577,0.008596087,0.8080610862387583,0.0,0.032528482,0.032528486,0.20853555,0.20853554,1582450
0.7,0.00093071297,0.009011428,0.8080610862387583,0.0,0.032528482,0.032528486,0.20853555,0.20853554,1582450
0.7,0.0004487749,0.008672942,0.8080610862387583,0.0,0.032528482,0.032528486,0.20853555,0.20853554,1582450
0.7,0.014182944,0.015099009,0.8080610862387583,0.0,0.032528482,0.032528486,0.20853555,0.20853554,1582450
0.7,0.00021984651,0.008608934,0.8080610862387583,0.0,0.032528482,0.032528486,0.20853555,0.20853554,1582450
0.7,0.43690938,0.47925457,0.8080610862387583,0.0,0.032528482,0.032528486,0.20853555,0.20853554,1582450
0.7,0.08384119,0.025640152,0.8080610862387583,0.0,0.032528482,0.032528486,0.20853555,0.20853554,1582450
0.7,0.039253045,0.052647017,0.8080610862387583,0.0,0.032528482,0.032528486,0.20853555,0.20853554,1582450
0.7,0.016545625,0.024520999,0.8080610862387583,0.0,0.032528482,0.032528486,0.20853555,0.20853554,1582450
0.7,4.2793195e-05,0.0085757105,0.8080610862387583,0.0,0.032528482,0.032528486,0.20853555,0.20853554,1582450
0.7,0.003393778,0.009856294,0.8080610862387583,0.0,0.032528482,0.032528486,0.20853555,0.20853554,1582450
0.7,0.00021267908,0.008592855,0.8080610862387583,0.0,0.032528482,0.032528486,0.20853555,0.20853554,1582450
0.7,0.004512084,0.010319639,0.8080610862387583,0.0,0.032528482,0.032528486,0.20853555,0.20853554,1582450
0.7,0.013283295,0.01229398,0.8080610862387583,0.0,0.032528482,0.032528486,0.20853555,0.20853554,1582450
0.7,0.0024822128,0.009224462,0.8080610862387583,0.0,0.032528482,0.032528486,0.20853555,0.20853554,1582450
0.7,0.11798763,0.040829033,0.8080610862387583,0.0,0.032528482,0.032528486,0.20853555,0.20853554,1582450
0.7,0.014590187,0.026018638,0.8080610862387583,0.0,0.032528482,0.032528486,0.20853555,0.20853554,1582450
0.7,0.003391534,0.019671375,0.8080610862387583,0.0,0.032528482,0.032528486,0.20853555,0.20853554,1582450
0.7,0.006404289,0.018840546,0.8080610862387583,0.0,0.032528482,0.032528486,0.20853555,0.20853554,1582450
0.7,0.00013890238,0.008584678,0.8080610862387583,0.0,0.032528482,0.032528486,0.20853555,0.20853554,1582450
0.7,0.00029113088,0.008739121,0.8080610862387583,0.0,0.032528482,0.032528486,0.20853555,0.20853554,1582450
0.7,0.0016891173,0.009290641,0.8080610862387583,0.0,0.032528482,0.032528486,0.20853555,0.20853554,1582450
0.7,0.0001068162,0.003498053,0.8080610862387583,0.0,0.032528482,0.032528486,0.20853555,0.20853554,1582450
0.7,0.007838774,0.025382536,0.8080610862387583,0.0,0.032528482,0.032528486,0.20853555,0.20853554,1582450
0.7,0.0038665214,0.0093919635,0.8080610862387583,0.0,0.032528482,0.032528486,0.20853555,0.20853554,1582450
0.7,0.06773112,0.06842542,0.8080610862387583,0.0,0.032528482,0.032528486,0.20853555,0.20853554,1582450
0.7,0.027996952,0.021905702,0.8080610862387583,0.0,0.032528482,0.032528486,0.20853555,0.20853554,1582450
0.7,0.0036996047,0.02281565,0.8080610862387583,0.0,0.032528482,0.032528486,0.20853555,0.20853554,1582450
0.7,0.024758598,0.026653834,0.8080610862387583,0.0,0.032528482,0.032528486,0.20853555,0.20853554,1582450
0.7,0.011529935,0.031127423,0.8080610862387583,0.0,0.032528482,0.032528486,0.20853555,0.20853554,1582450
0.7,0.00048208248,0.008661648,0.8080610862387583,0.0,0.032528482,0.032528486,0.20853555,0.20853554,1582450
0.7,3.3754222e-05,0.008595698,0.8080610862387583,0.0,0.032528482,0.032528486,0.20853555,0.20853554,1582450
0.7,0.015586487,0.039702877,0.8080610862387583,0.0,0.032528482,0.032528486,0.20853555,0.20853554,1582450
0.7,0.00064398174,0.008925502,0.8080610862387583,0.0,0.032528482,0.032528486,0.20853555,0.20853554,1582450
0.7,0.0034267367,0.010483891,0.8080610862387583,0.0,0.032528482,0.032528486,0.20853555,0.20853554,1582450
0.7,0.00032290563,0.008665709,0.8080610862387583,0.0,0.032528482,0.032528486,0.20853555,0.20853554,1582450
0.7,0.2935359,0.39244196,0.8080610862387583,0.0,0.032528482,0.032528486,0.20853555,0.20853554,1582450
0.7,0.29522082,0.07375347,0.8080610862387583,0.0,0.032528482,0.032528486,0.20853555,0.20853554,1582450
0.7,0.00055072905,0.0088447835,0.8080610862387583,0.0,0.032528482,0.032528486,0.20853555,0.20853554,1582450
0.7,0.0078831995,0.025587786,0.8080610862387583,0.0,0.032528482,0.032528486,0.20853555,0.20853554,1582450
0.7,0.032321364,0.021239998,0.8080610862387583,0.0,0.032528482,0.032528486,0.20853555,0.20853554,1582450
0.7,0.060986545,0.08742956,0.8080610862387583,0.0,0.032528482,0.032528486,0.20853555,0.20853554,1582450
0.7,0.012841728,0.04459522,0.8080610862387583,0.0,0.032528482,0.032528486,0.20853555,0.20853554,1582450
0.7,0.0024528801,0.010478499,0.8080610862387583,0.0,0.032528482,0.032528486,0.20853555,0.20853554,1582450
0.7,0.0023172072,0.013005114,0.8080610862387583,0.0,0.032528482,0.032528486,0.20853555,0.20853554,1582450
0.7,0.06039319,0.03577968,0.8080610862387583,0.0,0.032528482,0.032528486,0.20853555,0.20853554,1582450
0.7,4.981247e-06,0.0033689109,0.8080610862387583,0.0,0.032528482,0.032528486,0.20853555,0.20853554,1582450
0.7,5.042207e-05,0.0086229965,0.8080610862387583,0.0,0.032528482,0.032528486,0.20853555,0.20853554,1582450
0.7,2.7759278,1.555399,0.8080610862387583,0.0,0.032528482,0.032528486,0.20853555,0.20853554,1582450
0.7,0.011846397,0.012797958,0.8080610862387583,0.0,0.032528482,0.032528486,0.20853555,0.20853554,1582450
0.7,0.0019467334,0.013817597,0.8080610862387583,0.0,0.032528482,0.032528486,0.20853555,0.20853554,1582450
0.7,1.1959781e-05,0.008601067,0.8080610862387583,0.0,0.032528482,0.032528486,0.20853555,0.20853554,1582450
0.7,0.0014216666,0.009056746,0.8080610862387583,0.0,0.032528482,0.032528486,0.20853555,0.20853554,1582450
0.7,0.0007312672,0.0035043336,0.8080610862387583,0.0,0.032528482,0.032528486,0.20853555,0.20853554,1582450
0.7,0.000105192994,0.00859938,0.8080610862387583,0.0,0.032528482,0.032528486,0.20853555,0.20853554,1582450
0.7,0.26232514,0.13234736,0.8080610862387583,0.0,0.032528482,0.032528486,0.20853555,0.20853554,1582450
0.7,1.4224752,0.5312207,0.8080610862387583,0.0,0.032528482,0.032528486,0.20853555,0.20853554,1582450
0.7,0.053217184,0.038246915,0.8080610862387583,0.0,0.032528482,0.032528486,0.20853555,0.20853554,1582450
0.7,0.003310021,0.00935016,0.8080610862387583,0.0,0.032528482,0.032528486,0.20853555,0.20853554,1582450
0.7,0.0005596884,0.008719053,0.8080610862387583,0.0,0.032528482,0.032528486,0.20853555,0.20853554,1582450
0.7,1.37724855e-05,0.008570831,0.8080610862387583,0.0,0.032528482,0.032528486,0.20853555,0.20853554,1582450
0.7,0.03981685,0.018900314,0.8080610862387583,0.0,0.032528482,0.032528486,0.20853555,0.20853554,1582450
0.7,0.18201649,0.044288278,0.8080610862387583,0.0,0.032528482,0.032528486,0.20853555,0.20853554,1582450
0.7,0.009994594,0.0068196817,0.8080610862387583,0.0,0.032528482,0.032528486,0.20853555,0.20853554,1582450
0.7,0.17295644,0.062853426,0.8080610862387583,0.0,0.032528482,0.032528486,0.20853555,0.20853554,1582450
0.7,0.0022954624,0.004225257,0.8080610862387583,0.0,0.032528482,0.032528486,0.20853555,0.20853554,1582450
0.7,0.0002599389,0.008673503,0.8080610862387583,0.0,0.032528482,0.032528486,0.20853555,0.20853554,1582450
0.7,0.115722254,0.05546896,0.8080610862387583,0.0,0.032528482,0.032528486,0.20853555,0.20853554,1582450
0.7,0.00021067772,0.008685222,0.8080610862387583,0.0,0.032528482,0.032528486,0.20853555,0.20853554,1582450
0.7,0.0002427324,0.008618194,0.8080610862387583,0.0,0.032528482,0.032528486,0.20853555,0.20853554,1582450
0.7,2.4629491e-05,0.008582093,0.8080610862387583,0.0,0.032528482,0.032528486,0.20853555,0.20853554,1582450
0.7,0.12445566,0.17592071,0.8080610862387583,0.0,0.032528482,0.032528486,0.20853555,0.20853554,1582450
0.7,0.0010856573,0.0089868,0.8080610862387583,0.0,0.032528482,0.032528486,0.20853555,0.20853554,1582450
0.7,0.0036084515,0.010443927,0.8080610862387583,0.0,0.032528482,0.032528486,0.20853555,0.20853554,1582450
0.7,4.656873e-05,0.008574399,0.8080610862387583,0.0,0.032528482,0.032528486,0.20853555,0.20853554,1582450
0.7,0.0011498107,0.008892191,0.8080610862387583,0.0,0.032528482,0.032528486,0.20853555,0.20853554,1582450
0.7,0.0033234672,0.009170769,0.8080610862387583,0.0,0.032528482,0.032528486,0.20853555,0.20853554,1582450
0.7,0.07245864,0.0846018,0.8080610862387583,0.0,0.032528482,0.032528486,0.20853555,0.20853554,1582450
0.7,0.052264024,0.043844216,0.8080610862387583,0.0,0.032528482,0.032528486,0.20853555,0.20853554,1582450
0.7,4.4821805e-05,0.008587504,0.8080610862387583,0.0,0.032528482,0.032528486,0.20853555,0.20853554,1582450
0.7,0.0822145,0.06901544,0.8080610862387583,0.0,0.032528482,0.032528486,0.20853555,0.20853554,1582450
0.7,0.20770192,0.036066644,0.8080610862387583,0.0,0.032528482,0.032528486,0.20853555,0.20853554,1582450
0.7,0.0328638,0.023464542,0.8080610862387583,0.0,0.032528482,0.032528486,0.20853555,0.20853554,1582450
0.7,0.0002074644,0.008825693,0.8080610862387583,0.0,0.032528482,0.032528486,0.20853555,0.20853554,1582450
0.7,0.0012290257,0.009628897,0.8080610862387583,0.0,0.032528482,0.032528486,0.20853555,0.20853554,1582450
0.7,0.008482548,0.0114987,0.8080610862387583,0.0,0.032528482,0.032528486,0.20853555,0.20853554,1582450
0.7,0.004706111,0.011916885,0.8080610862387583,0.0,0.032528482,0.032528486,0.20853555,0.20853554,1582450
0.7,0.00853333,0.013344521,0.8080610862387583,0.0,0.032528482,0.032528486,0.20853555,0.20853554,1582450
0.7,0.2601563,0.20300862,0.8080610862387583,0.0,0.032528482,0.032528486,0.20853555,0.20853554,1582450
0.7,2.7564947e-06,0.008565031,0.8080610862387583,0.0,0.032528482,0.032528486,0.20853555,0.20853554,1582450
0.7,0.0024929664,0.022549156,0.8080610862387583,0.0,0.032528482,0.032528486,0.20853555,0.20853554,1582450
0.7,0.0023686287,0.0091627855,0.8080610862387583,0.0,0.032528482,0.032528486,0.20853555,0.20853554,1582450
0.7,0.00020747208,0.008692265,0.8080610862387583,0.0,0.032528482,0.032528486,0.20853555,0.20853554,1582450
0.7,0.109203346,0.11881285,0.8080610862387583,0.0,0.032528482,0.032528486,0.20853555,0.20853554,1582450
0.7,0.048138432,0.014756348,0.8080610862387583,0.0,0.032528482,0.032528486,0.20853555,0.20853554,1582450
0.7,0.04502642,0.031861715,0.8080610862387583,0.0,0.032528482,0.032528486,0.20853555,0.20853554,1582450
0.7,0.005319582,0.012758188,0.8080610862387583,0.0,0.032528482,0.032528486,0.20853555,0.20853554,1582450
0.7,0.0026059083,0.0095752925,0.8080610862387583,0.0,0.032528482,0.032528486,0.20853555,0.20853554,1582450
0.7,3.3417018e-05,0.008586464,0.8080610862387583,0.0,0.032528482,0.032528486,0.20853555,0.20853554,1582450
0.7,9.607908e-05,0.008594882,0.8080610862387583,0.0,0.032528482,0.032528486,0.20853555,0.20853554,1582450
0.7,0.0025119972,0.011838552,0.8080610862387583,0.0,0.032528482,0.032528486,0.20853555,0.20853554,1582450
0.7,0.00033852662,0.003826941,0.8080610862387583,0.0,0.032528482,0.032528486,0.20853555,0.20853554,1582450
0.7,0.03142481,0.04974392,0.8080610862387583,0.0,0.032528482,0.032528486,0.20853555,0.20853554,1582450
0.7,0.0032879957,0.010405967,0.8080610862387583,0.0,0.032528482,0.032528486,0.20853555,0.20853554,1582450
0.7,0.0013444498,0.010804691,0.8080610862387583,0.0,0.032528482,0.032528486,0.20853555,0.20853554,1582450
0.7,0.0001600867,0.008643539,0.8080610862387583,0.0,0.032528482,0.032528486,0.20853555,0.20853554,1582450
0.7,0.003693882,0.01754348,0.8080610862387583,0.0,0.032528482,0.032528486,0.20853555,0.20853554,1582450
0.7,0.038073175,0.036530484,0.8080610862387583,0.0,0.032528482,0.032528486,0.20853555,0.20853554,1582450
0.7,0.00020916625,0.008688311,0.8080610862387583,0.0,0.032528482,0.032528486,0.20853555,0.20853554,1582450
0.7,0.07836105,0.16206223,0.8080610862387583,0.0,0.032528482,0.032528486,0.20853555,0.20853554,1582450
0.7,0.00017603708,0.008624569,0.8080610862387583,0.0,0.032528482,0.032528486,0.20853555,0.20853554,1582450
0.7,0.002412345,0.009617094,0.8080610862387583,0.0,0.032528482,0.032528486,0.20853555,0.20853554,1582450
0.7,0.012295767,0.026555315,0.8080610862387583,0.0,0.032528482,0.032528486,0.20853555,0.20853554,1582450
0.7,0.0007442724,0.009480215,0.8080610862387583,0.0,0.032528482,0.032528486,0.20853555,0.20853554,1582450
0.7,0.0009888989,0.003889194,0.8080610862387583,0.0,0.032528482,0.032528486,0.20853555,0.20853554,1582450
0.7,0.0011025717,0.01055447,0.8080610862387583,0.0,0.032528482,0.032528486,0.20853555,0.20853554,1582450
0.7,0.025618875,0.021221237,0.8080610862387583,0.0,0.032528482,0.032528486,0.20853555,0.20853554,1582450
0.7,0.007841372,0.006464152,0.8080610862387583,0.0,0.032528482,0.032528486,0.20853555,0.20853554,1582450
0.7,0.0053219656,0.033193022,0.8080610862387583,0.0,0.032528482,0.032528486,0.20853555,0.20853554,1582450
0.7,4.4526252e-05,0.008573903,0.8080610862387583,0.0,0.032528482,0.032528486,0.20853555,0.20853554,1582450
0.7,0.058023896,0.08913688,0.8080610862387583,0.0,0.032528482,0.032528486,0.20853555,0.20853554,1582450
0.7,0.014492741,0.019066406,0.8080610862387583,0.0,0.032528482,0.032528486,0.20853555,0.20853554,1582450
0.7,0.017240483,0.014198174,0.8080610862387583,0.0,0.032528482,0.032528486,0.20853555,0.20853554,1582450
0.7,0.004919279,0.011470988,0.8080610862387583,0.0,0.032528482,0.032528486,0.20853555,0.20853554,1582450
0.7,0.0012751372,0.010142909,0.8080610862387583,0.0,0.032528482,0.032528486,0.20853555,0.20853554,1582450
0.7,0.009308514,0.016006857,0.8080610862387583,0.0,0.032528482,0.032528486,0.20853555,0.20853554,1582450
0.7,0.021910114,0.038957607,0.8080610862387583,0.0,0.032528482,0.032528486,0.20853555,0.20853554,1582450
0.7,3.3703367e-05,0.008573589,0.8080610862387583,0.0,0.032528482,0.032528486,0.20853555,0.20853554,1582450
0.7,0.026965003,0.030722102,0.8080610862387583,0.0,0.032528482,0.032528486,0.20853555,0.20853554,1582450
0.7,0.002028559,0.00919867,0.8080610862387583,0.0,0.032528482,0.032528486,0.20853555,0.20853554,1582450
0.7,0.014910676,0.037665144,0.8080610862387583,0.0,0.032528482,0.032528486,0.20853555,0.20853554,1582450
0.7,1.6212367e-05,0.008567581,0.8080610862387583,0.0,0.032528482,0.032528486,0.20853555,0.20853554,1582450
0.7,0.0016672809,0.008856093,0.8080610862387583,0.0,0.032528482,0.032528486,0.20853555,0.20853554,1582450
0.7,0.009575172,0.0135972835,0.8080610862387583,0.0,0.032528482,0.032528486,0.20853555,0.20853554,1582450
0.7,0.0012676867,0.008777079,0.8080610862387583,0.0,0.032528482,0.032528486,0.20853555,0.20853554,1582450
0.7,0.055486564,0.026087536,0.8080610862387583,0.0,0.032528482,0.032528486,0.20853555,0.20853554,1582450
0.7,0.008333722,0.011939496,0.8080610862387583,0.0,0.032528482,0.032528486,0.20853555,0.20853554,1582450
0.7,3.2165978,2.057752,0.8080610862387583,0.0,0.032528482,0.032528486,0.20853555,0.20853554,1582450
0.7,0.012772488,0.012418811,0.8080610862387583,0.0,0.032528482,0.032528486,0.20853555,0.20853554,1582450
0.7,2.192073e-05,0.0034418919,0.8080610862387583,0.0,0.032528482,0.032528486,0.20853555,0.20853554,1582450
0.7,0.0006226207,0.008872149,0.8080610862387583,0.0,0.032528482,0.032528486,0.20853555,0.20853554,1582450
0.7,0.013427646,0.015460517,0.8080610862387583,0.0,0.032528482,0.032528486,0.20853555,0.20853554,1582450
0.7,0.00063550717,0.008838424,0.8080610862387583,0.0,0.032528482,0.032528486,0.20853555,0.20853554,1582450
0.7,0.03756928,0.07425616,0.8080610862387583,0.0,0.032528482,0.032528486,0.20853555,0.20853554,1582450
0.7,0.0030979675,0.009033263,0.8080610862387583,0.0,0.032528482,0.032528486,0.20853555,0.20853554,1582450
0.7,0.0006739506,0.00890957,0.8080610862387583,0.0,0.032528482,0.032528486,0.20853555,0.20853554,1582450
0.7,0.004405225,0.023796171,0.8080610862387583,0.0,0.032528482,0.032528486,0.20853555,0.20853554,1582450
0.7,0.0022632095,0.022785619,0.8080610862387583,0.0,0.032528482,0.032528486,0.20853555,0.20853554,1582450
0.7,7.70984e-05,0.008601513,0.8080610862387583,0.0,0.032528482,0.032528486,0.20853555,0.20853554,1582450
0.7,0.0006426206,0.00877272,0.8080610862387583,0.0,0.032528482,0.032528486,0.20853555,0.20853554,1582450
0.7,0.008187688,0.024088115,0.8080610862387583,0.0,0.032528482,0.032528486,0.20853555,0.20853554,1582450
0.7,0.00032944398,0.00866601,0.8080610862387583,0.0,0.032528482,0.032528486,0.20853555,0.20853554,1582450
0.7,0.0074612517,0.010960756,0.8080610862387583,0.0,0.032528482,0.032528486,0.20853555,0.20853554,1582450
0.7,0.0060072234,0.006406182,0.8080610862387583,0.0,0.032528482,0.032528486,0.20853555,0.20853554,1582450
0.7,0.11463301,0.2382416,0.8080610862387583,0.0,0.032528482,0.032528486,0.20853555,0.20853554,1582450
0.7,0.00011331184,0.008618791,0.8080610862387583,0.0,0.032528482,0.032528486,0.20853555,0.20853554,1582450
0.7,0.026952527,0.04578094,0.8080610862387583,0.0,0.032528482,0.032528486,0.20853555,0.20853554,1582450
0.7,0.013645637,0.009696359,0.8080610862387583,0.0,0.032528482,0.032528486,0.20853555,0.20853554,1582450
0.7,0.0021606316,0.010912971,0.8080610862387583,0.0,0.032528482,0.032528486,0.20853555,0.20853554,1582450
0.7,0.0006709409,0.0042424747,0.8080610862387583,0.0,0.032528482,0.032528486,0.20853555,0.20853554,1582450
0.7,0.018967727,0.0131869055,0.8080610862387583,0.0,0.032528482,0.032528486,0.20853555,0.20853554,1582450
0.7,0.00470084,0.023177246,0.8080610862387583,0.0,0.032528482,0.032528486,0.20853555,0.20853554,1582450
0.7,0.05729412,0.045396924,0.8080610862387583,0.0,0.032528482,0.032528486,0.20853555,0.20853554,1582450
0.7,0.0015767015,0.0091951545,0.8080610862387583,0.0,0.032528482,0.032528486,0.20853555,0.20853554,1582450
0.7,0.0016505852,0.012137985,0.8080610862387583,0.0,0.032528482,0.032528486,0.20853555,0.20853554,1582450
0.7,0.01769119,0.0057519353,0.8080610862387583,0.0,0.032528482,0.032528486,0.20853555,0.20853554,1582450
0.7,0.005195874,0.00939808,0.8080610862387583,0.0,0.032528482,0.032528486,0.20853555,0.20853554,1582450
0.7,0.0006087369,0.008793283,0.8080610862387583,0.0,0.032528482,0.032528486,0.20853555,0.20853554,1582450
0.7,0.0022706024,0.010700418,0.8080610862387583,0.0,0.032528482,0.032528486,0.20853555,0.20853554,1582450
0.7,0.0009373251,0.022567403,0.8080610862387583,0.0,0.032528482,0.032528486,0.20853555,0.20853554,1582450
0.7,0.07590603,0.27686182,0.8080610862387583,0.0,0.032528482,0.032528486,0.20853555,0.20853554,1582450
0.7,0.0002418717,0.008637535,0.8080610862387583,0.0,0.032528482,0.032528486,0.20853555,0.20853554,1582450
0.7,0.010884072,0.008052976,0.8080610862387583,0.0,0.032528482,0.032528486,0.20853555,0.20853554,1582450
0.7,0.9093983,0.50003916,0.8080610862387583,0.0,0.032528482,0.032528486,0.20853555,0.20853554,1582450
0.7,0.00032904907,0.008591232,0.8080610862387583,0.0,0.032528482,0.032528486,0.20853555,0.20853554,1582450
0.7,0.003908511,0.010045753,0.8080610862387583,0.0,0.032528482,0.032528486,0.20853555,0.20853554,1582450
0.7,0.0035493139,0.012378066,0.8080610862387583,0.0,0.032528482,0.032528486,0.20853555,0.20853554,1582450
0.7,0.002135464,0.009184893,0.8080610862387583,0.0,0.032528482,0.032528486,0.20853555,0.20853554,1582450
0.7,0.0008883147,0.008836833,0.8080610862387583,0.0,0.032528482,0.032528486,0.20853555,0.20853554,1582450
0.7,0.0019624205,0.008877123,0.8080610862387583,0.0,0.032528482,0.032528486,0.20853555,0.20853554,1582450
0.7,0.37204915,0.089580834,0.8080610862387583,0.0,0.032528482,0.032528486,0.20853555,0.20853554,1582450
0.7,0.0012697321,0.0039172126,0.8080610862387583,0.0,0.032528482,0.032528486,0.20853555,0.20853554,1582450
0.7,0.014328021,0.018086646,0.8080610862387583,0.0,0.032528482,0.032528486,0.20853555,0.20853554,1582450
0.7,0.042291027,0.036938515,0.8080610862387583,0.0,0.032528482,0.032528486,0.20853555,0.20853554,1582450
0.7,0.0015337581,0.011070367,0.8080610862387583,0.0,0.032528482,0.032528486,0.20853555,0.20853554,1582450
0.7,0.0015939465,0.009412161,0.8080610862387583,0.0,0.032528482,0.032528486,0.20853555,0.20853554,1582450
0.7,0.04416471,0.107221045,0.8080610862387583,0.0,0.032528482,0.032528486,0.20853555,0.20853554,1582450
0.7,0.0027055305,0.010376609,0.8080610862387583,0.0,0.032528482,0.032528486,0.20853555,0.20853554,1582450
0.7,0.0011034516,0.005357066,0.8080610862387583,0.0,0.032528482,0.032528486,0.20853555,0.20853554,1582450
0.7,0.00076804846,0.0090942625,0.8080610862387583,0.0,0.032528482,0.032528486,0.20853555,0.20853554,1582450
0.7,0.44943395,0.22729981,0.8080610862387583,0.0,0.032528482,0.032528486,0.20853555,0.20853554,1582450
0.7,0.012820605,0.022736887,0.8080610862387583,0.0,0.032528482,0.032528486,0.20853555,0.20853554,1582450
0.7,0.0039214706,0.011745701,0.8080610862387583,0.0,0.032528482,0.032528486,0.20853555,0.20853554,1582450
0.7,0.0068021053,0.011327553,0.8080610862387583,0.0,0.032528482,0.032528486,0.20853555,0.20853554,1582450
0.7,0.0026576966,0.008997504,0.8080610862387583,0.0,0.032528482,0.032528486,0.20853555,0.20853554,1582450
0.7,3.8349714e-05,0.008583295,0.8080610862387583,0.0,0.032528482,0.032528486,0.20853555,0.20853554,1582450
0.7,0.00087610044,0.004854385,0.8080610862387583,0.0,0.032528482,0.032528486,0.20853555,0.20853554,1582450
0.7,4.7803904e-05,0.0085724415,0.8080610862387583,0.0,0.032528482,0.032528486,0.20853555,0.20853554,1582450
0.7,0.0007513803,0.009031616,0.8080610862387583,0.0,0.032528482,0.032528486,0.20853555,0.20853554,1582450
0.7,7.8288576e-05,0.008602705,0.8080610862387583,0.0,0.032528482,0.032528486,0.20853555,0.20853554,1582450
0.7,0.21475883,0.08271105,0.8080610862387583,0.0,0.032528482,0.032528486,0.20853555,0.20853554,1582450
0.7,0.003437411,0.009577246,0.8080610862387583,0.0,0.032528482,0.032528486,0.20853555,0.20853554,1582450
0.7,0.02424108,0.013482449,0.8080610862387583,0.0,0.032528482,0.032528486,0.20853555,0.20853554,1582450
0.7,0.020897219,0.022016514,0.8080610862387583,0.0,0.032528482,0.032528486,0.20853555,0.20853554,1582450
0.7,0.016519705,0.02803373,0.8080610862387583,0.0,0.032528482,0.032528486,0.20853555,0.20853554,1582450
0.7,0.0008654279,0.0039644833,0.8080610862387583,0.0,0.032528482,0.032528486,0.20853555,0.20853554,1582450
0.7,0.0017050266,0.009208305,0.8080610862387583,0.0,0.032528482,0.032528486,0.20853555,0.20853554,1582450
0.7,0.0025836707,0.012602504,0.8080610862387583,0.0,0.032528482,0.032528486,0.20853555,0.20853554,1582450
0.7,0.011766609,0.011210657,0.8080610862387583,0.0,0.032528482,0.032528486,0.20853555,0.20853554,1582450
0.7,0.005282636,0.011872085,0.8080610862387583,0.0,0.032528482,0.032528486,0.20853555,0.20853554,1582450
0.7,0.00018619375,0.0085777445,0.8080610862387583,0.0,0.032528482,0.032528486,0.20853555,0.20853554,1582450
0.7,0.00016848877,0.008624644,0.8080610862387583,0.0,0.032528482,0.032528486,0.20853555,0.20853554,1582450
0.7,0.00028160895,0.008647156,0.8080610862387583,0.0,0.032528482,0.032528486,0.20853555,0.20853554,1582450
0.7,0.0018260306,0.0095134815,0.8080610862387583,0.0,0.032528482,0.032528486,0.20853555,0.20853554,1582450
0.7,0.018311739,0.013896237,0.8080610862387583,0.0,0.032528482,0.032528486,0.20853555,0.20853554,1582450
0.7,0.09465455,0.16346154,0.8080610862387583,0.0,0.032528482,0.032528486,0.20853555,0.20853554,1582450
0.7,0.017813187,0.029180488,0.8080610862387583,0.0,0.032528482,0.032528486,0.20853555,0.20853554,1582450
0.7,0.021134892,0.028512351,0.8080610862387583,0.0,0.032528482,0.032528486,0.20853555,0.20853554,1582450
0.7,0.013534797,0.017315583,0.8080610862387583,0.0,0.032528482,0.032528486,0.20853555,0.20853554,1582450
0.7,0.0021675897,0.009982676,0.8080610862387583,0.0,0.032528482,0.032528486,0.20853555,0.20853554,1582450
0.7,5.2039064e-05,0.0085737575,0.8080610862387583,0.0,0.032528482,0.032528486,0.20853555,0.20853554,1582450
0.7,7.767558e-05,0.008576617,0.8080610862387583,0.0,0.032528482,0.032528486,0.20853555,0.20853554,1582450
0.7,0.0022497314,0.010776075,0.8080610862387583,0.0,0.032528482,0.032528486,0.20853555,0.20853554,1582450
0.7,3.744952e-05,0.008607804,0.8080610862387583,0.0,0.032528482,0.032528486,0.20853555,0.20853554,1582450
0.7,0.0006765779,0.021639157,0.8080610862387583,0.0,0.032528482,0.032528486,0.20853555,0.20853554,1582450
0.7,0.00046862042,0.008752192,0.8080610862387583,0.0,0.032528482,0.032528486,0.20853555,0.20853554,1582450
0.7,0.00369584,0.009705601,0.8080610862387583,0.0,0.032528482,0.032528486,0.20853555,0.20853554,1582450
0.7,0.015025559,0.028334366,0.8080610862387583,0.0,0.032528482,0.032528486,0.20853555,0.20853554,1582450
0.7,0.0037871932,0.012239573,0.8080610862387583,0.0,0.032528482,0.032528486,0.20853555,0.20853554,1582450
0.7,0.004314346,0.01124886,0.8080610862387583,0.0,0.032528482,0.032528486,0.20853555,0.20853554,1582450
0.7,0.0029052903,0.009729931,0.8080610862387583,0.0,0.032528482,0.032528486,0.20853555,0.20853554,1582450
0.7,0.07365032,0.07926874,0.8080610862387583,0.0,0.032528482,0.032528486,0.20853555,0.20853554,1582450
0.7,0.03803599,0.028164376,0.8080610862387583,0.0,0.032528482,0.032528486,0.20853555,0.20853554,1582450
0.7,0.0001813144,0.008724755,0.8080610862387583,0.0,0.032528482,0.032528486,0.20853555,0.20853554,1582450
0.7,0.025998287,0.019312723,0.8080610862387583,0.0,0.032528482,0.032528486,0.20853555,0.20853554,1582450
0.7,0.030302867,0.035799082,0.8080610862387583,0.0,0.032528482,0.032528486,0.20853555,0.20853554,1582450
0.7,0.0018558499,0.009433146,0.8080610862387583,0.0,0.032528482,0.032528486,0.20853555,0.20853554,1582450
0.7,0.0001847376,0.0034673198,0.8080610862387583,0.0,0.032528482,0.032528486,0.20853555,0.20853554,1582450
0.7,0.004111034,0.00984633,0.8080610862387583,0.0,0.032528482,0.032528486,0.20853555,0.20853554,1582450
0.7,0.00043696296,0.008670037,0.8080610862387583,0.0,0.032528482,0.032528486,0.20853555,0.20853554,1582450
0.7,0.00031081404,0.003441977,0.8080610862387583,0.0,0.032528482,0.032528486,0.20853555,0.20853554,1582450
0.7,0.00023951424,0.008638551,0.8080610862387583,0.0,0.032528482,0.032528486,0.20853555,0.20853554,1582450
0.7,0.001974062,0.0055944403,0.8080610862387583,0.0,0.032528482,0.032528486,0.20853555,0.20853554,1582450
0.7,0.028732738,0.022385139,0.8080610862387583,0.0,0.032528482,0.032528486,0.20853555,0.20853554,1582450
0.7,0.0005402914,0.008849053,0.8080610862387583,0.0,0.032528482,0.032528486,0.20853555,0.20853554,1582450
0.7,0.0017698341,0.008743189,0.8080610862387583,0.0,0.032528482,0.032528486,0.20853555,0.20853554,1582450
0.7,0.00019464664,0.008609477,0.8080610862387583,0.0,0.032528482,0.032528486,0.20853555,0.20853554,1582450
0.7,0.0015168532,0.00877435,0.8080610862387583,0.0,0.032528482,0.032528486,0.20853555,0.20853554,1582450
0.7,0.1129829,0.2036795,0.8080610862387583,0.0,0.032528482,0.032528486,0.20853555,0.20853554,1582450
0.7,0.0037125782,0.013615804,0.8080610862387583,0.0,0.032528482,0.032528486,0.20853555,0.20853554,1582450
0.7,0.00026942624,0.008725178,0.8080610862387583,0.0,0.032528482,0.032528486,0.20853555,0.20853554,1582450
0.7,0.00023930694,0.008712518,0.8080610862387583,0.0,0.032528482,0.032528486,0.20853555,0.20853554,1582450
0.7,0.0028367094,0.0051254714,0.8080610862387583,0.0,0.032528482,0.032528486,0.20853555,0.20853554,1582450
0.7,0.0031020339,0.004666647,0.8080610862387583,0.0,0.032528482,0.032528486,0.20853555,0.20853554,1582450
0.7,0.0016848466,0.009222403,0.8080610862387583,0.0,0.032528482,0.032528486,0.20853555,0.20853554,1582450
0.7,0.004061294,0.0099572735,0.8080610862387583,0.0,0.032528482,0.032528486,0.20853555,0.20853554,1582450
0.7,0.003963424,0.010631979,0.8080610862387583,0.0,0.032528482,0.032528486,0.20853555,0.20853554,1582450
0.7,0.006352154,0.011655048,0.8080610862387583,0.0,0.032528482,0.032528486,0.20853555,0.20853554,1582450
0.7,0.00022849221,0.008718463,0.8080610862387583,0.0,0.032528482,0.032528486,0.20853555,0.20853554,1582450
0.7,0.018087631,0.011588698,0.8080610862387583,0.0,0.032528482,0.032528486,0.20853555,0.20853554,1582450
0.7,0.011689507,0.036267422,0.8080610862387583,0.0,0.032528482,0.032528486,0.20853555,0.20853554,1582450
0.7,0.0026670261,0.009721053,0.8080610862387583,0.0,0.032528482,0.032528486,0.20853555,0.20853554,1582450
0.7,0.011050419,0.026016625,0.8080610862387583,0.0,0.032528482,0.032528486,0.20853555,0.20853554,1582450
0.7,0.45889872,0.19130158,0.8080610862387583,0.0,0.032528482,0.032528486,0.20853555,0.20853554,1582450
0.7,9.49815e-05,0.008638677,0.8080610862387583,0.0,0.032528482,0.032528486,0.20853555,0.20853554,1582450
0.7,0.0015037586,0.009111909,0.8080610862387583,0.0,0.032528482,0.032528486,0.20853555,0.20853554,1582450
0.7,0.00039419573,0.0037725165,0.8080610862387583,0.0,0.032528482,0.032528486,0.20853555,0.20853554,1582450
0.7,0.08326774,0.01558919,0.8080610862387583,0.0,0.032528482,0.032528486,0.20853555,0.20853554,1582450
0.7,0.00018987869,0.008694713,0.8080610862387583,0.0,0.032528482,0.032528486,0.20853555,0.20853554,1582450
0.7,0.12961726,0.06391679,0.8080610862387583,0.0,0.032528482,0.032528486,0.20853555,0.20853554,1582450
0.7,0.0027440928,0.009104564,0.8080610862387583,0.0,0.032528482,0.032528486,0.20853555,0.20853554,1582450
0.7,0.00018731298,0.008608591,0.8080610862387583,0.0,0.032528482,0.032528486,0.20853555,0.20853554,1582450
0.7,0.00022361588,0.0035037755,0.8080610862387583,0.0,0.032528482,0.032528486,0.20853555,0.20853554,1582450
0.7,0.003804939,0.010410166,0.8080610862387583,0.0,0.032528482,0.032528486,0.20853555,0.20853554,1582450
0.7,0.006492427,0.012440011,0.8080610862387583,0.0,0.032528482,0.032528486,0.20853555,0.20853554,1582450
0.7,0.0029944791,0.010624709,0.8080610862387583,0.0,0.032528482,0.032528486,0.20853555,0.20853554,1582450
0.7,0.00030592168,0.008706109,0.8080610862387583,0.0,0.032528482,0.032528486,0.20853555,0.20853554,1582450
0.7,0.0018529276,0.01670048,0.8080610862387583,0.0,0.032528482,0.032528486,0.20853555,0.20853554,1582450
0.7,0.00020555091,0.0034818358,0.8080610862387583,0.0,0.032528482,0.032528486,0.20853555,0.20853554,1582450
0.7,8.837794e-05,0.0034580452,0.8080610862387583,0.0,0.032528482,0.032528486,0.20853555,0.20853554,1582450
0.7,0.00015723215,0.008615286,0.8080610862387583,0.0,0.032528482,0.032528486,0.20853555,0.20853554,1582450
0.7,0.00045672155,0.00871329,0.8080610862387583,0.0,0.032528482,0.032528486,0.20853555,0.20853554,1582450
0.7,0.0012368227,0.008759821,0.8080610862387583,0.0,0.032528482,0.032528486,0.20853555,0.20853554,1582450
0.7,0.0008552611,0.008734281,0.8080610862387583,0.0,0.032528482,0.032528486,0.20853555,0.20853554,1582450
0.7,0.012714412,0.019775854,0.8080610862387583,0.0,0.032528482,0.032528486,0.20853555,0.20853554,1582450
0.7,0.0013179363,0.008992868,0.8080610862387583,0.0,0.032528482,0.032528486,0.20853555,0.20853554,1582450
0.7,0.035225563,0.025781339,0.8080610862387583,0.0,0.032528482,0.032528486,0.20853555,0.20853554,1582450
0.7,8.358443e-05,0.008593992,0.8080610862387583,0.0,0.032528482,0.032528486,0.20853555,0.20853554,1582450
0.7,0.0026832607,0.0057305736,0.8080610862387583,0.0,0.032528482,0.032528486,0.20853555,0.20853554,1582450
0.7,0.0021265137,0.0045428965,0.8080610862387583,0.0,0.032528482,0.032528486,0.20853555,0.20853554,1582450
0.7,0.0018827803,0.011118263,0.8080610862387583,0.0,0.032528482,0.032528486,0.20853555,0.20853554,1582450
0.7,0.00010508929,0.008638992,0.8080610862387583,0.0,0.032528482,0.032528486,0.20853555,0.20853554,1582450
0.7,0.00021081667,0.008627194,0.8080610862387583,0.0,0.032528482,0.032528486,0.20853555,0.20853554,1582450
0.7,0.039864007,0.039146014,0.8080610862387583,0.0,0.032528482,0.032528486,0.20853555,0.20853554,1582450
0.7,0.026976433,0.016192537,0.8080610862387583,0.0,0.032528482,0.032528486,0.20853555,0.20853554,1582450
0.7,0.016296158,0.013688354,0.8080610862387583,0.0,0.032528482,0.032528486,0.20853555,0.20853554,1582450
0.7,0.00088060193,0.009263776,0.8080610862387583,0.0,0.032528482,0.032528486,0.20853555,0.20853554,1582450
0.7,0.029829342,0.054045554,0.8080610862387583,0.0,0.032528482,0.032528486,0.20853555,0.20853554,1582450
0.7,0.03116451,0.012981544,0.8080610862387583,0.0,0.032528482,0.032528486,0.20853555,0.20853554,1582450
0.7,0.000585153,0.008840626,0.8080610862387583,0.0,0.032528482,0.032528486,0.20853555,0.20853554,1582450
0.7,0.0011393314,0.00909188,0.8080610862387583,0.0,0.032528482,0.032528486,0.20853555,0.20853554,1582450
0.7,0.001997866,0.009748635,0.8080610862387583,0.0,0.032528482,0.032528486,0.20853555,0.20853554,1582450
0.7,0.009750505,0.0061306697,0.8080610862387583,0.0,0.032528482,0.032528486,0.20853555,0.20853554,1582450
0.7,0.09643557,0.12926662,0.8080610862387583,0.0,0.032528482,0.032528486,0.20853555,0.20853554,1582450
0.7,0.001338233,0.015460723,0.8080610862387583,0.0,0.032528482,0.032528486,0.20853555,0.20853554,1582450
0.7,0.00049417565,0.008711795,0.8080610862387583,0.0,0.032528482,0.032528486,0.20853555,0.20853554,1582450
0.7,0.010688051,0.027973214,0.8080610862387583,0.0,0.032528482,0.032528486,0.20853555,0.20853554,1582450
0.7,0.019128727,0.037743535,0.8080610862387583,0.0,0.032528482,0.032528486,0.20853555,0.20853554,1582450
0.7,0.026210288,0.1327168,0.8080610862387583,0.0,0.032528482,0.032528486,0.20853555,0.20853554,1582450
0.7,0.0006321378,0.008689255,0.8080610862387583,0.0,0.032528482,0.032528486,0.20853555,0.20853554,1582450
0.7,0.0016171891,0.009073567,0.8080610862387583,0.0,0.032528482,0.032528486,0.20853555,0.20853554,1582450
0.7,0.0011983248,0.009143442,0.8080610862387583,0.0,0.032528482,0.032528486,0.20853555,0.20853554,1582450
0.7,0.00042377034,0.008688486,0.8080610862387583,0.0,0.032528482,0.032528486,0.20853555,0.20853554,1582450
0.7,1.5687208e-05,0.008596598,0.8080610862387583,0.0,0.032528482,0.032528486,0.20853555,0.20853554,1582450
0.7,0.0026420841,0.009011226,0.8080610862387583,0.0,0.032528482,0.032528486,0.20853555,0.20853554,1582450
0.7,0.011588219,0.0145635875,0.8080610862387583,0.0,0.032528482,0.032528486,0.20853555,0.20853554,1582450
0.7,0.013301235,0.011974027,0.8080610862387583,0.0,0.032528482,0.032528486,0.20853555,0.20853554,1582450
0.7,0.018085117,0.030585159,0.8080610862387583,0.0,0.032528482,0.032528486,0.20853555,0.20853554,1582450
0.7,0.005159013,0.008383229,0.8080610862387583,0.0,0.032528482,0.032528486,0.20853555,0.20853554,1582450
0.7,0.0035965338,0.009489552,0.8080610862387583,0.0,0.032528482,0.032528486,0.20853555,0.20853554,1582450
0.7,0.013369105,0.013171896,0.8080610862387583,0.0,0.032528482,0.032528486,0.20853555,0.20853554,1582450
0.7,7.9386205e-05,0.0034025244,0.8080610862387583,0.0,0.032528482,0.032528486,0.20853555,0.20853554,1582450
0.7,0.00015199881,0.003404654,0.8080610862387583,0.0,0.032528482,0.032528486,0.20853555,0.20853554,1582450
0.7,0.0035883063,0.01046016,0.8080610862387583,0.0,0.032528482,0.032528486,0.20853555,0.20853554,1582450
0.7,0.052159637,0.07242307,0.8080610862387583,0.0,0.032528482,0.032528486,0.20853555,0.20853554,1582450
0.7,0.0183921,0.012513699,0.8080610862387583,0.0,0.032528482,0.032528486,0.20853555,0.20853554,1582450
0.7,0.0002740014,0.008684693,0.8080610862387583,0.0,0.032528482,0.032528486,0.20853555,0.20853554,1582450
0.7,0.0023242945,0.009401798,0.8080610862387583,0.0,0.032528482,0.032528486,0.20853555,0.20853554,1582450
0.7,0.0018233446,0.009647505,0.8080610862387583,0.0,0.032528482,0.032528486,0.20853555,0.20853554,1582450
0.7,0.0073229177,0.010935962,0.8080610862387583,0.0,0.032528482,0.032528486,0.20853555,0.20853554,1582450
0.7,0.0074097873,0.006557416,0.8080610862387583,0.0,0.032528482,0.032528486,0.20853555,0.20853554,1582450
0.7,0.0151392985,0.027388653,0.8080610862387583,0.0,0.032528482,0.032528486,0.20853555,0.20853554,1582450
0.7,0.2029416,0.18679027,0.8080610862387583,0.0,0.032528482,0.032528486,0.20853555,0.20853554,1582450
0.7,0.0027596343,0.010640278,0.8080610862387583,0.0,0.032528482,0.032528486,0.20853555,0.20853554,1582450
0.7,0.00033132438,0.008685717,0.8080610862387583,0.0,0.032528482,0.032528486,0.20853555,0.20853554,1582450
0.7,0.010122727,0.0115813,0.8080610862387583,0.0,0.032528482,0.032528486,0.20853555,0.20853554,1582450
0.7,0.031885017,0.0142244045,0.8080610862387583,0.0,0.032528482,0.032528486,0.20853555,0.20853554,1582450
0.7,0.021400126,0.021809923,0.8080610862387583,0.0,0.032528482,0.032528486,0.20853555,0.20853554,1582450
0.7,0.0009743346,0.009415769,0.8080610862387583,0.0,0.032528482,0.032528486,0.20853555,0.20853554,1582450
0.7,0.00037481368,0.0086694565,0.8080610862387583,0.0,0.032528482,0.032528486,0.20853555,0.20853554,1582450
0.7,2.5578349,0.33813363,0.8080610862387583,0.0,0.032528482,0.032528486,0.20853555,0.20853554,1582450
0.7,2.1750544e-05,0.008576536,0.8080610862387583,0.0,0.032528482,0.032528486,0.20853555,0.20853554,1582450
0.7,0.008145092,0.031141838,0.8080610862387583,0.0,0.032528482,0.032528486,0.20853555,0.20853554,1582450
0.7,0.05755654,0.09357098,0.8080610862387583,0.0,0.032528482,0.032528486,0.20853555,0.20853554,1582450
0.7,0.0005241588,0.00886344,0.8080610862387583,0.0,0.032528482,0.032528486,0.20853555,0.20853554,1582450
0.7,0.031405967,0.01436247,0.8080610862387583,0.0,0.032528482,0.032528486,0.20853555,0.20853554,1582450
0.7,0.003786075,0.009996996,0.8080610862387583,0.0,0.032528482,0.032528486,0.20853555,0.20853554,1582450
0.7,0.0046281535,0.0113920905,0.8080610862387583,0.0,0.032528482,0.032528486,0.20853555,0.20853554,1582450
0.7,0.07678348,0.04547709,0.8080610862387583,0.0,0.032528482,0.032528486,0.20853555,0.20853554,1582450
0.7,1.6684555e-06,0.0085641565,0.8080610862387583,0.0,0.032528482,0.032528486,0.20853555,0.20853554,1582450
0.7,0.0006588175,0.0089919,0.8080610862387583,0.0,0.032528482,0.032528486,0.20853555,0.20853554,1582450
0.7,0.0005624573,0.008860505,0.8080610862387583,0.0,0.032528482,0.032528486,0.20853555,0.20853554,1582450
0.7,5.6877234e-05,0.008603259,0.8080610862387583,0.0,0.032528482,0.032528486,0.20853555,0.20853554,1582450
0.7,0.00017142783,0.008640935,0.8080610862387583,0.0,0.032528482,0.032528486,0.20853555,0.20853554,1582450
0.7,0.029028585,0.057261683,0.8080610862387583,0.0,0.032528482,0.032528486,0.20853555,0.20853554,1582450
0.7,0.017855145,0.015040921,0.8080610862387583,0.0,0.032528482,0.032528486,0.20853555,0.20853554,1582450
0.7,0.07434091,0.03968712,0.8080610862387583,0.0,0.032528482,0.032528486,0.20853555,0.20853554,1582450
0.7,0.00014669352,0.0086202575,0.8080610862387583,0.0,0.032528482,0.032528486,0.20853555,0.20853554,1582450
0.7,0.02177619,0.038061257,0.8080610862387583,0.0,0.032528482,0.032528486,0.20853555,0.20853554,1582450
0.7,0.000790241,0.008996062,0.8080610862387583,0.0,0.032528482,0.032528486,0.20853555,0.20853554,1582450
0.7,0.0150670055,0.011834292,0.8080610862387583,0.0,0.032528482,0.032528486,0.20853555,0.20853554,1582450
0.7,0.0024385825,0.009075013,0.8080610862387583,0.0,0.032528482,0.032528486,0.20853555,0.20853554,1582450
0.7,0.00030853806,0.008644654,0.8080610862387583,0.0,0.032528482,0.032528486,0.20853555,0.20853554,1582450
0.7,0.0030852722,0.010922125,0.8080610862387583,0.0,0.032528482,0.032528486,0.20853555,0.20853554,1582450
0.7,0.046513256,0.08497854,0.8080610862387583,0.0,0.032528482,0.032528486,0.20853555,0.20853554,1582450
0.7,0.0012504745,0.00882121,0.8080610862387583,0.0,0.032528482,0.032528486,0.20853555,0.20853554,1582450
0.7,0.124447264,0.41931888,0.8080610862387583,0.0,0.032528482,0.032528486,0.20853555,0.20853554,1582450
0.7,0.003867841,0.015773362,0.8080610862387583,0.0,0.032528482,0.032528486,0.20853555,0.20853554,1582450
0.7,0.003042976,0.010961613,0.8080610862387583,0.0,0.032528482,0.032528486,0.20853555,0.20853554,1582450
0.7,1.2763666e-05,0.008572795,0.8080610862387583,0.0,0.032528482,0.032528486,0.20853555,0.20853554,1582450
0.7,0.01597269,0.02733485,0.8080610862387583,0.0,0.032528482,0.032528486,0.20853555,0.20853554,1582450
0.7,0.053634424,0.049441446,0.8080610862387583,0.0,0.032528482,0.032528486,0.20853555,0.20853554,1582450
0.7,0.0008257416,0.00973638,0.8080610862387583,0.0,0.032528482,0.032528486,0.20853555,0.20853554,1582450
0.7,0.0007802682,0.008947171,0.8080610862387583,0.0,0.032528482,0.032528486,0.20853555,0.20853554,1582450
0.7,0.00085808267,0.008873947,0.8080610862387583,0.0,0.032528482,0.032528486,0.20853555,0.20853554,1582450
0.7,0.112022996,0.08188131,0.8080610862387583,0.0,0.032528482,0.032528486,0.20853555,0.20853554,1582450
0.7,0.007030838,0.011335101,0.8080610862387583,0.0,0.032528482,0.032528486,0.20853555,0.20853554,1582450
0.7,0.09040355,0.1430708,0.8080610862387583,0.0,0.032528482,0.032528486,0.20853555,0.20853554,1582450
0.7,0.001460944,0.022646602,0.8080610862387583,0.0,0.032528482,0.032528486,0.20853555,0.20853554,1582450
0.7,0.0005721848,0.00887629,0.8080610862387583,0.0,0.032528482,0.032528486,0.20853555,0.20853554,1582450
0.7,0.11392263,0.032040417,0.8080610862387583,0.0,0.032528482,0.032528486,0.20853555,0.20853554,1582450
0.7,0.017743528,0.024413241,0.8080610862387583,0.0,0.032528482,0.032528486,0.20853555,0.20853554,1582450
0.7,0.000262553,0.008778673,0.8080610862387583,0.0,0.032528482,0.032528486,0.20853555,0.20853554,1582450
0.7,0.0011461029,0.008801727,0.8080610862387583,0.0,0.032528482,0.032528486,0.20853555,0.20853554,1582450
0.7,0.01778383,0.025356837,0.8080610862387583,0.0,0.032528482,0.032528486,0.20853555,0.20853554,1582450
0.7,0.00049664755,0.009087531,0.8080610862387583,0.0,0.032528482,0.032528486,0.20853555,0.20853554,1582450
0.7,0.00014190936,0.008625507,0.8080610862387583,0.0,0.032528482,0.032528486,0.20853555,0.20853554,1582450
0.7,0.017236626,0.012374277,0.8080610862387583,0.0,0.032528482,0.032528486,0.20853555,0.20853554,1582450
0.7,0.0050675506,0.009288148,0.8080610862387583,0.0,0.032528482,0.032528486,0.20853555,0.20853554,1582450
0.7,6.844786e-05,0.0034148323,0.8080610862387583,0.0,0.032528482,0.032528486,0.20853555,0.20853554,1582450
0.7,0.021796396,0.04680193,0.8080610862387583,0.0,0.032528482,0.032528486,0.20853555,0.20853554,1582450
0.7,0.0025955185,0.009761988,0.8080610862387583,0.0,0.032528482,0.032528486,0.20853555,0.20853554,1582450
0.7,0.00018899076,0.0086235115,0.8080610862387583,0.0,0.032528482,0.032528486,0.20853555,0.20853554,1582450
0.7,0.0041436814,0.010150417,0.8080610862387583,0.0,0.032528482,0.032528486,0.20853555,0.20853554,1582450
0.7,0.00028929938,0.00871605,0.8080610862387583,0.0,0.032528482,0.032528486,0.20853555,0.20853554,1582450
0.7,0.00076039537,0.008902955,0.8080610862387583,0.0,0.032528482,0.032528486,0.20853555,0.20853554,1582450
0.7,0.03897994,0.06941868,0.8080610862387583,0.0,0.032528482,0.032528486,0.20853555,0.20853554,1582450
0.7,0.014855454,0.027215917,0.8080610862387583,0.0,0.032528482,0.032528486,0.20853555,0.20853554,1582450
0.7,0.018014086,0.027297584,0.8080610862387583,0.0,0.032528482,0.032528486,0.20853555,0.20853554,1582450
0.7,0.00010766464,0.008615093,0.8080610862387583,0.0,0.032528482,0.032528486,0.20853555,0.20853554,1582450
0.7,0.002232113,0.021753216,0.8080610862387583,0.0,0.032528482,0.032528486,0.20853555,0.20853554,1582450
0.7,0.013305078,0.014164456,0.8080610862387583,0.0,0.032528482,0.032528486,0.20853555,0.20853554,1582450
0.7,2.3882512e-05,0.0085820025,0.8080610862387583,0.0,0.032528482,0.032528486,0.20853555,0.20853554,1582450
0.7,0.0062355483,0.011335575,0.8080610862387583,0.0,0.032528482,0.032528486,0.20853555,0.20853554,1582450
0.7,0.00039643937,0.008779203,0.8080610862387583,0.0,0.032528482,0.032528486,0.20853555,0.20853554,1582450
0.7,0.006904615,0.010852036,0.8080610862387583,0.0,0.032528482,0.032528486,0.20853555,0.20853554,1582450
0.7,0.0011401412,0.004143979,0.8080610862387583,0.0,0.032528482,0.032528486,0.20853555,0.20853554,1582450
0.7,0.013564864,0.04518326,0.8080610862387583,0.0,0.032528482,0.032528486,0.20853555,0.20853554,1582450
0.7,0.0059621427,0.010972353,0.8080610862387583,0.0,0.032528482,0.032528486,0.20853555,0.20853554,1582450
0.7,8.4843065e-05,0.008626718,0.8080610862387583,0.0,0.032528482,0.032528486,0.20853555,0.20853554,1582450
0.7,0.010071345,0.014432579,0.8080610862387583,0.0,0.032528482,0.032528486,0.20853555,0.20853554,1582450
0.7,0.00078520714,0.00898392,0.8080610862387583,0.0,0.032528482,0.032528486,0.20853555,0.20853554,1582450
0.7,0.00653056,0.010510895,0.8080610862387583,0.0,0.032528482,0.032528486,0.20853555,0.20853554,1582450
0.7,0.0046785893,0.02443349,0.8080610862387583,0.0,0.032528482,0.032528486,0.20853555,0.20853554,1582450
0.7,0.0026006778,0.009511083,0.8080610862387583,0.0,0.032528482,0.032528486,0.20853555,0.20853554,1582450
0.7,0.11985614,0.08401586,0.8080610862387583,0.0,0.032528482,0.032528486,0.20853555,0.20853554,1582450
0.7,0.0143747665,0.016012194,0.8080610862387583,0.0,0.032528482,0.032528486,0.20853555,0.20853554,1582450
0.7,0.1121244,0.09867126,0.8080610862387583,0.0,0.032528482,0.032528486,0.20853555,0.20853554,1582450
0.7,0.0004018221,0.008610542,0.8080610862387583,0.0,0.032528482,0.032528486,0.20853555,0.20853554,1582450
0.7,0.00040390165,0.008689543,0.8080610862387583,0.0,0.032528482,0.032528486,0.20853555,0.20853554,1582450
0.7,0.0010039415,0.009845603,0.8080610862387583,0.0,0.032528482,0.032528486,0.20853555,0.20853554,1582450
0.7,0.18746752,0.16475546,0.8080610862387583,0.0,0.032528482,0.032528486,0.20853555,0.20853554,1582450
0.7,9.806046e-05,0.008674883,0.8080610862387583,0.0,0.032528482,0.032528486,0.20853555,0.20853554,1582450
0.7,5.1269843e-05,0.008632757,0.8080610862387583,0.0,0.032528482,0.032528486,0.20853555,0.20853554,1582450
0.7,0.0011726449,0.009499935,0.8080610862387583,0.0,0.032528482,0.032528486,0.20853555,0.20853554,1582450
0.7,0.0040928614,0.020275285,0.8080610862387583,0.0,0.032528482,0.032528486,0.20853555,0.20853554,1582450
0.7,0.034604218,0.02351105,0.8080610862387583,0.0,0.032528482,0.032528486,0.20853555,0.20853554,1582450
0.7,0.0072654905,0.016691301,0.8080610862387583,0.0,0.032528482,0.032528486,0.20853555,0.20853554,1582450
0.7,0.0039296113,0.026331235,0.8080610862387583,0.0,0.032528482,0.032528486,0.20853555,0.20853554,1582450
0.7,0.08922311,0.031348195,0.8080610862387583,0.0,0.032528482,0.032528486,0.20853555,0.20853554,1582450
0.7,5.8029997e-05,0.0085915355,0.8080610862387583,0.0,0.032528482,0.032528486,0.20853555,0.20853554,1582450
0.7,0.0019075945,0.009443449,0.8080610862387583,0.0,0.032528482,0.032528486,0.20853555,0.20853554,1582450
0.7,0.0012954532,0.0092430115,0.8080610862387583,0.0,0.032528482,0.032528486,0.20853555,0.20853554,1582450
0.7,0.008496592,0.010655804,0.8080610862387583,0.0,0.032528482,0.032528486,0.20853555,0.20853554,1582450
0.7,0.0017460058,0.0099150445,0.8080610862387583,0.0,0.032528482,0.032528486,0.20853555,0.20853554,1582450
0.7,0.0025012146,0.010512648,0.8080610862387583,0.0,0.032528482,0.032528486,0.20853555,0.20853554,1582450
0.7,0.033266746,0.04348321,0.8080610862387583,0.0,0.032528482,0.032528486,0.20853555,0.20853554,1582450
0.7,5.234664e-05,0.008602844,0.8080610862387583,0.0,0.032528482,0.032528486,0.20853555,0.20853554,1582450
0.7,0.27012798,0.11296373,0.8080610862387583,0.0,0.032528482,0.032528486,0.20853555,0.20853554,1582450
0.7,0.0025177414,0.00929063,0.8080610862387583,0.0,0.032528482,0.032528486,0.20853555,0.20853554,1582450
0.7,0.07005355,0.05725381,0.8080610862387583,0.0,0.032528482,0.032528486,0.20853555,0.20853554,1582450
0.7,0.0116324965,0.018948972,0.8080610862387583,0.0,0.032528482,0.032528486,0.20853555,0.20853554,1582450
0.7,0.0063793324,0.016681848,0.8080610862387583,0.0,0.032528482,0.032528486,0.20853555,0.20853554,1582450
0.7,0.0003484264,0.008841254,0.8080610862387583,0.0,0.032528482,0.032528486,0.20853555,0.20853554,1582450
0.7,0.103353836,0.04624716,0.8080610862387583,0.0,0.032528482,0.032528486,0.20853555,0.20853554,1582450
0.7,0.029374775,0.031078495,0.8080610862387583,0.0,0.032528482,0.032528486,0.20853555,0.20853554,1582450
0.7,0.00042065268,0.008919975,0.8080610862387583,0.0,0.032528482,0.032528486,0.20853555,0.20853554,1582450
0.7,0.029680941,0.031031178,0.8080610862387583,0.0,0.032528482,0.032528486,0.20853555,0.20853554,1582450
0.7,0.00029269213,0.008683042,0.8080610862387583,0.0,0.032528482,0.032528486,0.20853555,0.20853554,1582450
0.7,0.0007040539,0.009099749,0.8080610862387583,0.0,0.032528482,0.032528486,0.20853555,0.20853554,1582450
0.7,0.03014539,0.029535113,0.8080610862387583,0.0,0.032528482,0.032528486,0.20853555,0.20853554,1582450
0.7,8.858859e-05,0.008589336,0.8080610862387583,0.0,0.032528482,0.032528486,0.20853555,0.20853554,1582450
0.7,0.062300358,0.042881615,0.8080610862387583,0.0,0.032528482,0.032528486,0.20853555,0.20853554,1582450
0.7,0.012730433,0.011223614,0.8080610862387583,0.0,0.032528482,0.032528486,0.20853555,0.20853554,1582450
0.7,0.00023971277,0.008660939,0.8080610862387583,0.0,0.032528482,0.032528486,0.20853555,0.20853554,1582450
0.7,0.0059113554,0.0122778565,0.8080610862387583,0.0,0.032528482,0.032528486,0.20853555,0.20853554,1582450
0.7,0.0008100906,0.008709335,0.8080610862387583,0.0,0.032528482,0.032528486,0.20853555,0.20853554,1582450
0.7,7.1775976e-05,0.008596866,0.8080610862387583,0.0,0.032528482,0.032528486,0.20853555,0.20853554,1582450
0.7,0.013840178,0.017766332,0.8080610862387583,0.0,0.032528482,0.032528486,0.20853555,0.20853554,1582450
0.7,0.40624288,0.1690653,0.8080610862387583,0.0,0.032528482,0.032528486,0.20853555,0.20853554,1582450
0.7,0.0013235181,0.0040689046,0.8080610862387583,0.0,0.032528482,0.032528486,0.20853555,0.20853554,1582450
0.7,0.0060418723,0.02763761,0.8080610862387583,0.0,0.032528482,0.032528486,0.20853555,0.20853554,1582450
0.7,0.00081054505,0.0038676735,0.8080610862387583,0.0,0.032528482,0.032528486,0.20853555,0.20853554,1582450
0.7,0.0021618393,0.009140141,0.8080610862387583,0.0,0.032528482,0.032528486,0.20853555,0.20853554,1582450
0.7,0.025340632,0.023489514,0.8080610862387583,0.0,0.032528482,0.032528486,0.20853555,0.20853554,1582450
0.7,0.0133204525,0.016798772,0.8080610862387583,0.0,0.032528482,0.032528486,0.20853555,0.20853554,1582450
0.7,0.0021084428,0.0048313537,0.8080610862387583,0.0,0.032528482,0.032528486,0.20853555,0.20853554,1582450
0.7,0.00036282808,0.008619709,0.8080610862387583,0.0,0.032528482,0.032528486,0.20853555,0.20853554,1582450
0.7,0.0049823276,0.008891842,0.8080610862387583,0.0,0.032528482,0.032528486,0.20853555,0.20853554,1582450
0.7,2.8424425e-05,0.0033932747,0.8080610862387583,0.0,0.032528482,0.032528486,0.20853555,0.20853554,1582450
0.7,0.013916081,0.023071274,0.8080610862387583,0.0,0.032528482,0.032528486,0.20853555,0.20853554,1582450
0.7,0.0018339312,0.0041166646,0.8080610862387583,0.0,0.032528482,0.032528486,0.20853555,0.20853554,1582450
0.7,0.0018284748,0.004930685,0.8080610862387583,0.0,0.032528482,0.032528486,0.20853555,0.20853554,1582450
0.7,0.0101975035,0.009386815,0.8080610862387583,0.0,0.032528482,0.032528486,0.20853555,0.20853554,1582450
0.7,0.000121886806,0.008728333,0.8080610862387583,0.0,0.032528482,0.032528486,0.20853555,0.20853554,1582450
0.7,0.00010381401,0.008584776,0.8080610862387583,0.0,0.032528482,0.032528486,0.20853555,0.20853554,1582450
0.7,0.0002762794,0.008667878,0.8080610862387583,0.0,0.032528482,0.032528486,0.20853555,0.20853554,1582450
0.7,0.003256997,0.010578476,0.8080610862387583,0.0,0.032528482,0.032528486,0.20853555,0.20853554,1582450
0.7,0.00057480996,0.008819459,0.8080610862387583,0.0,0.032528482,0.032528486,0.20853555,0.20853554,1582450
0.7,0.010103067,0.0106021445,0.8080610862387583,0.0,0.032528482,0.032528486,0.20853555,0.20853554,1582450
0.7,0.0017812893,0.009362253,0.8080610862387583,0.0,0.032528482,0.032528486,0.20853555,0.20853554,1582450
0.7,0.004786098,0.010480069,0.8080610862387583,0.0,0.032528482,0.032528486,0.20853555,0.20853554,1582450
0.7,0.04294687,0.040912952,0.8080610862387583,0.0,0.032528482,0.032528486,0.20853555,0.20853554,1582450
0.7,0.1434447,0.1140545,0.8080610862387583,0.0,0.032528482,0.032528486,0.20853555,0.20853554,1582450
0.7,0.004715683,0.00834009,0.8080610862387583,0.0,0.032528482,0.032528486,0.20853555,0.20853554,1582450
0.7,0.007516535,0.022622438,0.8080610862387583,0.0,0.032528482,0.032528486,0.20853555,0.20853554,1582450
0.7,0.00719203,0.016451115,0.8080610862387583,0.0,0.032528482,0.032528486,0.20853555,0.20853554,1582450
0.7,0.00020871998,0.00867115,0.8080610862387583,0.0,0.032528482,0.032528486,0.20853555,0.20853554,1582450
0.7,0.0016458514,0.009340838,0.8080610862387583,0.0,0.032528482,0.032528486,0.20853555,0.20853554,1582450
0.7,0.00021302525,0.008623088,0.8080610862387583,0.0,0.032528482,0.032528486,0.20853555,0.20853554,1582450
0.7,6.4040556e-05,0.003431761,0.8080610862387583,0.0,0.032528482,0.032528486,0.20853555,0.20853554,1582450
0.7,0.000379301,0.0036992512,0.8080610862387583,0.0,0.032528482,0.032528486,0.20853555,0.20853554,1582450
0.7,0.01389203,0.014844821,0.8080610862387583,0.0,0.032528482,0.032528486,0.20853555,0.20853554,1582450
0.7,0.023999132,0.019572118,0.8080610862387583,0.0,0.032528482,0.032528486,0.20853555,0.20853554,1582450
0.7,0.6193323,0.31161857,0.8080610862387583,0.0,0.032528482,0.032528486,0.20853555,0.20853554,1582450
0.7,0.4375484,0.66411996,0.8080610862387583,0.0,0.032528482,0.032528486,0.20853555,0.20853554,1582450
0.7,0.00019202653,0.003900017,0.8080610862387583,0.0,0.032528482,0.032528486,0.20853555,0.20853554,1582450
0.7,0.00021023265,0.00858909,0.8080610862387583,0.0,0.032528482,0.032528486,0.20853555,0.20853554,1582450
0.7,0.00013846823,0.008740234,0.8080610862387583,0.0,0.032528482,0.032528486,0.20853555,0.20853554,1582450
0.7,0.012544725,0.030625662,0.8080610862387583,0.0,0.032528482,0.032528486,0.20853555,0.20853554,1582450
0.7,0.13103063,0.044050477,0.8080610862387583,0.0,0.032528482,0.032528486,0.20853555,0.20853554,1582450
0.7,0.0022344661,0.010444717,0.8080610862387583,0.0,0.032528482,0.032528486,0.20853555,0.20853554,1582450
0.7,0.0020369748,0.0093769515,0.8080610862387583,0.0,0.032528482,0.032528486,0.20853555,0.20853554,1582450
0.7,4.917624e-05,0.008611787,0.8080610862387583,0.0,0.032528482,0.032528486,0.20853555,0.20853554,1582450
0.7,0.0021389383,0.022024143,0.8080610862387583,0.0,0.032528482,0.032528486,0.20853555,0.20853554,1582450
0.7,9.718537e-05,0.0034533516,0.8080610862387583,0.0,0.032528482,0.032528486,0.20853555,0.20853554,1582450
0.7,0.005822175,0.023942852,0.8080610862387583,0.0,0.032528482,0.032528486,0.20853555,0.20853554,1582450
0.7,0.003868118,0.011419285,0.8080610862387583,0.0,0.032528482,0.032528486,0.20853555,0.20853554,1582450
0.7,0.0009520873,0.0037295946,0.8080610862387583,0.0,0.032528482,0.032528486,0.20853555,0.20853554,1582450
0.7,0.04187633,0.07791236,0.8080610862387583,0.0,0.032528482,0.032528486,0.20853555,0.20853554,1582450
0.7,0.0010242743,0.0041768784,0.8080610862387583,0.0,0.032528482,0.032528486,0.20853555,0.20853554,1582450
0.7,0.00036912612,0.00862938,0.8080610862387583,0.0,0.032528482,0.032528486,0.20853555,0.20853554,1582450
0.7,0.0008587121,0.008970186,0.8080610862387583,0.0,0.032528482,0.032528486,0.20853555,0.20853554,1582450
0.7,0.0006564727,0.008902041,0.8080610862387583,0.0,0.032528482,0.032528486,0.20853555,0.20853554,1582450
0.7,0.0036069073,0.024005955,0.8080610862387583,0.0,0.032528482,0.032528486,0.20853555,0.20853554,1582450
0.7,0.006811132,0.010648958,0.8080610862387583,0.0,0.032528482,0.032528486,0.20853555,0.20853554,1582450
0.7,0.00038844204,0.02165057,0.8080610862387583,0.0,0.032528482,0.032528486,0.20853555,0.20853554,1582450
0.7,0.0010859693,0.003625552,0.8080610862387583,0.0,0.032528482,0.032528486,0.20853555,0.20853554,1582450
0.7,0.00027278738,0.008668866,0.8080610862387583,0.0,0.032528482,0.032528486,0.20853555,0.20853554,1582450
0.7,0.14955218,0.090248324,0.8080610862387583,0.0,0.032528482,0.032528486,0.20853555,0.20853554,1582450
0.7,0.0009461463,0.008935593,0.8080610862387583,0.0,0.032528482,0.032528486,0.20853555,0.20853554,1582450
0.7,0.00016229435,0.008610627,0.8080610862387583,0.0,0.032528482,0.032528486,0.20853555,0.20853554,1582450
0.7,0.010734951,0.0138963405,0.8080610862387583,0.0,0.032528482,0.032528486,0.20853555,0.20853554,1582450
0.7,0.00018186485,0.008629715,0.8080610862387583,0.0,0.032528482,0.032528486,0.20853555,0.20853554,1582450
0.7,0.00020483173,0.0034650222,0.8080610862387583,0.0,0.032528482,0.032528486,0.20853555,0.20853554,1582450
0.7,0.0027482673,0.009587464,0.8080610862387583,0.0,0.032528482,0.032528486,0.20853555,0.20853554,1582450
0.7,0.0024813775,0.009233885,0.8080610862387583,0.0,0.032528482,0.032528486,0.20853555,0.20853554,1582450
0.7,0.0002768693,0.008683881,0.8080610862387583,0.0,0.032528482,0.032528486,0.20853555,0.20853554,1582450
0.7,0.020193052,0.028569778,0.8080610862387583,0.0,0.032528482,0.032528486,0.20853555,0.20853554,1582450
0.7,0.0008021422,0.00876704,0.8080610862387583,0.0,0.032528482,0.032528486,0.20853555,0.20853554,1582450
0.7,0.005202072,0.016414111,0.8080610862387583,0.0,0.032528482,0.032528486,0.20853555,0.20853554,1582450
0.7,0.001438628,0.008895721,0.8080610862387583,0.0,0.032528482,0.032528486,0.20853555,0.20853554,1582450
0.7,0.0038880731,0.007559698,0.8080610862387583,0.0,0.032528482,0.032528486,0.20853555,0.20853554,1582450
0.7,0.01507548,0.032779973,0.8080610862387583,0.0,0.032528482,0.032528486,0.20853555,0.20853554,1582450
0.7,0.00076768396,0.009081872,0.8080610862387583,0.0,0.032528482,0.032528486,0.20853555,0.20853554,1582450
0.7,0.00054495793,0.0090390835,0.8080610862387583,0.0,0.032528482,0.032528486,0.20853555,0.20853554,1582450
0.7,0.017592777,0.03390958,0.8080610862387583,0.0,0.032528482,0.032528486,0.20853555,0.20853554,1582450
0.7,0.0016493535,0.00876078,0.8080610862387583,0.0,0.032528482,0.032528486,0.20853555,0.20853554,1582450
0.7,4.9310398e-05,0.00858878,0.8080610862387583,0.0,0.032528482,0.032528486,0.20853555,0.20853554,1582450
0.7,0.00081693445,0.00868485,0.8080610862387583,0.0,0.032528482,0.032528486,0.20853555,0.20853554,1582450
0.7,0.029708868,0.048812915,0.8080610862387583,0.0,0.032528482,0.032528486,0.20853555,0.20853554,1582450
0.7,0.02903367,0.01576484,0.8080610862387583,0.0,0.032528482,0.032528486,0.20853555,0.20853554,1582450
0.7,0.001281161,0.0092805885,0.8080610862387583,0.0,0.032528482,0.032528486,0.20853555,0.20853554,1582450
0.7,0.0019453093,0.009756975,0.8080610862387583,0.0,0.032528482,0.032528486,0.20853555,0.20853554,1582450
0.7,0.0008214691,0.010069863,0.8080610862387583,0.0,0.032528482,0.032528486,0.20853555,0.20853554,1582450
0.7,0.031655353,0.020243844,0.8080610862387583,0.0,0.032528482,0.032528486,0.20853555,0.20853554,1582450
0.7,0.0046408763,0.009883651,0.8080610862387583,0.0,0.032528482,0.032528486,0.20853555,0.20853554,1582450
0.7,2.7549913e-05,0.0033784371,0.8080610862387583,0.0,0.032528482,0.032528486,0.20853555,0.20853554,1582450
0.7,0.0016432723,0.009064095,0.8080610862387583,0.0,0.032528482,0.032528486,0.20853555,0.20853554,1582450
0.7,0.0075722905,0.014931446,0.8080610862387583,0.0,0.032528482,0.032528486,0.20853555,0.20853554,1582450
0.7,0.003258019,0.010474128,0.8080610862387583,0.0,0.032528482,0.032528486,0.20853555,0.20853554,1582450
0.7,0.0033469123,0.00806237,0.8080610862387583,0.0,0.032528482,0.032528486,0.20853555,0.20853554,1582450
0.7,0.00026558494,0.0035625754,0.8080610862387583,0.0,0.032528482,0.032528486,0.20853555,0.20853554,1582450
0.7,0.0003502,0.008672305,0.8080610862387583,0.0,0.032528482,0.032528486,0.20853555,0.20853554,1582450
0.7,0.00023618019,0.0034815848,0.8080610862387583,0.0,0.032528482,0.032528486,0.20853555,0.20853554,1582450
0.7,0.0047359373,0.009401585,0.8080610862387583,0.0,0.032528482,0.032528486,0.20853555,0.20853554,1582450
0.7,0.019761264,0.041161954,0.8080610862387583,0.0,0.032528482,0.032528486,0.20853555,0.20853554,1582450
0.7,0.012778,0.037295662,0.8080610862387583,0.0,0.032528482,0.032528486,0.20853555,0.20853554,1582450
0.7,0.0002999321,0.008709206,0.8080610862387583,0.0,0.032528482,0.032528486,0.20853555,0.20853554,1582450
0.7,0.0030049204,0.010373585,0.8080610862387583,0.0,0.032528482,0.032528486,0.20853555,0.20853554,1582450
0.7,0.03222835,0.029603848,0.8080610862387583,0.0,0.032528482,0.032528486,0.20853555,0.20853554,1582450
0.7,0.0048957476,0.011382984,0.8080610862387583,0.0,0.032528482,0.032528486,0.20853555,0.20853554,1582450
0.7,0.011908156,0.010183084,0.8080610862387583,0.0,0.032528482,0.032528486,0.20853555,0.20853554,1582450
0.7,0.045702703,0.061192244,0.8080610862387583,0.0,0.032528482,0.032528486,0.20853555,0.20853554,1582450
0.7,0.13101292,0.22350666,0.8080610862387583,0.0,0.032528482,0.032528486,0.20853555,0.20853554,1582450
0.7,0.009439859,0.02466575,0.8080610862387583,0.0,0.032528482,0.032528486,0.20853555,0.20853554,1582450
0.7,0.25732115,0.10916806,0.8080610862387583,0.0,0.032528482,0.032528486,0.20853555,0.20853554,1582450
0.7,0.14008702,0.049928218,0.8080610862387583,0.0,0.032528482,0.032528486,0.20853555,0.20853554,1582450
0.7,0.00048530588,0.008841836,0.8080610862387583,0.0,0.032528482,0.032528486,0.20853555,0.20853554,1582450
0.7,0.0023386194,0.009294254,0.8080610862387583,0.0,0.032528482,0.032528486,0.20853555,0.20853554,1582450
0.7,0.020666273,0.023949515,0.8080610862387583,0.0,0.032528482,0.032528486,0.20853555,0.20853554,1582450
0.7,0.02877676,0.031189946,0.8080610862387583,0.0,0.032528482,0.032528486,0.20853555,0.20853554,1582450
0.7,0.0007674923,0.008867812,0.8080610862387583,0.0,0.032528482,0.032528486,0.20853555,0.20853554,1582450
0.7,0.00034971227,0.008709321,0.8080610862387583,0.0,0.032528482,0.032528486,0.20853555,0.20853554,1582450
0.7,0.002856578,0.004119392,0.8080610862387583,0.0,0.032528482,0.032528486,0.20853555,0.20853554,1582450
0.7,0.011036701,0.013799176,0.8080610862387583,0.0,0.032528482,0.032528486,0.20853555,0.20853554,1582450
0.7,0.011988263,0.026576068,0.8080610862387583,0.0,0.032528482,0.032528486,0.20853555,0.20853554,1582450
0.7,0.0112170335,0.011740541,0.8080610862387583,0.0,0.032528482,0.032528486,0.20853555,0.20853554,1582450
0.7,0.008272581,0.011073475,0.8080610862387583,0.0,0.032528482,0.032528486,0.20853555,0.20853554,1582450
0.7,0.0003772428,0.008647003,0.8080610862387583,0.0,0.032528482,0.032528486,0.20853555,0.20853554,1582450
0.7,0.0038196207,0.010286564,0.8080610862387583,0.0,0.032528482,0.032528486,0.20853555,0.20853554,1582450
0.7,0.00022036783,0.0087260185,0.8080610862387583,0.0,0.032528482,0.032528486,0.20853555,0.20853554,1582450
0.7,0.002224593,0.023476165,0.8080610862387583,0.0,0.032528482,0.032528486,0.20853555,0.20853554,1582450
0.7,0.0066049783,0.0232615,0.8080610862387583,0.0,0.032528482,0.032528486,0.20853555,0.20853554,1582450
0.7,0.23816565,0.5115858,0.8080610862387583,0.0,0.032528482,0.032528486,0.20853555,0.20853554,1582450
0.7,0.0008262435,0.009793702,0.8080610862387583,0.0,0.032528482,0.032528486,0.20853555,0.20853554,1582450
0.7,0.011698136,0.013313537,0.8080610862387583,0.0,0.032528482,0.032528486,0.20853555,0.20853554,1582450
0.7,0.00011414865,0.008616202,0.8080610862387583,0.0,0.032528482,0.032528486,0.20853555,0.20853554,1582450
0.7,0.0008382543,0.008827261,0.8080610862387583,0.0,0.032528482,0.032528486,0.20853555,0.20853554,1582450
0.7,0.020036675,0.025371542,0.8080610862387583,0.0,0.032528482,0.032528486,0.20853555,0.20853554,1582450
0.7,0.002174853,0.0041103414,0.8080610862387583,0.0,0.032528482,0.032528486,0.20853555,0.20853554,1582450
0.7,0.050173033,0.06131928,0.8080610862387583,0.0,0.032528482,0.032528486,0.20853555,0.20853554,1582450
0.7,0.46629798,0.66801476,0.8080610862387583,0.0,0.032528482,0.032528486,0.20853555,0.20853554,1582450
0.7,0.013252202,0.013866756,0.8080610862387583,0.0,0.032528482,0.032528486,0.20853555,0.20853554,1582450
0.7,0.004356985,0.023681669,0.8080610862387583,0.0,0.032528482,0.032528486,0.20853555,0.20853554,1582450
0.7,0.005972236,0.01022191,0.8080610862387583,0.0,0.032528482,0.032528486,0.20853555,0.20853554,1582450
0.7,0.012289874,0.027761245,0.8080610862387583,0.0,0.032528482,0.032528486,0.20853555,0.20853554,1582450
0.7,0.061972663,0.024624778,0.8080610862387583,0.0,0.032528482,0.032528486,0.20853555,0.20853554,1582450
0.7,0.00043975943,0.0035423224,0.8080610862387583,0.0,0.032528482,0.032528486,0.20853555,0.20853554,1582450
0.7,0.01568896,0.017433137,0.8080610862387583,0.0,0.032528482,0.032528486,0.20853555,0.20853554,1582450
0.7,0.088684395,0.06444221,0.8080610862387583,0.0,0.032528482,0.032528486,0.20853555,0.20853554,1582450
0.7,0.06462739,0.04433222,0.8080610862387583,0.0,0.032528482,0.032528486,0.20853555,0.20853554,1582450
0.7,0.014291831,0.01895039,0.8080610862387583,0.0,0.032528482,0.032528486,0.20853555,0.20853554,1582450
0.7,0.0473787,0.03479969,0.8080610862387583,0.0,0.032528482,0.032528486,0.20853555,0.20853554,1582450
0.7,0.0060857027,0.01455214,0.8080610862387583,0.0,0.032528482,0.032528486,0.20853555,0.20853554,1582450
0.7,0.0008437264,0.009355363,0.8080610862387583,0.0,0.032528482,0.032528486,0.20853555,0.20853554,1582450
0.7,0.016880326,0.01664054,0.8080610862387583,0.0,0.032528482,0.032528486,0.20853555,0.20853554,1582450
0.7,4.6546527e-05,0.008587087,0.8080610862387583,0.0,0.032528482,0.032528486,0.20853555,0.20853554,1582450
0.7,0.00044972092,0.003558376,0.8080610862387583,0.0,0.032528482,0.032528486,0.20853555,0.20853554,1582450
0.7,0.0029460236,0.010781838,0.8080610862387583,0.0,0.032528482,0.032528486,0.20853555,0.20853554,1582450
0.7,0.0006011935,0.008958965,0.8080610862387583,0.0,0.032528482,0.032528486,0.20853555,0.20853554,1582450
0.7,0.010171199,0.007781302,0.8080610862387583,0.0,0.032528482,0.032528486,0.20853555,0.20853554,1582450
0.7,0.018323489,0.047034025,0.8080610862387583,0.0,0.032528482,0.032528486,0.20853555,0.20853554,1582450
0.7,0.010658741,0.009710912,0.8080610862387583,0.0,0.032528482,0.032528486,0.20853555,0.20853554,1582450
0.7,0.00044799148,0.009373234,0.8080610862387583,0.0,0.032528482,0.032528486,0.20853555,0.20853554,1582450
0.7,0.014572718,0.0109761655,0.8080610862387583,0.0,0.032528482,0.032528486,0.20853555,0.20853554,1582450
0.7,0.016312847,0.011091399,0.8080610862387583,0.0,0.032528482,0.032528486,0.20853555,0.20853554,1582450
0.7,0.0015844874,0.022354277,0.8080610862387583,0.0,0.032528482,0.032528486,0.20853555,0.20853554,1582450
0.7,0.014713483,0.013179563,0.8080610862387583,0.0,0.032528482,0.032528486,0.20853555,0.20853554,1582450
0.7,0.00050830067,0.0036846166,0.8080610862387583,0.0,0.032528482,0.032528486,0.20853555,0.20853554,1582450
0.7,0.014977457,0.026215145,0.8080610862387583,0.0,0.032528482,0.032528486,0.20853555,0.20853554,1582450
0.7,0.03613546,0.024471968,0.8080610862387583,0.0,0.032528482,0.032528486,0.20853555,0.20853554,1582450
0.7,0.64694005,0.5353065,0.8080610862387583,0.0,0.032528482,0.032528486,0.20853555,0.20853554,1582450
0.7,0.0015924793,0.009005639,0.8080610862387583,0.0,0.032528482,0.032528486,0.20853555,0.20853554,1582450
0.7,0.00023426043,0.008680118,0.8080610862387583,0.0,0.032528482,0.032528486,0.20853555,0.20853554,1582450
0.7,0.001406341,0.008779221,0.8080610862387583,0.0,0.032528482,0.032528486,0.20853555,0.20853554,1582450
0.7,0.0070809238,0.00617762,0.8080610862387583,0.0,0.032528482,0.032528486,0.20853555,0.20853554,1582450
0.7,8.954908e-05,0.008579804,0.8080610862387583,0.0,0.032528482,0.032528486,0.20853555,0.20853554,1582450
0.7,0.0028484124,0.013291679,0.8080610862387583,0.0,0.032528482,0.032528486,0.20853555,0.20853554,1582450
0.7,0.001539267,0.0043515926,0.8080610862387583,0.0,0.032528482,0.032528486,0.20853555,0.20853554,1582450
0.7,0.00014737774,0.008676461,0.8080610862387583,0.0,0.032528482,0.032528486,0.20853555,0.20853554,1582450
0.7,0.00015799433,0.008726921,0.8080610862387583,0.0,0.032528482,0.032528486,0.20853555,0.20853554,1582450
0.7,0.0004965493,0.008856518,0.8080610862387583,0.0,0.032528482,0.032528486,0.20853555,0.20853554,1582450
0.7,0.0042661363,0.009430093,0.8080610862387583,0.0,0.032528482,0.032528486,0.20853555,0.20853554,1582450
0.7,0.0010892084,0.008729793,0.8080610862387583,0.0,0.032528482,0.032528486,0.20853555,0.20853554,1582450
0.7,0.00853713,0.011627127,0.8080610862387583,0.0,0.032528482,0.032528486,0.20853555,0.20853554,1582450
0.7,0.042084593,0.05695541,0.8080610862387583,0.0,0.032528482,0.032528486,0.20853555,0.20853554,1582450
0.7,0.0031367335,0.0104548205,0.8080610862387583,0.0,0.032528482,0.032528486,0.20853555,0.20853554,1582450
0.7,0.020037357,0.044968195,0.8080610862387583,0.0,0.032528482,0.032528486,0.20853555,0.20853554,1582450
0.7,7.172333e-05,0.008640613,0.8080610862387583,0.0,0.032528482,0.032528486,0.20853555,0.20853554,1582450
0.7,0.01873023,0.03174101,0.8080610862387583,0.0,0.032528482,0.032528486,0.20853555,0.20853554,1582450
0.7,0.011653472,0.011602932,0.8080610862387583,0.0,0.032528482,0.032528486,0.20853555,0.20853554,1582450
0.7,0.00011272219,0.00860065,0.8080610862387583,0.0,0.032528482,0.032528486,0.20853555,0.20853554,1582450
0.7,0.18069232,0.124605075,0.8080610862387583,0.0,0.032528482,0.032528486,0.20853555,0.20853554,1582450
0.7,0.20400573,0.09488379,0.8080610862387583,0.0,0.032528482,0.032528486,0.20853555,0.20853554,1582450
0.7,0.14965256,0.13771509,0.8080610862387583,0.0,0.032528482,0.032528486,0.20853555,0.20853554,1582450
0.7,0.02598086,0.012431323,0.8080610862387583,0.0,0.032528482,0.032528486,0.20853555,0.20853554,1582450
0.7,0.031040387,0.06800065,0.8080610862387583,0.0,0.032528482,0.032528486,0.20853555,0.20853554,1582450
0.7,0.0832938,0.07604593,0.8080610862387583,0.0,0.032528482,0.032528486,0.20853555,0.20853554,1582450
0.7,0.00015044973,0.008627117,0.8080610862387583,0.0,0.032528482,0.032528486,0.20853555,0.20853554,1582450
0.7,0.0072269314,0.013548069,0.8080610862387583,0.0,0.032528482,0.032528486,0.20853555,0.20853554,1582450
0.7,0.0020123688,0.008919877,0.8080610862387583,0.0,0.032528482,0.032528486,0.20853555,0.20853554,1582450
0.7,0.00032514022,0.008627273,0.8080610862387583,0.0,0.032528482,0.032528486,0.20853555,0.20853554,1582450
0.7,7.84938e-05,0.0033907937,0.8080610862387583,0.0,0.032528482,0.032528486,0.20853555,0.20853554,1582450
0.7,0.0010968181,0.008948832,0.8080610862387583,0.0,0.032528482,0.032528486,0.20853555,0.20853554,1582450
0.7,0.00085430365,0.004506063,0.8080610862387583,0.0,0.032528482,0.032528486,0.20853555,0.20853554,1582450
0.7,0.000557675,0.00908098,0.8080610862387583,0.0,0.032528482,0.032528486,0.20853555,0.20853554,1582450
0.7,0.0025416801,0.009468334,0.8080610862387583,0.0,0.032528482,0.032528486,0.20853555,0.20853554,1582450
0.7,0.00012629626,0.008587589,0.8080610862387583,0.0,0.032528482,0.032528486,0.20853555,0.20853554,1582450
0.7,0.024364823,0.016844613,0.8080610862387583,0.0,0.032528482,0.032528486,0.20853555,0.20853554,1582450
0.7,0.009319008,0.009821742,0.8080610862387583,0.0,0.032528482,0.032528486,0.20853555,0.20853554,1582450
0.7,0.008740013,0.009469646,0.8080610862387583,0.0,0.032528482,0.032528486,0.20853555,0.20853554,1582450
0.7,0.016070869,0.012184691,0.8080610862387583,0.0,0.032528482,0.032528486,0.20853555,0.20853554,1582450
0.7,0.018233905,0.016012728,0.8080610862387583,0.0,0.032528482,0.032528486,0.20853555,0.20853554,1582450
0.7,0.00047688204,0.0047623687,0.8080610862387583,0.0,0.032528482,0.032528486,0.20853555,0.20853554,1582450
0.7,0.21948138,0.085390046,0.8080610862387583,0.0,0.032528482,0.032528486,0.20853555,0.20853554,1582450
0.7,6.521926e-05,0.003390865,0.8080610862387583,0.0,0.032528482,0.032528486,0.20853555,0.20853554,1582450
0.7,0.1166552,0.09277742,0.8080610862387583,0.0,0.032528482,0.032528486,0.20853555,0.20853554,1582450
0.7,0.074122414,0.041194964,0.8080610862387583,0.0,0.032528482,0.032528486,0.20853555,0.20853554,1582450
0.7,0.0442357,0.03209313,0.8080610862387583,0.0,0.032528482,0.032528486,0.20853555,0.20853554,1582450
0.7,0.034117375,0.027933411,0.8080610862387583,0.0,0.032528482,0.032528486,0.20853555,0.20853554,1582450
0.7,0.000994861,0.00888053,0.8080610862387583,0.0,0.032528482,0.032528486,0.20853555,0.20853554,1582450
0.7,0.008798591,0.008455241,0.8080610862387583,0.0,0.032528482,0.032528486,0.20853555,0.20853554,1582450
0.7,0.0010937017,0.00919038,0.8080610862387583,0.0,0.032528482,0.032528486,0.20853555,0.20853554,1582450
0.7,0.001801078,0.010240293,0.8080610862387583,0.0,0.032528482,0.032528486,0.20853555,0.20853554,1582450
0.7,0.07334282,0.09367433,0.8080610862387583,0.0,0.032528482,0.032528486,0.20853555,0.20853554,1582450
0.7,0.006090293,0.014249169,0.8080610862387583,0.0,0.032528482,0.032528486,0.20853555,0.20853554,1582450
0.7,3.7652488e-05,0.008580356,0.8080610862387583,0.0,0.032528482,0.032528486,0.20853555,0.20853554,1582450
0.7,0.044656802,0.019504052,0.8080610862387583,0.0,0.032528482,0.032528486,0.20853555,0.20853554,1582450
0.7,0.019602025,0.06146725,0.8080610862387583,0.0,0.032528482,0.032528486,0.20853555,0.20853554,1582450
0.7,0.0050806603,0.023661919,0.8080610862387583,0.0,0.032528482,0.032528486,0.20853555,0.20853554,1582450
0.7,0.07088561,0.062310223,0.8080610862387583,0.0,0.032528482,0.032528486,0.20853555,0.20853554,1582450
0.7,0.0016238845,0.010234551,0.8080610862387583,0.0,0.032528482,0.032528486,0.20853555,0.20853554,1582450
0.7,9.1808135e-05,0.0034707915,0.8080610862387583,0.0,0.032528482,0.032528486,0.20853555,0.20853554,1582450
0.7,0.00023617462,0.008703898,0.8080610862387583,0.0,0.032528482,0.032528486,0.20853555,0.20853554,1582450
0.7,0.12671973,0.055837005,0.8080610862387583,0.0,0.032528482,0.032528486,0.20853555,0.20853554,1582450
0.7,0.0010671185,0.003818234,0.8080610862387583,0.0,0.032528482,0.032528486,0.20853555,0.20853554,1582450
0.7,0.0112772,0.004407014,0.8080610862387583,0.0,0.032528482,0.032528486,0.20853555,0.20853554,1582450
0.7,0.00442937,0.012427007,0.8080610862387583,0.0,0.032528482,0.032528486,0.20853555,0.20853554,1582450
0.7,0.00014835842,0.008622702,0.8080610862387583,0.0,0.032528482,0.032528486,0.20853555,0.20853554,1582450
0.7,0.0001932874,0.008664302,0.8080610862387583,0.0,0.032528482,0.032528486,0.20853555,0.20853554,1582450
0.7,0.011739773,0.012067353,0.8080610862387583,0.0,0.032528482,0.032528486,0.20853555,0.20853554,1582450
0.7,0.0016277542,0.009074909,0.8080610862387583,0.0,0.032528482,0.032528486,0.20853555,0.20853554,1582450
0.7,0.0002887709,0.0037163948,0.8080610862387583,0.0,0.032528482,0.032528486,0.20853555,0.20853554,1582450
0.7,0.004635972,0.0057948423,0.8080610862387583,0.0,0.032528482,0.032528486,0.20853555,0.20853554,1582450
0.7,0.0015323075,0.009267532,0.8080610862387583,0.0,0.032528482,0.032528486,0.20853555,0.20853554,1582450
0.7,0.42082262,0.13477525,0.8080610862387583,0.0,0.032528482,0.032528486,0.20853555,0.20853554,1582450
0.7,0.028591631,0.037568096,0.8080610862387583,0.0,0.032528482,0.032528486,0.20853555,0.20853554,1582450
0.7,0.0033510553,0.00994386,0.8080610862387583,0.0,0.032528482,0.032528486,0.20853555,0.20853554,1582450
0.7,0.0014851451,0.009309158,0.8080610862387583,0.0,0.032528482,0.032528486,0.20853555,0.20853554,1582450
0.7,2.9140107e-05,0.008574123,0.8080610862387583,0.0,0.032528482,0.032528486,0.20853555,0.20853554,1582450
0.7,0.30827174,0.06925253,0.8080610862387583,0.0,0.032528482,0.032528486,0.20853555,0.20853554,1582450
0.7,0.00044606923,0.0034962138,0.8080610862387583,0.0,0.032528482,0.032528486,0.20853555,0.20853554,1582450
0.7,0.043224845,0.049901567,0.8080610862387583,0.0,0.032528482,0.032528486,0.20853555,0.20853554,1582450
0.7,0.00037327295,0.008776802,0.8080610862387583,0.0,0.032528482,0.032528486,0.20853555,0.20853554,1582450
0.7,0.30814663,0.18278448,0.8080610862387583,0.0,0.032528482,0.032528486,0.20853555,0.20853554,1582450
0.7,0.0029148508,0.022197241,0.8080610862387583,0.0,0.032528482,0.032528486,0.20853555,0.20853554,1582450
0.7,0.022048455,0.018567434,0.8080610862387583,0.0,0.032528482,0.032528486,0.20853555,0.20853554,1582450
0.7,0.028303728,0.016664332,0.8080610862387583,0.0,0.032528482,0.032528486,0.20853555,0.20853554,1582450
0.7,0.0011425054,0.009071101,0.8080610862387583,0.0,0.032528482,0.032528486,0.20853555,0.20853554,1582450
0.7,0.0002881539,0.008615596,0.8080610862387583,0.0,0.032528482,0.032528486,0.20853555,0.20853554,1582450
0.7,0.0023387568,0.008828499,0.8080610862387583,0.0,0.032528482,0.032528486,0.20853555,0.20853554,1582450
0.7,0.0002933164,0.008755623,0.8080610862387583,0.0,0.032528482,0.032528486,0.20853555,0.20853554,1582450
0.7,0.0027346283,0.023808178,0.8080610862387583,0.0,0.032528482,0.032528486,0.20853555,0.20853554,1582450
0.7,0.0014223633,0.004102733,0.8080610862387583,0.0,0.032528482,0.032528486,0.20853555,0.20853554,1582450
0.7,0.0023464945,0.0095459325,0.8080610862387583,0.0,0.032528482,0.032528486,0.20853555,0.20853554,1582450
0.7,0.00338572,0.009348747,0.8080610862387583,0.0,0.032528482,0.032528486,0.20853555,0.20853554,1582450
0.7,0.003421651,0.009363989,0.8080610862387583,0.0,0.032528482,0.032528486,0.20853555,0.20853554,1582450
0.7,0.0002887205,0.008583576,0.8080610862387583,0.0,0.032528482,0.032528486,0.20853555,0.20853554,1582450
0.7,0.0037420096,0.011924435,0.8080610862387583,0.0,0.032528482,0.032528486,0.20853555,0.20853554,1582450
0.7,0.0002652025,0.008695346,0.8080610862387583,0.0,0.032528482,0.032528486,0.20853555,0.20853554,1582450
0.7,0.47157177,0.16605514,0.8080610862387583,0.0,0.032528482,0.032528486,0.20853555,0.20853554,1582450
0.7,0.17334378,0.19678846,0.8080610862387583,0.0,0.032528482,0.032528486,0.20853555,0.20853554,1582450
0.7,0.0022059905,0.009463921,0.8080610862387583,0.0,0.032528482,0.032528486,0.20853555,0.20853554,1582450
0.7,0.0049075815,0.010326705,0.8080610862387583,0.0,0.032528482,0.032528486,0.20853555,0.20853554,1582450
0.7,0.41916367,0.19731171,0.8080610862387583,0.0,0.032528482,0.032528486,0.20853555,0.20853554,1582450
0.7,0.0011351842,0.009003071,0.8080610862387583,0.0,0.032528482,0.032528486,0.20853555,0.20853554,1582450
0.7,0.0020284266,0.0041247495,0.8080610862387583,0.0,0.032528482,0.032528486,0.20853555,0.20853554,1582450
