reconstructed_fraction,recorded_pool_fraction,neuron_id,cell_type,seed,teacher_rate_hz,student_rate_hz,fluctuation_r2,group
0.5,0.5,6,excitatory,44,13.76923076923077,5.769230769230769,-0.4270036220550537,observed
0.5,0.5,10,excitatory,44,12.076923076923077,3.8461538461538463,0.20106905698776245,observed
0.5,0.5,12,inhibitory,44,0.5384615384615384,0.0,-0.019979119300842285,observed
0.5,0.5,13,inhibitory,44,20.923076923076923,15.076923076923077,0.4770295023918152,observed
0.5,0.5,14,excitatory,44,28.76923076923077,17.076923076923077,-0.2607325315475464,observed
0.5,0.5,15,excitatory,44,0.0,0.0,,observed
0.5,0.5,17,excitatory,44,5.846153846153846,4.538461538461538,-0.07387316226959229,observed
0.5,0.5,18,excitatory,44,0.0,0.0,,observed
0.5,0.5,22,excitatory,44,8.923076923076923,1.6923076923076923,-0.49297821521759033,observed
0.5,0.5,27,excitatory,44,0.0,0.0,,observed
0.5,0.5,28,excitatory,44,0.0,0.07692307692307693,,observed
0.5,0.5,41,excitatory,44,0.07692307692307693,0.3076923076923077,-5.060022830963135,observed
0.5,0.5,42,excitatory,44,12.076923076923077,12.307692307692308,0.6647119522094727,observed
0.5,0.5,61,excitatory,44,0.0,0.38461538461538464,,observed
0.5,0.5,64,excitatory,44,0.0,0.0,,observed
0.5,0.5,68,excitatory,44,0.0,0.46153846153846156,,observed
0.5,0.5,73,excitatory,44,0.0,0.0,,observed
0.5,0.5,75,excitatory,44,0.7692307692307693,0.0,-0.0736774206161499,observed
0.5,0.5,76,excitatory,44,0.0,0.0,,observed
0.5,0.5,77,excitatory,44,0.9230769230769231,0.0,-0.10263729095458984,observed
0.5,0.5,88,excitatory,44,0.0,0.0,,observed
0.5,0.5,93,excitatory,44,0.0,0.07692307692307693,,observed
0.5,0.5,103,excitatory,44,0.7692307692307693,0.15384615384615385,-0.014669537544250488,observed
0.5,0.5,105,excitatory,44,0.0,0.0,,observed
0.5,0.5,112,excitatory,44,0.0,0.0,,observed
0.5,0.5,116,excitatory,44,2.230769230769231,4.230769230769231,-0.3847510814666748,observed
0.5,0.5,119,inhibitory,44,1.0769230769230769,0.0,-0.12884879112243652,observed
0.5,0.5,121,inhibitory,44,1.8461538461538463,3.076923076923077,-0.8166621923446655,observed
0.5,0.5,122,excitatory,44,0.3076923076923077,0.0,-0.037345051765441895,observed
0.5,0.5,125,excitatory,44,13.23076923076923,14.076923076923077,0.8904803991317749,observed
0.5,0.5,128,inhibitory,44,49.46153846153846,29.923076923076923,0.1989532709121704,observed
0.5,0.5,134,excitatory,44,0.38461538461538464,0.0,-0.07325971126556396,observed
0.5,0.5,137,excitatory,44,31.307692307692307,23.923076923076923,0.34194135665893555,observed
0.5,0.5,147,inhibitory,44,9.307692307692308,4.3076923076923075,-0.36287176609039307,observed
0.5,0.5,151,excitatory,44,2.3076923076923075,3.1538461538461537,-0.22648370265960693,observed
0.5,0.5,153,excitatory,44,0.3076923076923077,0.8461538461538461,-1.1526012420654297,observed
0.5,0.5,156,excitatory,44,0.07692307692307693,0.0,-0.013791799545288086,observed
0.5,0.5,158,excitatory,44,1.1538461538461537,0.0,-0.19970262050628662,observed
0.5,0.5,162,excitatory,44,9.846153846153847,11.615384615384615,0.8295297026634216,observed
0.5,0.5,168,inhibitory,44,0.7692307692307693,0.23076923076923078,-0.36096346378326416,observed
0.5,0.5,170,excitatory,44,1.9230769230769231,1.0769230769230769,-0.2232675552368164,observed
0.5,0.5,174,inhibitory,44,9.76923076923077,5.6923076923076925,0.16832202672958374,observed
0.5,0.5,175,excitatory,44,0.9230769230769231,2.0,-1.1412413120269775,observed
0.5,0.5,176,excitatory,44,2.076923076923077,0.0,-0.22398853302001953,observed
0.5,0.5,177,excitatory,44,0.15384615384615385,0.15384615384615385,-0.4437144994735718,observed
0.5,0.5,178,excitatory,44,0.9230769230769231,0.7692307692307693,0.9581301212310791,observed
0.5,0.5,179,excitatory,44,8.538461538461538,6.769230769230769,0.7935209274291992,observed
0.5,0.5,180,excitatory,44,0.07692307692307693,0.0,-0.013536572456359863,observed
0.5,0.5,192,excitatory,44,0.0,0.0,,observed
0.5,0.5,198,excitatory,44,0.07692307692307693,0.07692307692307693,-1.0276458263397217,observed
0.5,0.5,204,inhibitory,44,2.6153846153846154,0.15384615384615385,-0.5183839797973633,observed
0.5,0.5,207,excitatory,44,12.153846153846153,4.3076923076923075,-0.3492438793182373,observed
0.5,0.5,224,inhibitory,44,4.461538461538462,2.1538461538461537,-0.27077531814575195,observed
0.5,0.5,227,excitatory,44,0.0,0.0,,observed
0.5,0.5,233,excitatory,44,0.0,0.5384615384615384,,observed
0.5,0.5,237,excitatory,44,0.6923076923076923,0.46153846153846156,-0.15632057189941406,observed
0.5,0.5,238,excitatory,44,1.4615384615384615,0.3076923076923077,-0.1525716781616211,observed
0.5,0.5,244,inhibitory,44,0.0,0.0,,observed
0.5,0.5,245,excitatory,44,1.8461538461538463,0.7692307692307693,0.10185426473617554,observed
0.5,0.5,251,inhibitory,44,18.53846153846154,19.384615384615383,-0.17667067050933838,observed
0.5,0.5,254,inhibitory,44,14.307692307692308,16.307692307692307,0.9146932363510132,observed
0.5,0.5,256,excitatory,44,0.07692307692307693,0.0,-0.013685941696166992,observed
0.5,0.5,259,excitatory,44,0.0,0.0,,observed
0.5,0.5,262,inhibitory,44,0.07692307692307693,1.0,-33.047977447509766,observed
0.5,0.5,263,inhibitory,44,10.0,5.153846153846154,-0.5038163661956787,observed
0.5,0.5,267,excitatory,44,0.07692307692307693,0.3076923076923077,-3.0138769149780273,observed
0.5,0.5,268,inhibitory,44,19.615384615384617,15.846153846153847,0.780045747756958,observed
0.5,0.5,274,excitatory,44,0.0,0.07692307692307693,,observed
0.5,0.5,275,excitatory,44,0.0,0.0,,observed
0.5,0.5,278,excitatory,44,0.0,0.0,,observed
0.5,0.5,279,inhibitory,44,17.46153846153846,12.615384615384615,0.351990282535553,observed
0.5,0.5,289,inhibitory,44,0.07692307692307693,0.3076923076923077,-4.374247074127197,observed
0.5,0.5,295,excitatory,44,0.8461538461538461,1.3076923076923077,-0.7941164970397949,observed
0.5,0.5,306,excitatory,44,0.07692307692307693,0.38461538461538464,-6.711613178253174,observed
0.5,0.5,307,inhibitory,44,4.538461538461538,6.923076923076923,0.3262212872505188,observed
0.5,0.5,308,excitatory,44,0.0,0.0,,observed
0.5,0.5,309,excitatory,44,0.0,0.0,,observed
0.5,0.5,317,excitatory,44,0.0,0.8461538461538461,,observed
0.5,0.5,329,excitatory,44,0.0,0.0,,observed
0.5,0.5,335,excitatory,44,51.46153846153846,52.07692307692308,0.973362147808075,observed
0.5,0.5,338,inhibitory,44,2.923076923076923,3.4615384615384617,-0.019299030303955078,observed
0.5,0.5,340,excitatory,44,0.0,0.0,,observed
0.5,0.5,356,excitatory,44,0.0,0.46153846153846156,,observed
0.5,0.5,361,excitatory,44,0.0,0.0,,observed
0.5,0.5,366,inhibitory,44,3.0,1.3846153846153846,0.6038922071456909,observed
0.5,0.5,371,excitatory,44,0.0,0.0,,observed
0.5,0.5,372,excitatory,44,1.2307692307692308,0.0,-0.2019258737564087,observed
0.5,0.5,373,excitatory,44,1.6153846153846154,0.7692307692307693,-0.24079036712646484,observed
0.5,0.5,378,excitatory,44,1.0,0.0,-0.14004969596862793,observed
0.5,0.5,380,excitatory,44,0.46153846153846156,0.07692307692307693,0.21623843908309937,observed
0.5,0.5,394,excitatory,44,0.0,0.0,,observed
0.5,0.5,395,inhibitory,44,3.3846153846153846,0.07692307692307693,-0.39175689220428467,observed
0.5,0.5,408,excitatory,44,0.23076923076923078,0.0,-0.04104423522949219,observed
0.5,0.5,409,excitatory,44,1.6923076923076923,0.15384615384615385,-0.04462909698486328,observed
0.5,0.5,410,excitatory,44,0.5384615384615384,0.0,-0.03309810161590576,observed
0.5,0.5,412,excitatory,44,1.1538461538461537,2.769230769230769,-0.5819430351257324,observed
0.5,0.5,413,excitatory,44,0.07692307692307693,0.07692307692307693,0.9981763958930969,observed
0.5,0.5,415,excitatory,44,10.76923076923077,9.923076923076923,-0.1710519790649414,observed
0.5,0.5,421,excitatory,44,9.076923076923077,5.923076923076923,-0.27987098693847656,observed
0.5,0.5,429,excitatory,44,0.0,0.0,,observed
0.5,0.5,435,excitatory,44,0.0,0.0,,observed
0.5,0.5,438,inhibitory,44,0.07692307692307693,0.0,-0.0136488676071167,observed
0.5,0.5,442,excitatory,44,8.461538461538462,1.6153846153846154,-0.16660606861114502,observed
0.5,0.5,443,excitatory,44,0.0,0.0,,observed
0.5,0.5,445,excitatory,44,0.0,0.07692307692307693,,observed
0.5,0.5,446,inhibitory,44,0.38461538461538464,0.0,-0.040398597717285156,observed
0.5,0.5,452,excitatory,44,0.0,0.0,,observed
0.5,0.5,454,excitatory,44,8.153846153846153,5.769230769230769,0.6150196194648743,observed
0.5,0.5,455,inhibitory,44,0.23076923076923078,0.07692307692307693,-0.26482880115509033,observed
0.5,0.5,458,excitatory,44,0.07692307692307693,0.0,-0.013534188270568848,observed
0.5,0.5,459,excitatory,44,32.69230769230769,26.76923076923077,-0.008507132530212402,observed
0.5,0.5,460,excitatory,44,0.0,0.0,,observed
0.5,0.5,466,excitatory,44,0.0,0.0,,observed
0.5,0.5,470,inhibitory,44,28.76923076923077,24.384615384615383,-0.11688852310180664,observed
0.5,0.5,476,excitatory,44,10.461538461538462,4.076923076923077,-0.102882981300354,observed
0.5,0.5,480,excitatory,44,0.07692307692307693,0.0,-0.013705968856811523,observed
0.5,0.5,484,excitatory,44,2.4615384615384617,0.0,-0.16824650764465332,observed
0.5,0.5,491,excitatory,44,0.0,0.0,,observed
0.5,0.5,496,excitatory,44,12.384615384615385,4.6923076923076925,-0.16554713249206543,observed
0.5,0.5,498,excitatory,44,8.0,9.153846153846153,0.13568788766860962,observed
0.5,0.5,499,excitatory,44,5.0,0.0,-0.3973724842071533,observed
0.5,0.5,500,inhibitory,44,0.0,0.15384615384615385,,observed
0.5,0.5,501,excitatory,44,2.1538461538461537,4.153846153846154,0.2013939619064331,observed
0.5,0.5,506,excitatory,44,0.15384615384615385,0.0,-0.028186440467834473,observed
0.5,0.5,508,excitatory,44,0.6153846153846154,1.3846153846153846,-0.518944501876831,observed
0.5,0.5,509,excitatory,44,0.0,0.3076923076923077,,observed
0.5,0.5,510,excitatory,44,0.07692307692307693,0.0,-0.013726353645324707,observed
0.5,0.5,512,excitatory,44,22.307692307692307,30.615384615384617,0.12474781274795532,observed
0.5,0.5,522,excitatory,44,0.07692307692307693,0.0,-0.013638973236083984,observed
0.5,0.5,524,excitatory,44,2.076923076923077,0.46153846153846156,-0.09834742546081543,observed
0.5,0.5,525,excitatory,44,1.6153846153846154,2.1538461538461537,-0.5158952474594116,observed
0.5,0.5,529,inhibitory,44,6.923076923076923,5.0,-0.17090249061584473,observed
0.5,0.5,532,excitatory,44,0.23076923076923078,0.0,-0.025889873504638672,observed
0.5,0.5,533,inhibitory,44,19.615384615384617,22.307692307692307,0.4020874500274658,observed
0.5,0.5,548,inhibitory,44,176.69230769230768,170.15384615384616,-0.35949409008026123,observed
0.5,0.5,559,excitatory,44,0.0,0.0,,observed
0.5,0.5,560,excitatory,44,0.15384615384615385,0.0,-0.028150558471679688,observed
0.5,0.5,561,excitatory,44,0.6153846153846154,0.0,-0.08256363868713379,observed
0.5,0.5,564,excitatory,44,0.0,0.0,,observed
0.5,0.5,567,excitatory,44,0.0,0.07692307692307693,,observed
0.5,0.5,569,inhibitory,44,0.0,0.0,,observed
0.5,0.5,573,excitatory,44,0.0,0.0,,observed
0.5,0.5,583,inhibitory,44,1.6923076923076923,0.9230769230769231,-0.023880839347839355,observed
0.5,0.5,584,excitatory,44,0.0,0.0,,observed
0.5,0.5,585,excitatory,44,0.15384615384615385,0.0,-0.014241576194763184,observed
0.5,0.5,602,excitatory,44,0.0,0.0,,observed
0.5,0.5,604,excitatory,44,0.6923076923076923,4.230769230769231,-11.05424690246582,observed
0.5,0.5,606,inhibitory,44,126.3076923076923,143.30769230769232,0.19703012704849243,observed
0.5,0.5,608,excitatory,44,0.07692307692307693,0.23076923076923078,-3.0547094345092773,observed
0.5,0.5,609,inhibitory,44,17.53846153846154,15.23076923076923,-0.12663161754608154,observed
0.5,0.5,622,excitatory,44,2.3846153846153846,4.615384615384615,-0.49654650688171387,observed
0.5,0.5,626,excitatory,44,0.0,0.23076923076923078,,observed
0.5,0.5,627,excitatory,44,0.0,0.0,,observed
0.5,0.5,633,inhibitory,44,4.615384615384615,0.9230769230769231,0.09139639139175415,observed
0.5,0.5,657,inhibitory,44,7.384615384615385,8.076923076923077,0.3844936490058899,observed
0.5,0.5,661,excitatory,44,12.461538461538462,0.0,-0.8465807437896729,observed
0.5,0.5,662,excitatory,44,0.07692307692307693,0.0,-0.01371610164642334,observed
0.5,0.5,664,inhibitory,44,1.1538461538461537,0.3076923076923077,-0.2940431833267212,observed
0.5,0.5,669,excitatory,44,0.0,0.0,,observed
0.5,0.5,674,inhibitory,44,13.23076923076923,14.307692307692308,0.04109847545623779,observed
0.5,0.5,681,excitatory,44,0.0,0.0,,observed
0.5,0.5,683,excitatory,44,0.15384615384615385,0.15384615384615385,-0.5763982534408569,observed
0.5,0.5,684,inhibitory,44,27.076923076923077,3.923076923076923,-0.2681635618209839,observed
0.5,0.5,685,excitatory,44,1.0769230769230769,0.07692307692307693,-0.256139874458313,observed
0.5,0.5,693,excitatory,44,0.0,0.15384615384615385,,observed
0.5,0.5,699,excitatory,44,0.0,0.0,,observed
0.5,0.5,700,inhibitory,44,0.38461538461538464,0.8461538461538461,-3.476205348968506,observed
0.5,0.5,705,excitatory,44,0.0,0.15384615384615385,,observed
0.5,0.5,707,excitatory,44,0.0,0.0,,observed
0.5,0.5,710,inhibitory,44,12.846153846153847,14.076923076923077,0.928256630897522,observed
0.5,0.5,711,excitatory,44,0.0,0.3076923076923077,,observed
0.5,0.5,712,excitatory,44,0.46153846153846156,0.0,-0.08560395240783691,observed
0.5,0.5,719,excitatory,44,0.07692307692307693,0.0,-0.013761043548583984,observed
0.5,0.5,721,inhibitory,44,0.0,0.07692307692307693,,observed
0.5,0.5,738,excitatory,44,2.230769230769231,5.461538461538462,-0.7000254392623901,observed
0.5,0.5,746,inhibitory,44,11.846153846153847,14.692307692307692,-0.9144999980926514,observed
0.5,0.5,747,inhibitory,44,17.153846153846153,8.0,-0.0775071382522583,observed
0.5,0.5,748,excitatory,44,0.0,0.0,,observed
0.5,0.5,749,inhibitory,44,1.3846153846153846,0.15384615384615385,-0.2130821943283081,observed
0.5,0.5,755,excitatory,44,0.07692307692307693,0.0,-0.01359403133392334,observed
0.5,0.5,768,excitatory,44,1.1538461538461537,0.07692307692307693,-0.12196683883666992,observed
0.5,0.5,770,inhibitory,44,110.61538461538461,157.92307692307693,-0.35004544258117676,observed
0.5,0.5,771,excitatory,44,0.0,0.0,,observed
0.5,0.5,773,excitatory,44,0.46153846153846156,0.0,-0.06881117820739746,observed
0.5,0.5,775,excitatory,44,0.6923076923076923,0.9230769230769231,0.8499315977096558,observed
0.5,0.5,783,excitatory,44,0.0,0.0,,observed
0.5,0.5,784,inhibitory,44,9.846153846153847,1.1538461538461537,-0.09481990337371826,observed
0.5,0.5,788,excitatory,44,8.692307692307692,3.6923076923076925,0.030340731143951416,observed
0.5,0.5,791,excitatory,44,0.0,0.0,,observed
0.5,0.5,792,excitatory,44,0.9230769230769231,0.0,-0.0767669677734375,observed
0.5,0.5,795,excitatory,44,0.38461538461538464,0.38461538461538464,-0.25064218044281006,observed
0.5,0.5,798,excitatory,44,3.769230769230769,2.230769230769231,-0.7390024662017822,observed
0.5,0.5,801,excitatory,44,0.0,0.0,,observed
0.5,0.5,802,excitatory,44,0.0,0.0,,observed
0.5,0.5,804,excitatory,44,14.0,11.0,-0.011717438697814941,observed
0.5,0.5,805,excitatory,44,13.076923076923077,11.0,0.5137892961502075,observed
0.5,0.5,809,inhibitory,44,19.615384615384617,19.846153846153847,0.7037597894668579,observed
0.5,0.5,811,excitatory,44,0.0,0.0,,observed
0.5,0.5,815,excitatory,44,26.76923076923077,28.53846153846154,0.247211754322052,observed
0.5,0.5,816,excitatory,44,0.23076923076923078,0.07692307692307693,-0.25286269187927246,observed
0.5,0.5,823,excitatory,44,0.0,0.0,,observed
0.5,0.5,825,excitatory,44,0.0,0.0,,observed
0.5,0.5,826,excitatory,44,0.0,0.0,,observed
0.5,0.5,828,excitatory,44,4.153846153846154,3.769230769230769,0.02031409740447998,observed
0.5,0.5,832,excitatory,44,0.5384615384615384,0.0,-0.0688328742980957,observed
0.5,0.5,835,excitatory,44,0.0,0.0,,observed
0.5,0.5,837,inhibitory,44,6.538461538461538,7.3076923076923075,-0.04688262939453125,observed
0.5,0.5,838,excitatory,44,0.07692307692307693,0.0,-0.013544797897338867,observed
0.5,0.5,845,excitatory,44,0.0,0.23076923076923078,,observed
0.5,0.5,848,excitatory,44,0.15384615384615385,0.0,-0.014540433883666992,observed
0.5,0.5,849,excitatory,44,0.07692307692307693,0.46153846153846156,-6.273407459259033,observed
0.5,0.5,858,inhibitory,44,14.0,7.846153846153846,-0.9247844219207764,observed
0.5,0.5,862,excitatory,44,1.0769230769230769,0.0,-0.13244104385375977,observed
0.5,0.5,868,inhibitory,44,50.0,35.30769230769231,-0.1302396059036255,observed
0.5,0.5,869,excitatory,44,0.0,0.0,,observed
0.5,0.5,876,excitatory,44,0.0,0.23076923076923078,,observed
0.5,0.5,880,excitatory,44,0.0,0.0,,observed
0.5,0.5,881,excitatory,44,0.0,0.0,,observed
0.5,0.5,883,excitatory,44,4.846153846153846,0.7692307692307693,-0.08841121196746826,observed
0.5,0.5,888,excitatory,44,2.076923076923077,0.0,-0.23913776874542236,observed
0.5,0.5,890,excitatory,44,1.1538461538461537,0.07692307692307693,0.0805467963218689,observed
0.5,0.5,900,inhibitory,44,23.0,31.153846153846153,0.46541810035705566,observed
0.5,0.5,902,inhibitory,44,2.1538461538461537,0.46153846153846156,-0.14936614036560059,observed
0.5,0.5,907,excitatory,44,26.23076923076923,26.307692307692307,0.86963951587677,observed
0.5,0.5,908,excitatory,44,0.0,0.0,,observed
0.5,0.5,922,excitatory,44,0.0,0.0,,observed
0.5,0.5,928,excitatory,44,0.0,0.0,,observed
0.5,0.5,930,excitatory,44,0.0,0.0,,observed
0.5,0.5,933,excitatory,44,4.846153846153846,1.1538461538461537,-0.2043987512588501,observed
0.5,0.5,938,inhibitory,44,2.923076923076923,2.769230769230769,-0.8160272836685181,observed
0.5,0.5,941,excitatory,44,0.07692307692307693,0.0,-0.013728499412536621,observed
0.5,0.5,942,excitatory,44,0.0,0.0,,observed
0.5,0.5,943,inhibitory,44,3.6153846153846154,0.6153846153846154,-0.21718645095825195,observed
0.5,0.5,945,excitatory,44,0.6153846153846154,0.0,-0.07244992256164551,observed
0.5,0.5,956,excitatory,44,0.0,0.0,,observed
0.5,0.5,959,excitatory,44,70.6923076923077,71.0,0.03323847055435181,observed
0.5,0.5,964,excitatory,44,0.0,0.0,,observed
0.5,0.5,971,excitatory,44,2.230769230769231,4.769230769230769,-0.9028172492980957,observed
0.5,0.5,975,excitatory,44,0.07692307692307693,0.0,-0.013549208641052246,observed
0.5,0.5,976,excitatory,44,2.0,0.07692307692307693,-0.17934489250183105,observed
0.5,0.5,977,excitatory,44,177.15384615384616,118.6923076923077,-0.5935448408126831,observed
0.5,0.5,980,excitatory,44,0.5384615384615384,0.8461538461538461,0.624523401260376,observed
0.5,0.5,983,excitatory,44,0.0,0.0,,observed
0.5,0.5,989,excitatory,44,0.9230769230769231,0.46153846153846156,0.15310275554656982,observed
0.5,0.5,991,excitatory,44,0.0,0.0,,observed
0.5,0.5,997,inhibitory,44,86.38461538461539,88.15384615384616,0.1454148292541504,observed
0.5,0.5,1001,excitatory,44,0.0,0.15384615384615385,,observed
0.5,0.5,1002,excitatory,44,24.76923076923077,23.76923076923077,0.9782686233520508,observed
0.5,0.5,1006,excitatory,44,2.769230769230769,0.0,-0.3426908254623413,observed
0.5,0.5,1007,excitatory,44,2.6923076923076925,0.3076923076923077,-0.15768957138061523,observed
0.5,0.5,1011,excitatory,44,0.07692307692307693,0.0,-0.013634562492370605,observed
0.5,0.5,1014,excitatory,44,0.07692307692307693,0.0,-0.013619065284729004,observed
0.5,0.5,1016,inhibitory,44,15.615384615384615,0.0,-0.6578649282455444,observed
0.5,0.5,1026,excitatory,44,1.2307692307692308,0.0,-0.13319098949432373,observed
0.5,0.5,1030,excitatory,44,0.07692307692307693,0.0,-0.007977724075317383,observed
0.5,0.5,1036,excitatory,44,0.0,0.0,,observed
0.5,0.5,1037,inhibitory,44,0.0,0.0,,observed
0.5,0.5,1044,inhibitory,44,22.76923076923077,29.153846153846153,-0.32702112197875977,observed
0.5,0.5,1046,excitatory,44,0.07692307692307693,0.46153846153846156,-4.816425323486328,observed
0.5,0.5,1048,excitatory,44,2.8461538461538463,2.230769230769231,0.6518851518630981,observed
0.5,0.5,1055,excitatory,44,7.615384615384615,2.3846153846153846,0.18574869632720947,observed
0.5,0.5,1057,inhibitory,44,69.61538461538461,109.76923076923077,-0.582150936126709,observed
0.5,0.5,1064,excitatory,44,0.0,0.0,,observed
0.5,0.5,1069,excitatory,44,0.0,0.07692307692307693,,observed
0.5,0.5,1071,excitatory,44,0.0,0.0,,observed
0.5,0.5,1080,excitatory,44,1.2307692307692308,0.0,-0.03764081001281738,observed
0.5,0.5,1097,excitatory,44,0.0,0.0,,observed
0.5,0.5,1100,excitatory,44,0.5384615384615384,1.3076923076923077,-1.4571614265441895,observed
0.5,0.5,1102,excitatory,44,0.3076923076923077,0.0,-0.03832745552062988,observed
0.5,0.5,1104,excitatory,44,0.0,0.23076923076923078,,observed
0.5,0.5,1105,excitatory,44,0.23076923076923078,0.5384615384615384,-0.15805304050445557,observed
0.5,0.5,1107,inhibitory,44,37.15384615384615,47.46153846153846,0.12149351835250854,observed
0.5,0.5,1110,excitatory,44,0.0,0.0,,observed
0.5,0.5,1114,excitatory,44,11.153846153846153,18.846153846153847,-0.33365893363952637,observed
0.5,0.5,1115,inhibitory,44,28.384615384615383,31.923076923076923,-0.2787569761276245,observed
0.5,0.5,1118,excitatory,44,0.0,0.0,,observed
0.5,0.5,1121,excitatory,44,0.07692307692307693,0.0,-0.013579726219177246,observed
0.5,0.5,1126,excitatory,44,0.15384615384615385,0.23076923076923078,-1.1264681816101074,observed
0.5,0.5,1131,excitatory,44,0.0,0.0,,observed
0.5,0.5,1133,excitatory,44,0.0,0.0,,observed
0.5,0.5,1135,excitatory,44,0.0,0.0,,observed
0.5,0.5,1142,inhibitory,44,10.461538461538462,7.6923076923076925,-0.30944323539733887,observed
0.5,0.5,1150,excitatory,44,7.3076923076923075,2.230769230769231,-0.5232311487197876,observed
0.5,0.5,1164,excitatory,44,0.0,0.0,,observed
0.5,0.5,1165,inhibitory,44,96.84615384615384,81.3076923076923,0.297518253326416,observed
0.5,0.5,1166,excitatory,44,0.23076923076923078,0.07692307692307693,-0.14051425457000732,observed
0.5,0.5,1174,inhibitory,44,1.5384615384615385,0.15384615384615385,0.047447800636291504,observed
0.5,0.5,1179,inhibitory,44,8.461538461538462,1.7692307692307692,-0.21005690097808838,observed
0.5,0.5,1180,excitatory,44,0.0,0.0,,observed
0.5,0.5,1187,excitatory,44,0.3076923076923077,0.9230769230769231,-0.6843653917312622,observed
0.5,0.5,1203,excitatory,44,0.0,0.0,,observed
0.5,0.5,1208,excitatory,44,0.3076923076923077,0.0,-0.027349233627319336,observed
0.5,0.5,1210,excitatory,44,0.0,0.0,,observed
0.5,0.5,1211,excitatory,44,0.0,0.15384615384615385,,observed
0.5,0.5,1215,excitatory,44,1.7692307692307692,0.0,-0.1606835126876831,observed
0.5,0.5,1217,excitatory,44,0.23076923076923078,0.0,-0.04222095012664795,observed
0.5,0.5,1224,excitatory,44,7.153846153846154,3.3846153846153846,0.06284147500991821,observed
0.5,0.5,1227,inhibitory,44,2.230769230769231,0.6153846153846154,-0.22034454345703125,observed
0.5,0.5,1231,excitatory,44,0.5384615384615384,0.0,-0.04534626007080078,observed
0.5,0.5,1234,excitatory,44,6.923076923076923,11.384615384615385,0.4207985997200012,observed
0.5,0.5,1241,excitatory,44,0.38461538461538464,0.3076923076923077,0.6296182870864868,observed
0.5,0.5,1243,excitatory,44,0.0,0.0,,observed
0.5,0.5,1249,excitatory,44,0.07692307692307693,0.0,-0.01358640193939209,observed
0.5,0.5,1255,excitatory,44,0.3076923076923077,0.07692307692307693,-0.2905259132385254,observed
0.5,0.5,1260,excitatory,44,0.0,0.0,,observed
0.5,0.5,1265,excitatory,44,0.0,0.0,,observed
0.5,0.5,1270,excitatory,44,0.0,0.3076923076923077,,observed
0.5,0.5,1279,excitatory,44,4.3076923076923075,3.3076923076923075,0.8486314415931702,observed
0.5,0.5,1282,excitatory,44,0.07692307692307693,0.07692307692307693,0.9997972846031189,observed
0.5,0.5,1283,excitatory,44,2.076923076923077,0.07692307692307693,-0.22640550136566162,observed
0.5,0.5,1286,inhibitory,44,0.6923076923076923,0.15384615384615385,-0.22404837608337402,observed
0.5,0.5,1290,excitatory,44,0.0,0.0,,observed
0.5,0.5,1291,excitatory,44,7.769230769230769,3.3076923076923075,-0.29381775856018066,observed
0.5,0.5,1294,excitatory,44,0.0,0.23076923076923078,,observed
0.5,0.5,1300,inhibitory,44,2.3076923076923075,0.38461538461538464,-0.28546464443206787,observed
0.5,0.5,1303,inhibitory,44,0.0,0.0,,observed
0.5,0.5,1307,excitatory,44,2.5384615384615383,3.0,0.06369942426681519,observed
0.5,0.5,1313,excitatory,44,0.0,0.0,,observed
0.5,0.5,1315,excitatory,44,0.07692307692307693,0.15384615384615385,-2.5095407962799072,observed
0.5,0.5,1316,inhibitory,44,30.23076923076923,29.692307692307693,0.2474556565284729,observed
0.5,0.5,1318,excitatory,44,0.0,0.46153846153846156,,observed
0.5,0.5,1320,excitatory,44,0.07692307692307693,0.0,-0.013617396354675293,observed
0.5,0.5,1321,inhibitory,44,2.6923076923076925,4.846153846153846,0.3458924889564514,observed
0.5,0.5,1322,inhibitory,44,1.8461538461538463,0.6153846153846154,-0.0876307487487793,observed
0.5,0.5,1325,excitatory,44,0.0,0.0,,observed
0.5,0.5,1330,inhibitory,44,10.538461538461538,7.230769230769231,0.48225146532058716,observed
0.5,0.5,1331,inhibitory,44,6.3076923076923075,2.8461538461538463,-0.04436171054840088,observed
0.5,0.5,1335,excitatory,44,0.0,0.0,,observed
0.5,0.5,1336,inhibitory,44,6.769230769230769,8.076923076923077,-0.47727465629577637,observed
0.5,0.5,1337,inhibitory,44,2.6923076923076925,1.1538461538461537,0.05886954069137573,observed
0.5,0.5,1340,excitatory,44,0.0,0.0,,observed
0.5,0.5,1341,excitatory,44,2.8461538461538463,0.6923076923076923,-0.134588360786438,observed
0.5,0.5,1342,excitatory,44,0.0,0.0,,observed
0.5,0.5,1356,excitatory,44,0.0,0.0,,observed
0.5,0.5,1369,excitatory,44,0.0,0.0,,observed
0.5,0.5,1372,excitatory,44,19.307692307692307,16.846153846153847,0.06198185682296753,observed
0.5,0.5,1376,excitatory,44,0.0,0.0,,observed
0.5,0.5,1381,excitatory,44,0.0,0.0,,observed
0.5,0.5,1387,excitatory,44,0.0,0.0,,observed
0.5,0.5,1388,excitatory,44,0.07692307692307693,0.0,-0.013649225234985352,observed
0.5,0.5,1395,excitatory,44,5.461538461538462,5.538461538461538,-0.6190166473388672,observed
0.5,0.5,1398,excitatory,44,0.0,0.0,,observed
0.5,0.5,1402,excitatory,44,0.07692307692307693,0.0,-0.013724446296691895,observed
0.5,0.5,1407,inhibitory,44,6.384615384615385,6.615384615384615,-0.05844593048095703,observed
0.5,0.5,1414,excitatory,44,1.1538461538461537,0.0,-0.10648095607757568,observed
0.5,0.5,1417,excitatory,44,0.0,0.0,,observed
0.5,0.5,1418,excitatory,44,2.3076923076923075,1.3076923076923077,-0.3733416795730591,observed
0.5,0.5,1420,excitatory,44,0.0,0.0,,observed
0.5,0.5,1424,inhibitory,44,0.0,0.0,,observed
0.5,0.5,1427,excitatory,44,1.1538461538461537,1.7692307692307692,0.22244280576705933,observed
0.5,0.5,1433,excitatory,44,1.1538461538461537,0.0,-0.07373583316802979,observed
0.5,0.5,1439,excitatory,44,0.38461538461538464,0.15384615384615385,-0.2030186653137207,observed
0.5,0.5,1441,excitatory,44,7.153846153846154,0.6153846153846154,-0.09025263786315918,observed
0.5,0.5,1442,inhibitory,44,0.0,0.0,,observed
0.5,0.5,1447,excitatory,44,2.769230769230769,0.23076923076923078,-0.3164961338043213,observed
0.5,0.5,1449,excitatory,44,0.3076923076923077,0.0,-0.027793288230895996,observed
0.5,0.5,1456,excitatory,44,0.0,0.0,,observed
0.5,0.5,1457,excitatory,44,0.07692307692307693,0.6153846153846154,-33.73662185668945,observed
0.5,0.5,1462,excitatory,44,0.07692307692307693,0.0,-0.01354682445526123,observed
0.5,0.5,1463,excitatory,44,0.0,0.0,,observed
0.5,0.5,1464,excitatory,44,0.0,0.0,,observed
0.5,0.5,1469,inhibitory,44,4.461538461538462,0.07692307692307693,-0.20933270454406738,observed
0.5,0.5,1471,excitatory,44,1.5384615384615385,1.2307692307692308,0.8144268989562988,observed
0.5,0.5,1474,excitatory,44,0.0,0.0,,observed
0.5,0.5,1479,excitatory,44,45.76923076923077,34.30769230769231,0.11155283451080322,observed
0.5,0.5,1489,excitatory,44,30.76923076923077,44.92307692307692,-0.3260319232940674,observed
0.5,0.5,1492,excitatory,44,0.0,0.0,,observed
0.5,0.5,1497,inhibitory,44,3.6923076923076925,2.0,0.04350990056991577,observed
0.5,0.5,1498,excitatory,44,0.0,0.0,,observed
0.5,0.5,1500,inhibitory,44,0.07692307692307693,0.23076923076923078,-2.7349324226379395,observed
0.5,0.5,1511,excitatory,44,0.0,0.07692307692307693,,observed
0.5,0.5,1519,excitatory,44,0.0,0.0,,observed
0.5,0.5,1520,excitatory,44,0.0,0.0,,observed
0.5,0.5,1526,excitatory,44,0.07692307692307693,0.15384615384615385,-2.041245698928833,observed
0.5,0.5,1527,excitatory,44,0.15384615384615385,0.0,-0.028056859970092773,observed
0.5,0.5,1529,excitatory,44,0.07692307692307693,0.0,-0.013229727745056152,observed
0.5,0.5,1534,excitatory,44,5.923076923076923,5.769230769230769,-0.11492645740509033,observed
0.5,0.5,1537,excitatory,44,0.23076923076923078,0.0,-0.01905667781829834,observed
0.5,0.5,1543,excitatory,44,2.4615384615384617,6.461538461538462,-1.9115536212921143,observed
0.5,0.5,1550,excitatory,44,14.0,10.307692307692308,0.8242983818054199,observed
0.5,0.5,1567,excitatory,44,0.0,0.0,,observed
0.5,0.5,1568,inhibitory,44,14.307692307692308,11.615384615384615,-0.07420170307159424,observed
0.5,0.5,1569,excitatory,44,0.38461538461538464,0.3076923076923077,-0.06016731262207031,observed
0.5,0.5,1576,inhibitory,44,24.53846153846154,0.0,-0.7095048427581787,observed
0.5,0.5,1580,excitatory,44,0.0,0.0,,observed
0.5,0.5,1583,excitatory,44,0.5384615384615384,0.0,-0.0718238353729248,observed
0.5,0.5,1587,excitatory,44,0.7692307692307693,0.0,-0.05957508087158203,observed
0.5,0.5,1592,excitatory,44,5.0,4.384615384615385,-0.538677453994751,observed
0.5,0.5,1593,excitatory,44,0.0,0.0,,observed
0.5,0.5,1596,excitatory,44,0.9230769230769231,0.6923076923076923,0.6506191492080688,observed
0.5,0.5,1599,excitatory,44,0.0,0.0,,observed
0.5,0.5,1602,excitatory,44,0.38461538461538464,0.46153846153846156,-0.6785730123519897,observed
0.5,0.5,1610,inhibitory,44,2.076923076923077,1.6153846153846154,-0.35125553607940674,observed
0.5,0.5,1611,excitatory,44,0.0,0.0,,observed
0.5,0.5,1619,inhibitory,44,41.76923076923077,47.30769230769231,0.5182197093963623,observed
0.5,0.5,1632,excitatory,44,0.0,0.0,,observed
0.5,0.5,1643,inhibitory,44,10.153846153846153,3.4615384615384617,-0.1805410385131836,observed
0.5,0.5,1645,excitatory,44,0.0,0.0,,observed
0.5,0.5,1650,excitatory,44,0.07692307692307693,0.0,-0.013767838478088379,observed
0.5,0.5,1653,inhibitory,44,3.5384615384615383,0.0,-0.05203521251678467,observed
0.5,0.5,1664,excitatory,44,1.3846153846153846,3.076923076923077,-1.4336514472961426,observed
0.5,0.5,1673,excitatory,44,0.0,0.0,,observed
0.5,0.5,1674,excitatory,44,0.0,0.0,,observed
0.5,0.5,1681,excitatory,44,0.07692307692307693,0.0,-0.01365971565246582,observed
0.5,0.5,1686,excitatory,44,0.0,0.0,,observed
0.5,0.5,1687,inhibitory,44,26.23076923076923,26.923076923076923,-0.1360623836517334,observed
0.5,0.5,1690,excitatory,44,0.0,0.0,,observed
0.5,0.5,1692,excitatory,44,2.4615384615384617,0.3076923076923077,-0.06451117992401123,observed
0.5,0.5,1697,excitatory,44,1.6153846153846154,0.6153846153846154,0.2849997878074646,observed
0.5,0.5,1703,excitatory,44,0.0,0.0,,observed
0.5,0.5,1704,excitatory,44,0.23076923076923078,0.0,-0.042173147201538086,observed
0.5,0.5,1708,excitatory,44,0.0,0.0,,observed
0.5,0.5,1709,excitatory,44,0.0,0.0,,observed
0.5,0.5,1711,excitatory,44,2.4615384615384617,2.6923076923076925,0.05020695924758911,observed
0.5,0.5,1716,inhibitory,44,4.846153846153846,0.46153846153846156,-0.060811758041381836,observed
0.5,0.5,1720,inhibitory,44,0.5384615384615384,0.0,-0.020918965339660645,observed
0.5,0.5,1723,excitatory,44,0.0,0.0,,observed
0.5,0.5,1725,excitatory,44,0.6153846153846154,0.6153846153846154,-0.6822165250778198,observed
0.5,0.5,1726,inhibitory,44,0.15384615384615385,0.9230769230769231,-14.70388126373291,observed
0.5,0.5,1728,excitatory,44,3.076923076923077,0.5384615384615384,-0.08911669254302979,observed
0.5,0.5,1729,excitatory,44,22.615384615384617,22.53846153846154,-0.04909801483154297,observed
0.5,0.5,1730,excitatory,44,0.07692307692307693,0.0,-0.013661861419677734,observed
0.5,0.5,1731,excitatory,44,0.15384615384615385,0.0,-0.028012394905090332,observed
0.5,0.5,1732,inhibitory,44,46.0,18.53846153846154,-0.19282114505767822,observed
0.5,0.5,1735,excitatory,44,0.0,0.0,,observed
0.5,0.5,1741,excitatory,44,10.461538461538462,2.076923076923077,-0.7131341695785522,observed
0.5,0.5,1752,excitatory,44,0.0,0.15384615384615385,,observed
0.5,0.5,1768,excitatory,44,0.0,0.9230769230769231,,observed
0.5,0.5,1770,inhibitory,44,4.769230769230769,17.384615384615383,-2.688194990158081,observed
0.5,0.5,1778,excitatory,44,7.769230769230769,6.3076923076923075,0.417114794254303,observed
0.5,0.5,1790,excitatory,44,32.0,30.846153846153847,0.8921998739242554,observed
0.5,0.5,1791,excitatory,44,0.0,0.0,,observed
0.5,0.5,1793,excitatory,44,0.0,0.0,,observed
0.5,0.5,1797,excitatory,44,10.846153846153847,11.153846153846153,0.24284487962722778,observed
0.5,0.5,1798,excitatory,44,19.46153846153846,17.153846153846153,0.1823597550392151,observed
0.5,0.5,1799,excitatory,44,7.384615384615385,4.846153846153846,0.7403281927108765,observed
0.5,0.5,1820,excitatory,44,0.8461538461538461,0.0,-0.14562749862670898,observed
0.5,0.5,1821,inhibitory,44,1.0769230769230769,0.0,-0.09579288959503174,observed
0.5,0.5,1823,inhibitory,44,4.230769230769231,0.23076923076923078,-0.22716844081878662,observed
0.5,0.5,1829,excitatory,44,2.923076923076923,2.230769230769231,0.5459954738616943,observed
0.5,0.5,1830,excitatory,44,0.3076923076923077,1.6153846153846154,-7.2031354904174805,observed
0.5,0.5,1833,excitatory,44,0.0,0.07692307692307693,,observed
0.5,0.5,1839,excitatory,44,0.0,0.07692307692307693,,observed
0.5,0.5,1844,inhibitory,44,0.0,0.0,,observed
0.5,0.5,1850,excitatory,44,0.0,0.0,,observed
0.5,0.5,1853,excitatory,44,0.0,0.0,,observed
0.5,0.5,1854,excitatory,44,0.07692307692307693,0.07692307692307693,-1.0272579193115234,observed
0.5,0.5,1856,excitatory,44,0.6923076923076923,0.07692307692307693,-0.15242910385131836,observed
0.5,0.5,1858,excitatory,44,1.1538461538461537,0.0,-0.11858642101287842,observed
0.5,0.5,1864,excitatory,44,14.0,4.153846153846154,-0.258846640586853,observed
0.5,0.5,1871,excitatory,44,2.769230769230769,0.0,-0.4475761651992798,observed
0.5,0.5,1875,excitatory,44,0.0,0.0,,observed
0.5,0.5,1879,excitatory,44,0.0,0.3076923076923077,,observed
0.5,0.5,1881,excitatory,44,41.07692307692308,52.53846153846154,-0.17481231689453125,observed
0.5,0.5,1888,excitatory,44,0.0,0.0,,observed
0.5,0.5,1890,excitatory,44,0.0,0.0,,observed
0.5,0.5,1891,excitatory,44,13.23076923076923,12.846153846153847,0.24390262365341187,observed
0.5,0.5,1892,excitatory,44,3.6153846153846154,3.3076923076923075,0.04187917709350586,observed
0.5,0.5,1902,excitatory,44,0.0,0.0,,observed
0.5,0.5,1903,excitatory,44,0.0,0.0,,observed
0.5,0.5,1907,excitatory,44,0.0,0.0,,observed
0.5,0.5,1908,excitatory,44,0.38461538461538464,0.0,-0.0287855863571167,observed
0.5,0.5,1916,excitatory,44,0.0,0.0,,observed
0.5,0.5,1920,excitatory,44,3.4615384615384617,5.153846153846154,0.3059730529785156,observed
0.5,0.5,1923,excitatory,44,0.0,0.0,,observed
0.5,0.5,1925,excitatory,44,0.23076923076923078,0.0,-0.027689814567565918,observed
0.5,0.5,1926,excitatory,44,0.38461538461538464,0.38461538461538464,0.7743188142776489,observed
0.5,0.5,1927,excitatory,44,1.1538461538461537,2.0,-0.026335716247558594,observed
0.5,0.5,1934,excitatory,44,0.0,0.0,,observed
0.5,0.5,1935,excitatory,44,1.3076923076923077,0.15384615384615385,-0.28250813484191895,observed
0.5,0.5,1938,inhibitory,44,14.384615384615385,9.384615384615385,0.26550525426864624,observed
0.5,0.5,1943,excitatory,44,5.923076923076923,0.6923076923076923,-0.2993025779724121,observed
0.5,0.5,1945,excitatory,44,8.076923076923077,7.538461538461538,0.4494388699531555,observed
0.5,0.5,1949,excitatory,44,0.0,0.0,,observed
0.5,0.5,1955,inhibitory,44,2.923076923076923,0.9230769230769231,0.3149164319038391,observed
0.5,0.5,1956,inhibitory,44,8.23076923076923,9.153846153846153,-0.3303818702697754,observed
0.5,0.5,1962,excitatory,44,1.4615384615384615,0.6153846153846154,0.0848541259765625,observed
0.5,0.5,1973,excitatory,44,0.0,0.0,,observed
0.5,0.5,1974,excitatory,44,1.0769230769230769,0.23076923076923078,0.10607290267944336,observed
0.5,0.5,1980,excitatory,44,0.23076923076923078,0.07692307692307693,0.30457931756973267,observed
0.5,0.5,1981,excitatory,44,0.0,0.0,,observed
0.5,0.5,1985,inhibitory,44,0.38461538461538464,0.0,-0.03964638710021973,observed
0.5,0.5,1986,inhibitory,44,1.6923076923076923,3.0,-0.5607588291168213,observed
0.5,0.5,1988,excitatory,44,0.0,0.0,,observed
0.5,0.5,1992,excitatory,44,0.15384615384615385,0.0,-0.02799355983734131,observed
0.5,0.5,1998,excitatory,44,0.6923076923076923,0.0,-0.0631859302520752,observed
0.5,0.5,2001,inhibitory,44,7.6923076923076925,2.1538461538461537,-0.21438837051391602,observed
0.5,0.5,2005,excitatory,44,18.846153846153847,26.615384615384617,-0.06246602535247803,observed
0.5,0.5,2012,excitatory,44,1.2307692307692308,0.38461538461538464,-0.269381046295166,observed
0.5,0.5,2015,excitatory,44,0.0,0.0,,observed
0.5,0.5,2017,excitatory,44,82.23076923076923,65.3076923076923,-0.5888358354568481,observed
0.5,0.5,2023,inhibitory,44,56.30769230769231,28.692307692307693,0.011032462120056152,observed
0.5,0.5,2026,excitatory,44,0.0,0.0,,observed
0.5,0.5,2031,excitatory,44,0.07692307692307693,1.8461538461538463,-36.153343200683594,observed
0.5,0.5,2037,excitatory,44,2.923076923076923,3.923076923076923,0.20067793130874634,observed
0.5,0.5,2038,excitatory,44,0.23076923076923078,0.0,-0.04244530200958252,observed
0.5,0.5,2039,excitatory,44,0.0,0.0,,observed
0.5,0.5,2040,excitatory,44,0.3076923076923077,0.0,-0.038954973220825195,observed
0.5,0.5,2045,excitatory,44,0.0,0.0,,observed
0.5,0.5,2046,excitatory,44,0.0,0.0,,observed
0.5,0.5,2047,excitatory,44,6.769230769230769,6.153846153846154,0.5016990900039673,observed
0.5,0.5,2049,excitatory,44,0.15384615384615385,0.0,-0.014252543449401855,observed
0.5,0.5,2055,inhibitory,44,3.4615384615384617,1.0,-0.6776689291000366,observed
0.5,0.5,2056,excitatory,44,0.0,0.07692307692307693,,observed
0.5,0.5,2059,excitatory,44,0.0,0.0,,observed
0.5,0.5,2061,excitatory,44,0.07692307692307693,1.0,-13.048664093017578,observed
0.5,0.5,2063,excitatory,44,11.0,10.23076923076923,0.8572534322738647,observed
0.5,0.5,2067,excitatory,44,0.07692307692307693,0.0,-0.01364600658416748,observed
0.5,0.5,2069,excitatory,44,0.0,0.0,,observed
0.5,0.5,2072,excitatory,44,0.0,0.15384615384615385,,observed
0.5,0.5,2085,inhibitory,44,8.846153846153847,6.6923076923076925,0.25689417123794556,observed
0.5,0.5,2090,excitatory,44,0.0,0.0,,observed
0.5,0.5,2091,excitatory,44,23.23076923076923,31.076923076923077,-0.20730364322662354,observed
0.5,0.5,2095,excitatory,44,0.0,0.0,,observed
0.5,0.5,2098,excitatory,44,0.0,0.07692307692307693,,observed
0.5,0.5,2106,excitatory,44,17.384615384615383,13.692307692307692,0.42044711112976074,observed
0.5,0.5,2110,excitatory,44,6.0,4.538461538461538,0.2658306360244751,observed
0.5,0.5,2114,excitatory,44,0.0,0.23076923076923078,,observed
0.5,0.5,2118,excitatory,44,0.0,0.0,,observed
0.5,0.5,2120,excitatory,44,0.0,0.0,,observed
0.5,0.5,2122,excitatory,44,0.38461538461538464,0.0,-0.053325533866882324,observed
0.5,0.5,2124,excitatory,44,10.538461538461538,3.769230769230769,-0.33763742446899414,observed
0.5,0.5,2129,excitatory,44,0.0,0.0,,observed
0.5,0.5,2133,excitatory,44,0.3076923076923077,0.46153846153846156,-0.06722700595855713,observed
0.5,0.5,2141,inhibitory,44,34.23076923076923,30.53846153846154,0.4994922876358032,observed
0.5,0.5,2145,excitatory,44,0.46153846153846156,0.0,-0.028298377990722656,observed
0.5,0.5,2153,inhibitory,44,0.0,0.0,,observed
0.5,0.5,2155,inhibitory,44,24.76923076923077,21.53846153846154,0.1485360860824585,observed
0.5,0.5,2167,inhibitory,44,29.0,10.692307692307692,-0.24109673500061035,observed
0.5,0.5,2171,excitatory,44,0.6923076923076923,0.6153846153846154,0.5834386348724365,observed
0.5,0.5,2174,excitatory,44,0.07692307692307693,0.0,-0.01373279094696045,observed
0.5,0.5,2175,excitatory,44,0.0,0.46153846153846156,,observed
0.5,0.5,2183,excitatory,44,0.0,0.0,,observed
0.5,0.5,2185,inhibitory,44,1.1538461538461537,4.615384615384615,-2.4047889709472656,observed
0.5,0.5,2191,excitatory,44,28.615384615384617,28.23076923076923,0.20097589492797852,observed
0.5,0.5,2195,excitatory,44,0.0,0.0,,observed
0.5,0.5,2205,excitatory,44,0.3076923076923077,0.6153846153846154,0.17726916074752808,observed
0.5,0.5,2207,excitatory,44,2.076923076923077,0.0,-0.24621403217315674,observed
0.5,0.5,2211,excitatory,44,0.7692307692307693,0.38461538461538464,0.4928617477416992,observed
0.5,0.5,2213,excitatory,44,7.461538461538462,3.3076923076923075,-0.07095849514007568,observed
0.5,0.5,2214,inhibitory,44,4.538461538461538,3.0,0.46576839685440063,observed
0.5,0.5,2217,excitatory,44,0.15384615384615385,0.0,-0.0283125638961792,observed
0.5,0.5,2218,excitatory,44,2.0,2.8461538461538463,-0.2330474853515625,observed
0.5,0.5,2219,inhibitory,44,0.6153846153846154,0.9230769230769231,-3.461064338684082,observed
0.5,0.5,2223,excitatory,44,0.9230769230769231,0.0,-0.10130786895751953,observed
0.5,0.5,2225,excitatory,44,25.384615384615383,26.307692307692307,0.5597951412200928,observed
0.5,0.5,2227,excitatory,44,0.0,0.07692307692307693,,observed
0.5,0.5,2231,excitatory,44,0.5384615384615384,0.6923076923076923,0.4794161319732666,observed
0.5,0.5,2233,excitatory,44,2.076923076923077,0.0,-0.17100906372070312,observed
0.5,0.5,2243,excitatory,44,0.9230769230769231,1.2307692307692308,0.24545049667358398,observed
0.5,0.5,2252,excitatory,44,0.0,0.0,,observed
0.5,0.5,2254,excitatory,44,5.615384615384615,3.8461538461538463,0.30227160453796387,observed
0.5,0.5,2260,excitatory,44,0.07692307692307693,0.0,-0.013743042945861816,observed
0.5,0.5,2262,inhibitory,44,19.923076923076923,13.461538461538462,-0.014019131660461426,observed
0.5,0.5,2268,excitatory,44,0.0,0.07692307692307693,,observed
0.5,0.5,2271,excitatory,44,0.0,0.0,,observed
0.5,0.5,2273,inhibitory,44,29.692307692307693,20.692307692307693,0.2016810178756714,observed
0.5,0.5,2281,excitatory,44,6.615384615384615,4.384615384615385,0.19585978984832764,observed
0.5,0.5,2285,excitatory,44,2.0,0.46153846153846156,-0.11961781978607178,observed
0.5,0.5,2289,excitatory,44,1.6153846153846154,0.0,-0.1835876703262329,observed
0.5,0.5,2293,inhibitory,44,0.07692307692307693,0.0,-0.0138014554977417,observed
0.5,0.5,2295,excitatory,44,0.0,0.0,,observed
0.5,0.5,2300,excitatory,44,1.0,0.23076923076923078,-0.04388117790222168,observed
0.5,0.5,2303,inhibitory,44,0.0,0.0,,observed
0.5,0.5,2308,excitatory,44,0.0,0.0,,observed
0.5,0.5,2311,excitatory,44,0.6153846153846154,0.0,-0.09750771522521973,observed
0.5,0.5,2317,inhibitory,44,0.15384615384615385,0.0,-0.02801513671875,observed
0.5,0.5,2326,excitatory,44,28.46153846153846,24.076923076923077,0.7418678402900696,observed
0.5,0.5,2328,excitatory,44,0.6923076923076923,0.15384615384615385,-0.25536036491394043,observed
0.5,0.5,2331,excitatory,44,0.0,0.0,,observed
0.5,0.5,2332,excitatory,44,0.38461538461538464,0.0,-0.02390158176422119,observed
0.5,0.5,2340,excitatory,44,0.0,0.15384615384615385,,observed
0.5,0.5,2341,inhibitory,44,9.461538461538462,3.230769230769231,-0.13489508628845215,observed
0.5,0.5,2343,excitatory,44,0.0,0.0,,observed
0.5,0.5,2346,excitatory,44,0.0,0.0,,observed
0.5,0.5,2352,excitatory,44,0.0,0.0,,observed
0.5,0.5,2356,inhibitory,44,5.769230769230769,0.15384615384615385,-0.18084979057312012,observed
0.5,0.5,2357,excitatory,44,3.4615384615384617,0.38461538461538464,-0.25309062004089355,observed
0.5,0.5,2370,excitatory,44,3.4615384615384617,1.6923076923076923,-0.25835180282592773,observed
0.5,0.5,2371,excitatory,44,20.153846153846153,20.76923076923077,0.21559816598892212,observed
0.5,0.5,2374,excitatory,44,0.0,0.0,,observed
0.5,0.5,2376,excitatory,44,0.7692307692307693,0.0,-0.07159960269927979,observed
0.5,0.5,2377,excitatory,44,5.538461538461538,0.15384615384615385,-0.5534802675247192,observed
0.5,0.5,2384,excitatory,44,0.46153846153846156,0.0,-0.032305121421813965,observed
0.5,0.5,2385,excitatory,44,0.0,0.0,,observed
0.5,0.5,2387,excitatory,44,0.0,0.0,,observed
0.5,0.5,2389,excitatory,44,2.769230769230769,4.538461538461538,-0.43496429920196533,observed
0.5,0.5,2405,excitatory,44,0.0,0.0,,observed
0.5,0.5,2408,excitatory,44,0.15384615384615385,0.0,-0.019410252571105957,observed
0.5,0.5,2417,excitatory,44,0.0,0.0,,observed
0.5,0.5,2422,excitatory,44,0.15384615384615385,0.0,-0.028253674507141113,observed
0.5,0.5,2424,excitatory,44,19.615384615384617,11.615384615384615,-0.10237932205200195,observed
0.5,0.5,2431,excitatory,44,0.8461538461538461,0.0,-0.0680474042892456,observed
0.5,0.5,2438,excitatory,44,0.0,0.0,,observed
0.5,0.5,2443,excitatory,44,0.0,0.0,,observed
0.5,0.5,2449,excitatory,44,10.923076923076923,7.6923076923076925,0.6302182674407959,observed
0.5,0.5,2452,excitatory,44,0.5384615384615384,0.0,-0.07749021053314209,observed
0.5,0.5,2458,inhibitory,44,83.15384615384616,56.30769230769231,0.20511531829833984,observed
0.5,0.5,2462,excitatory,44,0.46153846153846156,0.6153846153846154,0.14878010749816895,observed
0.5,0.5,2463,excitatory,44,0.3076923076923077,0.15384615384615385,0.22013789415359497,observed
0.5,0.5,2465,excitatory,44,1.0,1.0,0.10020750761032104,observed
0.5,0.5,2467,excitatory,44,0.07692307692307693,0.0,-0.013731718063354492,observed
0.5,0.5,2469,excitatory,44,7.769230769230769,11.153846153846153,0.6992316246032715,observed
0.5,0.5,2473,inhibitory,44,23.076923076923077,17.53846153846154,-0.09525299072265625,observed
0.5,0.5,2476,excitatory,44,2.0,0.0,-0.21299314498901367,observed
0.5,0.5,2478,excitatory,44,0.0,0.0,,observed
0.5,0.5,2479,inhibitory,44,62.46153846153846,65.92307692307692,0.8431540131568909,observed
0.5,0.5,2482,excitatory,44,4.538461538461538,2.0,-0.2095043659210205,observed
0.5,0.5,2483,inhibitory,44,0.15384615384615385,0.38461538461538464,-1.8440310955047607,observed
0.5,0.5,2493,excitatory,44,0.0,0.0,,observed
0.5,0.5,2494,inhibitory,44,74.23076923076923,74.23076923076923,0.565356969833374,observed
0.5,0.5,2497,excitatory,44,0.07692307692307693,0.0,-0.0138092041015625,observed
0.5,0.5,2505,excitatory,44,6.6923076923076925,5.0,-0.3440065383911133,observed
0.5,0.5,2506,excitatory,44,0.0,0.0,,observed
0.5,0.5,2511,excitatory,44,0.0,0.0,,observed
0.5,0.5,2515,inhibitory,44,51.53846153846154,78.61538461538461,-0.2700122594833374,observed
0.5,0.5,2535,excitatory,44,0.0,0.0,,observed
0.5,0.5,2536,excitatory,44,0.0,0.0,,observed
0.5,0.5,2542,excitatory,44,0.0,0.0,,observed
0.5,0.5,2545,excitatory,44,6.230769230769231,0.23076923076923078,-0.14826059341430664,observed
0.5,0.5,2548,excitatory,44,0.0,0.0,,observed
0.5,0.5,2549,inhibitory,44,5.0,0.46153846153846156,-0.21734750270843506,observed
0.5,0.5,2553,inhibitory,44,2.769230769230769,0.7692307692307693,0.0512576699256897,observed
0.5,0.5,2554,excitatory,44,0.0,0.0,,observed
0.5,0.5,2558,excitatory,44,0.07692307692307693,0.07692307692307693,0.9991720914840698,observed
0.5,0.5,2563,excitatory,44,0.07692307692307693,0.15384615384615385,-2.0408263206481934,observed
0.5,0.5,2565,excitatory,44,107.46153846153847,92.07692307692308,-0.1039433479309082,observed
0.5,0.5,2579,excitatory,44,1.9230769230769231,1.0769230769230769,0.23142391443252563,observed
0.5,0.5,2580,excitatory,44,23.846153846153847,44.61538461538461,-0.20624220371246338,observed
0.5,0.5,2589,excitatory,44,0.46153846153846156,0.0,-0.02032625675201416,observed
0.5,0.5,2592,excitatory,44,49.38461538461539,44.69230769230769,0.37329429388046265,observed
0.5,0.5,2595,inhibitory,44,4.153846153846154,2.3076923076923075,0.1186138391494751,observed
0.5,0.5,2609,inhibitory,44,0.07692307692307693,0.23076923076923078,-8.768824577331543,observed
0.5,0.5,2613,excitatory,44,0.8461538461538461,0.0,-0.11703920364379883,observed
0.5,0.5,2614,excitatory,44,0.0,0.0,,observed
0.5,0.5,2616,inhibitory,44,9.461538461538462,3.923076923076923,0.034394264221191406,observed
0.5,0.5,2617,excitatory,44,0.07692307692307693,0.0,-0.01376497745513916,observed
0.5,0.5,2619,inhibitory,44,5.0,2.8461538461538463,-0.5813884735107422,observed
0.5,0.5,2626,excitatory,44,0.0,0.46153846153846156,,observed
0.5,0.5,2627,excitatory,44,63.76923076923077,55.38461538461539,0.09354603290557861,observed
0.5,0.5,2634,excitatory,44,0.8461538461538461,0.15384615384615385,-0.10269272327423096,observed
0.5,0.5,2635,excitatory,44,0.0,0.0,,observed
0.5,0.5,2636,inhibitory,44,6.384615384615385,4.461538461538462,-0.24116241931915283,observed
0.5,0.5,2642,excitatory,44,0.3076923076923077,5.615384615384615,-24.343036651611328,observed
0.5,0.5,2645,excitatory,44,0.07692307692307693,0.07692307692307693,-1.0274677276611328,observed
0.5,0.5,2649,excitatory,44,0.0,0.0,,observed
0.5,0.5,2651,excitatory,44,0.0,0.0,,observed
0.5,0.5,2662,excitatory,44,0.8461538461538461,0.0,-0.05476880073547363,observed
0.5,0.5,2670,excitatory,44,15.76923076923077,5.384615384615385,-0.05973637104034424,observed
0.5,0.5,2677,excitatory,44,0.0,0.0,,observed
0.5,0.5,2680,excitatory,44,0.0,0.0,,observed
0.5,0.5,2683,excitatory,44,0.0,0.0,,observed
0.5,0.5,2685,excitatory,44,2.076923076923077,1.7692307692307692,0.8295450806617737,observed
0.5,0.5,2688,inhibitory,44,63.15384615384615,55.61538461538461,-0.1346452236175537,observed
0.5,0.5,2690,excitatory,44,0.3076923076923077,0.38461538461538464,0.5381512641906738,observed
0.5,0.5,2693,inhibitory,44,1.0769230769230769,1.4615384615384615,-2.1736717224121094,observed
0.5,0.5,2700,excitatory,44,0.0,0.0,,observed
0.5,0.5,2701,inhibitory,44,23.615384615384617,22.076923076923077,0.5992318987846375,observed
0.5,0.5,2703,excitatory,44,0.0,0.0,,observed
0.5,0.5,2708,inhibitory,44,9.384615384615385,4.3076923076923075,0.19482284784317017,observed
0.5,0.5,2715,excitatory,44,0.0,0.0,,observed
0.5,0.5,2718,inhibitory,44,5.153846153846154,0.3076923076923077,-0.4701775312423706,observed
0.5,0.5,2720,excitatory,44,0.0,0.0,,observed
0.5,0.5,2724,excitatory,44,0.0,0.0,,observed
0.5,0.5,2727,excitatory,44,7.0,3.3076923076923075,-0.04053664207458496,observed
0.5,0.5,2732,inhibitory,44,2.6923076923076925,0.9230769230769231,0.0025949478149414062,observed
0.5,0.5,2742,excitatory,44,0.0,0.0,,observed
0.5,0.5,2746,excitatory,44,0.23076923076923078,0.15384615384615385,-0.7376043796539307,observed
0.5,0.5,2748,excitatory,44,0.23076923076923078,0.0,-0.01739799976348877,observed
0.5,0.5,2753,excitatory,44,0.9230769230769231,0.0,-0.04265737533569336,observed
0.5,0.5,2760,inhibitory,44,99.38461538461539,77.07692307692308,0.0975692868232727,observed
0.5,0.5,2774,excitatory,44,0.5384615384615384,0.0,-0.0777425765991211,observed
0.5,0.5,2777,inhibitory,44,82.61538461538461,101.0,-0.13451802730560303,observed
0.5,0.5,2781,inhibitory,44,3.6923076923076925,0.0,-0.4300374984741211,observed
0.5,0.5,2783,excitatory,44,0.23076923076923078,0.0,-0.0200117826461792,observed
0.5,0.5,2784,excitatory,44,0.15384615384615385,0.0,-0.022098779678344727,observed
0.5,0.5,2789,inhibitory,44,1.0,0.15384615384615385,-0.11339473724365234,observed
0.5,0.5,2795,excitatory,44,0.0,0.0,,observed
0.5,0.5,2796,excitatory,44,2.8461538461538463,1.5384615384615385,-0.3994297981262207,observed
0.5,0.5,2799,excitatory,44,0.0,0.07692307692307693,,observed
0.5,0.5,2803,excitatory,44,0.38461538461538464,0.0,-0.05977368354797363,observed
0.5,0.5,2809,excitatory,44,0.23076923076923078,0.0,-0.04266917705535889,observed
0.5,0.5,2811,excitatory,44,1.0769230769230769,0.0,-0.06929898262023926,observed
0.5,0.5,2814,excitatory,44,0.6153846153846154,0.6153846153846154,0.33876651525497437,observed
0.5,0.5,2815,excitatory,44,6.6923076923076925,14.076923076923077,-0.4148101806640625,observed
0.5,0.5,2819,inhibitory,44,0.07692307692307693,0.07692307692307693,-1.027029037475586,observed
0.5,0.5,2824,excitatory,44,2.6923076923076925,0.07692307692307693,-0.07166039943695068,observed
0.5,0.5,2825,excitatory,44,0.46153846153846156,0.0,-0.06634521484375,observed
0.5,0.5,2826,excitatory,44,5.769230769230769,4.923076923076923,0.7725880146026611,observed
0.5,0.5,2830,excitatory,44,0.0,0.3076923076923077,,observed
0.5,0.5,2836,excitatory,44,0.0,0.0,,observed
0.5,0.5,2838,excitatory,44,0.8461538461538461,0.0,-0.08279752731323242,observed
0.5,0.5,2840,inhibitory,44,0.07692307692307693,0.0,-0.013741493225097656,observed
0.5,0.5,2841,excitatory,44,0.38461538461538464,0.0,-0.03765726089477539,observed
0.5,0.5,2842,excitatory,44,0.0,0.0,,observed
0.5,0.5,2845,excitatory,44,0.3076923076923077,0.0,-0.042276620864868164,observed
0.5,0.5,2853,excitatory,44,25.692307692307693,25.923076923076923,-0.2123929262161255,observed
0.5,0.5,2858,excitatory,44,0.23076923076923078,0.0,-0.02552318572998047,observed
0.5,0.5,2859,excitatory,44,1.0769230769230769,0.7692307692307693,0.8059495687484741,observed
0.5,0.5,2863,inhibitory,44,4.615384615384615,3.5384615384615383,-0.5480155944824219,observed
0.5,0.5,2866,excitatory,44,4.846153846153846,1.2307692307692308,-0.25415563583374023,observed
0.5,0.5,2867,excitatory,44,2.230769230769231,0.0,-0.2935757637023926,observed
0.5,0.5,2870,excitatory,44,0.0,0.0,,observed
0.5,0.5,2875,excitatory,44,0.3076923076923077,0.0,-0.020938992500305176,observed
0.5,0.5,2877,excitatory,44,6.076923076923077,0.5384615384615384,-0.4246206283569336,observed
0.5,0.5,2879,excitatory,44,0.0,0.07692307692307693,,observed
0.5,0.5,2881,inhibitory,44,16.615384615384617,14.384615384615385,-0.0340878963470459,observed
0.5,0.5,2886,excitatory,44,0.0,0.0,,observed
0.5,0.5,2887,excitatory,44,0.07692307692307693,0.46153846153846156,-4.086885929107666,observed
0.5,0.5,2893,inhibitory,44,5.846153846153846,2.6153846153846154,-0.3793332576751709,observed
0.5,0.5,2901,excitatory,44,0.0,0.0,,observed
0.5,0.5,2902,inhibitory,44,0.8461538461538461,0.0,-0.04010367393493652,observed
0.5,0.5,2904,excitatory,44,0.0,0.0,,observed
0.5,0.5,2908,excitatory,44,0.0,0.0,,observed
0.5,0.5,2921,excitatory,44,3.5384615384615383,1.2307692307692308,-0.01630091667175293,observed
0.5,0.5,2924,excitatory,44,0.0,0.0,,observed
0.5,0.5,2926,excitatory,44,0.0,0.0,,observed
0.5,0.5,2933,excitatory,44,0.0,0.0,,observed
0.5,0.5,2938,excitatory,44,0.0,0.0,,observed
0.5,0.5,2944,excitatory,44,0.0,0.07692307692307693,,observed
0.5,0.5,2948,excitatory,44,37.38461538461539,34.76923076923077,0.4037901759147644,observed
0.5,0.5,2955,excitatory,44,0.0,0.0,,observed
0.5,0.5,2958,excitatory,44,13.538461538461538,0.0,-0.7688714265823364,observed
0.5,0.5,2962,excitatory,44,0.0,0.0,,observed
0.5,0.5,2971,excitatory,44,0.07692307692307693,1.6923076923076923,-36.19245529174805,observed
0.5,0.5,2972,excitatory,44,0.0,0.0,,observed
0.5,0.5,2974,excitatory,44,0.0,0.23076923076923078,,observed
0.5,0.5,2981,excitatory,44,0.23076923076923078,0.15384615384615385,-0.620294451713562,observed
0.5,0.5,2987,inhibitory,44,10.23076923076923,6.615384615384615,0.17413431406021118,observed
0.5,0.5,2997,excitatory,44,0.6153846153846154,0.0,-0.09861648082733154,observed
0.5,0.5,3000,excitatory,44,0.07692307692307693,0.0,-0.013523459434509277,observed
0.5,0.5,3001,excitatory,44,0.0,0.0,,observed
0.5,0.5,3003,inhibitory,44,0.0,0.0,,observed
0.5,0.5,3008,excitatory,44,0.07692307692307693,0.0,-0.01365673542022705,observed
0.5,0.5,3009,excitatory,44,2.230769230769231,0.07692307692307693,-0.12376117706298828,observed
0.5,0.5,3020,excitatory,44,0.8461538461538461,0.0,-0.10636699199676514,observed
0.5,0.5,3024,excitatory,44,0.0,0.0,,observed
0.5,0.5,3033,inhibitory,44,33.15384615384615,32.46153846153846,-0.23805928230285645,observed
0.5,0.5,3034,excitatory,44,1.0,0.6923076923076923,0.371252179145813,observed
0.5,0.5,3039,inhibitory,44,10.23076923076923,1.6153846153846154,-0.17261028289794922,observed
0.5,0.5,3040,excitatory,44,0.0,0.0,,observed
0.5,0.5,3041,excitatory,44,0.0,0.0,,observed
0.5,0.5,3044,excitatory,44,36.23076923076923,24.384615384615383,-0.12925636768341064,observed
0.5,0.5,3046,excitatory,44,5.461538461538462,1.6153846153846154,-0.2822984457015991,observed
0.5,0.5,3050,inhibitory,44,7.615384615384615,4.384615384615385,0.7763808965682983,observed
0.5,0.5,3051,excitatory,44,0.7692307692307693,0.38461538461538464,-0.17921388149261475,observed
0.5,0.5,3055,excitatory,44,0.0,0.0,,observed
0.5,0.5,3057,excitatory,44,0.0,0.07692307692307693,,observed
0.5,0.5,3058,excitatory,44,0.0,0.0,,observed
0.5,0.5,3059,excitatory,44,0.46153846153846156,0.0,-0.018549680709838867,observed
0.5,0.5,3062,excitatory,44,0.0,0.0,,observed
0.5,0.5,3064,excitatory,44,0.07692307692307693,0.0,-0.013782143592834473,observed
0.5,0.5,3068,excitatory,44,27.692307692307693,4.461538461538462,-0.30372679233551025,observed
0.5,0.5,3069,excitatory,44,0.07692307692307693,0.0,-0.013743877410888672,observed
0.5,0.5,3075,inhibitory,44,37.15384615384615,23.0,-0.25267481803894043,observed
0.5,0.5,3076,inhibitory,44,0.07692307692307693,0.6153846153846154,-36.22466278076172,observed
0.5,0.5,3077,excitatory,44,0.0,0.0,,observed
0.5,0.5,3083,excitatory,44,0.0,0.0,,observed
0.5,0.5,3084,inhibitory,44,0.0,0.5384615384615384,,observed
0.5,0.5,3090,excitatory,44,0.0,0.0,,observed
0.5,0.5,3091,excitatory,44,0.0,0.0,,observed
0.5,0.5,3093,excitatory,44,0.0,0.0,,observed
0.5,0.5,3096,excitatory,44,2.3076923076923075,0.3076923076923077,0.11225849390029907,observed
0.5,0.5,3099,inhibitory,44,6.461538461538462,0.07692307692307693,-0.13623404502868652,observed
0.5,0.5,3102,excitatory,44,1.0769230769230769,0.23076923076923078,-0.1786412000656128,observed
0.5,0.5,3106,excitatory,44,0.0,0.0,,observed
0.5,0.5,3112,excitatory,44,2.0,4.153846153846154,-0.14688503742218018,observed
0.5,0.5,3116,excitatory,44,0.0,0.0,,observed
0.5,0.5,3121,excitatory,44,0.0,0.0,,observed
0.5,0.5,3129,excitatory,44,0.3076923076923077,0.0,-0.04271101951599121,observed
0.5,0.5,3131,excitatory,44,11.384615384615385,6.0,0.17254942655563354,observed
0.5,0.5,3133,excitatory,44,0.0,0.0,,observed
0.5,0.5,3135,excitatory,44,0.15384615384615385,0.0,-0.028064727783203125,observed
0.5,0.5,3137,inhibitory,44,2.923076923076923,0.46153846153846156,-0.03234279155731201,observed
0.5,0.5,3142,inhibitory,44,4.153846153846154,0.07692307692307693,-0.20331811904907227,observed
0.5,0.5,3144,excitatory,44,0.15384615384615385,0.0,-0.02816033363342285,observed
0.5,0.5,3149,excitatory,44,25.46153846153846,32.23076923076923,-0.17441105842590332,observed
0.5,0.5,3151,excitatory,44,4.076923076923077,7.153846153846154,-0.41737258434295654,observed
0.5,0.5,3154,excitatory,44,0.07692307692307693,0.38461538461538464,-7.606668472290039,observed
0.5,0.5,3157,excitatory,44,18.153846153846153,10.0,-0.09343838691711426,observed
0.5,0.5,3162,excitatory,44,0.0,0.0,,observed
0.5,0.5,3165,excitatory,44,0.23076923076923078,0.0,-0.04275178909301758,observed
0.5,0.5,3167,excitatory,44,0.46153846153846156,0.0,-0.04817235469818115,observed
0.5,0.5,3168,excitatory,44,1.4615384615384615,0.0,-0.06666219234466553,observed
0.5,0.5,3172,inhibitory,44,0.6153846153846154,0.0,-0.02584397792816162,observed
0.5,0.5,3180,inhibitory,44,20.076923076923077,11.076923076923077,-0.06580960750579834,observed
0.5,0.5,3181,excitatory,44,5.923076923076923,5.384615384615385,0.27120399475097656,observed
0.5,0.5,3184,excitatory,44,1.0,0.5384615384615384,0.15425467491149902,observed
0.5,0.5,3186,excitatory,44,0.38461538461538464,0.0,-0.03159797191619873,observed
0.5,0.5,3189,inhibitory,44,0.6923076923076923,0.0,-0.09981346130371094,observed
0.5,0.5,3194,excitatory,44,47.84615384615385,44.61538461538461,0.1767229437828064,observed
0.5,0.5,3198,excitatory,44,73.46153846153847,57.38461538461539,-0.07997572422027588,observed
0.5,0.5,3221,excitatory,44,0.38461538461538464,0.0,-0.030651330947875977,observed
0.5,0.5,3226,inhibitory,44,29.076923076923077,21.76923076923077,-0.37211740016937256,observed
0.5,0.5,3229,inhibitory,44,0.07692307692307693,0.07692307692307693,-1.0275943279266357,observed
0.5,0.5,3235,excitatory,44,0.0,0.0,,observed
0.5,0.5,3236,inhibitory,44,2.8461538461538463,4.0,0.08555811643600464,observed
0.5,0.5,3237,excitatory,44,0.0,0.0,,observed
0.5,0.5,3248,excitatory,44,1.3076923076923077,0.15384615384615385,0.025235295295715332,observed
0.5,0.5,3250,excitatory,44,0.3076923076923077,0.0,-0.030548691749572754,observed
0.5,0.5,3251,excitatory,44,0.0,0.0,,observed
0.5,0.5,3252,inhibitory,44,6.923076923076923,1.9230769230769231,-0.058886170387268066,observed
0.5,0.5,3254,inhibitory,44,2.3076923076923075,0.0,-0.08003270626068115,observed
0.5,0.5,3255,excitatory,44,5.076923076923077,2.5384615384615383,-0.293729305267334,observed
0.5,0.5,3257,excitatory,44,0.0,0.0,,observed
0.5,0.5,3270,excitatory,44,0.15384615384615385,0.0,-0.01638960838317871,observed
0.5,0.5,3271,inhibitory,44,103.76923076923077,101.23076923076923,0.3175002932548523,observed
0.5,0.5,3286,excitatory,44,0.7692307692307693,1.0,0.342886745929718,observed
0.5,0.5,3299,excitatory,44,0.15384615384615385,0.0,-0.028063297271728516,observed
0.5,0.5,3302,excitatory,44,0.3076923076923077,0.07692307692307693,-0.17850279808044434,observed
0.5,0.5,3307,inhibitory,44,30.384615384615383,32.0,0.49583661556243896,observed
0.5,0.5,3315,excitatory,44,0.23076923076923078,0.5384615384615384,-0.2872418165206909,observed
0.5,0.5,3318,excitatory,44,0.5384615384615384,1.0769230769230769,-1.569126844406128,observed
0.5,0.5,3324,excitatory,44,0.0,0.0,,observed
0.5,0.5,3325,excitatory,44,0.0,0.07692307692307693,,observed
0.5,0.5,3329,excitatory,44,0.0,0.0,,observed
0.5,0.5,3337,excitatory,44,0.07692307692307693,0.9230769230769231,-13.615321159362793,observed
0.5,0.5,3341,excitatory,44,5.769230769230769,0.0,-0.25288259983062744,observed
0.5,0.5,3344,excitatory,44,0.0,0.0,,observed
0.5,0.5,3349,excitatory,44,23.846153846153847,15.0,-0.05328834056854248,observed
0.5,0.5,3352,excitatory,44,0.15384615384615385,0.07692307692307693,-0.5421912670135498,observed
0.5,0.5,3355,excitatory,44,0.0,0.0,,observed
0.5,0.5,3358,excitatory,44,0.07692307692307693,0.0,-0.013608336448669434,observed
0.5,0.5,3362,inhibitory,44,2.0,0.0,-0.14584457874298096,observed
0.5,0.5,3367,inhibitory,44,4.076923076923077,0.0,-0.330081582069397,observed
0.5,0.5,3370,excitatory,44,0.0,0.0,,observed
0.5,0.5,3371,excitatory,44,28.384615384615383,31.76923076923077,0.9157703518867493,observed
0.5,0.5,3377,inhibitory,44,0.07692307692307693,0.0,-0.013699173927307129,observed
0.5,0.5,3379,excitatory,44,0.6153846153846154,1.8461538461538463,-1.4482975006103516,observed
0.5,0.5,3388,inhibitory,44,76.15384615384616,75.61538461538461,0.6241662502288818,observed
0.5,0.5,3391,excitatory,44,0.0,0.0,,observed
0.5,0.5,3392,excitatory,44,0.23076923076923078,0.0,-0.021451115608215332,observed
0.5,0.5,3395,excitatory,44,0.07692307692307693,0.07692307692307693,-0.325564980506897,observed
0.5,0.5,3399,inhibitory,44,1.6153846153846154,2.6153846153846154,-0.8923138380050659,observed
0.5,0.5,3400,excitatory,44,0.0,0.0,,observed
0.5,0.5,3401,excitatory,44,0.0,0.0,,observed
0.5,0.5,3403,inhibitory,44,4.615384615384615,0.0,-0.051313161849975586,observed
0.5,0.5,3409,excitatory,44,0.0,0.0,,observed
0.5,0.5,3411,excitatory,44,0.0,0.0,,observed
0.5,0.5,3415,excitatory,44,4.076923076923077,2.3076923076923075,0.47194987535476685,observed
0.5,0.5,3423,excitatory,44,0.0,0.0,,observed
0.5,0.5,3437,excitatory,44,6.538461538461538,2.6923076923076925,-0.38327455520629883,observed
0.5,0.5,3443,excitatory,44,0.23076923076923078,0.15384615384615385,0.49267470836639404,observed
0.5,0.5,3449,inhibitory,44,23.307692307692307,21.923076923076923,0.752914547920227,observed
0.5,0.5,3454,excitatory,44,0.0,0.0,,observed
0.5,0.5,3455,excitatory,44,0.15384615384615385,0.15384615384615385,-1.0566108226776123,observed
0.5,0.5,3457,inhibitory,44,12.692307692307692,10.23076923076923,0.6337097883224487,observed
0.5,0.5,3460,excitatory,44,0.0,0.8461538461538461,,observed
0.5,0.5,3461,excitatory,44,0.0,0.0,,observed
0.5,0.5,3463,excitatory,44,0.0,0.0,,observed
0.5,0.5,3472,excitatory,44,1.0,0.0,-0.10150718688964844,observed
0.5,0.5,3476,excitatory,44,13.461538461538462,18.692307692307693,-1.0116713047027588,observed
0.5,0.5,3477,inhibitory,44,14.153846153846153,2.3846153846153846,-0.07152402400970459,observed
0.5,0.5,3478,excitatory,44,0.07692307692307693,0.0,-0.0138092041015625,observed
0.5,0.5,3484,excitatory,44,3.769230769230769,2.6153846153846154,0.5159592628479004,observed
0.5,0.5,3486,excitatory,44,0.38461538461538464,1.5384615384615385,-10.197245597839355,observed
0.5,0.5,3487,excitatory,44,0.0,0.0,,observed
0.5,0.5,3495,excitatory,44,0.0,0.0,,observed
0.5,0.5,3497,excitatory,44,3.3846153846153846,4.846153846153846,0.4884430170059204,observed
0.5,0.5,3503,excitatory,44,0.15384615384615385,0.0,-0.028184175491333008,observed
0.5,0.5,3504,inhibitory,44,21.923076923076923,0.8461538461538461,-1.4275765419006348,observed
0.5,0.5,3505,excitatory,44,1.3846153846153846,1.4615384615384615,0.819365918636322,observed
0.5,0.5,3512,excitatory,44,1.3076923076923077,1.6923076923076923,-1.2556118965148926,observed
0.5,0.5,3514,excitatory,44,4.076923076923077,4.461538461538462,-0.2277923822402954,observed
0.5,0.5,3520,excitatory,44,0.0,0.0,,observed
0.5,0.5,3531,excitatory,44,0.38461538461538464,0.0,-0.034993529319763184,observed
0.5,0.5,3534,inhibitory,44,23.923076923076923,20.76923076923077,0.07895344495773315,observed
0.5,0.5,3536,excitatory,44,18.76923076923077,29.846153846153847,-0.20645952224731445,observed
0.5,0.5,3539,excitatory,44,0.0,0.0,,observed
0.5,0.5,3541,excitatory,44,0.15384615384615385,0.0,-0.028094172477722168,observed
0.5,0.5,3542,excitatory,44,0.07692307692307693,0.0,-0.01358044147491455,observed
0.5,0.5,3546,inhibitory,44,0.5384615384615384,1.0,-1.4364874362945557,observed
0.5,0.5,3548,excitatory,44,0.0,0.0,,observed
0.5,0.5,3551,excitatory,44,0.23076923076923078,0.0,-0.02564084529876709,observed
0.5,0.5,3552,excitatory,44,0.3076923076923077,0.0,-0.040586233139038086,observed
0.5,0.5,3553,excitatory,44,2.6153846153846154,3.230769230769231,0.5702306032180786,observed
0.5,0.5,3555,excitatory,44,0.0,0.0,,observed
0.5,0.5,3556,excitatory,44,0.0,0.0,,observed
0.5,0.5,3562,excitatory,44,0.0,0.07692307692307693,,observed
0.5,0.5,3565,excitatory,44,0.0,0.0,,observed
0.5,0.5,3566,excitatory,44,0.0,0.0,,observed
0.5,0.5,3567,excitatory,44,0.0,0.0,,observed
0.5,0.5,3568,excitatory,44,13.538461538461538,14.307692307692308,0.8603906631469727,observed
0.5,0.5,3572,inhibitory,44,8.23076923076923,1.2307692307692308,-0.13470256328582764,observed
0.5,0.5,3575,excitatory,44,1.3846153846153846,0.0,-0.22487282752990723,observed
0.5,0.5,3579,excitatory,44,8.307692307692308,2.076923076923077,0.005559027194976807,observed
0.5,0.5,3582,excitatory,44,0.0,0.0,,observed
0.5,0.5,3584,excitatory,44,0.07692307692307693,0.38461538461538464,-3.055298328399658,observed
0.5,0.5,3589,inhibitory,44,0.15384615384615385,0.3076923076923077,-4.497620582580566,observed
0.5,0.5,3591,inhibitory,44,94.76923076923077,81.53846153846153,0.3012905716896057,observed
0.5,0.5,3597,excitatory,44,0.0,0.0,,observed
0.5,0.5,3602,excitatory,44,0.8461538461538461,0.0,-0.055150747299194336,observed
0.5,0.5,3608,excitatory,44,1.3846153846153846,0.07692307692307693,0.0637022852897644,observed
0.5,0.5,3609,inhibitory,44,32.30769230769231,24.76923076923077,0.05244410037994385,observed
0.5,0.5,3616,excitatory,44,10.461538461538462,1.3846153846153846,-0.6362662315368652,observed
0.5,0.5,3621,excitatory,44,0.6923076923076923,0.3076923076923077,-0.3612457513809204,observed
0.5,0.5,3628,excitatory,44,1.2307692307692308,0.0,-0.15071940422058105,observed
0.5,0.5,3633,excitatory,44,1.5384615384615385,0.0,-0.1021813154220581,observed
0.5,0.5,3634,inhibitory,44,32.61538461538461,28.076923076923077,0.18326950073242188,observed
0.5,0.5,3636,excitatory,44,0.0,0.07692307692307693,,observed
0.5,0.5,3637,excitatory,44,0.0,0.0,,observed
0.5,0.5,3640,excitatory,44,0.0,0.3076923076923077,,observed
0.5,0.5,3642,excitatory,44,0.46153846153846156,0.0,-0.047361135482788086,observed
0.5,0.5,3653,excitatory,44,0.0,0.0,,observed
0.5,0.5,3655,excitatory,44,0.38461538461538464,0.23076923076923078,-0.7169320583343506,observed
0.5,0.5,3658,excitatory,44,0.0,0.15384615384615385,,observed
0.5,0.5,3660,excitatory,44,0.23076923076923078,0.07692307692307693,-0.38963019847869873,observed
0.5,0.5,3667,excitatory,44,0.0,0.0,,observed
0.5,0.5,3669,excitatory,44,0.07692307692307693,0.0,-0.013668179512023926,observed
0.5,0.5,3672,excitatory,44,7.076923076923077,7.384615384615385,0.3701871633529663,observed
0.5,0.5,3676,excitatory,44,12.76923076923077,8.538461538461538,0.28632694482803345,observed
0.5,0.5,3679,excitatory,44,0.0,0.5384615384615384,,observed
0.5,0.5,3683,excitatory,44,0.5384615384615384,0.0,-0.06959247589111328,observed
0.5,0.5,3684,excitatory,44,0.0,0.0,,observed
0.5,0.5,3688,excitatory,44,0.23076923076923078,0.6923076923076923,-1.2323024272918701,observed
0.5,0.5,3706,excitatory,44,0.0,0.0,,observed
0.5,0.5,3715,excitatory,44,0.46153846153846156,0.6153846153846154,0.019937574863433838,observed
0.5,0.5,3734,excitatory,44,5.538461538461538,7.846153846153846,-0.07240986824035645,observed
0.5,0.5,3747,excitatory,44,0.0,0.0,,observed
0.5,0.5,3751,excitatory,44,1.2307692307692308,0.15384615384615385,0.06133866310119629,observed
0.5,0.5,3760,excitatory,44,0.07692307692307693,0.15384615384615385,-2.0411856174468994,observed
0.5,0.5,3771,excitatory,44,1.2307692307692308,3.923076923076923,-1.062030553817749,observed
0.5,0.5,3778,excitatory,44,2.230769230769231,1.8461538461538463,0.22429203987121582,observed
0.5,0.5,3779,excitatory,44,10.538461538461538,1.4615384615384615,-0.5703063011169434,observed
0.5,0.5,3780,excitatory,44,5.3076923076923075,10.923076923076923,-0.4518824815750122,observed
0.5,0.5,3781,excitatory,44,0.0,0.0,,observed
0.5,0.5,3783,excitatory,44,0.0,0.0,,observed
0.5,0.5,3786,excitatory,44,8.307692307692308,0.0,-0.31136834621429443,observed
0.5,0.5,3789,excitatory,44,0.15384615384615385,0.0,-0.022331595420837402,observed
0.5,0.5,3791,excitatory,44,0.07692307692307693,0.0,-0.013629913330078125,observed
0.5,0.5,3793,inhibitory,44,32.30769230769231,32.0,0.5135465860366821,observed
0.5,0.5,3796,excitatory,44,0.8461538461538461,0.0,-0.026467323303222656,observed
0.5,0.5,3820,inhibitory,44,106.15384615384616,108.38461538461539,0.8764187097549438,observed
0.5,0.5,3822,excitatory,44,0.38461538461538464,0.6153846153846154,0.35931479930877686,observed
0.5,0.5,3825,excitatory,44,0.0,0.38461538461538464,,observed
0.5,0.5,3833,excitatory,44,0.15384615384615385,0.07692307692307693,-0.3050825595855713,observed
0.5,0.5,3839,excitatory,44,0.0,0.0,,observed
0.5,0.5,3840,excitatory,44,0.7692307692307693,0.0,-0.07349836826324463,observed
0.5,0.5,3842,excitatory,44,0.0,0.0,,observed
0.5,0.5,3843,inhibitory,44,17.0,0.6923076923076923,-0.17374014854431152,observed
0.5,0.5,3851,excitatory,44,0.3076923076923077,0.5384615384615384,-1.1317918300628662,observed
0.5,0.5,3854,excitatory,44,0.0,0.07692307692307693,,observed
0.5,0.5,3859,inhibitory,44,51.76923076923077,69.46153846153847,-0.15328407287597656,observed
0.5,0.5,3860,inhibitory,44,15.76923076923077,14.692307692307692,0.7998391389846802,observed
0.5,0.5,3867,excitatory,44,17.307692307692307,16.46153846153846,0.3706955313682556,observed
0.5,0.5,3880,excitatory,44,20.0,5.0,-0.5082029104232788,observed
0.5,0.5,3881,excitatory,44,0.07692307692307693,0.0,-0.01361083984375,observed
0.5,0.5,3882,excitatory,44,3.8461538461538463,5.615384615384615,0.5198290348052979,observed
0.5,0.5,3889,excitatory,44,0.0,0.0,,observed
0.5,0.5,3891,excitatory,44,0.15384615384615385,0.0,-0.02834951877593994,observed
0.5,0.5,3892,excitatory,44,6.923076923076923,0.07692307692307693,-0.24361443519592285,observed
0.5,0.5,3905,excitatory,44,35.38461538461539,33.46153846153846,-0.10236501693725586,observed
0.5,0.5,3906,excitatory,44,0.38461538461538464,0.3076923076923077,-0.05994832515716553,observed
0.5,0.5,3909,excitatory,44,0.9230769230769231,0.0,-0.03644442558288574,observed
0.5,0.5,3911,inhibitory,44,0.0,0.0,,observed
0.5,0.5,3914,excitatory,44,0.3076923076923077,0.0,-0.03523695468902588,observed
0.5,0.5,3923,excitatory,44,0.6153846153846154,1.9230769230769231,-2.9364800453186035,observed
0.5,0.5,3927,inhibitory,44,0.0,0.0,,observed
0.5,0.5,3931,excitatory,44,4.153846153846154,1.5384615384615385,-0.18468260765075684,observed
0.5,0.5,3932,excitatory,44,0.0,0.0,,observed
0.5,0.5,3934,excitatory,44,0.6923076923076923,0.0,-0.05446755886077881,observed
0.5,0.5,3941,excitatory,44,1.6153846153846154,0.0,-0.087990403175354,observed
0.5,0.5,3942,excitatory,44,0.15384615384615385,0.0,-0.014532327651977539,observed
0.5,0.5,3944,inhibitory,44,6.461538461538462,3.1538461538461537,-0.9293572902679443,observed
0.5,0.5,3946,excitatory,44,0.38461538461538464,0.15384615384615385,0.6990863084793091,observed
0.5,0.5,3951,excitatory,44,0.6153846153846154,0.0,-0.03789055347442627,observed
0.5,0.5,3953,excitatory,44,0.0,0.0,,observed
0.5,0.5,3966,excitatory,44,0.0,0.07692307692307693,,observed
0.5,0.5,3967,excitatory,44,0.0,0.0,,observed
0.5,0.5,3968,excitatory,44,3.5384615384615383,0.3076923076923077,-0.015613436698913574,observed
0.5,0.5,3973,excitatory,44,0.07692307692307693,0.0,-0.013760209083557129,observed
0.5,0.5,3976,excitatory,44,1.0,1.0,-0.346843957901001,observed
0.5,0.5,3977,excitatory,44,0.15384615384615385,0.0,-0.018219590187072754,observed
0.5,0.5,3978,excitatory,44,0.7692307692307693,0.0,-0.08287334442138672,observed
0.5,0.5,3985,inhibitory,44,17.846153846153847,31.692307692307693,0.22429442405700684,observed
0.5,0.5,3991,inhibitory,44,2.3076923076923075,1.0769230769230769,-0.03203248977661133,observed
0.5,0.5,3992,excitatory,44,21.53846153846154,17.307692307692307,-0.08789300918579102,observed
0.5,0.5,3993,excitatory,44,21.23076923076923,11.23076923076923,-0.2952970266342163,observed
0.5,0.5,3996,excitatory,44,0.07692307692307693,0.46153846153846156,-4.085265636444092,observed
0.5,0.5,3997,excitatory,44,0.0,0.0,,observed
0.5,0.5,4003,excitatory,44,0.0,0.0,,observed
0.5,0.5,4005,excitatory,44,0.0,0.0,,observed
0.5,0.5,4008,excitatory,44,0.15384615384615385,0.15384615384615385,0.9997861385345459,observed
0.5,0.5,4009,excitatory,44,0.9230769230769231,0.0,-0.1592005491256714,observed
0.5,0.5,4012,excitatory,44,0.3076923076923077,0.07692307692307693,0.4277791380882263,observed
0.5,0.5,4015,excitatory,44,0.6153846153846154,1.0,0.3969162702560425,observed
0.5,0.5,4031,excitatory,44,0.0,0.0,,observed
0.5,0.5,4033,excitatory,44,0.46153846153846156,0.3076923076923077,0.5541635751724243,observed
0.5,0.5,4035,excitatory,44,3.923076923076923,0.6923076923076923,-0.31859397888183594,observed
0.5,0.5,4036,excitatory,44,0.9230769230769231,0.0,-0.047265052795410156,observed
0.5,0.5,4040,excitatory,44,0.15384615384615385,0.07692307692307693,-0.43841540813446045,observed
0.5,0.5,4042,excitatory,44,0.0,0.0,,observed
0.5,0.5,4043,inhibitory,44,15.846153846153847,8.76923076923077,0.6490685939788818,observed
0.5,0.5,4048,excitatory,44,0.3076923076923077,0.5384615384615384,-1.3668711185455322,observed
0.5,0.5,4052,excitatory,44,0.3076923076923077,0.6153846153846154,-0.5362526178359985,observed
0.5,0.5,4053,excitatory,44,0.0,0.0,,observed
0.5,0.5,4063,excitatory,44,24.923076923076923,21.23076923076923,0.8544357419013977,observed
0.5,0.5,4064,inhibitory,44,8.846153846153847,0.9230769230769231,-0.05914747714996338,observed
0.5,0.5,4067,excitatory,44,0.0,0.0,,observed
0.5,0.5,4068,inhibitory,44,0.0,0.0,,observed
0.5,0.5,4069,excitatory,44,0.0,0.07692307692307693,,observed
0.5,0.5,4071,excitatory,44,0.0,0.07692307692307693,,observed
0.5,0.5,4075,excitatory,44,0.0,0.0,,observed
0.5,0.5,4076,excitatory,44,0.0,0.0,,observed
0.5,0.5,4080,excitatory,44,0.0,0.07692307692307693,,observed
0.5,0.5,4081,excitatory,44,0.3076923076923077,0.15384615384615385,-0.05772578716278076,observed
0.5,0.5,4087,inhibitory,44,0.6153846153846154,0.0,-0.11236572265625,observed
0.5,0.5,4090,excitatory,44,0.07692307692307693,1.3076923076923077,-25.468608856201172,observed
0.5,0.5,4094,excitatory,44,0.0,0.07692307692307693,,observed
0.5,0.5,4101,inhibitory,44,71.61538461538461,26.076923076923077,-1.0024724006652832,observed
0.5,0.5,4110,excitatory,44,0.0,0.0,,observed
0.5,0.5,4111,excitatory,44,0.15384615384615385,0.0,-0.028241515159606934,observed
0.5,0.5,4112,excitatory,44,1.1538461538461537,0.07692307692307693,0.04888194799423218,observed
0.5,0.5,4114,excitatory,44,3.6923076923076925,6.3076923076923075,0.2313365340232849,observed
0.5,0.5,4118,excitatory,44,25.384615384615383,16.53846153846154,-0.260891318321228,observed
0.5,0.5,4121,excitatory,44,0.23076923076923078,0.0,-0.042636990547180176,observed
0.5,0.5,4122,excitatory,44,0.07692307692307693,0.0,-0.013727307319641113,observed
0.5,0.5,4132,excitatory,44,0.0,0.0,,observed
0.5,0.5,4138,excitatory,44,0.0,0.0,,observed
0.5,0.5,4141,excitatory,44,0.23076923076923078,0.3076923076923077,-0.7319602966308594,observed
0.5,0.5,4145,inhibitory,44,1.6923076923076923,0.6153846153846154,-0.10318553447723389,observed
0.5,0.5,4146,excitatory,44,6.538461538461538,0.0,-0.18462491035461426,observed
0.5,0.5,4156,excitatory,44,2.1538461538461537,1.4615384615384615,0.504417896270752,observed
0.5,0.5,4161,excitatory,44,0.0,0.0,,observed
0.5,0.5,4171,excitatory,44,0.23076923076923078,0.0,-0.042467355728149414,observed
0.5,0.5,4182,excitatory,44,0.23076923076923078,0.0,-0.01712656021118164,observed
0.5,0.5,4185,excitatory,44,0.15384615384615385,0.0,-0.014222979545593262,observed
0.5,0.5,4186,excitatory,44,0.0,0.0,,observed
0.5,0.5,4190,excitatory,44,0.15384615384615385,0.0,-0.02803802490234375,observed
0.5,0.5,4191,excitatory,44,0.0,0.0,,observed
0.5,0.5,4209,excitatory,44,28.76923076923077,31.076923076923077,0.1351785659790039,observed
0.5,0.5,4210,excitatory,44,0.0,0.0,,observed
0.5,0.5,4213,excitatory,44,0.9230769230769231,0.0,-0.04911637306213379,observed
0.5,0.5,4215,excitatory,44,0.23076923076923078,0.23076923076923078,0.304532527923584,observed
0.5,0.5,4217,excitatory,44,6.923076923076923,0.8461538461538461,-0.19045424461364746,observed
0.5,0.5,4221,excitatory,44,0.0,0.0,,observed
0.5,0.5,4227,inhibitory,44,0.0,0.0,,observed
0.5,0.5,4231,excitatory,44,1.7692307692307692,0.0,-0.22053229808807373,observed
0.5,0.5,4239,inhibitory,44,51.53846153846154,51.84615384615385,-0.21235299110412598,observed
0.5,0.5,4243,excitatory,44,0.0,0.0,,observed
0.5,0.5,4244,excitatory,44,0.0,0.0,,observed
0.5,0.5,4246,inhibitory,44,9.76923076923077,12.692307692307692,0.3720815181732178,observed
0.5,0.5,4249,excitatory,44,0.6923076923076923,0.8461538461538461,-0.45201563835144043,observed
0.5,0.5,4251,excitatory,44,0.0,0.0,,observed
0.5,0.5,4254,excitatory,44,0.15384615384615385,1.1538461538461537,-6.903266429901123,observed
0.5,0.5,4262,excitatory,44,0.0,0.15384615384615385,,observed
0.5,0.5,4263,excitatory,44,0.0,0.0,,observed
0.5,0.5,4268,inhibitory,44,8.307692307692308,4.538461538461538,0.5929679274559021,observed
0.5,0.5,4273,excitatory,44,0.0,0.0,,observed
0.5,0.5,4286,inhibitory,44,2.230769230769231,0.0,-0.16380059719085693,observed
0.5,0.5,4287,excitatory,44,0.0,0.0,,observed
0.5,0.5,4288,excitatory,44,0.0,0.07692307692307693,,observed
0.5,0.5,4289,excitatory,44,3.6923076923076925,0.0,-0.06171393394470215,observed
0.5,0.5,4292,excitatory,44,1.6153846153846154,0.0,-0.1250399351119995,observed
0.5,0.5,4294,inhibitory,44,3.3076923076923075,2.4615384615384617,0.12170684337615967,observed
0.5,0.5,4295,excitatory,44,0.5384615384615384,0.0,-0.08194005489349365,observed
0.5,0.5,4298,excitatory,44,0.8461538461538461,0.0,-0.04780912399291992,observed
0.5,0.5,4299,excitatory,44,0.0,0.0,,observed
0.5,0.5,4300,inhibitory,44,4.461538461538462,0.15384615384615385,-0.16929268836975098,observed
0.5,0.5,4307,excitatory,44,0.0,0.0,,observed
0.5,0.5,4308,excitatory,44,0.15384615384615385,0.0,-0.028133273124694824,observed
0.5,0.5,4315,excitatory,44,0.38461538461538464,0.46153846153846156,0.38464808464050293,observed
0.5,0.5,4318,excitatory,44,4.384615384615385,0.6153846153846154,-0.03830587863922119,observed
0.5,0.5,4321,inhibitory,44,23.307692307692307,3.6923076923076925,-0.04691028594970703,observed
0.5,0.5,4324,excitatory,44,0.0,0.0,,observed
0.5,0.5,4325,excitatory,44,0.15384615384615385,0.6153846153846154,-3.5680313110351562,observed
0.5,0.5,4326,excitatory,44,2.3846153846153846,0.9230769230769231,-0.1397639513015747,observed
0.5,0.5,4327,excitatory,44,0.0,0.07692307692307693,,observed
0.5,0.5,4332,excitatory,44,0.0,0.0,,observed
0.5,0.5,4333,excitatory,44,0.07692307692307693,0.0,-0.013636589050292969,observed
0.5,0.5,4339,excitatory,44,0.0,0.07692307692307693,,observed
0.5,0.5,4342,excitatory,44,0.0,0.0,,observed
0.5,0.5,4344,excitatory,44,1.8461538461538463,0.07692307692307693,-0.1562807559967041,observed
0.5,0.5,4346,inhibitory,44,62.76923076923077,101.38461538461539,-0.07043921947479248,observed
0.5,0.5,4348,excitatory,44,0.0,0.0,,observed
0.5,0.5,4353,excitatory,44,0.15384615384615385,0.0,-0.014257550239562988,observed
0.5,0.5,4358,excitatory,44,0.46153846153846156,0.0,-0.08922410011291504,observed
0.5,0.5,4362,inhibitory,44,6.538461538461538,0.07692307692307693,-0.3523108959197998,observed
0.5,0.5,4364,excitatory,44,1.0769230769230769,0.6923076923076923,-0.30084002017974854,observed
0.5,0.5,4371,excitatory,44,0.0,0.0,,observed
0.5,0.5,4373,inhibitory,44,211.15384615384616,189.84615384615384,-0.3353809118270874,observed
0.5,0.5,4375,excitatory,44,0.0,0.0,,observed
0.5,0.5,4380,excitatory,44,1.5384615384615385,0.0,-0.11058807373046875,observed
0.5,0.5,4383,inhibitory,44,0.0,0.15384615384615385,,observed
0.5,0.5,4384,excitatory,44,0.0,0.0,,observed
0.5,0.5,4399,excitatory,44,0.0,0.0,,observed
0.5,0.5,4401,excitatory,44,4.461538461538462,4.846153846153846,0.32829636335372925,observed
0.5,0.5,4406,excitatory,44,0.0,0.07692307692307693,,observed
0.5,0.5,4413,excitatory,44,0.38461538461538464,0.23076923076923078,-0.10915851593017578,observed
0.5,0.5,4414,inhibitory,44,43.53846153846154,20.846153846153847,-0.05581533908843994,observed
0.5,0.5,4418,inhibitory,44,1.3076923076923077,0.46153846153846156,-0.17793619632720947,observed
0.5,0.5,4422,excitatory,44,0.0,0.0,,observed
0.5,0.5,4438,excitatory,44,0.3076923076923077,0.0,-0.05762505531311035,observed
0.5,0.5,4442,excitatory,44,2.769230769230769,1.8461538461538463,0.308347225189209,observed
0.5,0.5,4450,inhibitory,44,0.15384615384615385,0.07692307692307693,-0.26744890213012695,observed
0.5,0.5,4451,excitatory,44,12.076923076923077,1.2307692307692308,-0.37240374088287354,observed
0.5,0.5,4458,excitatory,44,0.07692307692307693,0.0,-0.013640522956848145,observed
0.5,0.5,4463,excitatory,44,0.0,0.0,,observed
0.5,0.5,4464,excitatory,44,0.0,0.0,,observed
0.5,0.5,4469,excitatory,44,0.46153846153846156,0.38461538461538464,0.45821505784988403,observed
0.5,0.5,4470,excitatory,44,46.53846153846154,41.76923076923077,-0.15163826942443848,observed
0.5,0.5,4473,excitatory,44,0.3076923076923077,0.0,-0.04753923416137695,observed
0.5,0.5,4474,inhibitory,44,3.769230769230769,0.0,-0.13469815254211426,observed
0.5,0.5,4480,excitatory,44,20.307692307692307,9.923076923076923,-0.27259743213653564,observed
0.5,0.5,4486,inhibitory,44,53.92307692307692,46.61538461538461,0.7929826378822327,observed
0.5,0.5,4487,excitatory,44,1.7692307692307692,1.1538461538461537,0.26753050088882446,observed
0.5,0.5,4489,excitatory,44,0.07692307692307693,0.38461538461538464,-6.207921504974365,observed
0.5,0.5,4492,excitatory,44,1.7692307692307692,0.8461538461538461,-0.2183617353439331,observed
0.5,0.5,4494,excitatory,44,0.0,0.0,,observed
0.5,0.5,4497,inhibitory,44,73.53846153846153,49.53846153846154,-0.15321803092956543,observed
0.5,0.5,4500,excitatory,44,0.15384615384615385,0.07692307692307693,0.250510573387146,observed
0.5,0.5,4510,excitatory,44,0.0,0.0,,observed
0.5,0.5,4514,excitatory,44,2.8461538461538463,1.1538461538461537,0.2944453954696655,observed
0.5,0.5,4518,excitatory,44,0.07692307692307693,0.0,-0.013582468032836914,observed
0.5,0.5,4524,excitatory,44,0.15384615384615385,0.0,-0.01479029655456543,observed
0.5,0.5,4525,excitatory,44,0.0,0.0,,observed
0.5,0.5,4526,excitatory,44,12.615384615384615,16.53846153846154,-0.1451585292816162,observed
0.5,0.5,4532,excitatory,44,0.0,0.0,,observed
0.5,0.5,4535,excitatory,44,0.15384615384615385,0.0,-0.02822709083557129,observed
0.5,0.5,4543,excitatory,44,6.3076923076923075,0.0,-0.13036465644836426,observed
0.5,0.5,4564,excitatory,44,0.15384615384615385,0.0,-0.02809584140777588,observed
0.5,0.5,4565,inhibitory,44,16.384615384615383,20.76923076923077,-0.36872410774230957,observed
0.5,0.5,4567,excitatory,44,69.23076923076923,70.6923076923077,0.10535991191864014,observed
0.5,0.5,4569,excitatory,44,0.3076923076923077,0.23076923076923078,-0.33453476428985596,observed
0.5,0.5,4573,inhibitory,44,28.384615384615383,27.846153846153847,0.5292556285858154,observed
0.5,0.5,4580,excitatory,44,1.0,0.15384615384615385,-0.060265183448791504,observed
0.5,0.5,4581,excitatory,44,13.384615384615385,7.615384615384615,-0.18526947498321533,observed
0.5,0.5,4587,excitatory,44,0.0,0.0,,observed
0.5,0.5,4595,inhibitory,44,0.0,0.0,,observed
0.5,0.5,4604,excitatory,44,0.07692307692307693,0.0,-0.013655900955200195,observed
0.5,0.5,4607,excitatory,44,0.0,0.07692307692307693,,observed
0.5,0.5,4609,inhibitory,44,0.3076923076923077,0.5384615384615384,-0.10695362091064453,observed
0.5,0.5,4620,excitatory,44,12.846153846153847,17.76923076923077,-0.620589017868042,observed
0.5,0.5,4628,excitatory,44,0.0,0.0,,observed
0.5,0.5,4629,inhibitory,44,0.23076923076923078,0.46153846153846156,-1.2062418460845947,observed
0.5,0.5,4634,excitatory,44,0.0,0.0,,observed
0.5,0.5,4642,inhibitory,44,0.0,0.23076923076923078,,observed
0.5,0.5,4643,excitatory,44,0.0,0.3076923076923077,,observed
0.5,0.5,4644,excitatory,44,101.6923076923077,96.6923076923077,0.2742341160774231,observed
0.5,0.5,4658,excitatory,44,3.1538461538461537,0.15384615384615385,-0.13841795921325684,observed
0.5,0.5,4659,inhibitory,44,1.9230769230769231,0.46153846153846156,-0.2858102321624756,observed
0.5,0.5,4662,inhibitory,44,6.384615384615385,1.0769230769230769,-0.24029040336608887,observed
0.5,0.5,4664,inhibitory,44,2.0,1.2307692307692308,-0.07835698127746582,observed
0.5,0.5,4669,excitatory,44,2.5384615384615383,0.23076923076923078,-0.31999707221984863,observed
0.5,0.5,4671,excitatory,44,1.4615384615384615,0.07692307692307693,-0.18796753883361816,observed
0.5,0.5,4681,excitatory,44,0.23076923076923078,0.0,-0.0255434513092041,observed
0.5,0.5,4687,excitatory,44,2.6923076923076925,2.3846153846153846,0.210485577583313,observed
0.5,0.5,4689,excitatory,44,0.0,0.07692307692307693,,observed
0.5,0.5,4690,excitatory,44,3.4615384615384617,1.1538461538461537,0.22873073816299438,observed
0.5,0.5,4694,excitatory,44,0.46153846153846156,0.15384615384615385,-0.33683526515960693,observed
0.5,0.5,4707,excitatory,44,0.0,0.0,,observed
0.5,0.5,4709,excitatory,44,2.1538461538461537,3.3846153846153846,-0.204123854637146,observed
0.5,0.5,4712,excitatory,44,0.38461538461538464,0.0,-0.026894569396972656,observed
0.5,0.5,4717,excitatory,44,0.23076923076923078,0.0,-0.04264497756958008,observed
0.5,0.5,4718,excitatory,44,0.07692307692307693,0.23076923076923078,-1.0989789962768555,observed
0.5,0.5,4719,inhibitory,44,5.846153846153846,0.23076923076923078,-0.15670812129974365,observed
0.5,0.5,4722,inhibitory,44,22.692307692307693,6.384615384615385,0.24922096729278564,observed
0.5,0.5,4730,excitatory,44,3.923076923076923,0.6923076923076923,-0.4034823179244995,observed
0.5,0.5,4731,excitatory,44,17.615384615384617,0.0,-0.6899696588516235,observed
0.5,0.5,4748,excitatory,44,0.0,0.0,,observed
0.5,0.5,4749,excitatory,44,52.61538461538461,51.0,0.03405904769897461,observed
0.5,0.5,4750,excitatory,44,2.769230769230769,0.23076923076923078,-0.03896331787109375,observed
0.5,0.5,4756,excitatory,44,0.6923076923076923,0.15384615384615385,-0.22976231575012207,observed
0.5,0.5,4758,excitatory,44,0.3076923076923077,0.0,-0.03892397880554199,observed
0.5,0.5,4759,excitatory,44,9.846153846153847,0.0,-0.34723615646362305,observed
0.5,0.5,4762,excitatory,44,0.7692307692307693,3.076923076923077,-2.2440688610076904,observed
0.5,0.5,4764,excitatory,44,0.46153846153846156,0.8461538461538461,0.15199148654937744,observed
0.5,0.5,4768,excitatory,44,0.07692307692307693,0.0,-0.013750076293945312,observed
0.5,0.5,4772,excitatory,44,27.615384615384617,27.0,0.04266500473022461,observed
0.5,0.5,4784,excitatory,44,0.0,0.0,,observed
0.5,0.5,4785,excitatory,44,0.0,0.0,,observed
0.5,0.5,4786,excitatory,44,0.0,0.0,,observed
0.5,0.5,4789,excitatory,44,0.0,0.0,,observed
0.5,0.5,4790,excitatory,44,0.0,0.0,,observed
0.5,0.5,4793,excitatory,44,0.0,0.3076923076923077,,observed
0.5,0.5,4794,excitatory,44,0.0,0.0,,observed
0.5,0.5,4795,excitatory,44,0.0,0.0,,observed
0.5,0.5,4801,excitatory,44,0.0,0.23076923076923078,,observed
0.5,0.5,4803,excitatory,44,0.15384615384615385,0.0,-0.017433524131774902,observed
0.5,0.5,4805,excitatory,44,2.076923076923077,0.07692307692307693,-0.2745712995529175,observed
0.5,0.5,4806,excitatory,44,0.0,0.0,,observed
0.5,0.5,4810,inhibitory,44,0.23076923076923078,0.6153846153846154,-5.13060188293457,observed
0.5,0.5,4811,excitatory,44,0.15384615384615385,0.7692307692307693,-5.422568321228027,observed
0.5,0.5,4813,excitatory,44,1.1538461538461537,0.0,-0.13216745853424072,observed
0.5,0.5,4815,excitatory,44,0.0,0.0,,observed
0.5,0.5,4817,inhibitory,44,232.0,218.53846153846155,0.6097891330718994,observed
0.5,0.5,4818,inhibitory,44,1.3076923076923077,0.3076923076923077,-0.24739444255828857,observed
0.5,0.5,4827,excitatory,44,1.0,0.0,-0.024454593658447266,observed
0.5,0.5,4829,inhibitory,44,34.84615384615385,20.076923076923077,-0.6683261394500732,observed
0.5,0.5,4834,excitatory,44,0.23076923076923078,0.0,-0.042418837547302246,observed
0.5,0.5,4838,excitatory,44,0.0,0.0,,observed
0.5,0.5,4843,excitatory,44,2.076923076923077,0.0,-0.27133941650390625,observed
0.5,0.5,4844,excitatory,44,0.3076923076923077,0.3076923076923077,0.33961111307144165,observed
0.5,0.5,4845,excitatory,44,0.0,0.0,,observed
0.5,0.5,4856,excitatory,44,0.0,0.0,,observed
0.5,0.5,4860,excitatory,44,0.0,0.0,,observed
0.5,0.5,4866,excitatory,44,0.0,0.0,,observed
0.5,0.5,4871,inhibitory,44,3.1538461538461537,1.6153846153846154,0.49462729692459106,observed
0.5,0.5,4874,inhibitory,44,4.6923076923076925,5.769230769230769,-0.13863348960876465,observed
0.5,0.5,4878,excitatory,44,10.23076923076923,14.538461538461538,0.4704068899154663,observed
0.5,0.5,4883,inhibitory,44,4.384615384615385,0.07692307692307693,-0.1367107629776001,observed
0.5,0.5,4884,excitatory,44,0.0,0.0,,observed
0.5,0.5,4892,excitatory,44,0.0,0.0,,observed
0.5,0.5,4894,excitatory,44,0.0,0.0,,observed
0.5,0.5,4898,inhibitory,44,4.076923076923077,0.0,-0.03411674499511719,observed
0.5,0.5,4899,excitatory,44,0.0,0.0,,observed
0.5,0.5,4901,inhibitory,44,5.923076923076923,1.0,-0.04198098182678223,observed
0.5,0.5,4902,excitatory,44,0.0,0.0,,observed
0.5,0.5,4909,inhibitory,44,0.0,0.0,,observed
0.5,0.5,4911,excitatory,44,0.07692307692307693,0.0,-0.013732314109802246,observed
0.5,0.5,4913,inhibitory,44,1.6923076923076923,0.0,-0.13656044006347656,observed
0.5,0.5,4916,inhibitory,44,9.846153846153847,0.0,-0.4160200357437134,observed
0.5,0.5,4919,excitatory,44,0.0,0.0,,observed
0.5,0.5,4924,inhibitory,44,31.615384615384617,30.76923076923077,-0.24869227409362793,observed
0.5,0.5,4925,inhibitory,44,16.76923076923077,21.46153846153846,-0.30249476432800293,observed
0.5,0.5,4926,excitatory,44,0.23076923076923078,1.1538461538461537,-4.604490280151367,observed
0.5,0.5,4935,excitatory,44,0.23076923076923078,0.6923076923076923,-3.385761260986328,observed
0.5,0.5,4942,excitatory,44,0.0,0.0,,observed
0.5,0.5,4944,excitatory,44,0.23076923076923078,0.0,-0.04253125190734863,observed
0.5,0.5,4950,excitatory,44,1.3076923076923077,0.38461538461538464,0.1416856050491333,observed
0.5,0.5,4951,excitatory,44,0.0,0.0,,observed
0.5,0.5,4952,excitatory,44,0.15384615384615385,0.0,-0.015734553337097168,observed
0.5,0.5,4960,inhibitory,44,0.0,0.0,,observed
0.5,0.5,4964,excitatory,44,0.0,0.0,,observed
0.5,0.5,4965,excitatory,44,0.0,0.0,,observed
0.5,0.5,4967,inhibitory,44,8.076923076923077,10.23076923076923,0.621703028678894,observed
0.5,0.5,4968,excitatory,44,0.15384615384615385,0.07692307692307693,-0.5422637462615967,observed
0.5,0.5,4972,excitatory,44,0.0,0.0,,observed
0.5,0.5,4978,excitatory,44,0.0,0.0,,observed
0.5,0.5,4981,inhibitory,44,10.923076923076923,10.461538461538462,0.15881580114364624,observed
0.5,0.5,4984,excitatory,44,0.0,0.0,,observed
0.5,0.5,4985,excitatory,44,0.15384615384615385,0.0,-0.02837216854095459,observed
0.5,0.5,4989,excitatory,44,0.07692307692307693,0.0,-0.013550758361816406,observed
0.5,0.5,4991,inhibitory,44,2.8461538461538463,1.5384615384615385,0.0057675838470458984,observed
0.5,0.5,4992,excitatory,44,0.46153846153846156,0.0,-0.057746052742004395,observed
0.5,0.5,4993,excitatory,44,0.0,0.0,,observed
0.5,0.5,4996,excitatory,44,0.3076923076923077,0.0,-0.03992128372192383,observed
0.5,0.5,1,excitatory,44,0.15384615384615385,0.0,-0.028002619743347168,heldout
0.5,0.5,2,inhibitory,44,13.538461538461538,23.23076923076923,-0.0699232816696167,heldout
0.5,0.5,7,excitatory,44,0.5384615384615384,0.6923076923076923,-1.233992099761963,heldout
0.5,0.5,9,excitatory,44,0.46153846153846156,0.0,-0.03570568561553955,heldout
0.5,0.5,11,excitatory,44,6.153846153846154,0.0,-0.563896894454956,heldout
0.5,0.5,16,excitatory,44,2.3846153846153846,0.0,-0.27954304218292236,heldout
0.5,0.5,19,inhibitory,44,0.0,0.0,,heldout
0.5,0.5,23,excitatory,44,1.0769230769230769,0.15384615384615385,0.025338351726531982,heldout
0.5,0.5,24,inhibitory,44,2.6923076923076925,2.5384615384615383,-1.2201714515686035,heldout
0.5,0.5,26,inhibitory,44,0.23076923076923078,15.615384615384615,-171.14805603027344,heldout
0.5,0.5,43,excitatory,44,7.0,11.461538461538462,-0.8267420530319214,heldout
0.5,0.5,50,excitatory,44,0.3076923076923077,1.3076923076923077,-1.0363731384277344,heldout
0.5,0.5,54,excitatory,44,10.76923076923077,0.0,-1.0329248905181885,heldout
0.5,0.5,79,excitatory,44,0.07692307692307693,0.3076923076923077,-4.068107604980469,heldout
0.5,0.5,84,excitatory,44,0.0,0.0,,heldout
0.5,0.5,85,excitatory,44,0.0,0.3076923076923077,,heldout
0.5,0.5,91,inhibitory,44,0.5384615384615384,29.153846153846153,-412.998291015625,heldout
0.5,0.5,98,excitatory,44,0.0,0.0,,heldout
0.5,0.5,101,inhibitory,44,4.076923076923077,0.23076923076923078,-0.06523144245147705,heldout
0.5,0.5,104,excitatory,44,0.0,0.23076923076923078,,heldout
0.5,0.5,113,excitatory,44,0.0,0.07692307692307693,,heldout
0.5,0.5,115,excitatory,44,0.15384615384615385,0.0,-0.028375983238220215,heldout
0.5,0.5,120,excitatory,44,0.0,0.0,,heldout
0.5,0.5,124,excitatory,44,74.0,70.61538461538461,0.5034658908843994,heldout
0.5,0.5,126,excitatory,44,3.076923076923077,0.0,-0.1075277328491211,heldout
0.5,0.5,131,excitatory,44,2.4615384615384617,7.153846153846154,-2.1354544162750244,heldout
0.5,0.5,135,excitatory,44,0.6153846153846154,37.46153846153846,-279.0993957519531,heldout
0.5,0.5,136,excitatory,44,0.0,0.0,,heldout
0.5,0.5,146,excitatory,44,0.0,0.07692307692307693,,heldout
0.5,0.5,149,excitatory,44,77.46153846153847,6.461538461538462,-3.0055737495422363,heldout
0.5,0.5,152,inhibitory,44,3.0,3.5384615384615383,-1.1603341102600098,heldout
0.5,0.5,161,excitatory,44,0.0,3.8461538461538463,,heldout
0.5,0.5,163,excitatory,44,0.6153846153846154,0.0,-0.08746051788330078,heldout
0.5,0.5,164,excitatory,44,0.0,0.0,,heldout
0.5,0.5,166,excitatory,44,3.0,2.769230769230769,-0.009730219841003418,heldout
0.5,0.5,171,excitatory,44,0.0,0.23076923076923078,,heldout
0.5,0.5,172,excitatory,44,0.07692307692307693,0.0,-0.013598084449768066,heldout
0.5,0.5,181,excitatory,44,0.0,0.0,,heldout
0.5,0.5,182,excitatory,44,0.0,0.0,,heldout
0.5,0.5,183,excitatory,44,8.461538461538462,4.461538461538462,-0.1590641736984253,heldout
0.5,0.5,186,excitatory,44,0.07692307692307693,0.0,-0.010883688926696777,heldout
0.5,0.5,189,excitatory,44,0.15384615384615385,0.07692307692307693,-0.30636513233184814,heldout
0.5,0.5,195,inhibitory,44,10.0,17.53846153846154,-0.5862970352172852,heldout
0.5,0.5,200,excitatory,44,26.076923076923077,0.07692307692307693,-0.6534105539321899,heldout
0.5,0.5,202,excitatory,44,0.38461538461538464,28.153846153846153,-231.24984741210938,heldout
0.5,0.5,205,excitatory,44,0.23076923076923078,4.615384615384615,-53.1110954284668,heldout
0.5,0.5,210,inhibitory,44,0.15384615384615385,21.307692307692307,-1078.5889892578125,heldout
0.5,0.5,213,inhibitory,44,1.0,1.4615384615384615,-1.8729298114776611,heldout
0.5,0.5,215,excitatory,44,0.23076923076923078,1.0,-5.183271884918213,heldout
0.5,0.5,217,excitatory,44,11.846153846153847,6.153846153846154,0.41687798500061035,heldout
0.5,0.5,220,excitatory,44,0.0,0.0,,heldout
0.5,0.5,225,excitatory,44,0.0,0.0,,heldout
0.5,0.5,232,excitatory,44,0.0,0.0,,heldout
0.5,0.5,235,excitatory,44,11.76923076923077,0.0,-1.0128893852233887,heldout
0.5,0.5,246,excitatory,44,10.076923076923077,0.0,-1.157684087753296,heldout
0.5,0.5,252,inhibitory,44,1.6923076923076923,9.23076923076923,-5.536777496337891,heldout
0.5,0.5,257,excitatory,44,1.6923076923076923,0.0,-0.04370260238647461,heldout
0.5,0.5,258,excitatory,44,0.0,0.0,,heldout
0.5,0.5,265,excitatory,44,3.230769230769231,0.0,-0.05731165409088135,heldout
0.5,0.5,266,excitatory,44,0.0,0.0,,heldout
0.5,0.5,270,excitatory,44,0.0,0.0,,heldout
0.5,0.5,271,excitatory,44,0.6153846153846154,0.38461538461538464,0.7469518780708313,heldout
0.5,0.5,273,excitatory,44,17.846153846153847,0.8461538461538461,-0.32115840911865234,heldout
0.5,0.5,276,excitatory,44,0.0,0.0,,heldout
0.5,0.5,277,excitatory,44,19.615384615384617,0.23076923076923078,-0.9490817785263062,heldout
0.5,0.5,280,excitatory,44,0.46153846153846156,4.538461538461538,-13.93004322052002,heldout
0.5,0.5,281,excitatory,44,0.0,0.0,,heldout
0.5,0.5,282,excitatory,44,0.0,0.0,,heldout
0.5,0.5,285,excitatory,44,0.0,0.6153846153846154,,heldout
0.5,0.5,287,excitatory,44,0.0,0.38461538461538464,,heldout
0.5,0.5,290,excitatory,44,0.46153846153846156,0.0,-0.03658246994018555,heldout
0.5,0.5,296,inhibitory,44,225.84615384615384,27.23076923076923,-5.643338680267334,heldout
0.5,0.5,302,excitatory,44,0.0,0.0,,heldout
0.5,0.5,303,excitatory,44,0.0,0.0,,heldout
0.5,0.5,304,excitatory,44,2.3846153846153846,0.0,-0.20558977127075195,heldout
0.5,0.5,314,excitatory,44,7.0,8.307692307692308,0.4689388871192932,heldout
0.5,0.5,318,excitatory,44,11.538461538461538,3.1538461538461537,-0.21435332298278809,heldout
0.5,0.5,319,excitatory,44,0.0,0.0,,heldout
0.5,0.5,320,excitatory,44,0.3076923076923077,0.0,-0.043851375579833984,heldout
0.5,0.5,325,inhibitory,44,0.0,3.4615384615384617,,heldout
0.5,0.5,328,excitatory,44,10.384615384615385,17.615384615384617,0.08260166645050049,heldout
0.5,0.5,331,excitatory,44,0.15384615384615385,0.38461538461538464,-1.5806465148925781,heldout
0.5,0.5,332,excitatory,44,0.0,0.0,,heldout
0.5,0.5,333,excitatory,44,0.6153846153846154,0.0,-0.1222693920135498,heldout
0.5,0.5,337,excitatory,44,0.0,0.0,,heldout
0.5,0.5,339,excitatory,44,7.076923076923077,0.0,-0.3057185411453247,heldout
0.5,0.5,342,excitatory,44,0.0,0.0,,heldout
0.5,0.5,345,excitatory,44,2.230769230769231,10.307692307692308,-4.863891124725342,heldout
0.5,0.5,346,excitatory,44,1.4615384615384615,0.0,-0.20043838024139404,heldout
0.5,0.5,350,excitatory,44,0.07692307692307693,4.538461538461538,-105.802734375,heldout
0.5,0.5,359,inhibitory,44,242.0,10.0,-16.696514129638672,heldout
0.5,0.5,360,inhibitory,44,125.53846153846153,72.23076923076923,-0.3019951581954956,heldout
0.5,0.5,362,excitatory,44,0.0,0.0,,heldout
0.5,0.5,367,excitatory,44,0.0,0.0,,heldout
0.5,0.5,375,excitatory,44,0.6153846153846154,0.0,-0.05615508556365967,heldout
0.5,0.5,377,inhibitory,44,5.538461538461538,9.461538461538462,-0.48032617568969727,heldout
0.5,0.5,381,excitatory,44,0.0,0.0,,heldout
0.5,0.5,388,excitatory,44,0.0,0.0,,heldout
0.5,0.5,390,excitatory,44,4.923076923076923,0.3076923076923077,-0.28191208839416504,heldout
0.5,0.5,393,inhibitory,44,0.7692307692307693,0.3076923076923077,-0.2618032693862915,heldout
0.5,0.5,403,excitatory,44,0.0,0.15384615384615385,,heldout
0.5,0.5,404,excitatory,44,0.38461538461538464,0.0,-0.04391634464263916,heldout
0.5,0.5,417,excitatory,44,0.07692307692307693,0.0,-0.013759255409240723,heldout
0.5,0.5,418,excitatory,44,0.0,0.0,,heldout
0.5,0.5,422,inhibitory,44,58.92307692307692,0.0,-0.6864582300186157,heldout
0.5,0.5,423,excitatory,44,1.8461538461538463,4.923076923076923,-0.592628002166748,heldout
0.5,0.5,426,inhibitory,44,0.3076923076923077,5.384615384615385,-72.25039672851562,heldout
0.5,0.5,427,excitatory,44,0.0,0.0,,heldout
0.5,0.5,428,excitatory,44,6.461538461538462,0.0,-0.5428657531738281,heldout
0.5,0.5,430,excitatory,44,1.8461538461538463,3.6923076923076925,-0.5820211172103882,heldout
0.5,0.5,433,excitatory,44,0.0,1.7692307692307692,,heldout
0.5,0.5,434,inhibitory,44,0.0,14.153846153846153,,heldout
0.5,0.5,436,excitatory,44,0.5384615384615384,0.0,-0.05411100387573242,heldout
0.5,0.5,439,excitatory,44,0.0,0.0,,heldout
0.5,0.5,444,inhibitory,44,54.38461538461539,95.38461538461539,0.1223326325416565,heldout
0.5,0.5,448,excitatory,44,0.0,0.0,,heldout
0.5,0.5,449,inhibitory,44,9.846153846153847,0.0,-0.4676164388656616,heldout
0.5,0.5,450,excitatory,44,2.3846153846153846,3.076923076923077,0.9003997445106506,heldout
0.5,0.5,451,excitatory,44,0.0,0.0,,heldout
0.5,0.5,456,excitatory,44,0.0,0.0,,heldout
0.5,0.5,469,excitatory,44,0.0,0.23076923076923078,,heldout
0.5,0.5,479,excitatory,44,0.0,0.07692307692307693,,heldout
0.5,0.5,481,excitatory,44,0.0,0.0,,heldout
0.5,0.5,485,excitatory,44,0.0,0.0,,heldout
0.5,0.5,487,inhibitory,44,1.5384615384615385,10.307692307692308,-6.630563259124756,heldout
0.5,0.5,490,inhibitory,44,58.61538461538461,47.76923076923077,0.7820984125137329,heldout
0.5,0.5,492,excitatory,44,5.076923076923077,27.53846153846154,-9.10151195526123,heldout
0.5,0.5,494,excitatory,44,0.0,0.23076923076923078,,heldout
0.5,0.5,504,excitatory,44,0.0,0.0,,heldout
0.5,0.5,505,excitatory,44,0.23076923076923078,0.0,-0.04257822036743164,heldout
0.5,0.5,511,excitatory,44,0.15384615384615385,0.0,-0.028298258781433105,heldout
0.5,0.5,530,excitatory,44,0.23076923076923078,0.0,-0.017666101455688477,heldout
0.5,0.5,531,excitatory,44,13.076923076923077,0.3076923076923077,-1.0907306671142578,heldout
0.5,0.5,537,excitatory,44,0.0,34.0,,heldout
0.5,0.5,538,excitatory,44,0.0,0.0,,heldout
0.5,0.5,539,excitatory,44,20.846153846153847,0.0,-0.5388129949569702,heldout
0.5,0.5,540,excitatory,44,2.076923076923077,0.0,-0.33193373680114746,heldout
0.5,0.5,542,excitatory,44,0.23076923076923078,0.0,-0.02961719036102295,heldout
0.5,0.5,549,inhibitory,44,13.384615384615385,30.46153846153846,-2.352588176727295,heldout
0.5,0.5,550,inhibitory,44,0.6153846153846154,2.076923076923077,-1.6975421905517578,heldout
0.5,0.5,553,excitatory,44,7.769230769230769,20.692307692307693,-1.5037641525268555,heldout
0.5,0.5,554,excitatory,44,1.1538461538461537,0.0,-0.13058364391326904,heldout
0.5,0.5,556,excitatory,44,1.0,8.0,-13.145980834960938,heldout
0.5,0.5,557,inhibitory,44,1.7692307692307692,44.30769230769231,-136.03451538085938,heldout
0.5,0.5,563,excitatory,44,0.0,0.0,,heldout
0.5,0.5,568,excitatory,44,0.0,0.0,,heldout
0.5,0.5,574,excitatory,44,0.0,0.07692307692307693,,heldout
0.5,0.5,575,excitatory,44,15.923076923076923,0.0,-1.1177804470062256,heldout
0.5,0.5,579,excitatory,44,0.0,0.0,,heldout
0.5,0.5,580,excitatory,44,0.0,0.0,,heldout
0.5,0.5,595,inhibitory,44,0.07692307692307693,33.38461538461539,-3693.25537109375,heldout
0.5,0.5,597,excitatory,44,11.923076923076923,23.23076923076923,-0.5795139074325562,heldout
0.5,0.5,601,excitatory,44,0.9230769230769231,0.9230769230769231,-0.38587188720703125,heldout
0.5,0.5,607,excitatory,44,0.0,0.0,,heldout
0.5,0.5,610,excitatory,44,0.46153846153846156,0.0,-0.057396650314331055,heldout
0.5,0.5,614,excitatory,44,0.0,0.0,,heldout
0.5,0.5,615,excitatory,44,2.6923076923076925,0.07692307692307693,-0.08671343326568604,heldout
0.5,0.5,617,excitatory,44,0.0,0.0,,heldout
0.5,0.5,619,excitatory,44,15.76923076923077,3.923076923076923,0.018084347248077393,heldout
0.5,0.5,624,excitatory,44,0.15384615384615385,0.15384615384615385,-1.056084156036377,heldout
0.5,0.5,625,excitatory,44,2.6153846153846154,0.0,-0.15302276611328125,heldout
0.5,0.5,634,excitatory,44,0.0,0.0,,heldout
0.5,0.5,641,excitatory,44,3.076923076923077,11.0,-2.687730073928833,heldout
0.5,0.5,644,inhibitory,44,6.923076923076923,0.0,-0.25423896312713623,heldout
0.5,0.5,649,excitatory,44,0.0,0.0,,heldout
0.5,0.5,651,excitatory,44,6.0,7.923076923076923,0.3786900043487549,heldout
0.5,0.5,652,excitatory,44,2.3846153846153846,0.0,-0.10501980781555176,heldout
0.5,0.5,659,excitatory,44,0.07692307692307693,0.0,-0.013516068458557129,heldout
0.5,0.5,667,excitatory,44,0.0,0.0,,heldout
0.5,0.5,671,inhibitory,44,111.3076923076923,0.0,-2.773108720779419,heldout
0.5,0.5,672,excitatory,44,0.0,0.15384615384615385,,heldout
0.5,0.5,675,excitatory,44,9.384615384615385,51.23076923076923,-5.805867671966553,heldout
0.5,0.5,682,inhibitory,44,2.5384615384615383,16.23076923076923,-6.470705986022949,heldout
0.5,0.5,686,inhibitory,44,0.15384615384615385,0.0,-0.027966976165771484,heldout
0.5,0.5,688,excitatory,44,25.846153846153847,8.076923076923077,-0.27434003353118896,heldout
0.5,0.5,689,excitatory,44,0.0,0.0,,heldout
0.5,0.5,694,inhibitory,44,199.46153846153845,74.38461538461539,-1.0870659351348877,heldout
0.5,0.5,695,excitatory,44,0.15384615384615385,0.0,-0.024662017822265625,heldout
0.5,0.5,696,excitatory,44,0.0,0.07692307692307693,,heldout
0.5,0.5,698,inhibitory,44,45.61538461538461,0.0,-1.891836404800415,heldout
0.5,0.5,701,excitatory,44,0.0,0.0,,heldout
0.5,0.5,702,excitatory,44,0.0,0.0,,heldout
0.5,0.5,703,excitatory,44,0.46153846153846156,8.76923076923077,-34.48466491699219,heldout
0.5,0.5,704,excitatory,44,0.0,0.0,,heldout
0.5,0.5,718,excitatory,44,0.07692307692307693,0.6923076923076923,-10.818266868591309,heldout
0.5,0.5,724,excitatory,44,0.07692307692307693,0.07692307692307693,0.9997972846031189,heldout
0.5,0.5,727,inhibitory,44,0.23076923076923078,0.0,-0.04219532012939453,heldout
0.5,0.5,728,excitatory,44,0.07692307692307693,0.07692307692307693,-1.0274407863616943,heldout
0.5,0.5,729,inhibitory,44,8.076923076923077,1.3846153846153846,-0.15124952793121338,heldout
0.5,0.5,733,excitatory,44,0.07692307692307693,0.0,-0.013655900955200195,heldout
0.5,0.5,741,excitatory,44,0.0,0.0,,heldout
0.5,0.5,744,excitatory,44,0.0,0.0,,heldout
0.5,0.5,750,excitatory,44,0.0,0.23076923076923078,,heldout
0.5,0.5,751,excitatory,44,1.2307692307692308,0.23076923076923078,-0.2896679639816284,heldout
0.5,0.5,753,excitatory,44,0.0,0.07692307692307693,,heldout
0.5,0.5,760,inhibitory,44,4.846153846153846,0.0,-0.19251132011413574,heldout
0.5,0.5,761,excitatory,44,7.153846153846154,6.384615384615385,0.9271808862686157,heldout
0.5,0.5,764,excitatory,44,0.15384615384615385,0.0,-0.014997720718383789,heldout
0.5,0.5,774,excitatory,44,0.6923076923076923,3.3846153846153846,-2.6013596057891846,heldout
0.5,0.5,777,excitatory,44,9.615384615384615,0.5384615384615384,-0.6211344003677368,heldout
0.5,0.5,780,excitatory,44,0.15384615384615385,0.0,-0.02826237678527832,heldout
0.5,0.5,789,excitatory,44,0.46153846153846156,0.0,-0.045057058334350586,heldout
0.5,0.5,806,excitatory,44,0.15384615384615385,0.0,-0.028124451637268066,heldout
0.5,0.5,812,excitatory,44,0.0,0.0,,heldout
0.5,0.5,817,excitatory,44,0.0,0.0,,heldout
0.5,0.5,819,inhibitory,44,0.7692307692307693,0.0,-0.08461034297943115,heldout
0.5,0.5,821,excitatory,44,0.0,31.153846153846153,,heldout
0.5,0.5,824,excitatory,44,2.4615384615384617,4.615384615384615,0.4732981324195862,heldout
0.5,0.5,827,excitatory,44,0.0,0.0,,heldout
0.5,0.5,829,excitatory,44,9.307692307692308,5.153846153846154,-0.032470703125,heldout
0.5,0.5,830,excitatory,44,0.07692307692307693,0.15384615384615385,-1.5602178573608398,heldout
0.5,0.5,833,excitatory,44,0.07692307692307693,0.0,-0.013510465621948242,heldout
0.5,0.5,834,excitatory,44,0.07692307692307693,4.230769230769231,-102.54023742675781,heldout
0.5,0.5,839,excitatory,44,0.0,0.0,,heldout
0.5,0.5,842,excitatory,44,19.53846153846154,23.0,0.8311381340026855,heldout
0.5,0.5,844,excitatory,44,12.76923076923077,0.0,-0.689284086227417,heldout
0.5,0.5,851,excitatory,44,0.0,0.0,,heldout
0.5,0.5,854,excitatory,44,2.3846153846153846,0.0,-0.12744557857513428,heldout
0.5,0.5,863,excitatory,44,0.0,0.0,,heldout
0.5,0.5,864,excitatory,44,25.923076923076923,30.46153846153846,0.8490172028541565,heldout
0.5,0.5,865,excitatory,44,0.0,0.0,,heldout
0.5,0.5,867,excitatory,44,0.07692307692307693,9.76923076923077,-363.5970458984375,heldout
0.5,0.5,870,inhibitory,44,0.0,13.307692307692308,,heldout
0.5,0.5,874,excitatory,44,0.07692307692307693,0.0,-0.013729453086853027,heldout
0.5,0.5,877,excitatory,44,0.0,0.23076923076923078,,heldout
0.5,0.5,878,excitatory,44,0.9230769230769231,0.23076923076923078,0.3961067199707031,heldout
0.5,0.5,879,excitatory,44,0.0,0.3076923076923077,,heldout
0.5,0.5,891,excitatory,44,26.076923076923077,0.0,-0.8272465467453003,heldout
0.5,0.5,893,excitatory,44,4.923076923076923,0.0,-0.4165381193161011,heldout
0.5,0.5,901,excitatory,44,0.0,0.0,,heldout
0.5,0.5,904,excitatory,44,0.0,0.0,,heldout
0.5,0.5,909,excitatory,44,0.0,0.0,,heldout
0.5,0.5,910,excitatory,44,0.0,0.0,,heldout
0.5,0.5,911,excitatory,44,0.15384615384615385,0.0,-0.016666412353515625,heldout
0.5,0.5,914,excitatory,44,0.38461538461538464,0.0,-0.045178890228271484,heldout
0.5,0.5,915,excitatory,44,0.8461538461538461,0.0,-0.12030458450317383,heldout
0.5,0.5,921,excitatory,44,0.0,11.0,,heldout
0.5,0.5,924,excitatory,44,0.23076923076923078,0.23076923076923078,-0.763763427734375,heldout
0.5,0.5,931,excitatory,44,0.0,0.0,,heldout
0.5,0.5,935,inhibitory,44,63.23076923076923,0.0,-1.057466983795166,heldout
0.5,0.5,936,excitatory,44,0.0,0.0,,heldout
0.5,0.5,950,inhibitory,44,87.84615384615384,21.53846153846154,-1.4112584590911865,heldout
0.5,0.5,952,excitatory,44,0.0,0.6923076923076923,,heldout
0.5,0.5,968,excitatory,44,25.846153846153847,0.0,-1.2371797561645508,heldout
0.5,0.5,972,excitatory,44,0.07692307692307693,0.15384615384615385,-2.038747787475586,heldout
0.5,0.5,979,excitatory,44,0.0,0.0,,heldout
0.5,0.5,985,excitatory,44,0.6153846153846154,2.6153846153846154,-2.3399527072906494,heldout
0.5,0.5,992,excitatory,44,0.0,0.0,,heldout
0.5,0.5,995,inhibitory,44,1.8461538461538463,0.0,-0.11665785312652588,heldout
0.5,0.5,998,inhibitory,44,12.538461538461538,16.153846153846153,-0.37132906913757324,heldout
0.5,0.5,1003,inhibitory,44,8.384615384615385,3.923076923076923,-0.2495725154876709,heldout
0.5,0.5,1008,inhibitory,44,0.07692307692307693,3.076923076923077,-95.76864624023438,heldout
0.5,0.5,1009,excitatory,44,0.0,0.0,,heldout
0.5,0.5,1017,excitatory,44,0.0,0.0,,heldout
0.5,0.5,1018,inhibitory,44,4.615384615384615,1.8461538461538463,0.10929834842681885,heldout
0.5,0.5,1019,excitatory,44,0.0,0.0,,heldout
0.5,0.5,1021,excitatory,44,1.3846153846153846,0.0,-0.11222231388092041,heldout
0.5,0.5,1023,excitatory,44,0.0,0.0,,heldout
0.5,0.5,1024,excitatory,44,21.076923076923077,15.846153846153847,-0.14944899082183838,heldout
0.5,0.5,1025,excitatory,44,0.0,0.07692307692307693,,heldout
0.5,0.5,1031,excitatory,44,0.0,0.23076923076923078,,heldout
0.5,0.5,1038,excitatory,44,0.0,0.07692307692307693,,heldout
0.5,0.5,1039,excitatory,44,0.0,0.0,,heldout
0.5,0.5,1043,excitatory,44,0.07692307692307693,0.6153846153846154,-6.1254496574401855,heldout
0.5,0.5,1053,excitatory,44,0.3076923076923077,0.0,-0.026157855987548828,heldout
0.5,0.5,1054,excitatory,44,0.0,26.384615384615383,,heldout
0.5,0.5,1062,excitatory,44,0.0,0.0,,heldout
0.5,0.5,1066,inhibitory,44,0.0,2.4615384615384617,,heldout
0.5,0.5,1067,inhibitory,44,13.153846153846153,12.461538461538462,-1.0362176895141602,heldout
0.5,0.5,1068,inhibitory,44,0.07692307692307693,0.0,-0.013640403747558594,heldout
0.5,0.5,1073,excitatory,44,0.5384615384615384,0.0,-0.04252660274505615,heldout
0.5,0.5,1075,excitatory,44,2.769230769230769,0.15384615384615385,-0.11134529113769531,heldout
0.5,0.5,1078,excitatory,44,0.0,0.0,,heldout
0.5,0.5,1086,excitatory,44,0.07692307692307693,0.0,-0.013707399368286133,heldout
0.5,0.5,1088,inhibitory,44,0.38461538461538464,1.6923076923076923,-2.152769088745117,heldout
0.5,0.5,1092,inhibitory,44,27.46153846153846,0.0,-0.28093230724334717,heldout
0.5,0.5,1093,excitatory,44,0.0,0.0,,heldout
0.5,0.5,1099,excitatory,44,0.07692307692307693,0.07692307692307693,0.9991892576217651,heldout
0.5,0.5,1113,excitatory,44,4.076923076923077,10.307692307692308,-2.26495623588562,heldout
0.5,0.5,1117,excitatory,44,2.6923076923076925,0.0,-0.11729717254638672,heldout
0.5,0.5,1119,excitatory,44,14.76923076923077,32.84615384615385,-0.2672557830810547,heldout
0.5,0.5,1124,excitatory,44,1.5384615384615385,0.0,-0.184700608253479,heldout
0.5,0.5,1129,excitatory,44,0.0,0.15384615384615385,,heldout
0.5,0.5,1134,excitatory,44,0.0,0.0,,heldout
0.5,0.5,1136,excitatory,44,0.0,0.0,,heldout
0.5,0.5,1138,excitatory,44,0.23076923076923078,1.6153846153846154,-5.611265182495117,heldout
0.5,0.5,1143,inhibitory,44,47.23076923076923,30.153846153846153,-0.17759191989898682,heldout
0.5,0.5,1144,excitatory,44,0.0,1.0,,heldout
0.5,0.5,1148,inhibitory,44,21.615384615384617,7.769230769230769,-0.03992569446563721,heldout
0.5,0.5,1149,excitatory,44,6.230769230769231,16.384615384615383,-1.0458004474639893,heldout
0.5,0.5,1154,excitatory,44,0.0,0.0,,heldout
0.5,0.5,1162,excitatory,44,0.0,0.0,,heldout
0.5,0.5,1167,excitatory,44,0.0,0.0,,heldout
0.5,0.5,1173,excitatory,44,0.6923076923076923,0.9230769230769231,0.4440610408782959,heldout
0.5,0.5,1177,excitatory,44,10.384615384615385,15.846153846153847,-0.1053469181060791,heldout
0.5,0.5,1178,inhibitory,44,0.0,0.38461538461538464,,heldout
0.5,0.5,1188,excitatory,44,8.23076923076923,0.0,-0.7516956329345703,heldout
0.5,0.5,1189,excitatory,44,0.0,0.0,,heldout
0.5,0.5,1190,excitatory,44,0.0,0.15384615384615385,,heldout
0.5,0.5,1193,inhibitory,44,3.0,4.615384615384615,0.08933234214782715,heldout
0.5,0.5,1200,excitatory,44,0.0,0.6923076923076923,,heldout
0.5,0.5,1202,excitatory,44,0.0,0.0,,heldout
0.5,0.5,1213,excitatory,44,0.0,0.0,,heldout
0.5,0.5,1219,excitatory,44,0.0,0.0,,heldout
0.5,0.5,1223,excitatory,44,0.0,0.0,,heldout
0.5,0.5,1228,excitatory,44,0.07692307692307693,0.07692307692307693,0.9991892576217651,heldout
0.5,0.5,1232,excitatory,44,3.3076923076923075,50.76923076923077,-37.000911712646484,heldout
0.5,0.5,1238,inhibitory,44,3.1538461538461537,0.0,-0.22698450088500977,heldout
0.5,0.5,1242,excitatory,44,0.0,0.0,,heldout
0.5,0.5,1245,excitatory,44,2.6923076923076925,0.6923076923076923,-0.34229111671447754,heldout
0.5,0.5,1246,excitatory,44,11.153846153846153,19.615384615384617,-0.2475203275680542,heldout
0.5,0.5,1258,excitatory,44,9.384615384615385,0.0,-0.9191125631332397,heldout
0.5,0.5,1262,excitatory,44,8.153846153846153,0.0,-0.44994306564331055,heldout
0.5,0.5,1263,inhibitory,44,12.692307692307692,12.0,0.5856990218162537,heldout
0.5,0.5,1268,excitatory,44,0.0,0.0,,heldout
0.5,0.5,1274,excitatory,44,10.0,0.0,-0.6663177013397217,heldout
0.5,0.5,1276,excitatory,44,0.0,0.0,,heldout
0.5,0.5,1277,inhibitory,44,2.1538461538461537,58.92307692307692,-202.62469482421875,heldout
0.5,0.5,1281,excitatory,44,22.53846153846154,53.61538461538461,-0.49023497104644775,heldout
0.5,0.5,1284,excitatory,44,4.538461538461538,0.5384615384615384,-0.2034773826599121,heldout
0.5,0.5,1289,excitatory,44,10.076923076923077,11.153846153846153,0.8527282476425171,heldout
0.5,0.5,1293,excitatory,44,0.0,0.0,,heldout
0.5,0.5,1295,inhibitory,44,18.0,3.6923076923076925,-0.3120168447494507,heldout
0.5,0.5,1296,inhibitory,44,13.538461538461538,19.53846153846154,-0.05441439151763916,heldout
0.5,0.5,1304,excitatory,44,0.0,0.0,,heldout
0.5,0.5,1309,excitatory,44,0.6923076923076923,0.07692307692307693,0.22798854112625122,heldout
0.5,0.5,1310,excitatory,44,0.0,0.0,,heldout
0.5,0.5,1311,excitatory,44,0.0,0.0,,heldout
0.5,0.5,1312,inhibitory,44,0.6153846153846154,0.0,-0.06017935276031494,heldout
0.5,0.5,1317,excitatory,44,0.0,0.0,,heldout
0.5,0.5,1324,excitatory,44,32.76923076923077,46.07692307692308,0.4167250990867615,heldout
0.5,0.5,1329,excitatory,44,0.0,0.0,,heldout
0.5,0.5,1344,excitatory,44,0.0,0.0,,heldout
0.5,0.5,1346,excitatory,44,0.5384615384615384,3.0,-4.801689624786377,heldout
0.5,0.5,1347,excitatory,44,0.0,6.230769230769231,,heldout
0.5,0.5,1348,excitatory,44,5.076923076923077,0.0,-0.28235363960266113,heldout
0.5,0.5,1352,excitatory,44,0.0,0.0,,heldout
0.5,0.5,1353,excitatory,44,0.0,0.0,,heldout
0.5,0.5,1357,excitatory,44,0.07692307692307693,6.0,-164.4552001953125,heldout
0.5,0.5,1358,inhibitory,44,0.0,2.3076923076923075,,heldout
0.5,0.5,1360,excitatory,44,0.0,35.76923076923077,,heldout
0.5,0.5,1362,inhibitory,44,6.461538461538462,46.0,-19.022960662841797,heldout
0.5,0.5,1371,excitatory,44,0.0,3.6153846153846154,,heldout
0.5,0.5,1373,excitatory,44,0.0,0.0,,heldout
0.5,0.5,1374,excitatory,44,0.0,0.0,,heldout
0.5,0.5,1377,excitatory,44,0.0,0.0,,heldout
0.5,0.5,1379,excitatory,44,0.38461538461538464,3.8461538461538463,-15.634231567382812,heldout
0.5,0.5,1385,excitatory,44,0.0,5.538461538461538,,heldout
0.5,0.5,1391,excitatory,44,0.0,0.0,,heldout
0.5,0.5,1392,excitatory,44,0.07692307692307693,1.2307692307692308,-28.380939483642578,heldout
0.5,0.5,1396,excitatory,44,2.5384615384615383,0.0,-0.10436809062957764,heldout
0.5,0.5,1397,excitatory,44,0.3076923076923077,0.46153846153846156,-0.1421961784362793,heldout
0.5,0.5,1403,inhibitory,44,2.3076923076923075,139.07692307692307,-358.2931823730469,heldout
0.5,0.5,1405,excitatory,44,18.46153846153846,0.0,-1.7843034267425537,heldout
0.5,0.5,1408,excitatory,44,0.0,0.07692307692307693,,heldout
0.5,0.5,1409,excitatory,44,0.07692307692307693,0.0,-0.013593435287475586,heldout
0.5,0.5,1416,excitatory,44,60.76923076923077,38.15384615384615,0.2298484444618225,heldout
0.5,0.5,1428,excitatory,44,2.3846153846153846,3.4615384615384617,-1.4795715808868408,heldout
0.5,0.5,1430,excitatory,44,1.0,0.0,-0.086090087890625,heldout
0.5,0.5,1431,excitatory,44,0.0,0.0,,heldout
0.5,0.5,1432,excitatory,44,0.0,0.0,,heldout
0.5,0.5,1438,inhibitory,44,7.076923076923077,12.615384615384615,-7.850151062011719,heldout
0.5,0.5,1440,excitatory,44,0.3076923076923077,0.15384615384615385,-0.5290324687957764,heldout
0.5,0.5,1445,inhibitory,44,31.46153846153846,24.46153846153846,0.2514250874519348,heldout
0.5,0.5,1455,excitatory,44,1.0769230769230769,0.0,-0.16886520385742188,heldout
0.5,0.5,1458,excitatory,44,0.8461538461538461,0.07692307692307693,0.18204152584075928,heldout
0.5,0.5,1459,excitatory,44,0.0,8.76923076923077,,heldout
0.5,0.5,1460,excitatory,44,0.0,0.0,,heldout
0.5,0.5,1467,inhibitory,44,10.076923076923077,57.07692307692308,-11.524087905883789,heldout
0.5,0.5,1468,excitatory,44,0.07692307692307693,0.0,-0.013821959495544434,heldout
0.5,0.5,1470,excitatory,44,0.15384615384615385,0.0,-0.017226219177246094,heldout
0.5,0.5,1472,excitatory,44,0.0,0.0,,heldout
0.5,0.5,1473,excitatory,44,0.0,0.0,,heldout
0.5,0.5,1481,excitatory,44,4.3076923076923075,22.384615384615383,-6.713486671447754,heldout
0.5,0.5,1484,excitatory,44,0.0,0.0,,heldout
0.5,0.5,1485,inhibitory,44,0.6923076923076923,0.07692307692307693,-0.008960127830505371,heldout
0.5,0.5,1490,excitatory,44,1.0769230769230769,0.0,-0.0951375961303711,heldout
0.5,0.5,1493,excitatory,44,1.0,0.38461538461538464,-0.05776834487915039,heldout
0.5,0.5,1495,excitatory,44,0.0,0.0,,heldout
0.5,0.5,1501,inhibitory,44,20.0,28.153846153846153,0.3538447618484497,heldout
0.5,0.5,1506,excitatory,44,1.1538461538461537,7.6923076923076925,-1.4869375228881836,heldout
0.5,0.5,1512,excitatory,44,8.384615384615385,0.7692307692307693,-0.36886274814605713,heldout
0.5,0.5,1513,excitatory,44,0.0,0.0,,heldout
0.5,0.5,1514,excitatory,44,0.0,0.0,,heldout
0.5,0.5,1517,excitatory,44,0.15384615384615385,0.07692307692307693,-0.4240177869796753,heldout
0.5,0.5,1535,excitatory,44,0.23076923076923078,0.0,-0.01635456085205078,heldout
0.5,0.5,1538,excitatory,44,0.0,0.0,,heldout
0.5,0.5,1542,excitatory,44,0.0,0.3076923076923077,,heldout
0.5,0.5,1544,excitatory,44,0.0,0.38461538461538464,,heldout
0.5,0.5,1547,excitatory,44,10.76923076923077,42.0,-11.22101879119873,heldout
0.5,0.5,1551,excitatory,44,3.1538461538461537,0.6923076923076923,-0.07442724704742432,heldout
0.5,0.5,1555,excitatory,44,0.0,0.0,,heldout
0.5,0.5,1557,inhibitory,44,30.615384615384617,43.07692307692308,-0.6587326526641846,heldout
0.5,0.5,1560,excitatory,44,0.0,0.0,,heldout
0.5,0.5,1562,excitatory,44,0.0,0.0,,heldout
0.5,0.5,1563,excitatory,44,0.7692307692307693,0.0,-0.10206103324890137,heldout
0.5,0.5,1564,excitatory,44,1.4615384615384615,31.307692307692307,-116.57888793945312,heldout
0.5,0.5,1565,excitatory,44,0.0,0.07692307692307693,,heldout
0.5,0.5,1577,excitatory,44,0.15384615384615385,0.6923076923076923,-4.428402423858643,heldout
0.5,0.5,1589,excitatory,44,42.53846153846154,24.615384615384617,0.216250479221344,heldout
0.5,0.5,1590,inhibitory,44,0.5384615384615384,0.0,-0.03955578804016113,heldout
0.5,0.5,1597,excitatory,44,1.6923076923076923,0.07692307692307693,-0.17866456508636475,heldout
0.5,0.5,1598,excitatory,44,0.0,0.0,,heldout
0.5,0.5,1605,excitatory,44,18.0,0.0,-0.776969313621521,heldout
0.5,0.5,1608,excitatory,44,0.9230769230769231,1.0,0.3271510601043701,heldout
0.5,0.5,1613,excitatory,44,2.923076923076923,0.3076923076923077,0.03593331575393677,heldout
0.5,0.5,1620,excitatory,44,8.76923076923077,27.0,-3.1372671127319336,heldout
0.5,0.5,1621,excitatory,44,0.0,0.0,,heldout
0.5,0.5,1627,excitatory,44,2.4615384615384617,0.0,-0.24423885345458984,heldout
0.5,0.5,1633,excitatory,44,0.0,0.0,,heldout
0.5,0.5,1641,inhibitory,44,11.0,3.6153846153846154,-0.012068629264831543,heldout
0.5,0.5,1642,excitatory,44,11.076923076923077,19.615384615384617,-0.14316821098327637,heldout
0.5,0.5,1647,excitatory,44,0.0,0.0,,heldout
0.5,0.5,1648,excitatory,44,0.0,0.0,,heldout
0.5,0.5,1649,excitatory,44,5.3076923076923075,0.0,-0.5037230253219604,heldout
0.5,0.5,1651,excitatory,44,0.0,0.0,,heldout
0.5,0.5,1661,inhibitory,44,0.6153846153846154,0.7692307692307693,0.6158884763717651,heldout
0.5,0.5,1665,excitatory,44,0.07692307692307693,0.07692307692307693,-1.027402400970459,heldout
0.5,0.5,1667,excitatory,44,0.0,0.0,,heldout
0.5,0.5,1677,excitatory,44,0.0,0.0,,heldout
0.5,0.5,1678,excitatory,44,2.8461538461538463,6.230769230769231,-0.5337022542953491,heldout
0.5,0.5,1683,excitatory,44,0.0,0.0,,heldout
0.5,0.5,1689,excitatory,44,0.8461538461538461,0.6153846153846154,0.2670557498931885,heldout
0.5,0.5,1699,excitatory,44,0.07692307692307693,0.0,-0.013726472854614258,heldout
0.5,0.5,1701,excitatory,44,0.0,0.0,,heldout
0.5,0.5,1706,excitatory,44,4.923076923076923,0.0,-0.7366453409194946,heldout
0.5,0.5,1707,excitatory,44,6.615384615384615,0.15384615384615385,-0.3650472164154053,heldout
0.5,0.5,1710,excitatory,44,2.8461538461538463,0.0,-0.2711219787597656,heldout
0.5,0.5,1712,excitatory,44,0.5384615384615384,0.5384615384615384,-0.9217723608016968,heldout
0.5,0.5,1714,excitatory,44,0.7692307692307693,0.07692307692307693,-0.07249665260314941,heldout
0.5,0.5,1736,excitatory,44,0.0,2.6923076923076925,,heldout
0.5,0.5,1739,excitatory,44,0.0,0.07692307692307693,,heldout
0.5,0.5,1746,excitatory,44,0.0,0.0,,heldout
0.5,0.5,1747,excitatory,44,32.30769230769231,1.6923076923076923,-2.3128437995910645,heldout
0.5,0.5,1748,excitatory,44,0.0,0.0,,heldout
0.5,0.5,1749,excitatory,44,0.0,0.0,,heldout
0.5,0.5,1754,excitatory,44,0.0,4.230769230769231,,heldout
0.5,0.5,1756,inhibitory,44,26.0,146.23076923076923,-16.37171745300293,heldout
0.5,0.5,1760,excitatory,44,10.461538461538462,0.0,-0.6653354167938232,heldout
0.5,0.5,1761,excitatory,44,0.07692307692307693,0.0,-0.013520121574401855,heldout
0.5,0.5,1762,excitatory,44,0.0,0.0,,heldout
0.5,0.5,1763,excitatory,44,1.0769230769230769,0.15384615384615385,0.1471664309501648,heldout
0.5,0.5,1766,excitatory,44,4.384615384615385,55.30769230769231,-68.15425109863281,heldout
0.5,0.5,1774,inhibitory,44,5.6923076923076925,0.8461538461538461,-0.20806753635406494,heldout
0.5,0.5,1780,excitatory,44,0.0,0.0,,heldout
0.5,0.5,1792,excitatory,44,0.0,0.0,,heldout
0.5,0.5,1796,excitatory,44,0.0,0.0,,heldout
0.5,0.5,1800,excitatory,44,4.0,2.076923076923077,0.6208215951919556,heldout
0.5,0.5,1802,excitatory,44,11.384615384615385,0.0,-0.3337939977645874,heldout
0.5,0.5,1806,excitatory,44,3.6153846153846154,0.6923076923076923,-0.21039199829101562,heldout
0.5,0.5,1809,excitatory,44,1.9230769230769231,0.46153846153846156,-0.2260270118713379,heldout
0.5,0.5,1810,excitatory,44,0.5384615384615384,0.0,-0.06825673580169678,heldout
0.5,0.5,1811,excitatory,44,0.0,0.0,,heldout
0.5,0.5,1826,excitatory,44,0.46153846153846156,0.5384615384615384,-0.15918397903442383,heldout
0.5,0.5,1832,inhibitory,44,15.461538461538462,7.153846153846154,-0.9864016771316528,heldout
0.5,0.5,1835,excitatory,44,0.6153846153846154,0.0,-0.09582734107971191,heldout
0.5,0.5,1836,inhibitory,44,3.4615384615384617,57.07692307692308,-20.037372589111328,heldout
0.5,0.5,1840,excitatory,44,0.0,0.0,,heldout
0.5,0.5,1843,excitatory,44,8.23076923076923,0.0,-0.33386290073394775,heldout
0.5,0.5,1846,excitatory,44,5.6923076923076925,0.46153846153846156,-0.47672462463378906,heldout
0.5,0.5,1848,excitatory,44,0.15384615384615385,0.15384615384615385,-0.8992644548416138,heldout
0.5,0.5,1849,excitatory,44,0.0,0.0,,heldout
0.5,0.5,1861,excitatory,44,1.0769230769230769,0.0,-0.13951897621154785,heldout
0.5,0.5,1866,excitatory,44,0.46153846153846156,0.0,-0.06403851509094238,heldout
0.5,0.5,1869,excitatory,44,0.07692307692307693,0.07692307692307693,-1.0276451110839844,heldout
0.5,0.5,1870,inhibitory,44,25.846153846153847,72.61538461538461,-1.0947601795196533,heldout
0.5,0.5,1877,excitatory,44,0.15384615384615385,1.0769230769230769,-10.220901489257812,heldout
0.5,0.5,1878,excitatory,44,0.0,0.38461538461538464,,heldout
0.5,0.5,1882,excitatory,44,1.0,1.0,0.5787258744239807,heldout
0.5,0.5,1885,excitatory,44,8.0,0.0,-0.28750741481781006,heldout
0.5,0.5,1893,excitatory,44,6.3076923076923075,0.07692307692307693,-0.3220090866088867,heldout
0.5,0.5,1896,excitatory,44,1.9230769230769231,3.3846153846153846,0.03905832767486572,heldout
0.5,0.5,1897,excitatory,44,0.0,0.0,,heldout
0.5,0.5,1899,excitatory,44,1.9230769230769231,0.0,-0.2576841115951538,heldout
0.5,0.5,1900,excitatory,44,0.0,0.0,,heldout
0.5,0.5,1911,inhibitory,44,3.4615384615384617,0.0,-0.2693976163864136,heldout
0.5,0.5,1914,excitatory,44,0.0,0.0,,heldout
0.5,0.5,1917,excitatory,44,0.0,0.07692307692307693,,heldout
0.5,0.5,1922,excitatory,44,0.0,0.0,,heldout
0.5,0.5,1924,excitatory,44,0.15384615384615385,0.0,-0.01784992218017578,heldout
0.5,0.5,1929,excitatory,44,1.2307692307692308,0.46153846153846156,0.5444223880767822,heldout
0.5,0.5,1930,excitatory,44,1.7692307692307692,0.0,-0.25671088695526123,heldout
0.5,0.5,1950,excitatory,44,0.0,0.0,,heldout
0.5,0.5,1954,excitatory,44,0.46153846153846156,0.6153846153846154,-0.459175705909729,heldout
0.5,0.5,1964,excitatory,44,0.38461538461538464,0.0,-0.03747296333312988,heldout
0.5,0.5,1967,excitatory,44,0.07692307692307693,0.0,-0.01370096206665039,heldout
0.5,0.5,1968,inhibitory,44,1.0,6.923076923076923,-9.89750862121582,heldout
0.5,0.5,1969,excitatory,44,1.0769230769230769,0.0,-0.09484374523162842,heldout
0.5,0.5,1976,inhibitory,44,1.1538461538461537,44.92307692307692,-48.15477752685547,heldout
0.5,0.5,1984,excitatory,44,0.46153846153846156,0.0,-0.047927260398864746,heldout
0.5,0.5,1989,inhibitory,44,2.3076923076923075,3.0,0.3625524044036865,heldout
0.5,0.5,1990,excitatory,44,0.0,0.0,,heldout
0.5,0.5,1991,excitatory,44,0.5384615384615384,0.07692307692307693,-0.196602463722229,heldout
0.5,0.5,1994,excitatory,44,6.846153846153846,0.15384615384615385,-0.16756939888000488,heldout
0.5,0.5,1997,excitatory,44,6.3076923076923075,0.0,-0.2699064016342163,heldout
0.5,0.5,2000,excitatory,44,0.07692307692307693,0.0,-0.01365649700164795,heldout
0.5,0.5,2002,inhibitory,44,1.7692307692307692,9.076923076923077,-6.452799320220947,heldout
0.5,0.5,2004,excitatory,44,0.23076923076923078,7.384615384615385,-127.33956909179688,heldout
0.5,0.5,2006,excitatory,44,0.15384615384615385,6.923076923076923,-129.7212677001953,heldout
0.5,0.5,2009,excitatory,44,2.6923076923076925,1.3846153846153846,-0.1696261167526245,heldout
0.5,0.5,2013,excitatory,44,0.0,0.0,,heldout
0.5,0.5,2016,excitatory,44,26.384615384615383,0.15384615384615385,-0.9504307508468628,heldout
0.5,0.5,2018,excitatory,44,26.615384615384617,0.0,-0.9514546394348145,heldout
0.5,0.5,2024,inhibitory,44,0.0,1.6923076923076923,,heldout
0.5,0.5,2029,inhibitory,44,82.76923076923077,2.4615384615384617,-2.5849950313568115,heldout
0.5,0.5,2035,inhibitory,44,0.7692307692307693,1.3846153846153846,-1.5552308559417725,heldout
0.5,0.5,2053,excitatory,44,0.07692307692307693,0.0,-0.013759016990661621,heldout
0.5,0.5,2054,excitatory,44,4.153846153846154,0.9230769230769231,0.10150319337844849,heldout
0.5,0.5,2057,excitatory,44,6.461538461538462,79.38461538461539,-113.3075180053711,heldout
0.5,0.5,2058,excitatory,44,8.307692307692308,0.0,-0.3716108798980713,heldout
0.5,0.5,2060,excitatory,44,4.153846153846154,0.0,-0.3146700859069824,heldout
0.5,0.5,2064,excitatory,44,0.0,0.0,,heldout
0.5,0.5,2074,inhibitory,44,1.9230769230769231,6.153846153846154,-4.2461395263671875,heldout
0.5,0.5,2077,excitatory,44,1.9230769230769231,0.0,-0.28497517108917236,heldout
0.5,0.5,2078,inhibitory,44,22.307692307692307,39.38461538461539,-0.03199756145477295,heldout
0.5,0.5,2080,inhibitory,44,0.46153846153846156,5.076923076923077,-15.16897201538086,heldout
0.5,0.5,2082,excitatory,44,0.9230769230769231,0.0,-0.12475919723510742,heldout
0.5,0.5,2087,excitatory,44,0.38461538461538464,0.6153846153846154,-1.4095757007598877,heldout
0.5,0.5,2088,excitatory,44,0.46153846153846156,0.15384615384615385,-0.3454899787902832,heldout
0.5,0.5,2094,excitatory,44,0.0,0.0,,heldout
0.5,0.5,2096,inhibitory,44,99.0,5.6923076923076925,-1.3773705959320068,heldout
0.5,0.5,2099,excitatory,44,0.0,0.0,,heldout
0.5,0.5,2102,excitatory,44,0.15384615384615385,0.0,-0.028131484985351562,heldout
0.5,0.5,2108,inhibitory,44,3.3846153846153846,6.076923076923077,-0.47724997997283936,heldout
0.5,0.5,2109,excitatory,44,0.0,0.0,,heldout
0.5,0.5,2111,excitatory,44,0.0,0.0,,heldout
0.5,0.5,2112,excitatory,44,0.07692307692307693,0.6923076923076923,-16.22047233581543,heldout
0.5,0.5,2117,excitatory,44,1.6923076923076923,3.769230769230769,-0.20572102069854736,heldout
0.5,0.5,2119,excitatory,44,0.0,0.0,,heldout
0.5,0.5,2123,excitatory,44,0.15384615384615385,0.0,-0.018459558486938477,heldout
0.5,0.5,2126,inhibitory,44,0.0,0.0,,heldout
0.5,0.5,2130,inhibitory,44,1.1538461538461537,3.1538461538461537,0.07543826103210449,heldout
0.5,0.5,2131,inhibitory,44,0.46153846153846156,3.1538461538461537,-4.219002723693848,heldout
0.5,0.5,2134,inhibitory,44,10.0,0.0,-0.6386700868606567,heldout
0.5,0.5,2136,excitatory,44,0.6153846153846154,13.0,-18.57320785522461,heldout
0.5,0.5,2138,inhibitory,44,163.84615384615384,186.23076923076923,0.8879576921463013,heldout
0.5,0.5,2139,excitatory,44,4.846153846153846,58.92307692307692,-82.86443328857422,heldout
0.5,0.5,2142,excitatory,44,0.0,3.4615384615384617,,heldout
0.5,0.5,2143,excitatory,44,0.0,0.0,,heldout
0.5,0.5,2150,excitatory,44,0.0,0.0,,heldout
0.5,0.5,2160,excitatory,44,0.7692307692307693,3.3076923076923075,-3.551900863647461,heldout
0.5,0.5,2161,excitatory,44,0.0,0.0,,heldout
0.5,0.5,2169,excitatory,44,0.0,0.0,,heldout
0.5,0.5,2170,excitatory,44,0.0,0.07692307692307693,,heldout
0.5,0.5,2173,excitatory,44,0.9230769230769231,8.923076923076923,-16.09942054748535,heldout
0.5,0.5,2177,excitatory,44,13.846153846153847,14.923076923076923,0.6230068802833557,heldout
0.5,0.5,2178,excitatory,44,0.0,0.0,,heldout
0.5,0.5,2182,excitatory,44,19.076923076923077,3.8461538461538463,-0.35297954082489014,heldout
0.5,0.5,2186,excitatory,44,0.07692307692307693,0.0,-0.013602018356323242,heldout
0.5,0.5,2188,excitatory,44,0.0,0.0,,heldout
0.5,0.5,2189,inhibitory,44,49.61538461538461,21.0,-0.12800049781799316,heldout
0.5,0.5,2190,excitatory,44,0.0,0.0,,heldout
0.5,0.5,2194,inhibitory,44,3.230769230769231,0.15384615384615385,-0.1285848617553711,heldout
0.5,0.5,2196,excitatory,44,1.4615384615384615,1.0,0.03220343589782715,heldout
0.5,0.5,2199,excitatory,44,9.538461538461538,0.46153846153846156,-0.48318564891815186,heldout
0.5,0.5,2201,excitatory,44,8.384615384615385,15.0,-0.11990046501159668,heldout
0.5,0.5,2202,inhibitory,44,5.0,0.0,-0.316736102104187,heldout
0.5,0.5,2208,inhibitory,44,2.8461538461538463,18.692307692307693,-10.136308670043945,heldout
0.5,0.5,2210,excitatory,44,0.3076923076923077,0.0,-0.05765068531036377,heldout
0.5,0.5,2228,inhibitory,44,0.23076923076923078,0.0,-0.02540302276611328,heldout
0.5,0.5,2229,excitatory,44,1.1538461538461537,6.615384615384615,-5.015724182128906,heldout
0.5,0.5,2230,excitatory,44,0.7692307692307693,0.0,-0.07275652885437012,heldout
0.5,0.5,2235,inhibitory,44,3.6153846153846154,6.384615384615385,-0.30231523513793945,heldout
0.5,0.5,2238,excitatory,44,0.5384615384615384,0.15384615384615385,0.24419689178466797,heldout
0.5,0.5,2241,excitatory,44,0.0,0.0,,heldout
0.5,0.5,2249,excitatory,44,0.38461538461538464,0.0,-0.055274128913879395,heldout
0.5,0.5,2251,excitatory,44,3.076923076923077,0.46153846153846156,-0.2863757610321045,heldout
0.5,0.5,2257,excitatory,44,0.23076923076923078,0.0,-0.029519200325012207,heldout
0.5,0.5,2261,excitatory,44,10.615384615384615,27.384615384615383,-0.8307113647460938,heldout
0.5,0.5,2265,excitatory,44,0.15384615384615385,0.15384615384615385,-1.1853044033050537,heldout
0.5,0.5,2277,excitatory,44,0.6923076923076923,0.23076923076923078,-0.011915326118469238,heldout
0.5,0.5,2288,excitatory,44,15.692307692307692,37.84615384615385,-1.8030924797058105,heldout
0.5,0.5,2291,excitatory,44,1.6153846153846154,1.1538461538461537,0.12460172176361084,heldout
0.5,0.5,2292,inhibitory,44,0.38461538461538464,0.0,-0.034218788146972656,heldout
0.5,0.5,2296,excitatory,44,0.0,0.0,,heldout
0.5,0.5,2298,excitatory,44,0.0,0.0,,heldout
0.5,0.5,2301,inhibitory,44,47.46153846153846,23.076923076923077,-0.9363551139831543,heldout
0.5,0.5,2304,excitatory,44,21.076923076923077,0.07692307692307693,-0.564385175704956,heldout
0.5,0.5,2305,excitatory,44,0.0,0.0,,heldout
0.5,0.5,2306,excitatory,44,0.0,0.0,,heldout
0.5,0.5,2307,excitatory,44,13.923076923076923,55.61538461538461,-6.325559616088867,heldout
0.5,0.5,2309,excitatory,44,0.38461538461538464,1.4615384615384615,-2.370922327041626,heldout
0.5,0.5,2312,inhibitory,44,16.153846153846153,0.38461538461538464,-0.23430109024047852,heldout
0.5,0.5,2313,excitatory,44,0.07692307692307693,0.0,-0.013639211654663086,heldout
0.5,0.5,2316,excitatory,44,0.15384615384615385,1.7692307692307692,-13.943427085876465,heldout
0.5,0.5,2321,excitatory,44,0.0,0.0,,heldout
0.5,0.5,2327,excitatory,44,0.0,0.0,,heldout
0.5,0.5,2333,excitatory,44,0.0,2.5384615384615383,,heldout
0.5,0.5,2335,excitatory,44,5.923076923076923,9.846153846153847,0.16015374660491943,heldout
0.5,0.5,2336,inhibitory,44,3.1538461538461537,0.0,-0.09921824932098389,heldout
0.5,0.5,2338,inhibitory,44,99.61538461538461,2.1538461538461537,-6.910099506378174,heldout
0.5,0.5,2339,excitatory,44,1.3846153846153846,0.0,-0.14633798599243164,heldout
0.5,0.5,2350,inhibitory,44,0.46153846153846156,0.23076923076923078,-0.33394718170166016,heldout
0.5,0.5,2351,inhibitory,44,0.23076923076923078,0.0,-0.016998291015625,heldout
0.5,0.5,2353,excitatory,44,0.0,0.0,,heldout
0.5,0.5,2361,excitatory,44,0.6923076923076923,0.0,-0.06028449535369873,heldout
0.5,0.5,2366,excitatory,44,0.0,0.0,,heldout
0.5,0.5,2367,excitatory,44,0.9230769230769231,0.3076923076923077,-0.21064066886901855,heldout
0.5,0.5,2372,excitatory,44,0.15384615384615385,0.6153846153846154,-2.5735838413238525,heldout
0.5,0.5,2373,excitatory,44,0.7692307692307693,0.15384615384615385,-0.11116147041320801,heldout
0.5,0.5,2386,excitatory,44,0.0,0.0,,heldout
0.5,0.5,2391,excitatory,44,2.230769230769231,0.0,-0.25026488304138184,heldout
0.5,0.5,2396,excitatory,44,0.0,0.0,,heldout
0.5,0.5,2403,excitatory,44,0.0,0.9230769230769231,,heldout
0.5,0.5,2404,excitatory,44,0.07692307692307693,4.769230769230769,-134.62374877929688,heldout
0.5,0.5,2410,excitatory,44,38.0,31.615384615384617,0.8768913149833679,heldout
0.5,0.5,2411,inhibitory,44,16.46153846153846,13.692307692307692,0.8662705421447754,heldout
0.5,0.5,2415,excitatory,44,0.46153846153846156,0.0,-0.05923902988433838,heldout
0.5,0.5,2423,excitatory,44,0.46153846153846156,0.07692307692307693,0.11712616682052612,heldout
0.5,0.5,2425,excitatory,44,0.0,0.0,,heldout
0.5,0.5,2427,inhibitory,44,79.15384615384616,0.6153846153846154,-1.0765047073364258,heldout
0.5,0.5,2428,excitatory,44,0.23076923076923078,5.0,-46.80577087402344,heldout
0.5,0.5,2430,excitatory,44,0.0,0.0,,heldout
0.5,0.5,2434,excitatory,44,0.0,0.0,,heldout
0.5,0.5,2437,excitatory,44,0.07692307692307693,0.07692307692307693,-1.0272128582000732,heldout
0.5,0.5,2439,inhibitory,44,0.15384615384615385,57.15384615384615,-2291.65380859375,heldout
0.5,0.5,2440,excitatory,44,0.0,0.0,,heldout
0.5,0.5,2441,excitatory,44,22.46153846153846,1.0769230769230769,-0.6146140098571777,heldout
0.5,0.5,2474,excitatory,44,7.923076923076923,0.0,-0.8550165891647339,heldout
0.5,0.5,2475,excitatory,44,0.0,0.0,,heldout
0.5,0.5,2477,excitatory,44,3.1538461538461537,0.23076923076923078,-0.12666106224060059,heldout
0.5,0.5,2481,excitatory,44,31.692307692307693,15.384615384615385,0.28912705183029175,heldout
0.5,0.5,2486,excitatory,44,0.15384615384615385,0.0,-0.014681816101074219,heldout
0.5,0.5,2491,excitatory,44,0.0,0.0,,heldout
0.5,0.5,2492,excitatory,44,0.38461538461538464,0.0,-0.03618025779724121,heldout
0.5,0.5,2500,excitatory,44,17.46153846153846,58.15384615384615,-3.7003836631774902,heldout
0.5,0.5,2501,excitatory,44,0.46153846153846156,1.5384615384615385,-4.273379325866699,heldout
0.5,0.5,2503,inhibitory,44,2.923076923076923,9.76923076923077,-3.4506845474243164,heldout
0.5,0.5,2508,inhibitory,44,24.153846153846153,7.384615384615385,-0.44870710372924805,heldout
0.5,0.5,2510,excitatory,44,5.230769230769231,7.0,0.508437991142273,heldout
0.5,0.5,2516,excitatory,44,13.538461538461538,44.23076923076923,-1.2693514823913574,heldout
0.5,0.5,2517,excitatory,44,33.23076923076923,0.23076923076923078,-0.9575490951538086,heldout
0.5,0.5,2518,excitatory,44,24.384615384615383,47.30769230769231,0.7019917964935303,heldout
0.5,0.5,2525,excitatory,44,0.38461538461538464,0.38461538461538464,-0.6064631938934326,heldout
0.5,0.5,2528,excitatory,44,1.6153846153846154,0.07692307692307693,-0.1554093360900879,heldout
0.5,0.5,2529,excitatory,44,0.0,0.23076923076923078,,heldout
0.5,0.5,2532,inhibitory,44,0.3076923076923077,0.7692307692307693,-2.021409034729004,heldout
0.5,0.5,2534,excitatory,44,0.0,0.0,,heldout
0.5,0.5,2538,inhibitory,44,36.46153846153846,20.153846153846153,0.10489141941070557,heldout
0.5,0.5,2539,excitatory,44,0.0,0.07692307692307693,,heldout
0.5,0.5,2540,excitatory,44,1.0769230769230769,0.07692307692307693,-0.14886319637298584,heldout
0.5,0.5,2543,inhibitory,44,0.23076923076923078,0.6153846153846154,-7.133086204528809,heldout
0.5,0.5,2551,inhibitory,44,8.23076923076923,0.23076923076923078,-0.18214690685272217,heldout
0.5,0.5,2556,excitatory,44,0.0,0.0,,heldout
0.5,0.5,2561,excitatory,44,8.846153846153847,1.6153846153846154,-0.38678407669067383,heldout
0.5,0.5,2567,excitatory,44,0.0,0.0,,heldout
0.5,0.5,2568,excitatory,44,0.0,0.0,,heldout
0.5,0.5,2572,excitatory,44,4.461538461538462,18.384615384615383,-2.2342333793640137,heldout
0.5,0.5,2573,excitatory,44,0.0,0.0,,heldout
0.5,0.5,2575,excitatory,44,3.230769230769231,0.23076923076923078,-0.09835243225097656,heldout
0.5,0.5,2576,excitatory,44,3.3076923076923075,1.6153846153846154,-0.24475622177124023,heldout
0.5,0.5,2581,excitatory,44,5.3076923076923075,0.0,-0.7439737319946289,heldout
0.5,0.5,2584,excitatory,44,11.153846153846153,15.846153846153847,0.7025002241134644,heldout
0.5,0.5,2587,excitatory,44,0.0,0.07692307692307693,,heldout
0.5,0.5,2593,excitatory,44,0.0,0.15384615384615385,,heldout
0.5,0.5,2596,excitatory,44,0.0,0.0,,heldout
0.5,0.5,2603,inhibitory,44,19.615384615384617,24.46153846153846,0.6242280006408691,heldout
0.5,0.5,2607,excitatory,44,0.0,0.07692307692307693,,heldout
0.5,0.5,2615,inhibitory,44,34.30769230769231,49.07692307692308,-0.2955186367034912,heldout
0.5,0.5,2618,excitatory,44,3.0,0.5384615384615384,-0.2456437349319458,heldout
0.5,0.5,2622,excitatory,44,0.46153846153846156,0.0,-0.05431520938873291,heldout
0.5,0.5,2623,excitatory,44,0.0,0.0,,heldout
0.5,0.5,2624,excitatory,44,0.0,0.0,,heldout
0.5,0.5,2625,excitatory,44,0.6923076923076923,0.7692307692307693,-0.9177525043487549,heldout
0.5,0.5,2631,excitatory,44,0.0,0.0,,heldout
0.5,0.5,2650,excitatory,44,2.4615384615384617,3.1538461538461537,-0.7133752107620239,heldout
0.5,0.5,2654,excitatory,44,0.0,0.46153846153846156,,heldout
0.5,0.5,2656,inhibitory,44,0.9230769230769231,1.9230769230769231,-0.6514413356781006,heldout
0.5,0.5,2657,excitatory,44,0.3076923076923077,0.3076923076923077,-0.5823118686676025,heldout
0.5,0.5,2659,inhibitory,44,15.461538461538462,74.07692307692308,-5.8753981590271,heldout
0.5,0.5,2663,excitatory,44,10.76923076923077,0.0,-0.9408583641052246,heldout
0.5,0.5,2668,inhibitory,44,178.46153846153845,231.53846153846155,0.3745095729827881,heldout
0.5,0.5,2671,excitatory,44,2.8461538461538463,3.8461538461538463,-0.398374080657959,heldout
0.5,0.5,2672,excitatory,44,16.76923076923077,0.15384615384615385,-0.6732772588729858,heldout
0.5,0.5,2673,excitatory,44,0.0,0.0,,heldout
0.5,0.5,2674,excitatory,44,0.0,0.07692307692307693,,heldout
0.5,0.5,2675,excitatory,44,2.769230769230769,1.0,-0.17688870429992676,heldout
0.5,0.5,2686,inhibitory,44,5.538461538461538,0.0,-0.19813239574432373,heldout
0.5,0.5,2687,excitatory,44,0.0,0.0,,heldout
0.5,0.5,2691,excitatory,44,1.3076923076923077,0.0,-0.17005419731140137,heldout
0.5,0.5,2696,excitatory,44,0.23076923076923078,0.23076923076923078,0.44002842903137207,heldout
0.5,0.5,2698,excitatory,44,0.07692307692307693,0.0,-0.013723134994506836,heldout
0.5,0.5,2702,excitatory,44,0.0,0.0,,heldout
0.5,0.5,2707,excitatory,44,4.230769230769231,17.076923076923077,-2.539654493331909,heldout
0.5,0.5,2709,inhibitory,44,2.076923076923077,7.076923076923077,-1.535111665725708,heldout
0.5,0.5,2713,excitatory,44,0.8461538461538461,0.46153846153846156,0.4114074110984802,heldout
0.5,0.5,2714,excitatory,44,24.076923076923077,29.692307692307693,0.8647496700286865,heldout
0.5,0.5,2716,excitatory,44,0.0,0.0,,heldout
0.5,0.5,2719,excitatory,44,0.38461538461538464,0.0,-0.04375481605529785,heldout
0.5,0.5,2723,excitatory,44,0.0,0.0,,heldout
0.5,0.5,2728,excitatory,44,0.38461538461538464,0.23076923076923078,0.4190537929534912,heldout
0.5,0.5,2731,excitatory,44,0.0,0.0,,heldout
0.5,0.5,2733,excitatory,44,0.0,0.7692307692307693,,heldout
0.5,0.5,2743,excitatory,44,0.0,0.0,,heldout
0.5,0.5,2749,inhibitory,44,0.3076923076923077,0.6923076923076923,-1.8337769508361816,heldout
0.5,0.5,2750,excitatory,44,1.0769230769230769,0.0,-0.06176793575286865,heldout
0.5,0.5,2752,excitatory,44,0.0,0.0,,heldout
0.5,0.5,2754,excitatory,44,0.07692307692307693,0.0,-0.013764619827270508,heldout
0.5,0.5,2755,excitatory,44,0.0,0.07692307692307693,,heldout
0.5,0.5,2757,inhibitory,44,14.538461538461538,38.53846153846154,-2.913792610168457,heldout
0.5,0.5,2758,excitatory,44,0.0,0.0,,heldout
0.5,0.5,2759,inhibitory,44,51.07692307692308,1.0769230769230769,-0.9675217866897583,heldout
0.5,0.5,2761,excitatory,44,0.0,0.0,,heldout
0.5,0.5,2764,excitatory,44,0.0,0.0,,heldout
0.5,0.5,2767,excitatory,44,0.0,0.23076923076923078,,heldout
0.5,0.5,2770,excitatory,44,3.6923076923076925,0.6153846153846154,-0.13400578498840332,heldout
0.5,0.5,2771,excitatory,44,0.0,0.0,,heldout
0.5,0.5,2785,inhibitory,44,3.230769230769231,0.3076923076923077,-0.11159563064575195,heldout
0.5,0.5,2786,excitatory,44,0.6153846153846154,0.0,-0.0987093448638916,heldout
0.5,0.5,2788,excitatory,44,5.153846153846154,41.92307692307692,-37.463504791259766,heldout
0.5,0.5,2790,excitatory,44,0.0,0.0,,heldout
0.5,0.5,2793,inhibitory,44,0.0,5.384615384615385,,heldout
0.5,0.5,2828,excitatory,44,10.461538461538462,1.5384615384615385,-0.27978193759918213,heldout
0.5,0.5,2839,excitatory,44,0.0,0.0,,heldout
0.5,0.5,2846,excitatory,44,0.0,0.0,,heldout
0.5,0.5,2848,excitatory,44,0.0,0.0,,heldout
0.5,0.5,2850,excitatory,44,0.15384615384615385,0.0,-0.028273463249206543,heldout
0.5,0.5,2852,excitatory,44,17.076923076923077,0.6153846153846154,-0.4473942518234253,heldout
0.5,0.5,2855,excitatory,44,0.5384615384615384,1.9230769230769231,-1.7737007141113281,heldout
0.5,0.5,2857,excitatory,44,0.15384615384615385,0.0,-0.027995705604553223,heldout
0.5,0.5,2864,excitatory,44,0.0,0.07692307692307693,,heldout
0.5,0.5,2873,excitatory,44,9.153846153846153,0.0,-1.0768554210662842,heldout
0.5,0.5,2874,inhibitory,44,152.46153846153845,214.69230769230768,0.22245734930038452,heldout
0.5,0.5,2880,excitatory,44,3.6923076923076925,0.0,-0.22836923599243164,heldout
0.5,0.5,2884,excitatory,44,1.3076923076923077,0.0,-0.1205902099609375,heldout
0.5,0.5,2885,excitatory,44,0.0,0.0,,heldout
0.5,0.5,2892,excitatory,44,0.0,0.15384615384615385,,heldout
0.5,0.5,2895,excitatory,44,36.84615384615385,2.0,-1.2162528038024902,heldout
0.5,0.5,2896,excitatory,44,0.15384615384615385,0.07692307692307693,0.47131699323654175,heldout
0.5,0.5,2900,excitatory,44,0.15384615384615385,0.6153846153846154,-1.8810720443725586,heldout
0.5,0.5,2906,excitatory,44,0.0,0.0,,heldout
0.5,0.5,2910,excitatory,44,22.076923076923077,5.384615384615385,-0.25149619579315186,heldout
0.5,0.5,2912,excitatory,44,0.0,0.0,,heldout
0.5,0.5,2919,excitatory,44,0.0,0.0,,heldout
0.5,0.5,2922,excitatory,44,4.153846153846154,0.0,-0.49307119846343994,heldout
0.5,0.5,2923,excitatory,44,3.3846153846153846,0.07692307692307693,-0.3240032196044922,heldout
0.5,0.5,2925,excitatory,44,0.0,0.0,,heldout
0.5,0.5,2930,excitatory,44,0.07692307692307693,0.07692307692307693,-1.027613878250122,heldout
0.5,0.5,2939,excitatory,44,0.3076923076923077,0.3076923076923077,-0.4939306974411011,heldout
0.5,0.5,2940,inhibitory,44,17.384615384615383,8.0,-0.18836140632629395,heldout
0.5,0.5,2943,excitatory,44,1.3846153846153846,0.0,-0.06438720226287842,heldout
0.5,0.5,2946,excitatory,44,0.07692307692307693,0.0,-0.013795137405395508,heldout
0.5,0.5,2949,excitatory,44,6.923076923076923,17.307692307692307,-1.346733808517456,heldout
0.5,0.5,2950,excitatory,44,0.0,0.15384615384615385,,heldout
0.5,0.5,2954,excitatory,44,0.15384615384615385,0.0,-0.01424562931060791,heldout
0.5,0.5,2965,excitatory,44,0.8461538461538461,0.07692307692307693,-0.15505361557006836,heldout
0.5,0.5,2966,excitatory,44,0.0,0.0,,heldout
0.5,0.5,2969,excitatory,44,0.07692307692307693,0.0,-0.013808012008666992,heldout
0.5,0.5,2973,excitatory,44,0.0,0.0,,heldout
0.5,0.5,2977,excitatory,44,0.0,0.38461538461538464,,heldout
0.5,0.5,2982,excitatory,44,17.076923076923077,7.3076923076923075,-0.0004686117172241211,heldout
0.5,0.5,2983,inhibitory,44,1.1538461538461537,12.153846153846153,-9.574556350708008,heldout
0.5,0.5,2988,inhibitory,44,0.0,43.38461538461539,,heldout
0.5,0.5,2990,inhibitory,44,23.923076923076923,0.8461538461538461,-0.3639070987701416,heldout
0.5,0.5,2992,excitatory,44,0.0,0.0,,heldout
0.5,0.5,2996,excitatory,44,1.7692307692307692,0.8461538461538461,0.693105161190033,heldout
0.5,0.5,2999,excitatory,44,0.0,0.0,,heldout
0.5,0.5,3002,excitatory,44,0.0,0.0,,heldout
0.5,0.5,3005,excitatory,44,2.4615384615384617,6.0,-0.7787213325500488,heldout
0.5,0.5,3006,excitatory,44,1.7692307692307692,0.0,-0.0455702543258667,heldout
0.5,0.5,3010,excitatory,44,2.6923076923076925,0.0,-0.2683638334274292,heldout
0.5,0.5,3011,inhibitory,44,3.4615384615384617,24.615384615384617,-2.9839468002319336,heldout
0.5,0.5,3012,excitatory,44,0.0,0.0,,heldout
0.5,0.5,3037,inhibitory,44,0.07692307692307693,0.0,-0.013661026954650879,heldout
0.5,0.5,3043,excitatory,44,9.461538461538462,1.2307692307692308,-0.30886197090148926,heldout
0.5,0.5,3047,excitatory,44,0.0,3.4615384615384617,,heldout
0.5,0.5,3048,inhibitory,44,9.0,5.076923076923077,-0.1697831153869629,heldout
0.5,0.5,3054,excitatory,44,54.23076923076923,0.0,-3.149015426635742,heldout
0.5,0.5,3056,excitatory,44,0.0,0.0,,heldout
0.5,0.5,3063,excitatory,44,0.0,0.0,,heldout
0.5,0.5,3067,excitatory,44,1.8461538461538463,0.0,-0.3024742603302002,heldout
0.5,0.5,3082,excitatory,44,0.9230769230769231,0.07692307692307693,-0.03686344623565674,heldout
0.5,0.5,3086,inhibitory,44,0.07692307692307693,27.76923076923077,-3702.613525390625,heldout
0.5,0.5,3087,inhibitory,44,10.0,11.0,-0.28922533988952637,heldout
0.5,0.5,3098,excitatory,44,0.46153846153846156,0.3076923076923077,0.4908522367477417,heldout
0.5,0.5,3103,excitatory,44,0.0,0.0,,heldout
0.5,0.5,3107,excitatory,44,0.0,0.0,,heldout
0.5,0.5,3110,excitatory,44,0.0,0.0,,heldout
0.5,0.5,3111,inhibitory,44,0.23076923076923078,12.0,-273.4933776855469,heldout
0.5,0.5,3114,excitatory,44,0.0,0.0,,heldout
0.5,0.5,3115,excitatory,44,29.0,20.307692307692307,0.06962347030639648,heldout
0.5,0.5,3119,inhibitory,44,137.6153846153846,28.23076923076923,-0.8808512687683105,heldout
0.5,0.5,3120,inhibitory,44,5.923076923076923,18.307692307692307,-3.3949995040893555,heldout
0.5,0.5,3122,excitatory,44,0.0,0.0,,heldout
0.5,0.5,3126,excitatory,44,1.5384615384615385,5.538461538461538,-2.7306442260742188,heldout
0.5,0.5,3127,excitatory,44,2.6923076923076925,4.846153846153846,0.0919373631477356,heldout
0.5,0.5,3128,inhibitory,44,0.46153846153846156,73.53846153846153,-614.7125244140625,heldout
0.5,0.5,3132,excitatory,44,1.3846153846153846,11.0,-16.243431091308594,heldout
0.5,0.5,3134,excitatory,44,6.6923076923076925,0.0,-0.684767484664917,heldout
0.5,0.5,3145,excitatory,44,0.38461538461538464,3.769230769230769,-12.754630088806152,heldout
0.5,0.5,3146,excitatory,44,0.0,0.07692307692307693,,heldout
0.5,0.5,3155,excitatory,44,0.0,0.0,,heldout
0.5,0.5,3159,excitatory,44,0.07692307692307693,0.5384615384615384,-7.110175132751465,heldout
0.5,0.5,3160,excitatory,44,0.7692307692307693,2.3076923076923075,-1.5575215816497803,heldout
0.5,0.5,3163,excitatory,44,1.0,0.0,-0.12511038780212402,heldout
0.5,0.5,3176,excitatory,44,1.3076923076923077,0.6923076923076923,-0.26150786876678467,heldout
0.5,0.5,3182,excitatory,44,61.07692307692308,15.692307692307692,-2.9667487144470215,heldout
0.5,0.5,3185,excitatory,44,0.0,0.0,,heldout
0.5,0.5,3195,inhibitory,44,0.0,0.0,,heldout
0.5,0.5,3197,excitatory,44,2.3076923076923075,0.0,-0.25224435329437256,heldout
0.5,0.5,3200,excitatory,44,0.38461538461538464,0.0,-0.047212839126586914,heldout
0.5,0.5,3201,excitatory,44,2.0,2.769230769230769,0.29299288988113403,heldout
0.5,0.5,3205,excitatory,44,5.384615384615385,7.769230769230769,0.5053602457046509,heldout
0.5,0.5,3207,excitatory,44,2.230769230769231,4.384615384615385,-0.013887882232666016,heldout
0.5,0.5,3208,excitatory,44,0.0,0.0,,heldout
0.5,0.5,3211,inhibitory,44,10.384615384615385,14.384615384615385,0.5359625816345215,heldout
0.5,0.5,3215,excitatory,44,1.8461538461538463,2.0,-0.366412878036499,heldout
0.5,0.5,3216,excitatory,44,0.0,0.0,,heldout
0.5,0.5,3222,excitatory,44,0.15384615384615385,0.0,-0.016286492347717285,heldout
0.5,0.5,3223,excitatory,44,6.461538461538462,1.2307692307692308,-0.21205830574035645,heldout
0.5,0.5,3227,excitatory,44,0.0,0.0,,heldout
0.5,0.5,3238,excitatory,44,1.8461538461538463,1.3846153846153846,0.27928680181503296,heldout
0.5,0.5,3239,excitatory,44,0.5384615384615384,0.3076923076923077,-0.34790897369384766,heldout
0.5,0.5,3240,excitatory,44,0.23076923076923078,0.0,-0.04236912727355957,heldout
0.5,0.5,3241,excitatory,44,0.0,0.0,,heldout
0.5,0.5,3243,inhibitory,44,5.615384615384615,14.384615384615385,-2.448587417602539,heldout
0.5,0.5,3253,excitatory,44,0.8461538461538461,2.3846153846153846,-1.2136542797088623,heldout
0.5,0.5,3265,inhibitory,44,0.23076923076923078,38.23076923076923,-1378.149658203125,heldout
0.5,0.5,3267,excitatory,44,1.3846153846153846,0.0,-0.1925729513168335,heldout
0.5,0.5,3269,excitatory,44,0.0,0.0,,heldout
0.5,0.5,3272,excitatory,44,1.6153846153846154,0.0,-0.11187458038330078,heldout
0.5,0.5,3280,excitatory,44,2.3076923076923075,0.6153846153846154,-0.09066641330718994,heldout
0.5,0.5,3281,excitatory,44,0.0,0.0,,heldout
0.5,0.5,3284,excitatory,44,4.0,0.0,-0.2802051305770874,heldout
0.5,0.5,3285,excitatory,44,0.0,0.0,,heldout
0.5,0.5,3289,inhibitory,44,9.153846153846153,11.153846153846153,0.8328379392623901,heldout
0.5,0.5,3290,excitatory,44,8.923076923076923,0.6153846153846154,-0.4799380302429199,heldout
0.5,0.5,3292,excitatory,44,0.07692307692307693,0.0,-0.013590335845947266,heldout
0.5,0.5,3293,inhibitory,44,0.0,0.07692307692307693,,heldout
0.5,0.5,3294,excitatory,44,1.5384615384615385,0.0,-0.1955934762954712,heldout
0.5,0.5,3303,excitatory,44,1.2307692307692308,0.0,-0.14484941959381104,heldout
0.5,0.5,3305,excitatory,44,0.3076923076923077,0.0,-0.026978015899658203,heldout
0.5,0.5,3308,inhibitory,44,0.0,0.0,,heldout
0.5,0.5,3310,excitatory,44,0.0,0.0,,heldout
0.5,0.5,3311,inhibitory,44,4.076923076923077,4.769230769230769,0.014199972152709961,heldout
0.5,0.5,3313,inhibitory,44,1.0,65.3076923076923,-119.30860900878906,heldout
0.5,0.5,3314,excitatory,44,0.0,0.0,,heldout
0.5,0.5,3317,excitatory,44,0.8461538461538461,0.0,-0.10755586624145508,heldout
0.5,0.5,3319,excitatory,44,0.46153846153846156,0.0,-0.043522000312805176,heldout
0.5,0.5,3323,excitatory,44,0.38461538461538464,0.0,-0.0535886287689209,heldout
0.5,0.5,3326,inhibitory,44,17.53846153846154,11.461538461538462,-0.063804030418396,heldout
0.5,0.5,3327,excitatory,44,2.5384615384615383,6.384615384615385,0.40469229221343994,heldout
0.5,0.5,3328,excitatory,44,0.15384615384615385,18.615384615384617,-311.6316223144531,heldout
0.5,0.5,3332,excitatory,44,0.0,0.0,,heldout
0.5,0.5,3339,excitatory,44,41.30769230769231,8.615384615384615,-1.6513671875,heldout
0.5,0.5,3342,inhibitory,44,0.9230769230769231,0.23076923076923078,0.4504222869873047,heldout
0.5,0.5,3346,excitatory,44,0.38461538461538464,0.0,-0.04303169250488281,heldout
0.5,0.5,3347,excitatory,44,4.923076923076923,0.0,-0.2816917896270752,heldout
0.5,0.5,3363,inhibitory,44,7.6923076923076925,21.46153846153846,-2.133298397064209,heldout
0.5,0.5,3369,excitatory,44,0.15384615384615385,0.0,-0.028146028518676758,heldout
0.5,0.5,3375,excitatory,44,10.923076923076923,0.0,-0.2602940797805786,heldout
0.5,0.5,3381,excitatory,44,0.0,0.0,,heldout
0.5,0.5,3385,excitatory,44,0.3076923076923077,0.0,-0.04064750671386719,heldout
0.5,0.5,3387,excitatory,44,0.0,0.0,,heldout
0.5,0.5,3389,inhibitory,44,0.0,0.6153846153846154,,heldout
0.5,0.5,3390,excitatory,44,0.07692307692307693,0.0,-0.01378321647644043,heldout
0.5,0.5,3394,excitatory,44,15.076923076923077,0.38461538461538464,-0.7248891592025757,heldout
0.5,0.5,3402,inhibitory,44,0.46153846153846156,0.0,-0.0679541826248169,heldout
0.5,0.5,3405,inhibitory,44,0.0,2.0,,heldout
0.5,0.5,3410,excitatory,44,0.3076923076923077,0.0,-0.03493034839630127,heldout
0.5,0.5,3413,inhibitory,44,185.6153846153846,101.0,-0.4586653709411621,heldout
0.5,0.5,3414,excitatory,44,0.3076923076923077,0.0,-0.03831326961517334,heldout
0.5,0.5,3418,excitatory,44,0.0,0.0,,heldout
0.5,0.5,3421,excitatory,44,2.230769230769231,15.846153846153847,-6.845220565795898,heldout
0.5,0.5,3426,excitatory,44,1.1538461538461537,0.0,-0.08561146259307861,heldout
0.5,0.5,3431,excitatory,44,1.6153846153846154,0.0,-0.12389266490936279,heldout
0.5,0.5,3434,excitatory,44,0.0,0.0,,heldout
0.5,0.5,3435,excitatory,44,5.6923076923076925,2.769230769230769,-0.60906982421875,heldout
0.5,0.5,3444,excitatory,44,10.384615384615385,0.0,-0.3964385986328125,heldout
0.5,0.5,3459,excitatory,44,0.0,0.0,,heldout
0.5,0.5,3462,excitatory,44,0.0,0.0,,heldout
0.5,0.5,3464,inhibitory,44,3.076923076923077,16.923076923076923,-7.82613468170166,heldout
0.5,0.5,3474,excitatory,44,7.0,0.5384615384615384,-0.4545849561691284,heldout
0.5,0.5,3475,excitatory,44,0.7692307692307693,0.3076923076923077,-0.2050642967224121,heldout
0.5,0.5,3480,excitatory,44,2.3076923076923075,0.0,-0.05276906490325928,heldout
0.5,0.5,3481,excitatory,44,53.46153846153846,0.0,-0.6785804033279419,heldout
0.5,0.5,3482,excitatory,44,5.3076923076923075,4.461538461538462,0.6762632131576538,heldout
0.5,0.5,3483,excitatory,44,0.15384615384615385,0.0,-0.025120019912719727,heldout
0.5,0.5,3485,excitatory,44,3.6153846153846154,1.9230769230769231,0.48267102241516113,heldout
0.5,0.5,3489,inhibitory,44,6.153846153846154,106.07692307692308,-221.52755737304688,heldout
0.5,0.5,3490,excitatory,44,0.0,0.0,,heldout
0.5,0.5,3491,excitatory,44,0.6923076923076923,0.0,-0.08122456073760986,heldout
0.5,0.5,3493,excitatory,44,0.23076923076923078,2.1538461538461537,-15.03561782836914,heldout
0.5,0.5,3496,excitatory,44,6.153846153846154,0.0,-0.8286380767822266,heldout
0.5,0.5,3499,excitatory,44,0.0,0.0,,heldout
0.5,0.5,3502,excitatory,44,0.0,0.0,,heldout
0.5,0.5,3507,inhibitory,44,0.23076923076923078,14.23076923076923,-319.28948974609375,heldout
0.5,0.5,3508,excitatory,44,0.07692307692307693,0.07692307692307693,-1.0275847911834717,heldout
0.5,0.5,3510,inhibitory,44,2.4615384615384617,0.6923076923076923,0.07109963893890381,heldout
0.5,0.5,3523,excitatory,44,27.76923076923077,26.923076923076923,0.9307841062545776,heldout
0.5,0.5,3529,excitatory,44,0.0,0.15384615384615385,,heldout
0.5,0.5,3530,excitatory,44,1.1538461538461537,1.3846153846153846,0.8615461587905884,heldout
0.5,0.5,3543,inhibitory,44,27.23076923076923,1.6923076923076923,-0.7708444595336914,heldout
0.5,0.5,3549,excitatory,44,0.0,0.0,,heldout
0.5,0.5,3564,excitatory,44,0.0,0.0,,heldout
0.5,0.5,3569,excitatory,44,1.8461538461538463,0.0,-0.11443519592285156,heldout
0.5,0.5,3570,excitatory,44,51.61538461538461,71.3076923076923,-0.24497437477111816,heldout
0.5,0.5,3573,excitatory,44,0.07692307692307693,0.0,-0.013710618019104004,heldout
0.5,0.5,3576,excitatory,44,0.15384615384615385,2.5384615384615383,-21.66042137145996,heldout
0.5,0.5,3577,inhibitory,44,1.5384615384615385,24.923076923076923,-12.26447868347168,heldout
0.5,0.5,3581,excitatory,44,0.0,0.6923076923076923,,heldout
0.5,0.5,3592,excitatory,44,0.23076923076923078,1.6923076923076923,-10.553114891052246,heldout
0.5,0.5,3593,excitatory,44,3.3076923076923075,0.23076923076923078,-0.30781424045562744,heldout
0.5,0.5,3594,excitatory,44,0.0,0.0,,heldout
0.5,0.5,3595,excitatory,44,0.0,0.0,,heldout
0.5,0.5,3596,excitatory,44,0.0,0.0,,heldout
0.5,0.5,3604,excitatory,44,26.0,0.0,-3.1612157821655273,heldout
0.5,0.5,3606,excitatory,44,1.0,0.15384615384615385,-0.2845419645309448,heldout
0.5,0.5,3610,excitatory,44,1.0,18.0,-35.915035247802734,heldout
0.5,0.5,3612,excitatory,44,0.0,0.0,,heldout
0.5,0.5,3617,excitatory,44,5.538461538461538,6.384615384615385,0.8747562170028687,heldout
0.5,0.5,3619,excitatory,44,0.0,0.0,,heldout
0.5,0.5,3620,excitatory,44,1.2307692307692308,0.5384615384615384,-0.15989327430725098,heldout
0.5,0.5,3624,excitatory,44,0.0,0.0,,heldout
0.5,0.5,3643,inhibitory,44,0.0,0.0,,heldout
0.5,0.5,3645,excitatory,44,1.6153846153846154,0.0,-0.1327272653579712,heldout
0.5,0.5,3646,excitatory,44,3.6153846153846154,3.5384615384615383,-0.10269248485565186,heldout
0.5,0.5,3649,excitatory,44,5.384615384615385,2.3846153846153846,-0.06743597984313965,heldout
0.5,0.5,3654,inhibitory,44,0.07692307692307693,0.07692307692307693,-1.027170181274414,heldout
0.5,0.5,3666,excitatory,44,0.0,5.461538461538462,,heldout
0.5,0.5,3668,inhibitory,44,6.461538461538462,5.538461538461538,0.8682519197463989,heldout
0.5,0.5,3670,excitatory,44,0.0,0.0,,heldout
0.5,0.5,3674,excitatory,44,0.15384615384615385,0.0,-0.02718198299407959,heldout
0.5,0.5,3691,excitatory,44,0.15384615384615385,0.0,-0.02825009822845459,heldout
0.5,0.5,3695,excitatory,44,0.15384615384615385,0.0,-0.015667438507080078,heldout
0.5,0.5,3698,excitatory,44,0.07692307692307693,0.0,-0.013697504997253418,heldout
0.5,0.5,3701,excitatory,44,11.76923076923077,0.6153846153846154,-0.41111505031585693,heldout
0.5,0.5,3708,excitatory,44,7.384615384615385,0.0,-0.30741453170776367,heldout
0.5,0.5,3711,inhibitory,44,0.0,2.769230769230769,,heldout
0.5,0.5,3717,excitatory,44,3.923076923076923,9.76923076923077,-1.3931267261505127,heldout
0.5,0.5,3720,inhibitory,44,22.076923076923077,40.46153846153846,-0.8165334463119507,heldout
0.5,0.5,3724,inhibitory,44,0.0,0.0,,heldout
0.5,0.5,3726,excitatory,44,1.4615384615384615,3.8461538461538463,-1.7451107501983643,heldout
0.5,0.5,3727,excitatory,44,0.0,0.23076923076923078,,heldout
0.5,0.5,3731,excitatory,44,0.0,0.0,,heldout
0.5,0.5,3735,excitatory,44,0.0,0.0,,heldout
0.5,0.5,3739,excitatory,44,0.07692307692307693,0.15384615384615385,-0.05311322212219238,heldout
0.5,0.5,3740,excitatory,44,0.0,0.0,,heldout
0.5,0.5,3741,excitatory,44,0.23076923076923078,0.15384615384615385,-0.4336981773376465,heldout
0.5,0.5,3746,inhibitory,44,8.538461538461538,1.2307692307692308,-0.15996885299682617,heldout
0.5,0.5,3754,excitatory,44,0.15384615384615385,0.0,-0.02808535099029541,heldout
0.5,0.5,3756,excitatory,44,0.0,0.0,,heldout
0.5,0.5,3761,excitatory,44,16.0,32.15384615384615,-0.6645773649215698,heldout
0.5,0.5,3762,excitatory,44,0.46153846153846156,0.0,-0.06022512912750244,heldout
0.5,0.5,3766,excitatory,44,36.15384615384615,0.0,-1.8680243492126465,heldout
0.5,0.5,3769,excitatory,44,0.23076923076923078,1.9230769230769231,-12.182259559631348,heldout
0.5,0.5,3773,inhibitory,44,19.53846153846154,14.846153846153847,-0.18193566799163818,heldout
0.5,0.5,3776,excitatory,44,0.07692307692307693,0.15384615384615385,-0.05305314064025879,heldout
0.5,0.5,3777,excitatory,44,0.0,0.0,,heldout
0.5,0.5,3782,excitatory,44,0.15384615384615385,0.0,-0.02797544002532959,heldout
0.5,0.5,3784,excitatory,44,4.923076923076923,8.076923076923077,-0.5337264537811279,heldout
0.5,0.5,3785,excitatory,44,0.0,0.0,,heldout
0.5,0.5,3792,excitatory,44,26.23076923076923,5.769230769230769,-0.3934062719345093,heldout
0.5,0.5,3794,excitatory,44,0.0,0.0,,heldout
0.5,0.5,3797,excitatory,44,14.923076923076923,11.923076923076923,-0.08452892303466797,heldout
0.5,0.5,3801,inhibitory,44,0.07692307692307693,8.23076923076923,-395.83343505859375,heldout
0.5,0.5,3802,excitatory,44,0.0,0.0,,heldout
0.5,0.5,3803,excitatory,44,0.0,0.0,,heldout
0.5,0.5,3804,excitatory,44,33.0,53.84615384615385,-1.3913846015930176,heldout
0.5,0.5,3805,excitatory,44,4.769230769230769,0.15384615384615385,-0.24661290645599365,heldout
0.5,0.5,3806,excitatory,44,0.0,0.46153846153846156,,heldout
0.5,0.5,3809,inhibitory,44,6.3076923076923075,0.23076923076923078,-0.6014137268066406,heldout
0.5,0.5,3811,excitatory,44,0.07692307692307693,0.0,-0.013527154922485352,heldout
0.5,0.5,3812,inhibitory,44,7.153846153846154,51.84615384615385,-8.267974853515625,heldout
0.5,0.5,3813,excitatory,44,16.384615384615383,2.0,-1.441777229309082,heldout
0.5,0.5,3816,excitatory,44,15.76923076923077,0.0,-1.4088058471679688,heldout
0.5,0.5,3818,excitatory,44,1.0,1.0769230769230769,0.21746474504470825,heldout
0.5,0.5,3821,inhibitory,44,12.076923076923077,0.0,-0.24164211750030518,heldout
0.5,0.5,3823,inhibitory,44,0.0,0.0,,heldout
0.5,0.5,3831,excitatory,44,0.23076923076923078,0.0,-0.020234107971191406,heldout
0.5,0.5,3838,excitatory,44,0.0,0.23076923076923078,,heldout
0.5,0.5,3841,excitatory,44,0.0,0.0,,heldout
0.5,0.5,3844,inhibitory,44,0.6153846153846154,2.1538461538461537,-0.4841492176055908,heldout
0.5,0.5,3852,inhibitory,44,6.846153846153846,8.153846153846153,0.18303102254867554,heldout
0.5,0.5,3856,excitatory,44,0.0,0.0,,heldout
0.5,0.5,3862,excitatory,44,0.0,0.0,,heldout
0.5,0.5,3863,excitatory,44,1.3076923076923077,1.3076923076923077,0.8892607688903809,heldout
0.5,0.5,3865,inhibitory,44,5.461538461538462,5.538461538461538,0.1281091570854187,heldout
0.5,0.5,3869,excitatory,44,0.0,0.07692307692307693,,heldout
0.5,0.5,3870,excitatory,44,0.07692307692307693,0.38461538461538464,-7.602713584899902,heldout
0.5,0.5,3874,excitatory,44,0.0,1.0,,heldout
0.5,0.5,3875,excitatory,44,1.8461538461538463,0.0,-0.22320246696472168,heldout
0.5,0.5,3878,excitatory,44,0.0,0.0,,heldout
0.5,0.5,3884,excitatory,44,0.07692307692307693,0.0,-0.013651013374328613,heldout
0.5,0.5,3886,excitatory,44,5.846153846153846,6.230769230769231,-0.05691325664520264,heldout
0.5,0.5,3894,inhibitory,44,0.0,5.538461538461538,,heldout
0.5,0.5,3896,excitatory,44,64.84615384615384,127.38461538461539,-0.9743465185165405,heldout
0.5,0.5,3897,excitatory,44,4.538461538461538,0.38461538461538464,-0.0017457008361816406,heldout
0.5,0.5,3904,excitatory,44,0.0,0.8461538461538461,,heldout
0.5,0.5,3907,excitatory,44,0.8461538461538461,0.46153846153846156,-0.39015471935272217,heldout
0.5,0.5,3917,excitatory,44,0.15384615384615385,0.0,-0.018810749053955078,heldout
0.5,0.5,3918,excitatory,44,0.0,0.0,,heldout
0.5,0.5,3921,excitatory,44,3.230769230769231,0.07692307692307693,-0.2374511957168579,heldout
0.5,0.5,3924,inhibitory,44,4.923076923076923,5.461538461538462,0.2906648516654968,heldout
0.5,0.5,3925,excitatory,44,0.0,0.23076923076923078,,heldout
0.5,0.5,3930,excitatory,44,0.0,0.0,,heldout
0.5,0.5,3935,inhibitory,44,0.7692307692307693,77.15384615384616,-420.14727783203125,heldout
0.5,0.5,3936,excitatory,44,31.153846153846153,34.69230769230769,0.8875179290771484,heldout
0.5,0.5,3937,inhibitory,44,181.3846153846154,57.46153846153846,-13.626632690429688,heldout
0.5,0.5,3947,excitatory,44,0.0,0.0,,heldout
0.5,0.5,3948,excitatory,44,3.230769230769231,8.23076923076923,-0.6314390897750854,heldout
0.5,0.5,3950,excitatory,44,0.15384615384615385,0.0,-0.028394699096679688,heldout
0.5,0.5,3952,excitatory,44,0.0,0.46153846153846156,,heldout
0.5,0.5,3957,excitatory,44,0.0,0.0,,heldout
0.5,0.5,3964,excitatory,44,11.538461538461538,2.1538461538461537,-0.2301398515701294,heldout
0.5,0.5,3969,excitatory,44,14.615384615384615,38.61538461538461,-3.3272252082824707,heldout
0.5,0.5,3975,inhibitory,44,102.38461538461539,21.23076923076923,-0.8294316530227661,heldout
0.5,0.5,3980,excitatory,44,34.61538461538461,16.615384615384617,0.5918439030647278,heldout
0.5,0.5,3982,excitatory,44,0.0,0.0,,heldout
0.5,0.5,3986,excitatory,44,3.5384615384615383,0.0,-0.30047309398651123,heldout
0.5,0.5,3989,excitatory,44,0.07692307692307693,0.0,-0.013595223426818848,heldout
0.5,0.5,3990,excitatory,44,0.0,0.0,,heldout
0.5,0.5,3995,excitatory,44,12.76923076923077,52.61538461538461,-4.09309720993042,heldout
0.5,0.5,3999,excitatory,44,0.23076923076923078,0.0,-0.04263710975646973,heldout
0.5,0.5,4001,excitatory,44,0.0,0.0,,heldout
0.5,0.5,4006,excitatory,44,2.1538461538461537,3.1538461538461537,0.40490520000457764,heldout
0.5,0.5,4013,excitatory,44,1.5384615384615385,1.1538461538461537,0.7075771689414978,heldout
0.5,0.5,4016,excitatory,44,0.0,0.0,,heldout
0.5,0.5,4017,excitatory,44,0.15384615384615385,0.0,-0.028427958488464355,heldout
0.5,0.5,4018,excitatory,44,0.07692307692307693,0.0,-0.01380157470703125,heldout
0.5,0.5,4025,excitatory,44,0.0,0.0,,heldout
0.5,0.5,4029,excitatory,44,0.0,0.0,,heldout
0.5,0.5,4032,inhibitory,44,21.53846153846154,7.384615384615385,-0.08409500122070312,heldout
0.5,0.5,4034,excitatory,44,0.0,0.07692307692307693,,heldout
0.5,0.5,4041,excitatory,44,0.0,0.0,,heldout
0.5,0.5,4044,excitatory,44,0.5384615384615384,0.0,-0.06176793575286865,heldout
0.5,0.5,4045,excitatory,44,7.3076923076923075,0.07692307692307693,-0.6877149343490601,heldout
0.5,0.5,4046,inhibitory,44,10.0,24.384615384615383,-0.027662158012390137,heldout
0.5,0.5,4056,excitatory,44,0.15384615384615385,0.07692307692307693,-0.541949987411499,heldout
0.5,0.5,4059,excitatory,44,0.9230769230769231,0.07692307692307693,0.09504687786102295,heldout
0.5,0.5,4062,excitatory,44,5.461538461538462,0.0,-0.6767874956130981,heldout
0.5,0.5,4066,excitatory,44,0.23076923076923078,52.76923076923077,-2177.019287109375,heldout
0.5,0.5,4079,excitatory,44,0.0,0.0,,heldout
0.5,0.5,4083,inhibitory,44,3.3076923076923075,0.3076923076923077,-0.09225654602050781,heldout
0.5,0.5,4088,inhibitory,44,8.307692307692308,61.07692307692308,-18.929203033447266,heldout
0.5,0.5,4089,excitatory,44,0.0,0.0,,heldout
0.5,0.5,4102,excitatory,44,0.0,0.07692307692307693,,heldout
0.5,0.5,4103,inhibitory,44,0.7692307692307693,54.07692307692308,-370.217529296875,heldout
0.5,0.5,4113,excitatory,44,8.153846153846153,0.0,-0.3510591983795166,heldout
0.5,0.5,4115,excitatory,44,0.7692307692307693,0.0,-0.02944660186767578,heldout
0.5,0.5,4119,excitatory,44,0.0,0.15384615384615385,,heldout
0.5,0.5,4124,excitatory,44,3.3076923076923075,0.0,-0.44575226306915283,heldout
0.5,0.5,4126,excitatory,44,0.0,0.0,,heldout
0.5,0.5,4134,excitatory,44,0.0,0.0,,heldout
0.5,0.5,4137,excitatory,44,52.76923076923077,20.53846153846154,-0.8191671371459961,heldout
0.5,0.5,4139,excitatory,44,4.923076923076923,0.6153846153846154,-0.1667267084121704,heldout
0.5,0.5,4142,excitatory,44,4.923076923076923,0.0,-0.6709065437316895,heldout
0.5,0.5,4148,excitatory,44,10.153846153846153,18.76923076923077,0.6125034689903259,heldout
0.5,0.5,4151,excitatory,44,2.0,4.461538461538462,-0.4346886873245239,heldout
0.5,0.5,4152,excitatory,44,0.46153846153846156,0.0,-0.04627728462219238,heldout
0.5,0.5,4155,excitatory,44,0.0,0.0,,heldout
0.5,0.5,4157,inhibitory,44,2.1538461538461537,0.0,-0.04618573188781738,heldout
0.5,0.5,4159,excitatory,44,0.0,0.0,,heldout
0.5,0.5,4164,excitatory,44,1.0769230769230769,0.0,-0.030829548835754395,heldout
0.5,0.5,4167,inhibitory,44,7.153846153846154,8.23076923076923,0.29465317726135254,heldout
0.5,0.5,4168,excitatory,44,0.0,0.0,,heldout
0.5,0.5,4170,inhibitory,44,0.07692307692307693,0.07692307692307693,-1.0272915363311768,heldout
0.5,0.5,4172,excitatory,44,0.0,0.07692307692307693,,heldout
0.5,0.5,4173,excitatory,44,0.6153846153846154,0.0,-0.1114034652709961,heldout
0.5,0.5,4180,excitatory,44,2.4615384615384617,0.0,-0.10177862644195557,heldout
0.5,0.5,4187,excitatory,44,0.0,0.0,,heldout
0.5,0.5,4196,excitatory,44,14.615384615384615,0.3076923076923077,-0.4528082609176636,heldout
0.5,0.5,4198,inhibitory,44,0.15384615384615385,25.923076923076923,-1495.9046630859375,heldout
0.5,0.5,4200,excitatory,44,0.0,0.0,,heldout
0.5,0.5,4202,inhibitory,44,0.07692307692307693,0.0,-0.01381993293762207,heldout
0.5,0.5,4206,excitatory,44,0.0,1.1538461538461537,,heldout
0.5,0.5,4211,excitatory,44,0.23076923076923078,0.0,-0.028142452239990234,heldout
0.5,0.5,4216,inhibitory,44,32.30769230769231,9.076923076923077,-0.15933692455291748,heldout
0.5,0.5,4218,excitatory,44,14.23076923076923,8.384615384615385,0.05890744924545288,heldout
0.5,0.5,4222,excitatory,44,0.15384615384615385,0.0,-0.015428543090820312,heldout
0.5,0.5,4223,inhibitory,44,0.0,0.0,,heldout
0.5,0.5,4228,inhibitory,44,0.0,0.0,,heldout
0.5,0.5,4233,excitatory,44,0.0,0.0,,heldout
0.5,0.5,4238,excitatory,44,0.0,0.0,,heldout
0.5,0.5,4240,excitatory,44,0.0,0.15384615384615385,,heldout
0.5,0.5,4248,excitatory,44,0.0,0.0,,heldout
0.5,0.5,4253,inhibitory,44,1.5384615384615385,0.7692307692307693,0.41794705390930176,heldout
0.5,0.5,4260,excitatory,44,0.0,0.0,,heldout
0.5,0.5,4261,excitatory,44,6.769230769230769,1.2307692307692308,0.015278458595275879,heldout
0.5,0.5,4264,excitatory,44,0.23076923076923078,0.07692307692307693,-0.3246641159057617,heldout
0.5,0.5,4267,excitatory,44,3.769230769230769,0.0,-0.22077631950378418,heldout
0.5,0.5,4277,excitatory,44,13.923076923076923,36.0,-2.1866798400878906,heldout
0.5,0.5,4284,excitatory,44,0.0,1.6153846153846154,,heldout
0.5,0.5,4293,excitatory,44,12.153846153846153,0.0,-0.9912159442901611,heldout
0.5,0.5,4301,inhibitory,44,7.769230769230769,12.692307692307692,-0.5162931680679321,heldout
0.5,0.5,4314,excitatory,44,0.38461538461538464,0.0,-0.029673337936401367,heldout
0.5,0.5,4328,excitatory,44,0.7692307692307693,0.0,-0.11767852306365967,heldout
0.5,0.5,4335,excitatory,44,10.0,13.692307692307692,-0.47534477710723877,heldout
0.5,0.5,4336,excitatory,44,0.6153846153846154,0.46153846153846156,-0.45579755306243896,heldout
0.5,0.5,4340,excitatory,44,3.6153846153846154,8.692307692307692,-3.868372917175293,heldout
0.5,0.5,4345,inhibitory,44,22.23076923076923,41.84615384615385,-0.7368512153625488,heldout
0.5,0.5,4347,excitatory,44,43.15384615384615,0.23076923076923078,-3.692013740539551,heldout
0.5,0.5,4350,excitatory,44,0.23076923076923078,1.0,-4.2854695320129395,heldout
0.5,0.5,4360,excitatory,44,0.23076923076923078,0.0,-0.04255795478820801,heldout
0.5,0.5,4369,excitatory,44,0.0,0.0,,heldout
0.5,0.5,4370,excitatory,44,0.0,0.0,,heldout
0.5,0.5,4374,excitatory,44,3.5384615384615383,0.0,-0.3728247880935669,heldout
0.5,0.5,4382,inhibitory,44,9.461538461538462,34.07692307692308,-6.76934814453125,heldout
0.5,0.5,4388,inhibitory,44,0.0,12.307692307692308,,heldout
0.5,0.5,4391,inhibitory,44,0.0,0.23076923076923078,,heldout
0.5,0.5,4403,excitatory,44,2.230769230769231,0.0,-0.38388562202453613,heldout
0.5,0.5,4404,excitatory,44,0.0,0.0,,heldout
0.5,0.5,4410,excitatory,44,18.153846153846153,0.3076923076923077,-0.698851466178894,heldout
0.5,0.5,4415,excitatory,44,1.1538461538461537,0.0,-0.12313497066497803,heldout
0.5,0.5,4421,inhibitory,44,15.23076923076923,64.84615384615384,-8.803092956542969,heldout
0.5,0.5,4424,excitatory,44,0.0,0.0,,heldout
0.5,0.5,4425,excitatory,44,0.0,0.0,,heldout
0.5,0.5,4427,inhibitory,44,1.8461538461538463,0.0,-0.1610654592514038,heldout
0.5,0.5,4428,inhibitory,44,13.153846153846153,7.538461538461538,-0.18802952766418457,heldout
0.5,0.5,4430,inhibitory,44,3.3846153846153846,0.5384615384615384,-0.5225822925567627,heldout
0.5,0.5,4432,excitatory,44,0.15384615384615385,2.6153846153846154,-19.56233787536621,heldout
0.5,0.5,4437,inhibitory,44,18.846153846153847,18.0,0.8341183662414551,heldout
0.5,0.5,4444,excitatory,44,46.84615384615385,1.3076923076923077,-6.558840274810791,heldout
0.5,0.5,4460,excitatory,44,0.0,0.0,,heldout
0.5,0.5,4461,excitatory,44,15.076923076923077,7.769230769230769,-0.3773818016052246,heldout
0.5,0.5,4465,excitatory,44,0.0,0.0,,heldout
0.5,0.5,4466,inhibitory,44,5.0,23.53846153846154,-7.246410369873047,heldout
0.5,0.5,4471,excitatory,44,0.07692307692307693,0.07692307692307693,-1.0273981094360352,heldout
0.5,0.5,4477,inhibitory,44,6.153846153846154,15.615384615384615,-0.8630163669586182,heldout
0.5,0.5,4479,excitatory,44,0.0,0.0,,heldout
0.5,0.5,4488,excitatory,44,0.38461538461538464,49.69230769230769,-944.4935913085938,heldout
0.5,0.5,4491,excitatory,44,0.0,0.6153846153846154,,heldout
0.5,0.5,4496,excitatory,44,0.0,0.0,,heldout
0.5,0.5,4498,inhibitory,44,0.0,0.0,,heldout
0.5,0.5,4499,inhibitory,44,124.53846153846153,49.92307692307692,-0.6447955369949341,heldout
0.5,0.5,4503,excitatory,44,32.53846153846154,0.0,-1.509152889251709,heldout
0.5,0.5,4508,excitatory,44,5.0,0.5384615384615384,-0.10360658168792725,heldout
0.5,0.5,4512,excitatory,44,0.0,0.0,,heldout
0.5,0.5,4520,excitatory,44,6.384615384615385,0.0,-0.6607146263122559,heldout
0.5,0.5,4521,excitatory,44,10.615384615384615,30.846153846153847,-0.7547743320465088,heldout
0.5,0.5,4528,excitatory,44,2.230769230769231,2.0,0.07195019721984863,heldout
0.5,0.5,4530,inhibitory,44,103.53846153846153,6.6923076923076925,-0.9565614461898804,heldout
0.5,0.5,4531,inhibitory,44,1.0,0.0,-0.11372900009155273,heldout
0.5,0.5,4540,excitatory,44,0.23076923076923078,0.0,-0.03532767295837402,heldout
0.5,0.5,4550,excitatory,44,0.07692307692307693,0.3076923076923077,-4.0692458152771,heldout
0.5,0.5,4552,excitatory,44,0.0,0.0,,heldout
0.5,0.5,4553,excitatory,44,0.0,0.0,,heldout
0.5,0.5,4556,excitatory,44,0.38461538461538464,1.1538461538461537,-2.8780362606048584,heldout
0.5,0.5,4557,inhibitory,44,23.76923076923077,1.6923076923076923,-0.9105596542358398,heldout
0.5,0.5,4558,excitatory,44,0.0,0.0,,heldout
0.5,0.5,4559,excitatory,44,0.46153846153846156,0.07692307692307693,0.03706800937652588,heldout
0.5,0.5,4560,excitatory,44,0.15384615384615385,0.15384615384615385,0.9556463956832886,heldout
0.5,0.5,4566,inhibitory,44,2.076923076923077,6.076923076923077,-4.623592853546143,heldout
0.5,0.5,4570,inhibitory,44,25.615384615384617,3.076923076923077,-0.16357111930847168,heldout
0.5,0.5,4582,excitatory,44,0.15384615384615385,0.15384615384615385,-1.0561933517456055,heldout
0.5,0.5,4585,excitatory,44,0.5384615384615384,6.3076923076923075,-20.96051597595215,heldout
0.5,0.5,4592,excitatory,44,0.6923076923076923,4.461538461538462,-5.362044811248779,heldout
0.5,0.5,4602,inhibitory,44,2.4615384615384617,54.23076923076923,-179.98175048828125,heldout
0.5,0.5,4605,inhibitory,44,1.6153846153846154,7.076923076923077,-7.596061706542969,heldout
0.5,0.5,4612,inhibitory,44,32.15384615384615,0.9230769230769231,-1.887418270111084,heldout
0.5,0.5,4619,excitatory,44,7.615384615384615,0.46153846153846156,-0.2871173620223999,heldout
0.5,0.5,4623,excitatory,44,1.0,0.07692307692307693,-0.2179727554321289,heldout
0.5,0.5,4626,inhibitory,44,0.0,0.0,,heldout
0.5,0.5,4627,excitatory,44,0.3076923076923077,0.0,-0.057273268699645996,heldout
0.5,0.5,4630,excitatory,44,0.0,0.07692307692307693,,heldout
0.5,0.5,4636,excitatory,44,0.0,2.769230769230769,,heldout
0.5,0.5,4641,inhibitory,44,4.3076923076923075,46.07692307692308,-22.981843948364258,heldout
0.5,0.5,4645,excitatory,44,0.6153846153846154,0.0,-0.12239444255828857,heldout
0.5,0.5,4656,excitatory,44,0.0,0.0,,heldout
0.5,0.5,4657,inhibitory,44,0.46153846153846156,5.923076923076923,-67.26806640625,heldout
0.5,0.5,4668,inhibitory,44,11.076923076923077,21.384615384615383,-1.9423882961273193,heldout
0.5,0.5,4672,excitatory,44,0.38461538461538464,0.0,-0.07330644130706787,heldout
0.5,0.5,4676,excitatory,44,105.15384615384616,63.46153846153846,-2.9933528900146484,heldout
0.5,0.5,4677,excitatory,44,0.0,0.0,,heldout
0.5,0.5,4684,excitatory,44,2.8461538461538463,0.6153846153846154,-0.0354536771774292,heldout
0.5,0.5,4695,inhibitory,44,1.1538461538461537,0.0,-0.14496874809265137,heldout
0.5,0.5,4701,excitatory,44,0.0,0.0,,heldout
0.5,0.5,4702,excitatory,44,16.0,31.384615384615383,-0.5588326454162598,heldout
0.5,0.5,4703,inhibitory,44,1.0769230769230769,0.0,-0.0528409481048584,heldout
0.5,0.5,4704,inhibitory,44,1.2307692307692308,3.3846153846153846,-1.798436164855957,heldout
0.5,0.5,4705,excitatory,44,0.7692307692307693,0.6923076923076923,-0.3121941089630127,heldout
0.5,0.5,4711,excitatory,44,0.0,0.0,,heldout
0.5,0.5,4713,excitatory,44,10.461538461538462,5.153846153846154,-0.1642395257949829,heldout
0.5,0.5,4720,inhibitory,44,0.5384615384615384,0.7692307692307693,0.7143683433532715,heldout
0.5,0.5,4724,excitatory,44,0.0,0.0,,heldout
0.5,0.5,4728,excitatory,44,1.3846153846153846,0.0,-0.09156489372253418,heldout
0.5,0.5,4733,excitatory,44,0.38461538461538464,0.3076923076923077,0.9311169385910034,heldout
0.5,0.5,4735,excitatory,44,107.92307692307692,36.46153846153846,-4.2172322273254395,heldout
0.5,0.5,4739,inhibitory,44,17.76923076923077,4.3076923076923075,-0.6965107917785645,heldout
0.5,0.5,4740,excitatory,44,0.38461538461538464,0.9230769230769231,-1.277554988861084,heldout
0.5,0.5,4743,excitatory,44,0.0,0.0,,heldout
0.5,0.5,4747,excitatory,44,0.0,0.0,,heldout
0.5,0.5,4751,excitatory,44,0.0,0.7692307692307693,,heldout
0.5,0.5,4753,excitatory,44,0.46153846153846156,0.0,-0.016046524047851562,heldout
0.5,0.5,4757,excitatory,44,4.846153846153846,0.0,-0.40499556064605713,heldout
0.5,0.5,4761,excitatory,44,0.0,0.0,,heldout
0.5,0.5,4763,excitatory,44,0.0,0.0,,heldout
0.5,0.5,4767,excitatory,44,1.2307692307692308,1.8461538461538463,-0.12673842906951904,heldout
0.5,0.5,4769,excitatory,44,0.0,0.9230769230769231,,heldout
0.5,0.5,4770,excitatory,44,15.23076923076923,18.846153846153847,0.7929338812828064,heldout
0.5,0.5,4771,excitatory,44,3.230769230769231,0.46153846153846156,0.04574459791183472,heldout
0.5,0.5,4780,inhibitory,44,26.0,4.153846153846154,-0.6438577175140381,heldout
0.5,0.5,4781,excitatory,44,20.384615384615383,0.3076923076923077,-1.3814828395843506,heldout
0.5,0.5,4787,excitatory,44,0.0,0.07692307692307693,,heldout
0.5,0.5,4796,excitatory,44,9.846153846153847,9.615384615384615,0.21535885334014893,heldout
0.5,0.5,4800,excitatory,44,0.07692307692307693,0.0,-0.013736248016357422,heldout
0.5,0.5,4802,excitatory,44,0.0,0.0,,heldout
0.5,0.5,4807,excitatory,44,1.1538461538461537,0.9230769230769231,0.9376079440116882,heldout
0.5,0.5,4808,excitatory,44,1.3076923076923077,0.0,-0.10210037231445312,heldout
0.5,0.5,4812,excitatory,44,0.0,0.0,,heldout
0.5,0.5,4814,inhibitory,44,13.384615384615385,0.5384615384615384,-0.31561243534088135,heldout
0.5,0.5,4821,excitatory,44,4.615384615384615,0.15384615384615385,-0.6869053840637207,heldout
0.5,0.5,4831,excitatory,44,0.3076923076923077,1.0,-2.754246950149536,heldout
0.5,0.5,4848,inhibitory,44,3.6153846153846154,0.07692307692307693,-0.10913372039794922,heldout
0.5,0.5,4852,excitatory,44,5.153846153846154,0.0,-0.5024689435958862,heldout
0.5,0.5,4855,inhibitory,44,0.0,5.461538461538462,,heldout
0.5,0.5,4857,excitatory,44,0.5384615384615384,0.0,-0.043299078941345215,heldout
0.5,0.5,4859,excitatory,44,0.0,0.0,,heldout
0.5,0.5,4861,excitatory,44,0.0,0.0,,heldout
0.5,0.5,4864,excitatory,44,5.538461538461538,4.384615384615385,0.017176508903503418,heldout
0.5,0.5,4865,excitatory,44,15.923076923076923,30.692307692307693,-0.7260698080062866,heldout
0.5,0.5,4868,inhibitory,44,19.46153846153846,26.23076923076923,-0.6952369213104248,heldout
0.5,0.5,4870,excitatory,44,0.0,0.0,,heldout
0.5,0.5,4876,excitatory,44,2.8461538461538463,0.0,-0.09351193904876709,heldout
0.5,0.5,4879,excitatory,44,6.384615384615385,11.0,-0.4463387727737427,heldout
0.5,0.5,4880,excitatory,44,0.0,0.0,,heldout
0.5,0.5,4881,excitatory,44,0.07692307692307693,0.15384615384615385,-2.165590524673462,heldout
0.5,0.5,4889,inhibitory,44,0.0,0.6153846153846154,,heldout
0.5,0.5,4893,excitatory,44,0.0,0.23076923076923078,,heldout
0.5,0.5,4895,excitatory,44,0.23076923076923078,0.0,-0.02744126319885254,heldout
0.5,0.5,4900,inhibitory,44,25.846153846153847,24.615384615384617,-0.3051126003265381,heldout
0.5,0.5,4904,inhibitory,44,6.923076923076923,0.0,-0.11281406879425049,heldout
0.5,0.5,4905,excitatory,44,0.0,0.0,,heldout
0.5,0.5,4908,excitatory,44,0.15384615384615385,0.0,-0.019312024116516113,heldout
0.5,0.5,4917,excitatory,44,1.5384615384615385,2.0,0.17275094985961914,heldout
0.5,0.5,4923,excitatory,44,0.07692307692307693,1.0,-15.902109146118164,heldout
0.5,0.5,4929,excitatory,44,0.0,0.0,,heldout
0.5,0.5,4933,excitatory,44,2.6923076923076925,0.0,-0.24355769157409668,heldout
0.5,0.5,4936,excitatory,44,0.0,0.0,,heldout
0.5,0.5,4937,excitatory,44,6.0,3.769230769230769,0.7521830797195435,heldout
0.5,0.5,4938,excitatory,44,14.307692307692308,25.153846153846153,-0.3678323030471802,heldout
0.5,0.5,4939,excitatory,44,0.07692307692307693,0.0,-0.01382303237915039,heldout
0.5,0.5,4940,excitatory,44,6.538461538461538,9.692307692307692,0.2094266414642334,heldout
0.5,0.5,4941,excitatory,44,0.15384615384615385,0.0,-0.028169751167297363,heldout
0.5,0.5,4948,excitatory,44,0.07692307692307693,0.07692307692307693,0.9967584013938904,heldout
0.5,0.5,4949,inhibitory,44,34.61538461538461,89.23076923076923,-4.535257339477539,heldout
0.5,0.5,4953,excitatory,44,0.0,0.0,,heldout
0.5,0.5,4959,inhibitory,44,0.07692307692307693,0.07692307692307693,-1.0273287296295166,heldout
0.5,0.5,4962,excitatory,44,0.07692307692307693,0.0,-0.013601422309875488,heldout
0.5,0.5,4969,inhibitory,44,2.3846153846153846,1.3076923076923077,0.4933757781982422,heldout
0.5,0.5,4975,excitatory,44,0.0,0.0,,heldout
0.5,0.5,4976,inhibitory,44,242.6153846153846,26.384615384615383,-3.9003677368164062,heldout
0.5,0.5,4980,excitatory,44,11.307692307692308,13.461538461538462,0.9055858254432678,heldout
0.5,0.5,4982,excitatory,44,17.153846153846153,0.0,-0.6635634899139404,heldout
0.5,0.5,4986,inhibitory,44,5.769230769230769,3.769230769230769,0.060647010803222656,heldout
0.5,0.5,4987,excitatory,44,0.07692307692307693,0.0,-0.013645768165588379,heldout
0.5,0.5,4998,excitatory,44,3.5384615384615383,0.0,-0.2870807647705078,heldout
0.5,0.5,4999,excitatory,44,0.0,0.07692307692307693,,heldout
