component,eigenvalue,variance_fraction,cumulative_fraction
1,0.14558388020561214,0.09998658753177364,0.09998658753177364
2,0.09631061557807861,0.06614585200735253,0.16613243953912615
3,0.06702453700686736,0.04603225801338001,0.21216469755250617
4,0.049979539863266316,0.03432580331200436,0.24649050086451052
5,0.04502777923525642,0.0309249484455889,0.2774154493100994
6,0.043544042092556426,0.02990592207066887,0.3073213713807683
7,0.032782803484869096,0.022515134543380853,0.32983650592414915
8,0.03216636062266429,0.022091763369916268,0.3519282692940654
9,0.027260156528155492,0.01872219659884569,0.37065046589291106
10,0.024476195205613067,0.0168101800207168,0.3874606459136279
11,0.023396376029408934,0.01606856333604308,0.40352920924967095
12,0.021826046604263842,0.014990065632181653,0.4185192748818526
13,0.020963970544779033,0.014397994289811967,0.43291726917166456
14,0.020121774317200768,0.013819576358453399,0.44673684553011794
15,0.017215326179747407,0.011823436190382524,0.45856028172050045
16,0.016230290771309927,0.011146916723058738,0.4697071984435592
17,0.015935483235816714,0.010944443761004232,0.4806516422045634
18,0.014844920138634303,0.010195448182500975,0.49084709038706437
19,0.014404802031370522,0.009893176340356791,0.5007402667274211
20,0.014172988714843628,0.009733967625551197,0.5104742343529723
21,0.0134452236054873,0.009234140654965877,0.5197083750079382
22,0.012938651777657496,0.008886228589887654,0.5285946035978258
23,0.01220399280881751,0.008381666936563276,0.5369762705343891
24,0.011592967726253739,0.007962016678474354,0.5449382872128635
25,0.01134219985186465,0.007789790028193091,0.5527280772410567
26,0.011239082128026712,0.007718969073936083,0.5604470463149928
27,0.010818354001748381,0.007430014214608286,0.5678770605296011
28,0.010382019717710881,0.007130341091303613,0.5750074016209047
29,0.010327127223950943,0.0070926410854759495,0.5821000427063806
30,0.00923381405803809,0.006341756767728716,0.5884417994741094
31,0.009068323547594218,0.00622809836416917,0.5946698978382785
32,0.00868673314068037,0.00596602317721653,0.600635921015495
33,0.00847337808161015,0.005819491540204638,0.6064554125556997
34,0.008336086860241246,0.005725200326758764,0.6121806128824584
35,0.008005299402617018,0.005498016458328785,0.6176786293407872
36,0.007896189734895726,0.005423080254356409,0.6231017095951437
37,0.007755519232760011,0.005326468160661237,0.628428177755805
38,0.00739213691135909,0.005076898234135459,0.6335050759899404
39,0.007193917207227992,0.004940761515086379,0.6384458375050268
40,0.007106375735203533,0.004880638285489313,0.6433264757905162
41,0.0066678484912410345,0.004579459043655686,0.6479059348341718
42,0.00651022578955265,0.004471204228375988,0.6523771390625478
43,0.006182978029663734,0.004246451414104942,0.6566235904766528
44,0.006113776368762238,0.004198923913702431,0.6608225143903552
45,0.005862132722406107,0.004026095785769129,0.6648486101761244
46,0.005827149396423486,0.004002069338743718,0.6688506795148681
47,0.005669108952823465,0.003893527619528264,0.6727442071343963
48,0.005513896644307215,0.0037869282553022895,0.6765311353896986
49,0.0054524292299590405,0.0037447126130457737,0.6802758480027443
50,0.005224625849344186,0.003588257910617785,0.6838641059133621
51,0.0051293709840364065,0.0035228371448401976,0.6873869430582024
52,0.005022492212402021,0.0034494331138429668,0.6908363761720453
53,0.004906507665881255,0.0033697752630104908,0.6942061514350558
54,0.0048883012277718095,0.0033572711340155714,0.6975634225690714
55,0.004599091938340637,0.0031586430311523177,0.7007220656002238
56,0.004453346754490842,0.0030585456607446133,0.7037806112609684
57,0.004345234122145174,0.002984294217782291,0.7067649054787507
58,0.0043321244483185105,0.00297529053174417,0.7097401960104949
59,0.004210386889237022,0.002891681528537121,0.712631877539032
60,0.004067973659447641,0.0027938725345337478,0.7154257500735658
61,0.003984177504463039,0.0027363215778388114,0.7181620716514046
62,0.0039450724777585445,0.002709464358687906,0.7208715360100925
63,0.0039061137746585336,0.0026827076341650255,0.7235542436442575
64,0.0037550860527222696,0.0025789822318898737,0.7261332258761474
65,0.0037156621668794653,0.002551906021205717,0.7286851318973531
66,0.003680459016998283,0.0025277285997630555,0.7312128604971161
67,0.0035657120908561524,0.002448920743024327,0.7336617812401404
68,0.0034679532018440464,0.002381780221014521,0.7360435614611549
69,0.0033778102160360855,0.0023198702792810427,0.738363431740436
70,0.003329716957515651,0.002286839968535442,0.7406502717089714
71,0.003320724918252879,0.0022806642619972836,0.7429309359709686
72,0.0031533681955470444,0.0021657241492579844,0.7450966601202266
73,0.0031364612201251283,0.002154112487475557,0.7472507726077021
74,0.0031061663586588253,0.002133306064309164,0.7493840786720113
75,0.003015763089795949,0.002071217360926961,0.7514552960329383
76,0.0029888748224972867,0.0020527505767744952,0.7535080466097127
77,0.0029369219138158736,0.002017069469470116,0.7555251160791828
78,0.0029288938814268904,0.0020115558400625516,0.7575366719192453
79,0.002884220859208122,0.0019808745377090406,0.7595175464569544
80,0.0028471270677214466,0.0019553986290842,0.7614729450860386
81,0.00278856383480187,0.0019151775702266748,0.7633881226562652
82,0.002747525813406328,0.001886992775917023,0.7652751154321822
83,0.0026861635504020504,0.0018448493512991345,0.7671199647834813
84,0.002674581726499867,0.0018368949881667758,0.7689568597716481
85,0.0026208029698482514,0.0017999598937613896,0.7707568196654094
86,0.0025770392420822025,0.0017699030922060477,0.7725267227576155
87,0.0025602697188163376,0.0017583858321665404,0.7742851085897821
88,0.0025099157217905476,0.0017238028527591833,0.7760089114425412
89,0.002464358995765185,0.0016925146251891893,0.7777014260677304
90,0.002424506801684369,0.0016651442536469068,0.7793665703213773
91,0.002386851896472334,0.001639282973739637,0.781005853295117
92,0.0023594383000005398,0.001620455395031633,0.7826263086901486
93,0.002338028041101018,0.001605750891191568,0.7842320595813401
94,0.0022853091720631295,0.0015695437245314386,0.7858016033058716
95,0.0022662653804111322,0.0015564645035472194,0.7873580678094187
96,0.0022392782613299103,0.0015379298282766191,0.7888959976376954
97,0.002207089379313905,0.0015158225972789446,0.7904118202349742
98,0.002161718310429551,0.0014846618784960094,0.7918964821134703
99,0.0021421537964669626,0.0014712250269361103,0.7933677071404064
100,0.0021079567384382895,0.0014477385864656133,0.794815445726872
101,0.002076082258384022,0.0014258472858252218,0.7962412930126972
102,0.0020645070476301053,0.001417897464583951,0.7976591904772812
103,0.002013196972786729,0.0013826578536988486,0.79904184833098
104,0.0019801248082471396,0.0013599439868206434,0.8004017923178006
105,0.001966197985512905,0.0013503790852780456,0.8017521714030786
106,0.0019518265920498263,0.0013405088538456901,0.8030926802569244
107,0.001901276795993776,0.001305791400231092,0.8043984716571555
108,0.0018935490810584907,0.0013004840279814565,0.8056989556851369
109,0.001869264377897318,0.0012838053641425866,0.8069827610492796
110,0.00183276619499899,0.0012587385177722308,0.8082414995670518
111,0.0018152356946050878,0.0012466986208438404,0.8094881981878956
112,0.0018064903979947596,0.0012406923764451822,0.8107288905643408
113,0.0017658701261953394,0.0012127944913489681,0.8119416850556898
114,0.0017577189866739315,0.0012071963123191887,0.8131488813680089
115,0.001740312627800247,0.0011952416754275556,0.8143441230434364
116,0.0017204019705730248,0.0011815670936754198,0.8155256901371118
117,0.001708867084214023,0.0011736449671118571,0.8166993351042237
118,0.0016860204635988805,0.0011579539742030617,0.8178572890784267
119,0.0016722032944438538,0.001148464382421271,0.8190057534608479
120,0.0016627915340432075,0.0011420004126205057,0.8201477538734684
121,0.0016341536580971032,0.00112233200231323,0.8212700858757817
122,0.0016074048625894812,0.0011039610069831492,0.8223740468827648
123,0.0015917230259469945,0.0010931907669682625,0.8234672376497331
124,0.0015800573110230415,0.0010851787877249753,0.824552416437458
125,0.00155704917512472,0.0010693768665871997,0.8256217933040452
126,0.0015504789024189342,0.0010648644223105609,0.8266866577263557
127,0.0015459867593758854,0.0010617792314711308,0.8277484369578268
128,0.0015212494432693831,0.0010447897143714994,0.8287932266721983
129,0.001494858293522801,0.0010266643491148929,0.8298198910213133
130,0.0014930519271487213,0.0010254237419177136,0.830845314763231
131,0.0014654419381830454,0.001006461281413371,0.8318517760446443
132,0.001460236874390801,0.0010028864586669468,0.8328546625033113
133,0.0014470765662445762,0.0009938479971247128,0.8338485105004361
134,0.0014240144187870271,0.0009780089810043965,0.8348265194814405
135,0.0014097756672917738,0.0009682298476916106,0.8357947493291321
136,0.0014004504027335097,0.0009618252829850307,0.8367565746121172
137,0.0013896488494762568,0.0009544068074731121,0.8377109814195903
138,0.0013812993510176296,0.0009486723960994018,0.8386596538156897
139,0.001362011800440977,0.0009354257621912911,0.839595079577881
140,0.0013468236386117677,0.0009249945766092184,0.8405200741544903
141,0.0013241399959901944,0.0009094155165146657,0.841429489671005
142,0.0013210795850156594,0.0009073136351157334,0.8423368033061207
143,0.0013063432071143304,0.0008971927334276376,0.8432339960395483
144,0.0013013450758775102,0.0008937600313613112,0.8441277560709096
145,0.0012853640967539404,0.0008827843411562862,0.8450105404120659
146,0.0012672118712042462,0.0008703174451904853,0.8458808578572564
147,0.0012605382024819748,0.0008657339888290047,0.8467465918460855
148,0.0012422139720924849,0.0008531489604371011,0.8475997408065226
149,0.0012353619722049309,0.000848443026747485,0.84844818383327
150,0.001223563612452769,0.0008403399474201255,0.8492885237806902
151,0.0012102101184154202,0.0008311688063670454,0.8501196925870572
152,0.0012090540034948763,0.0008303747899859975,0.8509500673770433
153,0.0011846744038764305,0.0008136309515349506,0.8517636983285782
154,0.0011780539399560076,0.000809084036077378,0.8525727823646556
155,0.0011534264285143537,0.0007921699325037341,0.8533649522971594
156,0.0011509217422839934,0.0007904497212505525,0.8541554020184099
157,0.0011365531685803118,0.0007805814264207892,0.8549359834448307
158,0.0011321082161195554,0.0007775286459366841,0.8557135120907674
159,0.0011229205475874996,0.0007712185817826315,0.85648473067255
160,0.0011096277519444654,0.0007620891282110748,0.8572468198007611
161,0.0010989852851901675,0.0007547799128489088,0.85800159971361
162,0.0010940154614162852,0.000751366652266192,0.8587529663658762
163,0.001080711346099658,0.0007422294243755765,0.8594951957902518
164,0.001067549255249871,0.0007331897384776961,0.8602283855287295
165,0.0010618120447480756,0.0007292494389114541,0.860957634967641
166,0.0010396332740980347,0.0007140171234255948,0.8616716520910666
167,0.0010326902762862137,0.0007092486926249861,0.8623809007836916
168,0.0010284900535088388,0.0007063639917790559,0.8630872647754706
169,0.0010182450241774223,0.0006993277352885397,0.8637865925107592
170,0.0010120919046873488,0.0006951017906329997,0.8644816943013922
171,0.0009974005810733343,0.0006850118320990214,0.8651667061334912
172,0.0009891315278603876,0.0006793326702871953,0.8658460388037784
173,0.0009817200048461432,0.0006742424577337113,0.8665202812615121
174,0.0009678380552024688,0.0006647083748998248,0.867184989636412
175,0.000961124755505341,0.0006600977000995248,0.8678450873365116
176,0.000957582959032115,0.000657665204533465,0.868502752541045
177,0.0009532959361248756,0.0006547208896095873,0.8691574734306546
178,0.0009471134174747637,0.0006504747536960289,0.8698079481843507
179,0.0009365206917367953,0.0006431997003199022,0.8704511478846706
180,0.0009270707276393342,0.0006367094923307455,0.8710878573770013
181,0.0009205043131156086,0.0006321996978423781,0.8717200570748437
182,0.0009082478710417658,0.0006237820089024102,0.8723438390837461
183,0.000905389898315972,0.0006218191615067547,0.8729656582452529
184,0.0009030942727222085,0.0006202425324936605,0.8735859007777466
185,0.0008993115959360365,0.0006176446010258988,0.8742035453787724
186,0.0008911152532707799,0.0006120153766077651,0.8748155607553801
187,0.0008863280719843263,0.0006087275543567546,0.8754242883097368
188,0.0008707678029322478,0.000598040806611082,0.8760223291163479
189,0.0008618702378654055,0.0005919299846772317,0.8766142591010252
190,0.0008566523837825617,0.0005883463775962455,0.8772026054786214
191,0.0008496605325341914,0.0005835443943968214,0.8777861498730182
192,0.0008396444598451819,0.0005766653846655939,0.8783628152576838
193,0.000836598184935413,0.0005745732118750263,0.8789373884695588
194,0.000832232656909637,0.0005715749798629711,0.8795089634494218
195,0.0008225459822395167,0.0005649221997376722,0.8800738856491594
196,0.0008189529260634073,0.0005624544991560436,0.8806363401483155
197,0.000814535698645029,0.0005594207601507934,0.8811957609084663
198,0.0008128765583345482,0.0005582812673879471,0.8817540421758543
199,0.0008083497003934146,0.0005551722344569948,0.8823092144103113
200,0.0008015814300806388,0.0005505238059969807,0.8828597382163083
201,0.0007908650328244909,0.0005431638153801363,0.8834029020316884
202,0.0007864531208244997,0.0005401337269888489,0.8839430357586772
203,0.000782586908832203,0.000537478423783314,0.8844805141824604
204,0.0007768536339435976,0.0005335408271848194,0.8850140550096453
205,0.0007696926918402393,0.0005286227128756241,0.8855426777225208
206,0.0007667058585240142,0.0005265713643994482,0.8860692490869203
207,0.0007595858464147708,0.0005216813606917388,0.8865909304476121
208,0.0007541326876313658,0.0005179361470234982,0.8871088665946355
209,0.0007511735811685383,0.0005159038412699801,0.8876247704359055
210,0.000745237248702948,0.0005118267853153637,0.8881365972212208
211,0.0007399181297407314,0.000508173629808336,0.8886447708510292
212,0.0007314621557908122,0.0005023660913754004,0.8891471369424047
213,0.0007294485716148077,0.0005009831675916523,0.8896481201099963
214,0.0007238677910577048,0.0004971503036586379,0.8901452704136549
215,0.0007208538130905363,0.0004950803123147644,0.8906403507259696
216,0.0007125263894991066,0.0004893610618959495,0.8911297117878655
217,0.0007114320880727121,0.000488609498843764,0.8916183212867093
218,0.000706465551988983,0.00048519849623712826,0.8921035197829464
219,0.0007036015365427716,0.00048323149871858063,0.892586751281665
220,0.0007020238481582837,0.00048214794690274316,0.8930688992285677
221,0.0006958859765786838,0.00047793247446798116,0.8935468317030357
222,0.0006877970971824909,0.0004723770555119872,0.8940192087585477
223,0.0006842019028533257,0.0004699078864530288,0.8944891166450007
224,0.0006761908045689726,0.00046440588733950855,0.8949535225323403
225,0.0006692832706385426,0.0004596618130299889,0.8954131843453703
226,0.0006633262316084071,0.0004555705358667781,0.8958687548812371
227,0.0006530736198775242,0.00044852907180625574,0.8963172839530433
228,0.0006515203027308012,0.00044746225808597244,0.8967647462111293
229,0.0006509629418244076,0.0004470794642287459,0.8972118256753581
230,0.0006454418939017554,0.00044328762449617575,0.8976551132998543
231,0.0006393383580567504,0.0004390957337445485,0.8980942090335988
232,0.000638010255366613,0.00043818359666116354,0.89853239263026
233,0.0006345723875728661,0.0004358224790113477,0.8989682151092713
234,0.0006316066596927471,0.0004337856256875997,0.8994020007349589
235,0.0006286032006655286,0.00043172285872123675,0.8998337235936802
236,0.0006167089380560563,0.0004235539135890678,0.9002572775072692
237,0.0006151182727418945,0.000422461449255492,0.9006797389565248
238,0.0006132045473955092,0.0004211471082268845,0.9011008860647517
239,0.0006080441980585817,0.00041760299523894566,0.9015184890599907
240,0.000601018669575424,0.0004127778826121486,0.9019312669426028
241,0.0005977275020176186,0.00041051751825975266,0.9023417844608626
242,0.0005926706805762629,0.0004070445079308305,0.9027488289687934
243,0.000591097727541505,0.000405964208339481,0.9031547931771329
244,0.0005888180743081551,0.00040439854909728667,0.9035591917262301
245,0.0005871285225591803,0.00040323816984650876,0.9039624298960767
246,0.0005842485976617021,0.0004012602457628812,0.9043636901418396
247,0.0005767495854170253,0.0003961099458591744,0.9047598000876987
248,0.0005747492196815432,0.0003947361004621163,0.9051545361881609
249,0.0005694060289679521,0.00039106641254592047,0.9055456026007068
250,0.0005676170591488433,0.00038983775325234074,0.9059354403539591
251,0.0005632249981817071,0.00038682129849295917,0.9063222616524521
252,0.0005599884841100197,0.00038459846999663427,0.9067068601224487
253,0.0005565605814595979,0.00038224419637840996,0.9070891043188272
254,0.0005551006813699072,0.00038124154122250024,0.9074703458600497
255,0.0005486134291070339,0.00037678611514575057,0.9078471319751955
256,0.0005456521318247733,0.0003747523047437873,0.9082218842799393
257,0.0005448938152867734,0.00037423149514044084,0.9085961157750798
258,0.0005396348195444971,0.00037061963208684124,0.9089667354071667
259,0.0005360267119596009,0.00036814159424122415,0.9093348770014079
260,0.0005338453913780958,0.00036664346957969234,0.9097015204709876
261,0.0005298204242710762,0.0003638791338208835,0.9100653996048085
262,0.0005261998890006362,0.000361392560676807,0.9104267921654853
263,0.0005237057039182863,0.0003596795615816832,0.910786471727067
264,0.000518654100175093,0.00035621013475275624,0.9111426818618197
265,0.0005132316963905126,0.0003524860435286877,0.9114951679053483
266,0.00051151443199946,0.0003513066313155452,0.9118464745366639
267,0.0005086044616568686,0.0003493080721071806,0.9121957826087711
268,0.0005028062769978352,0.00034532589566623774,0.9125411085044374
269,0.0005012600984016903,0.00034426398468182895,0.9128853724891192
270,0.0004994456326116994,0.0003430178148292456,0.9132283903039484
271,0.0004980321985019676,0.0003420470723738756,0.9135704373763223
272,0.000494324083084142,0.0003395003494380759,0.9139099377257603
273,0.0004871934053822688,0.0003346030206322201,0.9142445407463926
274,0.00048674591572345764,0.0003342956860298102,0.9145788364324224
275,0.0004858029340515912,0.00033364804894703856,0.9149124844813695
276,0.0004814593054188374,0.0003306648573747232,0.9152431493387443
277,0.00047857564637857926,0.0003286843686926428,0.9155718337074369
278,0.0004749080736325295,0.0003261654903464678,0.9158979991977834
279,0.0004732119050770179,0.0003250005666921128,0.9162229997644755
280,0.00047084362695644133,0.00032337404013389645,0.9165463738046095
281,0.0004675869308256969,0.0003211373506578283,0.9168675111552673
282,0.00046396352043413374,0.00031864880288888644,0.9171861599581562
283,0.00046233221365888093,0.0003175284261174704,0.9175036883842737
284,0.0004610919681947174,0.000316676629122581,0.9178203650133963
285,0.00045790498617938823,0.0003144878190991921,0.9181348528324954
286,0.0004550690483598053,0.0003125401052133421,0.9184473929377087
287,0.00045347157533718365,0.00031144296536530103,0.9187588359030741
288,0.00045109302025869523,0.00030980938062213757,0.9190686452836961
289,0.0004478550558484189,0.0003075855560374678,0.9193762308397336
290,0.000446470389147188,0.0003066345709549887,0.9196828654106887
291,0.00044554395507849157,0.0003059982987181771,0.9199888637094068
292,0.0004415835579920418,0.0003032783094625973,0.9202921420188694
293,0.0004383240592902767,0.0003010396951888642,0.9205931817140584
294,0.0004363696561887633,0.0002996974167957766,0.9208928791308542
295,0.00043322530481984024,0.00029753788537694467,0.9211904170162311
296,0.00042988316995669395,0.0002952425168267658,0.9214856595330578
297,0.0004283462294041453,0.00029418695050395933,0.9217798464835618
298,0.00042406129890122776,0.0002912440726373134,0.9220710905561992
299,0.00042318380704445025,0.0002906414137699842,0.9223617319699692
300,0.0004209031859489286,0.0002890750898028518,0.922650807059772
301,0.0004183919567360429,0.00028735038484821034,0.9229381574446202
302,0.0004149718082510222,0.00028500143676833906,0.9232231588813885
303,0.0004141524700864777,0.0002844387176885093,0.923507597599077
304,0.00041186176914806405,0.0002828654709144548,0.9237904630699915
305,0.0004098268679496013,0.0002814679066613847,0.9240719309766529
306,0.00040635966926159885,0.0002790866446382926,0.9243510176212911
307,0.00040448106502461177,0.0002777964246859615,0.9246288140459771
308,0.0004024730304184001,0.0002764173123306839,0.9249052313583077
309,0.0004016262102349151,0.00027583571867979264,0.9251810670769876
310,0.00040004909275283236,0.0002747525589580745,0.9254558196359456
311,0.00039353647438595266,0.0002702797115145156,0.9257260993474601
312,0.0003927276004237373,0.0002697241792185568,0.9259958235266786
313,0.0003919041666371283,0.0002691586472773479,0.926264982173956
314,0.00039081402196376286,0.000268409939071111,0.9265333921130271
315,0.00038550127859420425,0.00026476116230266666,0.9267981532753298
316,0.00038480263563113904,0.00026428133633785985,0.9270624346116676
317,0.00038266122730175236,0.00026281062329555676,0.9273252452349632
318,0.0003808855773043297,0.00026159111201695673,0.9275868363469801
319,0.00037759377200985254,0.0002593303096688606,0.927846166656649
320,0.0003761166779782836,0.00025831584576343683,0.9281044825024124
321,0.00037337196723948734,0.00025643078637261376,0.928360913288785
322,0.000372070458512104,0.00025553691394587195,0.9286164502027309
323,0.00036975634272953106,0.0002539475859246233,0.9288703977886555
324,0.00036806744271578945,0.0002527876542837171,0.9291231854429393
325,0.00036667110871370996,0.0002518286561327863,0.9293750140990721
326,0.00036433082592912387,0.00025022135669029553,0.9296252354557624
327,0.0003628131487312518,0.000249179020383723,0.929874414476146
328,0.00036077615603904674,0.0002477800196988045,0.9301221944958449
329,0.000358932074513509,0.00024651350984477053,0.9303687080056896
330,0.0003569615975085128,0.000245160191941297,0.9306138681976309
331,0.00035644859131352705,0.00024480786077148045,0.9308586760584024
332,0.00035337340750172375,0.00024269583343067245,0.9311013718918331
333,0.000352519093363575,0.00024210909295340944,0.9313434809847865
334,0.00034880012101000114,0.00023955491350556338,0.9315830358982921
335,0.00034693467922630895,0.00023827373348805634,0.9318213096317801
336,0.0003454098136053384,0.00023722646019330674,0.9320585360919734
337,0.0003434747948486772,0.00023589749491215558,0.9322944335868856
338,0.00034061701647136603,0.00023393478099447543,0.93252836836788
339,0.00034013025353547084,0.00023360047361904094,0.9327619688414991
340,0.00033927018401989136,0.0002330097803652175,0.9329949786218643
341,0.00033600242605469664,0.00023076549365326737,0.9332257441155176
342,0.000334768519673259,0.00022991805032204565,0.9334556621658396
343,0.0003318742166104858,0.0002279302513561111,0.9336835924171958
344,0.0003315265515136011,0.00022769147597388945,0.9339112838931697
345,0.00032959388008468686,0.00022636412283064057,0.9341376480160003
346,0.00032819572998043947,0.00022540387738599756,0.9343630518933863
347,0.0003237896208715865,0.0002223777744035474,0.9345854296677899
348,0.00032330304043697386,0.0002220435923694655,0.9348074732601593
349,0.00032257787637664047,0.00022154555179182037,0.9350290188119511
350,0.0003212098920967712,0.00022060602414804514,0.9352496248360992
351,0.0003204366933136438,0.00022007499346182188,0.935469699829561
352,0.00031807306762999453,0.0002184516621838207,0.9356881514917448
353,0.0003174700893888998,0.00021803753847316108,0.9359061890302179
354,0.00031530645323155456,0.0002165515594229546,0.9361227405896408
355,0.0003136467305846145,0.00021541166671311363,0.936338152256354
356,0.0003117424863622605,0.00021410383729304758,0.936552256093647
357,0.0003087390098595926,0.00021204105832459656,0.9367642971519716
358,0.0003082891978555503,0.00021173212874220392,0.9369760292807139
359,0.0003070331691812019,0.0002108694918842442,0.9371868987725981
360,0.00030622698340863425,0.00021031580582915444,0.9373972145784273
361,0.00030455554177721876,0.0002091678645546964,0.937606382442982
362,0.00030168765066995886,0.00020719820524335884,0.9378135806482254
363,0.0002992716886522502,0.0002055389295226135,0.938019119577748
364,0.00029750083294446077,0.0002043227109482565,0.9382234422886963
365,0.0002964298575595818,0.0002035871681538665,0.9384270294568501
366,0.00029536789411328275,0.0002028578147328081,0.9386298872715829
367,0.000294627258153138,0.00020234914809915606,0.938832236419682
368,0.00029379507893880755,0.00020177760982350174,0.9390340140295056
369,0.0002917920742058714,0.00020040195197063078,0.9392344159814763
370,0.0002901589175930723,0.00019928030473614227,0.9394336962862124
371,0.0002885027770498519,0.00019814287220476756,0.9396318391584172
372,0.00028689105945676574,0.0001970359492269625,0.9398288751076441
373,0.0002847807465277868,0.00019558659241565357,0.9400244617000598
374,0.0002832909821733045,0.00019456342656912724,0.9402190251266289
375,0.0002815430330471822,0.000193362940168756,0.9404123880667977
376,0.000279981700364024,0.00019229062140125005,0.940604678688199
377,0.0002795041779413364,0.0001919626603835398,0.9407966413485825
378,0.0002782713931928419,0.00019111598738657685,0.9409877573359691
379,0.0002778768894636182,0.0001908450433672395,0.9411786023793363
380,0.00027681735312372856,0.00019011735687583778,0.9413687197362121
381,0.000275766972145231,0.00018939595826013988,0.9415581156944722
382,0.00027489580275679327,0.00018879764164576602,0.941746913336118
383,0.0002736332792253732,0.0001879305441387689,0.9419348438802568
384,0.0002705234443896689,0.00018579471857504333,0.9421206385988319
385,0.00026885215669053813,0.0001846468830208329,0.9423052854818527
386,0.0002673510177696488,0.00018361590515502196,0.9424889013870077
387,0.0002671026201678612,0.00018344530640110264,0.9426723466934088
388,0.0002651578584422678,0.00018210964967708994,0.942854456343086
389,0.0002645014312782086,0.00018165881740084657,0.9430361151604868
390,0.0002632562311605263,0.00018080361756426177,0.943216918778051
391,0.00026136620955185137,0.00017950555619410306,0.9433964243342451
392,0.0002606794316361589,0.00017903387910948838,0.9435754582133545
393,0.00026027904489063936,0.00017875889465158748,0.9437542171080061
394,0.00025960796112114103,0.00017829799626115214,0.9439325151042672
395,0.0002579275707736629,0.0001771439090344044,0.9441096590133017
396,0.00025683325026017303,0.00017639233287325705,0.9442860513461749
397,0.0002547681266067895,0.00017497401192562642,0.9444610253581006
398,0.00025363488765460144,0.0001741957066934308,0.944635221064794
399,0.0002526183445199323,0.00017349754781093043,0.944808718612605
400,0.0002509193397774246,0.0001723306762715559,0.9449810492888765
401,0.0002507908208114668,0.00017224240981773497,0.9451532916986942
402,0.00024703137161296906,0.0001696604309899557,0.9453229521296842
403,0.00024674378340991437,0.00016946291624452356,0.9454924150459287
404,0.00024571515759475287,0.0001687564590120344,0.9456611715049408
405,0.0002443194377758812,0.00016779788268035298,0.9458289693876212
406,0.00024345320872565002,0.00016720295907595955,0.9459961723466971
407,0.0002427045435031322,0.00016668877796815042,0.9461628611246652
408,0.00024227285693140976,0.0001663922968802109,0.9463292534215454
409,0.0002405203829927273,0.00016518870285167042,0.946494442124397
410,0.00023947392670021876,0.00016446999969894977,0.946658912124096
411,0.0002382221010225308,0.00016361024944693082,0.9468225223735429
412,0.00023758352367866153,0.00016317167637552749,0.9469856940499184
413,0.00023656149141134446,0.00016246974757261283,0.947148163797491
414,0.0002356864458359981,0.00016186876880428978,0.9473100325662953
415,0.00023540381522324028,0.00016167465891752376,0.9474717072252128
416,0.00023514494123986796,0.000161496865015056,0.9476332040902279
417,0.0002328134014791004,0.0001598955702560171,0.9477930996604839
418,0.00023109102401556688,0.00015871264639949449,0.9479518123068833
419,0.0002310178736536117,0.00015866240694263782,0.9481104747138259
420,0.00022846874364158398,0.00015691167182884977,0.9482673863856548
421,0.00022730835432656796,0.0001561147198060508,0.9484235011054608
422,0.00022648550028535628,0.00015554958603230273,0.9485790506914931
423,0.00022609692412068887,0.00015528271304714525,0.9487343334045402
424,0.00022522525962793104,0.00015468405639655744,0.9488890174609367
425,0.00022431196555831179,0.00015405680867307828,0.9490430742696098
426,0.00022253101464830027,0.00015283365674305578,0.9491959079263528
427,0.00022080486510990302,0.00015164814223643506,0.9493475560685892
428,0.00022054431604764095,0.00015146919789463432,0.9494990252664839
429,0.00022016473516143673,0.0001512085028406885,0.9496502337693246
430,0.00021945348162575007,0.00015072001597110665,0.9498009537852957
431,0.00021887229070936283,0.00015032085573199257,0.9499512746410277
432,0.00021804360138481726,0.00014975171430254105,0.9501010263553302
433,0.00021740042172803173,0.00014930998037594823,0.9502503363357062
434,0.00021624489142283468,0.00014851636550702852,0.9503988527012133
435,0.00021495184039096844,0.000147628301801087,0.9505464810030143
436,0.00021434610226963492,0.00014721228261266786,0.950693693285627
437,0.0002125345807489822,0.0001459681348757438,0.9508396614205028
438,0.0002123825578926507,0.00014586372601804642,0.9509855251465208
439,0.00021159807323039526,0.0001453249442227051,0.9511308500907435
440,0.00021017004239777147,0.00014434417678030315,0.9512751942675238
441,0.00020912043393014868,0.00014362330872283801,0.9514188175762467
442,0.00020850851523780098,0.00014320304473613605,0.9515620206209828
443,0.00020816020471525293,0.000142963826077437,0.9517049844470603
444,0.0002073865486187614,0.00014243248130971898,0.95184741692837
445,0.0002063132044237884,0.00014169531162341292,0.9519891122399935
446,0.00020451939466036262,0.00014046332827008553,0.9521295755682636
447,0.0002035306857260794,0.00013978428583584396,0.9522693598540994
448,0.00020284765530650186,0.00013931518252071386,0.9524086750366202
449,0.0002025394506975005,0.00013910350848735187,0.9525477785451075
450,0.00020130435998079956,0.00013825525175809936,0.9526860337968657
451,0.0002010165554856618,0.00013805758846389065,0.9528240913853295
452,0.00020015451155286332,0.00013746553918603615,0.9529615569245156
453,0.00019988112674986013,0.00013727777929464755,0.9530988347038102
454,0.00019889722059454075,0.00013660203539509665,0.9532354367392053
455,0.0001973032657986639,0.00013550731185500044,0.9533709440510603
456,0.00019627935292940626,0.00013480409146011642,0.9535057481425204
457,0.00019536652445640044,0.00013417716350704368,0.9536399253060275
458,0.0001948604161661544,0.00013382956979823626,0.9537737548758257
459,0.00019407331428493506,0.00013328899050448606,0.9539070438663302
460,0.00019345961283141983,0.00013286750212257445,0.9540399113684528
461,0.00019213499507615613,0.00013195775848237363,0.9541718691269352
462,0.00019151679566388664,0.00013153318091540896,0.9543034023078506
463,0.0001904554045877291,0.00013080422059650698,0.9544342065284471
464,0.00019035173477290155,0.00013073302046775635,0.9545649395489149
465,0.0001893813793186544,0.00013006658315047926,0.9546950061320654
466,0.0001892393740323013,0.00012996905433084713,0.9548249751863962
467,0.00018870019723837527,0.0001295987492694293,0.9549545739356656
468,0.00018720334161523509,0.00012857071316011448,0.9550831446488257
469,0.0001867308703820585,0.0001282462212847397,0.9552113908701104
470,0.00018609527061913225,0.0001278096932073094,0.9553392005633178
471,0.00018551861867427717,0.00012741365032070554,0.9554666142136384
472,0.00018498230279395667,0.00012704531012647105,0.9555936595237648
473,0.00018403822463512824,0.00012639691997962774,0.9557200564437445
474,0.0001831237340790038,0.00012576885051268004,0.9558458252942571
475,0.00018237652266409673,0.00012525566787572993,0.9559710809621328
476,0.0001821569679239639,0.00012510487831570927,0.9560961858404485
477,0.00018143407184510515,0.00012460839538117624,0.9562207942358297
478,0.0001805825297013054,0.00012402355870160857,0.9563448177945313
479,0.00017981755085396273,0.00012349817344348962,0.9564683159679748
480,0.00017814724779761584,0.0001223510141390931,0.9565906669821138
481,0.00017790546583112108,0.00012218495898434387,0.9567128519410981
482,0.00017722398898882566,0.00012171692266159431,0.9568345688637597
483,0.00017713158946601882,0.00012165346293678157,0.9569562223266965
484,0.00017630452913683654,0.00012108544029663041,0.9570773077669932
485,0.00017559439479258022,0.00012059772208448342,0.9571979054890777
486,0.00017519600380670232,0.00012032410830852764,0.9573182295973862
487,0.00017442595489601892,0.00011979524094558162,0.9574380248383318
488,0.00017393838087029947,0.00011946037651600353,0.9575574852148478
489,0.0001728385356895964,0.00011870500602940532,0.9576761902208772
490,0.0001722142509788071,0.00011827624909703119,0.9577944664699742
491,0.00017169832345099528,0.00011792191156428545,0.9579123883815385
492,0.00017094166798143723,0.00011740224277793691,0.9580297906243164
493,0.00017008684155663418,0.00011681515046368255,0.9581466057747801
494,0.00016920706896881516,0.00011621092519687564,0.9582628166999769
495,0.00016806803879027305,0.0001154286425671828,0.9583782453425441
496,0.00016766504919677152,0.00011515187048082183,0.958493397213025
497,0.00016681140475220498,0.00011456558994717264,0.9586079628029721
498,0.00016587667895879706,0.00011392362297782967,0.9587218864259499
499,0.0001657307061050049,0.00011382336924436453,0.9588357097951943
500,0.00016551106179906456,0.00011367251817080652,0.9589493823133651
501,0.00016487920258308788,0.00011323855909019413,0.9590626208724553
502,0.00016419027039816562,0.000112765402459708,0.959175386274915
503,0.0001639316385371263,0.0001125877748461577,0.9592879740497612
504,0.0001631806426093312,0.00011207199301671038,0.9594000460427778
505,0.00016268438038678822,0.00011173116155870194,0.9595117772043366
506,0.00016201935416673284,0.0001112744234756904,0.9596230516278123
507,0.000161368159505395,0.00011082718486717055,0.9597338788126795
508,0.00015997378400955337,0.000109869531812655,0.9598437483444922
509,0.00015985100636880376,0.00010978520848436881,0.9599535335529765
510,0.0001595724462461824,0.00010959389419844645,0.9600631274471749
511,0.0001592310102054785,0.00010935939691397975,0.960172486844089
512,0.00015868907837660772,0.00010898719970253632,0.9602814740437915
513,0.00015758075080761982,0.00010822600353621644,0.9603897000473277
514,0.00015677498683374256,0.00010767260717124633,0.960497372654499
515,0.00015667165963724786,0.00010760164235177498,0.9606049742968508
516,0.00015554703508664642,0.00010682925346565462,0.9607118035503164
517,0.00015541095923650731,0.00010673579696565147,0.960818539347282
518,0.00015462793447483438,0.00010619801782580451,0.9609247373651079
519,0.00015417459055398766,0.00010588666253317377,0.9610306240276411
520,0.00015355372866738054,0.00010546025638654056,0.9611360842840276
521,0.00015316601061492391,0.00010519397275036564,0.961241278256778
522,0.00015262494695064067,0.00010482237179184803,0.9613461006285698
523,0.0001520835442200692,0.0001044505379635851,0.9614505511665334
524,0.00015169091097526067,0.00010418087858752995,0.961554732045121
525,0.0001509121277931523,0.00010364601255225065,0.9616583780576733
526,0.00015036204790444427,0.00010326821927689562,0.9617616462769502
527,0.0001496486113649383,0.00010277823312660939,0.9618644245100768
528,0.00014944983949113694,0.00010264171717902904,0.9619670662272558
529,0.00014858192449727767,0.00010204563567343181,0.9620691118629292
530,0.00014785900845928603,0.00010154913903102408,0.9621706610019602
531,0.00014702303782146135,0.00010097499681668827,0.962271635998777
532,0.00014638502313292945,0.00010053681017534202,0.9623721728089523
533,0.0001459813107366578,0.00010025954167013068,0.9624724323506224
534,0.0001455431278086119,9.995859890347195e-05,0.9625723909495258
535,0.000144942313471261,9.954596135564015e-05,0.9626719369108815
536,0.00014375915280677993,9.873337003594041e-05,0.9627706702809175
537,0.00014363252573164226,9.864640292725871e-05,0.9628693166838447
538,0.0001430585743807015,9.825221480073833e-05,0.9629675688986454
539,0.00014275658636408927,9.804481030503523e-05,0.9630656137089505
540,0.00014250639242596204,9.787297783251735e-05,0.963163486686783
541,0.00014169861224653946,9.731819674341464e-05,0.9632608048835264
542,0.00014161299472356705,9.725939487645763e-05,0.9633580642784029
543,0.00014101184483044832,9.684652686989578e-05,0.9634549108052728
544,0.00014069624899925998,9.662977656652971e-05,0.9635515405818393
545,0.0001396516061177611,9.591231885924154e-05,0.9636474529006985
546,0.00013923298709118734,9.562481252348605e-05,0.963743077713222
547,0.00013891782587896175,9.540836071516559e-05,0.9638384860739372
548,0.00013850459298229935,9.512455355784302e-05,0.963933610627495
549,0.00013834830272010115,9.501721385814844e-05,0.9640286278413532
550,0.0001377667734999884,9.46178212730149e-05,0.9641232456626263
551,0.00013745681863543637,9.440494516920686e-05,0.9642176506077955
552,0.00013659245496070135,9.381130269930484e-05,0.9643114619104948
553,0.0001363022270270537,9.361197499454217e-05,0.9644050738854894
554,0.00013583159480201945,9.328874614463655e-05,0.964498362631634
555,0.0001354355017223471,9.301671056401143e-05,0.9645913793421981
556,0.00013489075000689183,9.264257666262395e-05,0.9646840219188607
557,0.0001347042089217339,9.251446078528181e-05,0.964776536379646
558,0.00013435504483793792,9.227465590318835e-05,0.9648688110355492
559,0.00013428482863126157,9.222643161568427e-05,0.9649610374671649
560,0.00013358493633274462,9.17457476109054e-05,0.9650527832147758
561,0.0001329263616058475,9.129344039472107e-05,0.9651440766551705
562,0.00013226771573977055,9.084108432035396e-05,0.9652349177394909
563,0.00013111885962477154,9.005205326594376e-05,0.9653249697927568
564,0.00013093620459494337,8.99266063201539e-05,0.965414896399077
565,0.00013057516637564017,8.96786463161638e-05,0.9655045750453931
566,0.00012994650771230737,8.924688536584323e-05,0.9655938219307589
567,0.00012959531492213008,8.900568717407916e-05,0.965682827617933
568,0.00012918150032411197,8.872148050594923e-05,0.965771549098439
569,0.00012877431497850027,8.844182678918361e-05,0.9658599909252281
570,0.00012831814971451855,8.812853380625414e-05,0.9659481194590344
571,0.0001280623317234159,8.79528387504316e-05,0.9660360722977848
572,0.00012752698174962377,8.758516193800498e-05,0.9661236574597227
573,0.00012636504865252895,8.678714965014278e-05,0.9662104446093729
574,0.0001262173705044455,8.66857247254944e-05,0.9662971303340984
575,0.00012607095359986952,8.658516601923624e-05,0.9663837155001176
576,0.00012528203280369829,8.604333749996195e-05,0.9664697588376175
577,0.00012515419589100737,8.595553947835057e-05,0.9665557143770959
578,0.0001246468853403527,8.560712006057445e-05,0.9666413214971564
579,0.00012444517729018356,8.546858755556349e-05,0.966726790084712
580,0.0001242251987028248,8.531750689849488e-05,0.9668121075916104
581,0.0001235245723272352,8.483631873170731e-05,0.9668969439103421
582,0.00012311094310585264,8.45522393797141e-05,0.9669814961497218
583,0.0001225425356825252,8.416185880663161e-05,0.9670656580085285
584,0.00012197398696511457,8.377138119318178e-05,0.9671494293897217
585,0.00012142053826734874,8.339127422951688e-05,0.9672328206639512
586,0.00012118212780100244,8.322753461131081e-05,0.9673160481985625
587,0.00012103387303426054,8.312571366663682e-05,0.9673991739122292
588,0.00012067330382588944,8.287807577799734e-05,0.9674820519880072
589,0.00012055902014354824,8.279958607576023e-05,0.9675648515740829
590,0.00012003021210262129,8.243640224388973e-05,0.9676472879763268
591,0.00011950916216492396,8.207854665486147e-05,0.9677293665229817
592,0.00011911451341150145,8.180750303332415e-05,0.967811174026015
593,0.00011863432124969718,8.147770844651615e-05,0.9678926517344615
594,0.00011819676644073498,8.117719707022602e-05,0.9679738289315317
595,0.00011745162321281908,8.066543485811505e-05,0.9680544943663898
596,0.00011692926324194452,8.030667954209257e-05,0.9681348010459319
597,0.00011679100785776153,8.021172614441675e-05,0.9682150127720762
598,0.00011630311844374772,7.9876645107071e-05,0.9682948894171833
599,0.00011577325981244476,7.95127397327712e-05,0.9683744021569161
600,0.00011559773367805358,7.939218889173282e-05,0.9684537943458078
601,0.00011505140641271958,7.901697290724907e-05,0.968532811318715
602,0.00011472867513769673,7.879532200171106e-05,0.9686116066407168
603,0.00011439479666087577,7.856601523024372e-05,0.968690172655947
604,0.00011406472428863353,7.833932248038428e-05,0.9687685119784274
605,0.00011379376105304076,7.815322571448392e-05,0.9688466652041419
606,0.00011345977516695367,7.792384517464352e-05,0.9689245890493166
607,0.00011322748830819088,7.776431123240099e-05,0.969002353360549
608,0.0001129195448878485,7.755281658265397e-05,0.9690799061771316
609,0.00011274490305709242,7.743287307879256e-05,0.9691573390502104
610,0.00011211134140325979,7.699774476878842e-05,0.9692343367949792
611,0.00011156726590132792,7.662407528889153e-05,0.969310960870268
612,0.0001111396101148382,7.63303625325827e-05,0.9693872912328007
613,0.00011091896978909833,7.617882739550934e-05,0.9694634700601962
614,0.00011074353040546279,7.605833613463884e-05,0.9695395283963308
615,0.00011058845396166995,7.595183008191163e-05,0.9696154802264128
616,0.00010985607662855329,7.544883544939783e-05,0.9696909290618622
617,0.00010915663752126035,7.496846269503985e-05,0.9697658975245572
618,0.00010913830869515662,7.495587451032471e-05,0.9698408533990676
619,0.0001081875480723025,7.4302894866531e-05,0.9699151562939341
620,0.00010804004890976146,7.420159286863505e-05,0.9699893578868027
621,0.00010800542892687596,7.417781596459704e-05,0.9700635357027674
622,0.00010747482074034852,7.381339579793867e-05,0.9701373490985653
623,0.00010741229873287807,7.377045586417831e-05,0.9702111195544295
624,0.00010688943429704704,7.341135408308389e-05,0.9702845309085126
625,0.00010671490287726118,7.329148640915724e-05,0.9703578223949217
626,0.00010628896635661313,7.299895443965205e-05,0.9704308213493614
627,0.0001059108429032703,7.273926034637687e-05,0.9705035606097078
628,0.00010578718891865659,7.26543351476614e-05,0.9705762149448555
629,0.00010559063089711585,7.251933966740561e-05,0.9706487342845229
630,0.00010500672677940524,7.211831600947605e-05,0.9707208526005324
631,0.00010466126105360773,7.1881051148951e-05,0.9707927336516814
632,0.00010446092304863498,7.17434595870153e-05,0.9708644771112684
633,0.00010381192064651634,7.129772661578168e-05,0.9709357748378842
634,0.0001036724302646378,7.120192502526327e-05,0.9710069767629095
635,0.00010335778856816784,7.098583001886005e-05,0.9710779625929283
636,0.0001027488512597883,7.056761363803778e-05,0.9711485302065663
637,0.00010230436276570612,7.026234022687682e-05,0.9712187925467932
638,0.00010209888158399675,7.012121634604538e-05,0.9712889137631393
639,0.00010203297190286753,7.007594976782181e-05,0.9713589897129071
640,0.00010196447060264781,7.002890327310834e-05,0.9714290186161803
641,0.00010150444522287003,6.971295917382327e-05,0.971498731575354
642,0.00010117601974220527,6.94873975043323e-05,0.9715682189728584
643,0.00010051633671427456,6.903432911020608e-05,0.9716372533019686
644,0.00010001030599971305,6.868678868015426e-05,0.9717059400906487
645,9.973095274574651e-05,6.849492967391977e-05,0.9717744350203226
646,9.939899796526505e-05,6.826694409153027e-05,0.9718427019644141
647,9.9270722231211e-05,6.817884468867684e-05,0.9719108808091028
648,9.90143925356243e-05,6.80027981956958e-05,0.9719788836072986
649,9.86693876456041e-05,6.77658498358487e-05,0.9720466494571344
650,9.848202259818646e-05,6.763716806361156e-05,0.9721142866251979
651,9.821742191408554e-05,6.745544107965935e-05,0.9721817420662776
652,9.803830042689115e-05,6.733242096072251e-05,0.9722490744872383
653,9.793156123758631e-05,6.725911279446518e-05,0.9723163336000328
654,9.726693289247525e-05,6.680264797081377e-05,0.9723831362480035
655,9.714471274462942e-05,6.671870752704022e-05,0.9724498549555306
656,9.697339657722933e-05,6.660104807914555e-05,0.9725164560036097
657,9.621153703649355e-05,6.607780515177535e-05,0.9725825338087615
658,9.574107008765721e-05,6.575468981308405e-05,0.9726482884985745
659,9.571294456711117e-05,6.573537328698252e-05,0.9727140238718616
660,9.531750417449115e-05,6.546378596993575e-05,0.9727794876578315
661,9.489032674213942e-05,6.517040174586429e-05,0.9728446580595774
662,9.46117586086577e-05,6.497908195810624e-05,0.9729096371415356
663,9.44280586526842e-05,6.485291736006429e-05,0.9729744900588956
664,9.400131323586786e-05,6.455982984301209e-05,0.9730390498887386
665,9.38701989532954e-05,6.446978093325241e-05,0.9731035196696718
666,9.352777601642668e-05,6.423460585135629e-05,0.9731677542755232
667,9.331827127644127e-05,6.409071860234707e-05,0.9732318449941255
668,9.323195766094644e-05,6.40314386610605e-05,0.9732958764327866
669,9.309019803694827e-05,6.393407856162268e-05,0.9733598105113482
670,9.259162493993515e-05,6.359166000171697e-05,0.9734234021713499
671,9.230306682663094e-05,6.339347912473288e-05,0.9734867956504747
672,9.224034861535002e-05,6.33504044387634e-05,0.9735501460549134
673,9.181567921851691e-05,6.305874272622661e-05,0.9736132047976397
674,9.123558226005638e-05,6.266033381425015e-05,0.973675865131454
675,9.122381219804632e-05,6.265225016973016e-05,0.9737385173816238
676,9.091196735011872e-05,6.243807603081032e-05,0.9738009554576545
677,9.053628982856332e-05,6.218006179640699e-05,0.9738631355194509
678,9.049916959233525e-05,6.21545677256103e-05,0.9739252900871765
679,9.034313836477167e-05,6.204740593015297e-05,0.9739873374931067
680,9.010877924485278e-05,6.188644876494661e-05,0.9740492239418717
681,8.957906216048041e-05,6.152264060466904e-05,0.9741107465824763
682,8.949118118255483e-05,6.146228420340178e-05,0.9741722088666798
683,8.892623461701942e-05,6.107428053743339e-05,0.9742332831472172
684,8.870130241432915e-05,6.091979775169336e-05,0.9742942029449689
685,8.848196871076488e-05,6.076915999894818e-05,0.9743549721049679
686,8.831925242160171e-05,6.065740692253422e-05,0.9744156295118904
687,8.790412610412984e-05,6.037229936928023e-05,0.9744760018112597
688,8.784230373545466e-05,6.032983994541935e-05,0.9745363316512051
689,8.751534682561166e-05,6.010528688611797e-05,0.9745964369380913
690,8.704456960204293e-05,5.9781958451638546e-05,0.974656218896543
691,8.660928280091399e-05,5.9483004736563524e-05,0.9747157019012795
692,8.64583994674111e-05,5.9379378499846484e-05,0.9747750812797794
693,8.645266351571136e-05,5.9375439064821847e-05,0.9748344567188443
694,8.627339027164609e-05,5.9252314719705335e-05,0.974893709033564
695,8.573586163633359e-05,5.888314160885267e-05,0.9749525921751728
696,8.567922276938342e-05,5.884424219897283e-05,0.9750114364173718
697,8.55402198135773e-05,5.874877537127011e-05,0.975070185192743
698,8.514548779862232e-05,5.847767456595329e-05,0.9751286628673089
699,8.498220487076776e-05,5.8365532323726224e-05,0.9751870283996327
700,8.466702010091409e-05,5.814906433609498e-05,0.9752451774639688
701,8.436904086092116e-05,5.794441305657059e-05,0.9753031218770254
702,8.408263560030095e-05,5.774771075257842e-05,0.975360869587778
703,8.401632222175262e-05,5.770216691613591e-05,0.9754185717546942
704,8.382081350123876e-05,5.75678920927882e-05,0.9754761396467869
705,8.32877381928175e-05,5.720177751395425e-05,0.9755333414243009
706,8.312794112012224e-05,5.7092029346960756e-05,0.9755904334536479
707,8.302774777666446e-05,5.7023216848684204e-05,0.9756474566704966
708,8.254152205866448e-05,5.668927843294517e-05,0.9757041459489295
709,8.226701145422943e-05,5.6500745344391815e-05,0.9757606466942739
710,8.216230944086516e-05,5.642883630467386e-05,0.9758170755305785
711,8.200468345385087e-05,5.632057923304184e-05,0.9758733961098115
712,8.176106282901329e-05,5.615326129306479e-05,0.9759295493711045
713,8.168769099666358e-05,5.610286973098223e-05,0.9759856522408356
714,8.147735662327946e-05,5.595841269215616e-05,0.9760416106535277
715,8.123662694622162e-05,5.5793080246746374e-05,0.9760974037337744
716,8.108241368952511e-05,5.568716702841844e-05,0.9761530909008028
717,8.085200317127173e-05,5.552892175140669e-05,0.9762086198225542
718,8.05784078067113e-05,5.5341017246950054e-05,0.9762639608398012
719,8.024051916660707e-05,5.510895630694723e-05,0.976319069796108
720,8.011356045274919e-05,5.5021761429752414e-05,0.9763740915575378
721,7.943148229210636e-05,5.4553312123302374e-05,0.9764286448696612
722,7.938373603841997e-05,5.4520520134472385e-05,0.9764831653897956
723,7.927421064169243e-05,5.444529840902184e-05,0.9765376106882047
724,7.900435947665668e-05,5.425996540996116e-05,0.9765918706536146
725,7.868355774028589e-05,5.4039639705984306e-05,0.9766459102933206
726,7.854828993455276e-05,5.394673816854029e-05,0.9766998570314891
727,7.835393857612329e-05,5.381325821812214e-05,0.9767536702897072
728,7.819296983590797e-05,5.370270535326727e-05,0.9768073729950605
729,7.775643697284008e-05,5.340289584645931e-05,0.9768607758909069
730,7.76581718504726e-05,5.333540764484633e-05,0.9769141112985518
731,7.717460199769361e-05,5.300329326965365e-05,0.9769671145918214
732,7.691588987689803e-05,5.282561053393508e-05,0.9770199402023553
733,7.682211565083308e-05,5.276120666690375e-05,0.9770727014090221
734,7.655584289141704e-05,5.257833130646495e-05,0.9771252797403286
735,7.651560445596088e-05,5.255069566546407e-05,0.977177830435994
736,7.62608572187131e-05,5.2375736000289745e-05,0.9772302061719943
737,7.61553695466827e-05,5.2303287372473986e-05,0.9772825094593668
738,7.600964322934321e-05,5.220320295953095e-05,0.9773347126623263
739,7.573416166860189e-05,5.2014003020996885e-05,0.9773867266653473
740,7.560677121225391e-05,5.192651162430956e-05,0.9774386531769717
741,7.533179438368806e-05,5.173765833437266e-05,0.977490390835306
742,7.514225895501693e-05,5.16074859505728e-05,0.9775419983212565
743,7.486191588794082e-05,5.141494714355967e-05,0.9775934132684001
744,7.474488983075421e-05,5.133457398621655e-05,0.9776447478423863
745,7.440411893558538e-05,5.1100533521778055e-05,0.9776958483759081
746,7.418922983912515e-05,5.095294831232699e-05,0.9777468013242204
747,7.400893343646941e-05,5.082912126485208e-05,0.9777976304454853
748,7.376291540439782e-05,5.0660156792526024e-05,0.9778482906022778
749,7.349354771747737e-05,5.047515584483549e-05,0.9778987657581227
750,7.34855708323003e-05,5.046967734318503e-05,0.977949235435466
751,7.331416513598225e-05,5.035195640708864e-05,0.9779995873918731
752,7.312730221158474e-05,5.0223619491488316e-05,0.9780498110113646
753,7.291647882557858e-05,5.007882660020888e-05,0.9780998898379648
754,7.280860898915023e-05,5.00047419087798e-05,0.9781498945798736
755,7.2470838618052e-05,4.977276219558795e-05,0.9781996673420692
756,7.222479153842301e-05,4.960377777348356e-05,0.9782492711198427
757,7.204250771234406e-05,4.9478585769354195e-05,0.978298749705612
758,7.1610387847984e-05,4.918180709728532e-05,0.9783479315127093
759,7.14716272454313e-05,4.9086506717095554e-05,0.9783970180194264
760,7.142998589269356e-05,4.9057907556566426e-05,0.978446075926983
761,7.130962542334325e-05,4.8975244334600754e-05,0.9784950511713175
762,7.088259031234343e-05,4.868195785642185e-05,0.978543733129174
763,7.066867396377901e-05,4.853504072741e-05,0.9785922681699014
764,7.056222345720605e-05,4.846193082761733e-05,0.978640730100729
765,7.04134596333088e-05,4.8359760263962505e-05,0.978689089860993
766,7.027376689159922e-05,4.826381969329788e-05,0.9787373536806863
767,6.99579046637114e-05,4.8046886429449686e-05,0.9787854005671157
768,6.969467588360759e-05,4.786610166519172e-05,0.9788332666687809
769,6.955894858677282e-05,4.777288455058911e-05,0.9788810395533315
770,6.925220495261061e-05,4.756221391051784e-05,0.9789286017672421
771,6.903306500427902e-05,4.741170922830564e-05,0.9789760134764703
772,6.897567426790102e-05,4.737229343667907e-05,0.979023385769907
773,6.859233650895897e-05,4.710901817341119e-05,0.9790704947880804
774,6.844604489528255e-05,4.700854551658019e-05,0.9791175033335969
775,6.826963027517597e-05,4.688738446612421e-05,0.979164390718063
776,6.818072812407574e-05,4.682632672607639e-05,0.9792112170447891
777,6.814538508379426e-05,4.680205322831172e-05,0.9792580190980174
778,6.797017347203292e-05,4.668171840050513e-05,0.9793047008164179
779,6.786591839477898e-05,4.661011631521409e-05,0.9793513109327331
780,6.771605715821054e-05,4.6507192051713156e-05,0.9793978181247848
781,6.747436120793749e-05,4.634119597265605e-05,0.9794441593207575
782,6.737828606309252e-05,4.627521184126662e-05,0.9794904345325988
783,6.727128416752099e-05,4.620172324910574e-05,0.9795366362558479
784,6.71385745135437e-05,4.611057864288306e-05,0.9795827468344908
785,6.666125982925199e-05,4.578276029930181e-05,0.9796285295947901
786,6.649246357782848e-05,4.5666831522405937e-05,0.9796741964263125
787,6.647258534952246e-05,4.565317921274301e-05,0.9797198496055253
788,6.617147580736231e-05,4.544637805075086e-05,0.979765295983576
789,6.612060699458686e-05,4.5411441497376767e-05,0.9798107074250734
790,6.592309128355022e-05,4.5275788278747245e-05,0.9798559832133521
791,6.57139094466293e-05,4.5132122798628085e-05,0.9799011153361508
792,6.5582230719168e-05,4.504168622975255e-05,0.9799461570223805
793,6.541913543340018e-05,4.4929672859567525e-05,0.97999108669524
794,6.528976328181256e-05,4.484082044032564e-05,0.9800359275156804
795,6.495752515983544e-05,4.461264025981705e-05,0.9800805401559401
796,6.489420288186613e-05,4.456915070259445e-05,0.9801251093066428
797,6.47440174658193e-05,4.44660037935661e-05,0.9801695753104364
798,6.449189222704823e-05,4.429284490935619e-05,0.9802138681553457
799,6.437587858096519e-05,4.421316707302858e-05,0.9802580813224188
800,6.422142856587773e-05,4.410709124972303e-05,0.9803021884136685
801,6.413134701966225e-05,4.404522350452383e-05,0.980346233637173
802,6.386928679378721e-05,4.38652412999278e-05,0.980390098878473
803,6.36090215824293e-05,4.368649190610645e-05,0.9804337853703791
804,6.351598067558854e-05,4.3622591680595696e-05,0.9804774079620596
805,6.336294501757477e-05,4.35174872336345e-05,0.9805209254492933
806,6.300132474711641e-05,4.3269127478595803e-05,0.9805641945767719
807,6.275991332484956e-05,4.3103326812549784e-05,0.9806072979035845
808,6.260382282341246e-05,4.29961243079677e-05,0.9806502940278924
809,6.259572134867223e-05,4.2990560238565886e-05,0.980693284588131
810,6.242779881205969e-05,4.287523152647321e-05,0.9807361598196574
811,6.223641499513936e-05,4.2743789674973964e-05,0.9807789036093324
812,6.209977109453069e-05,4.2649943039552546e-05,0.980821553552372
813,6.200532277323604e-05,4.258507620586863e-05,0.9808641386285779
814,6.181684149270927e-05,4.245562780796308e-05,0.9809065942563858
815,6.167595179067941e-05,4.235886516841508e-05,0.9809489531215543
816,6.149581732595164e-05,4.223514933944037e-05,0.9809911882708937
817,6.129863482756468e-05,4.209972497029417e-05,0.981033287995864
818,6.125348754739695e-05,4.206871794895405e-05,0.981075356713813
819,6.105852054233611e-05,4.1934815174211467e-05,0.9811172915289872
820,6.088447444447871e-05,4.181528081798051e-05,0.9811591068098051
821,6.0733173367392344e-05,4.1711367676179495e-05,0.9812008181774813
822,6.060820480667996e-05,4.1625539630404505e-05,0.9812424437171117
823,6.040873854067341e-05,4.1488546776267546e-05,0.9812839322638879
824,6.028972000967445e-05,4.1406805193677334e-05,0.9813253390690816
825,6.007401400107157e-05,4.125865893133125e-05,0.9813665977280129
826,5.977351661782844e-05,4.10522781983114e-05,0.9814076500062112
827,5.964093064937185e-05,4.0961218538946315e-05,0.9814486112247501
828,5.953373077782548e-05,4.0887593977458964e-05,0.9814894988187276
829,5.9389840003124475e-05,4.078877020988705e-05,0.9815302875889375
830,5.9192373402057665e-05,4.065315071984266e-05,0.9815709407396573
831,5.904591186986614e-05,4.0552561363467335e-05,0.9816114933010208
832,5.88618923430399e-05,4.0426177285088725e-05,0.9816519194783059
833,5.869914521086998e-05,4.0314403025787006e-05,0.9816922338813316
834,5.8603629769665454e-05,4.024880329723777e-05,0.9817324826846289
835,5.853814351878233e-05,4.0203827529681594e-05,0.9817726865121585
836,5.83905583053924e-05,4.01024664323117e-05,0.9818127889785908
837,5.808537526622197e-05,3.989286760436365e-05,0.9818526818461952
838,5.7968127787605094e-05,3.981234237542313e-05,0.9818924941885706
839,5.784571322404909e-05,3.972826840750257e-05,0.9819322224569781
840,5.7692653073092054e-05,3.962314713885883e-05,0.981971845604117
841,5.758099284142378e-05,3.95464592149503e-05,0.982011392063332
842,5.746288805082046e-05,3.946534518661898e-05,0.9820508574085186
843,5.724100744799154e-05,3.931295823083086e-05,0.9820901703667494
844,5.697631835381937e-05,3.9131170527097626e-05,0.9821293015372765
845,5.688078424334472e-05,3.906555797654771e-05,0.982168367095253
846,5.6834835499623904e-05,3.903400051235918e-05,0.9822074010957653
847,5.669018342282457e-05,3.893465388470973e-05,0.98224633574965
848,5.643205127155064e-05,3.87573694703799e-05,0.9822850931191204
849,5.634268340535783e-05,3.869599187855451e-05,0.9823237891109989
850,5.619027447843612e-05,3.8591317868693264e-05,0.9823623804288676
851,5.592989434057568e-05,3.8412489543682634e-05,0.9824007929184113
852,5.5860375490792976e-05,3.836474419887461e-05,0.9824391576626101
853,5.558244477479354e-05,3.817386218759837e-05,0.9824773315247978
854,5.555690691400963e-05,3.815632285873148e-05,0.9825154878476565
855,5.539585947353215e-05,3.8045715942764355e-05,0.9825535335635993
856,5.5242763207234e-05,3.794056987020888e-05,0.9825914741334695
857,5.5129752118214206e-05,3.786295418138138e-05,0.9826293370876509
858,5.494705619259788e-05,3.773747914848257e-05,0.9826670745667994
859,5.474516073480528e-05,3.759881793245826e-05,0.9827046733847318
860,5.468117365740815e-05,3.7554871792912905e-05,0.9827422282565247
861,5.449810582283626e-05,3.742914133401991e-05,0.9827796573978587
862,5.440775343681199e-05,3.736708757682398e-05,0.9828170244854355
863,5.427340123787371e-05,3.727481487547644e-05,0.982854299300311
864,5.418456965236319e-05,3.721380559967139e-05,0.9828915131059106
865,5.399771971194366e-05,3.7085477601429564e-05,0.982928598583512
866,5.393348528532089e-05,3.704136158315199e-05,0.9829656399450951
867,5.383287991658793e-05,3.6972266107109056e-05,0.9830026122112022
868,5.36391863161337e-05,3.683923790296441e-05,0.9830394514491052
869,5.3593127917826905e-05,3.6807605128323625e-05,0.9830762590542336
870,5.3426443867849234e-05,3.669312700526697e-05,0.9831129521812388
871,5.3292753929888006e-05,3.660130914284155e-05,0.9831495534903817
872,5.320046884272507e-05,3.6537928012097804e-05,0.9831860914183937
873,5.3181585640856696e-05,3.6524959083712146e-05,0.9832226163774774
874,5.300232761081639e-05,3.640184518754394e-05,0.9832590182226649
875,5.279941343466811e-05,3.626248431870164e-05,0.9832952807069836
876,5.2659955853834836e-05,3.6166705255846174e-05,0.9833314474122394
877,5.251999338625477e-05,3.607057943823441e-05,0.9833675179916777
878,5.2423433750854586e-05,3.600426256013403e-05,0.9834035222542378
879,5.226384072531411e-05,3.5894654532135826e-05,0.9834394169087699
880,5.208957940628771e-05,3.577497236262896e-05,0.9834751918811325
881,5.1954827546809586e-05,3.568242517557948e-05,0.9835108743063081
882,5.184051725197883e-05,3.5603917195961567e-05,0.983546478223504
883,5.1790975424766035e-05,3.5569892012430945e-05,0.9835820481155165
884,5.1619674161221594e-05,3.5452242800461186e-05,0.983617500358317
885,5.141706560323463e-05,3.5313091829287466e-05,0.9836528134501462
886,5.129055429923264e-05,3.522620423188665e-05,0.9836880396543781
887,5.1202417170880985e-05,3.5165671907248196e-05,0.9837232053262853
888,5.1077954214585364e-05,3.508019110912316e-05,0.9837582855173944
889,5.087999691520228e-05,3.494423460889548e-05,0.9837932297520033
890,5.08374902928477e-05,3.491504118369803e-05,0.983828144793187
891,5.072178409445563e-05,3.483557450155467e-05,0.9838629803676886
892,5.0693940096465664e-05,3.481645132432978e-05,0.9838977968190129
893,5.0579280497668066e-05,3.4737703443758514e-05,0.9839325345224567
894,5.035779192182136e-05,3.458558573096705e-05,0.9839671201081877
895,5.021489376168684e-05,3.448744368820627e-05,0.9840016075518758
896,5.018426843181557e-05,3.446641030029589e-05,0.9840360739621761
897,4.9899196102218676e-05,3.4270623449472355e-05,0.9840703445856256
898,4.987690847315293e-05,3.425531637034168e-05,0.984104599901996
899,4.9756155074342476e-05,3.417238328556012e-05,0.9841387722852815
900,4.958512543894113e-05,3.405492062701281e-05,0.9841728272059085
901,4.948356791530695e-05,3.398517121373974e-05,0.9842068123771223
902,4.9442568713464815e-05,3.3957013080587e-05,0.9842407693902029
903,4.934691260776986e-05,3.3891316744072897e-05,0.9842746607069469
904,4.9166196970021954e-05,3.3767201767150165e-05,0.9843084279087141
905,4.9045783935027864e-05,3.3684502443252495e-05,0.9843421124111573
906,4.8952790424831024e-05,3.36206347696196e-05,0.984375733045927
907,4.884718012103739e-05,3.354810191866381e-05,0.9844092811478456
908,4.871139366006577e-05,3.345484417030325e-05,0.9844427359920159
909,4.853969944004613e-05,3.3336925076963735e-05,0.9844760729170929
910,4.8389508026286234e-05,3.323377404872342e-05,0.9845093066911417
911,4.8237457437095356e-05,3.312934614417849e-05,0.9845424360372859
912,4.814324080237097e-05,3.306463843216042e-05,0.984575500675718
913,4.787774029298439e-05,3.288229345080658e-05,0.9846083829691687
914,4.782679498976349e-05,3.284730436401596e-05,0.9846412302735328
915,4.773226919020495e-05,3.278238431848466e-05,0.9846740126578513
916,4.763233654942891e-05,3.2713750870055325e-05,0.9847067264087214
917,4.7497732568726786e-05,3.262130524572116e-05,0.9847393477139671
918,4.7284752918903544e-05,3.247503143869347e-05,0.9847718227454058
919,4.72643484423871e-05,3.246101770328286e-05,0.984804283763109
920,4.7102836546349496e-05,3.235009180058141e-05,0.9848366338549096
921,4.69911462814109e-05,3.227338324990975e-05,0.9848689072381596
922,4.694433349430502e-05,3.224123236322533e-05,0.9849011484705228
923,4.6876003527788253e-05,3.219430354000313e-05,0.9849333427740627
924,4.6766630067983104e-05,3.211918616439111e-05,0.9849654619602272
925,4.665014236451707e-05,3.203918274682501e-05,0.984997501142974
926,4.650529959854342e-05,3.193970515440259e-05,0.9850294408481284
927,4.640125742928478e-05,3.186824929370646e-05,0.9850613090974221
928,4.617877310217379e-05,3.171544770182889e-05,0.9850930245451239
929,4.6114607206224374e-05,3.1671378750219415e-05,0.9851246959238742
930,4.599008855534625e-05,3.158585970121632e-05,0.9851562817835754
931,4.587428535700741e-05,3.150632639979028e-05,0.9851877881099752
932,4.568395936322207e-05,3.137561105815827e-05,0.9852191637210334
933,4.5643548481467184e-05,3.1347856981538565e-05,0.9852505115780149
934,4.5525540636981305e-05,3.1266809535520096e-05,0.9852817783875504
935,4.5375234117656236e-05,3.1163579453110785e-05,0.9853129419670035
936,4.533560130732081e-05,3.113635975368983e-05,0.9853440783267572
937,4.5188296265692814e-05,3.103519107747508e-05,0.9853751135178347
938,4.506284272759864e-05,3.094902995063804e-05,0.9854060625477853
939,4.495674798036931e-05,3.0876164385332834e-05,0.9854369387121706
940,4.4881995437405864e-05,3.082482455519724e-05,0.9854677635367258
941,4.481217205202076e-05,3.077687005621897e-05,0.9854985404067821
942,4.466879612682934e-05,3.0678399885800004e-05,0.9855292188066679
943,4.4589202783164503e-05,3.062373540775442e-05,0.9855598425420756
944,4.445357455601438e-05,3.053058633392446e-05,0.9855903731284096
945,4.425713421710846e-05,3.0395671677761648e-05,0.9856207688000873
946,4.424261306305691e-05,3.0385698591190614e-05,0.9856511544986785
947,4.412414644429775e-05,3.030433606032918e-05,0.9856814588347388
948,4.39698857393766e-05,3.0198390254697896e-05,0.9857116572249934
949,4.385588307586465e-05,3.0120093555379304e-05,0.9857417773185488
950,4.376541293962024e-05,3.0057958927673012e-05,0.9857718352774765
951,4.3708298051685074e-05,3.0018732587958537e-05,0.9858018540100645
952,4.364851262610862e-05,2.9977672130721913e-05,0.9858318316821952
953,4.353707476425403e-05,2.9901136929757762e-05,0.985861732819125
954,4.338644861367881e-05,2.9797687325531023e-05,0.9858915305064506
955,4.322292196002418e-05,2.9685377693129933e-05,0.9859212158841437
956,4.316900673411476e-05,2.9648348872033294e-05,0.9859508642330157
957,4.2983159953523434e-05,2.952070984105783e-05,0.9859803849428568
958,4.292788440908988e-05,2.9482746757136267e-05,0.986009867689614
959,4.282996897330058e-05,2.9415498719253014e-05,0.9860392831883332
960,4.267576720813568e-05,2.930959339327572e-05,0.9860685927817265
961,4.261223552313804e-05,2.9265960015912193e-05,0.9860978587417425
962,4.25374376568224e-05,2.92145890578295e-05,0.9861270733308003
963,4.249193150567864e-05,2.9183335564941802e-05,0.9861562566663652
964,4.237071183193586e-05,2.9100082243886353e-05,0.9861853567486091
965,4.228809880983841e-05,2.9043343859433728e-05,0.9862144000924685
966,4.222096593371478e-05,2.8997237194428544e-05,0.9862433973296629
967,4.1976583624192654e-05,2.8829396131614854e-05,0.9862722267257945
968,4.187507257831007e-05,2.8759678639127045e-05,0.9863009864044336
969,4.184884730746137e-05,2.8741667199017366e-05,0.9863297280716327
970,4.184677425900078e-05,2.874024343533508e-05,0.986358468315068
971,4.165099097048271e-05,2.8605780039476813e-05,0.9863870740951075
972,4.14782206072969e-05,2.848712185412568e-05,0.9864155612169616
973,4.14046771807089e-05,2.8436612441616945e-05,0.9864439978294032
974,4.128083115522697e-05,2.8351555349789044e-05,0.9864723493847529
975,4.120615624292449e-05,2.830026883616669e-05,0.9865006496535891
976,4.1106154776234705e-05,2.8231588118299013e-05,0.9865288812417073
977,4.1008737748699124e-05,2.8164682385761765e-05,0.9865570459240931
978,4.095043178981558e-05,2.8124638021967504e-05,0.986585170562115
979,4.090919632313396e-05,2.809631762280688e-05,0.9866132668797378
980,4.082427398252237e-05,2.803799320508308e-05,0.9866413048729429
981,4.07223087659525e-05,2.7967963789481842e-05,0.9866692728367323
982,4.0532522820140775e-05,2.7837619351234942e-05,0.9866971104560835
983,4.04667500502813e-05,2.779244680327514e-05,0.9867249029028868
984,4.036493256533614e-05,2.7722518849326147e-05,0.9867526254217361
985,4.023811945545321e-05,2.763542397251988e-05,0.9867802608457087
986,4.0155120046796984e-05,2.7578420218897086e-05,0.9868078392659276
987,4.003642561282031e-05,2.749690122520368e-05,0.9868353361671528
988,3.9916454036883525e-05,2.7414505094108762e-05,0.9868627506722469
989,3.990451442063623e-05,2.7406305000229416e-05,0.9868901569772471
990,3.984589482547391e-05,2.7366045231946713e-05,0.986917523022479
991,3.970867750981659e-05,2.7271804776729632e-05,0.9869447948272557
992,3.9647810484733846e-05,2.7230001480082785e-05,0.9869720248287358
993,3.956042831590689e-05,2.716998765946066e-05,0.9869991948163953
994,3.947121488830036e-05,2.710871613560931e-05,0.987026303532531
995,3.93504031034024e-05,2.7025742951431848e-05,0.9870533292754824
996,3.9298456207409674e-05,2.699006597362466e-05,0.987080319341456
997,3.9161074831466713e-05,2.6895712842278274e-05,0.9871072150542983
998,3.9039660079272095e-05,2.681232554190676e-05,0.9871340273798402
999,3.895033329308724e-05,2.6750976163711936e-05,0.9871607783560039
1000,3.879210049302515e-05,2.6642302334635107e-05,0.9871874206583385
1001,3.8745717219450716e-05,2.661044643660086e-05,0.9872140311047751
1002,3.8715586442728354e-05,2.6589752706361662e-05,0.9872406208574814
1003,3.858169019392229e-05,2.6497793150245176e-05,0.9872671186506317
1004,3.852215807639466e-05,2.6456906664243282e-05,0.9872935755572959
1005,3.832549271057707e-05,2.6321837460248878e-05,0.9873198973947561
1006,3.8286764626356635e-05,2.6295239124104962e-05,0.9873461926338802
1007,3.816624189044078e-05,2.621246445793176e-05,0.9873724050983381
1008,3.8146599509421494e-05,2.6198974127502704e-05,0.9873986040724656
1009,3.800004821281871e-05,2.6098323121189544e-05,0.9874247023955868
1010,3.787223830233403e-05,2.6010543644615243e-05,0.9874507129392314
1011,3.78480938370829e-05,2.5993961295767072e-05,0.9874767069005271
1012,3.773933312981893e-05,2.5919264756826716e-05,0.987502626165284
1013,3.7623538380993015e-05,2.5839737258501693e-05,0.9875284659025424
1014,3.761388510538269e-05,2.583310741675399e-05,0.9875542990099592
1015,3.7485080009717064e-05,2.574464444987798e-05,0.9875800436544091
1016,3.745566710534656e-05,2.5724443752292154e-05,0.9876057680981614
1017,3.7384215506984064e-05,2.5675371001353883e-05,0.9876314434691628
1018,3.7310320426558835e-05,2.5624620074007603e-05,0.9876570680892368
1019,3.728583712404008e-05,2.5607805012704796e-05,0.9876826758942495
1020,3.712107126010701e-05,2.5494644294271374e-05,0.9877081705385438
1021,3.7021119119140465e-05,2.5425997453167636e-05,0.9877335965359969
1022,3.6937540630623564e-05,2.536859598917268e-05,0.9877589651319861
1023,3.692103717803259e-05,2.535726146570255e-05,0.9877843223934518
1024,3.6869848495318185e-05,2.5322105226580253e-05,0.9878096444986784
1025,3.6678654442141026e-05,2.519079370427055e-05,0.9878348352923826
1026,3.6597915856812585e-05,2.513534267756531e-05,0.9878599706350601
1027,3.651593735525193e-05,2.5079040079980728e-05,0.9878850496751401
1028,3.6406187108048094e-05,2.5003663927873902e-05,0.987910053339068
1029,3.6341801657553135e-05,2.495944418683805e-05,0.9879350127832548
1030,3.6298715689037375e-05,2.492985286837403e-05,0.9879599426361232
1031,3.6061100190451095e-05,2.47666592317245e-05,0.9879847092953549
1032,3.604618309146005e-05,2.4756414211315083e-05,0.9880094657095662
1033,3.597029100137155e-05,2.4704291743512425e-05,0.9880341700013097
1034,3.593338179591634e-05,2.467894260803971e-05,0.9880588489439177
1035,3.5862625782359366e-05,2.46303475827325e-05,0.9880834792915004
1036,3.5798744008108626e-05,2.4586473765083284e-05,0.9881080657652656
1037,3.572421112599953e-05,2.453528479738664e-05,0.988132601050063
1038,3.564333944954257e-05,2.447974236407957e-05,0.988157080792427
1039,3.553009556110638e-05,2.4401966789286728e-05,0.9881814827592164
1040,3.539950104776564e-05,2.4312274855530934e-05,0.9882057950340719
1041,3.5355599223393455e-05,2.428212320962622e-05,0.9882300771572815
1042,3.52659637130461e-05,2.4220561800570195e-05,0.9882542977190821
1043,3.515428333547927e-05,2.4143860040516837e-05,0.9882784415791227
1044,3.511103391069567e-05,2.4114156460761193e-05,0.9883025557355835
1045,3.4997145616671835e-05,2.4035938310075992e-05,0.9883265916738936
1046,3.489683114040941e-05,2.396704261813983e-05,0.9883505587165117
1047,3.4859471153487847e-05,2.3941383887260813e-05,0.988374500100399
1048,3.477621447328463e-05,2.388420344028422e-05,0.9883983843038392
1049,3.4713008713408716e-05,2.3840793907350903e-05,0.9884222250977466
1050,3.4590514046605066e-05,2.3756664924751727e-05,0.9884459817626713
1051,3.4574529741683216e-05,2.374568695039807e-05,0.9884697274496217
1052,3.448441424579003e-05,2.368379588865849e-05,0.9884934112455104
1053,3.4376104633842244e-05,2.360940916067559e-05,0.9885170206546711
1054,3.429277788606966e-05,2.355218059149517e-05,0.9885405728352625
1055,3.418434353942614e-05,2.347770819608428e-05,0.9885640505434586
1056,3.416534501167532e-05,2.3464660062216376e-05,0.9885875152035208
1057,3.401254377528309e-05,2.3359716615346312e-05,0.9886108749201362
1058,3.3953413321314516e-05,2.3319105990714162e-05,0.988634194026127
1059,3.388048167473826e-05,2.3269016746946688e-05,0.9886574630428739
1060,3.386126290625331e-05,2.3255817352380073e-05,0.9886807188602263
1061,3.373276628960112e-05,2.3167566247997598e-05,0.9887038864264743
1062,3.363456007620705e-05,2.3100118504897043e-05,0.9887269865449793
1063,3.357200287130771e-05,2.3057154397644392e-05,0.9887500436993769
1064,3.353895120101731e-05,2.303445460615721e-05,0.9887730781539831
1065,3.344810678922057e-05,2.297206292708492e-05,0.9887960502169102
1066,3.338975958342773e-05,2.2931990235032743e-05,0.9888189822071453
1067,3.33491546464675e-05,2.29041028818597e-05,0.9888418863100271
1068,3.328142740479011e-05,2.2857588008312588e-05,0.9888647438980355
1069,3.3148527381326965e-05,2.276631265687804e-05,0.9888875102106923
1070,3.308093324499125e-05,2.2719889199694315e-05,0.988910230099892
1071,3.3070248969965894e-05,2.27125512705326e-05,0.9889329426511625
1072,3.291086357359103e-05,2.2603085841644357e-05,0.9889555457370042
1073,3.2797540733428694e-05,2.2525256043034528e-05,0.9889780709930472
1074,3.273503620773505e-05,2.2482328115707868e-05,0.989000553321163
1075,3.263230619566729e-05,2.241177344077239e-05,0.9890229650946037
1076,3.25909524978652e-05,2.2383371840820442e-05,0.9890453484664445
1077,3.2417591605497275e-05,2.2264308081736326e-05,0.9890676127745263
1078,3.240274183068904e-05,2.2254109299380796e-05,0.9890898668838256
1079,3.2300501305550035e-05,2.218389080265116e-05,0.9891120507746283
1080,3.225449177998609e-05,2.21522915936687e-05,0.9891342030662219
1081,3.2189157700113276e-05,2.210742033672195e-05,0.9891563104865586
1082,3.2171671481007794e-05,2.2095410852054273e-05,0.9891784058974107
1083,3.213551565676101e-05,2.2070579136614835e-05,0.9892004764765473
1084,3.201823967647108e-05,2.199003433280776e-05,0.9892224665108801
1085,3.1863697099008004e-05,2.1883894937930566e-05,0.989244350405818
1086,3.181262039139524e-05,2.1848815602983966e-05,0.989266199221421
1087,3.176988875877472e-05,2.1819467641387168e-05,0.9892880186890624
1088,3.166249946894276e-05,2.174571298796954e-05,0.9893097644020503
1089,3.161861389351828e-05,2.171557250179508e-05,0.9893314799745521
1090,3.155278257765505e-05,2.167035974460936e-05,0.9893531503342967
1091,3.146980792871604e-05,2.1613372995888683e-05,0.9893747637072926
1092,3.1347631905867974e-05,2.1529462857035885e-05,0.9893962931701497
1093,3.121528119182347e-05,2.143856476972008e-05,0.9894177317349194
1094,3.1146552787337866e-05,2.1391362300454156e-05,0.9894391230972199
1095,3.1083941777888124e-05,2.134836124039203e-05,0.9894604714584603
1096,3.100144272707423e-05,2.1291701131087057e-05,0.9894817631595914
1097,3.097056430915424e-05,2.127049392303738e-05,0.9895030336535144
1098,3.087274718460211e-05,2.1203313405027252e-05,0.9895242369669195
1099,3.084853322967374e-05,2.118668333086989e-05,0.9895454236502503
1100,3.081339898896908e-05,2.1162553236050204e-05,0.9895665862034864
1101,3.074951024945439e-05,2.1118674634677864e-05,0.9895877048781211
1102,3.0720111439846836e-05,2.1098483617334432e-05,0.9896088033617384
1103,3.061775813989742e-05,2.1028187667191434e-05,0.9896298315494055
1104,3.058292601713526e-05,2.1004265066100177e-05,0.9896508358144717
1105,3.0552166477677436e-05,2.098313950343422e-05,0.989671818953975
1106,3.0435099156311433e-05,2.0902738005972134e-05,0.989692721691981
1107,3.0416132149418366e-05,2.0889711520538095e-05,0.9897136114035016
1108,3.0330926299577097e-05,2.083119238949597e-05,0.989734442595891
1109,3.0323675211909802e-05,2.082621236347439e-05,0.9897552688082545
1110,3.0169591950512796e-05,2.0720388425541878e-05,0.98977598919668
1111,3.0140361216041066e-05,2.0700312841715236e-05,0.9897966895095217
1112,3.0087845122249555e-05,2.0664244940507385e-05,0.9898173537544622
1113,3.0049346362922355e-05,2.063780410403636e-05,0.9898379915585662
1114,2.9993120923321038e-05,2.0599188634863057e-05,0.9898585907472011
1115,2.988469037878142e-05,2.052471885072613e-05,0.9898791154660518
1116,2.982990567622651e-05,2.0487092875586076e-05,0.9898996025589274
1117,2.9768981153396004e-05,2.0445250089652493e-05,0.9899200478090171
1118,2.9725434354516632e-05,2.041534227422862e-05,0.9899404631512914
1119,2.9596129991837704e-05,2.0326536412213006e-05,0.9899607896877036
1120,2.9560278794941517e-05,2.030191391395622e-05,0.9899810916016176
1121,2.9420601629311904e-05,2.020598404089822e-05,0.9900012975856585
1122,2.9401302711874398e-05,2.0192729600262976e-05,0.9900214903152588
1123,2.9361064140644265e-05,2.016509386601291e-05,0.9900416554091248
1124,2.930323954599169e-05,2.012538010177917e-05,0.9900617807892266
1125,2.920136866029654e-05,2.005541547234965e-05,0.9900818362046989
1126,2.9128448324253924e-05,2.0005333996623943e-05,0.9901018415386955
1127,2.9105023866278274e-05,1.9989246146688506e-05,0.9901218307848422
1128,2.9055993863267613e-05,1.995557248253843e-05,0.9901417863573247
1129,2.8988815096445987e-05,1.9909434299934694e-05,0.9901616957916247
1130,2.8926398932114137e-05,1.9866567058935553e-05,0.9901815623586837
1131,2.888055171243178e-05,1.983507932116277e-05,0.9902013974380048
1132,2.8829228197297143e-05,1.9799830479524533e-05,0.9902211972684843
1133,2.878806819260185e-05,1.9771561907437695e-05,0.9902409688303918
1134,2.8753773882247927e-05,1.974800867435171e-05,0.9902607168390661
1135,2.8665705432542856e-05,1.9687523518008942e-05,0.9902804043625841
1136,2.8595789063829684e-05,1.9639505158350097e-05,0.9903000438677425
1137,2.8565491218710837e-05,1.961869668601977e-05,0.9903196625644285
1138,2.8463448530259912e-05,1.954861406295487e-05,0.9903392111784914
1139,2.8412234482871323e-05,1.9513440403447764e-05,0.9903587246188948
1140,2.8371874901622555e-05,1.9485721559867165e-05,0.9903782103404547
1141,2.8309538988555755e-05,1.9442909435204574e-05,0.9903976532498899
1142,2.8200233315116353e-05,1.936783861507234e-05,0.990417021088505
1143,2.8097665900728376e-05,1.9297395611752692e-05,0.9904363184841168
1144,2.8089407753072804e-05,1.9291723939846105e-05,0.9904556102080567
1145,2.801386367040735e-05,1.9239840482534285e-05,0.9904748500485393
1146,2.8007969345461495e-05,1.923579227722263e-05,0.9904940858408166
1147,2.789668102985788e-05,1.9159359784190786e-05,0.9905132452006007
1148,2.785386577891901e-05,1.9129954393774977e-05,0.9905323751549945
1149,2.7794410717089108e-05,1.9089120829403245e-05,0.9905514642758239
1150,2.769332181472851e-05,1.901969326386444e-05,0.9905704839690878
1151,2.763961350394048e-05,1.898280655147426e-05,0.9905894667756392
1152,2.7584571085316053e-05,1.894500357768362e-05,0.9906084117792169
1153,2.7513460410254252e-05,1.8896164971881465e-05,0.9906273079441887
1154,2.7469511341606834e-05,1.886598087874527e-05,0.9906461739250675
1155,2.7440792814418612e-05,1.8846257077398352e-05,0.9906650201821449
1156,2.740015437772686e-05,1.8818346716706664e-05,0.9906838385288615
1157,2.7337779821935168e-05,1.8775508052332466e-05,0.9907026140369138
1158,2.730843112407101e-05,1.875535145158935e-05,0.9907213693883654
1159,2.7254763520308756e-05,1.8718492696666644e-05,0.990740087881062
1160,2.7170420793270216e-05,1.866056635586712e-05,0.990758748447418
1161,2.709954828601574e-05,1.8611891323025656e-05,0.990777360338741
1162,2.7045156064031974e-05,1.8574534902405828e-05,0.9907959348736434
1163,2.6926830555172397e-05,1.849326928541499e-05,0.9908144281429287
1164,2.6856446974919132e-05,1.8444930046222753e-05,0.990832873072975
1165,2.6846551860377393e-05,1.8438134110196955e-05,0.9908513112070851
1166,2.6793448757359376e-05,1.8401663052751442e-05,0.9908697128701379
1167,2.6708957583506273e-05,1.8343634759109357e-05,0.990888056504897
1168,2.666005259933538e-05,1.8310046957536566e-05,0.9909063665518545
1169,2.6600209685736198e-05,1.826894701769233e-05,0.9909246354988722
1170,2.6508485143238128e-05,1.820595086740191e-05,0.9909428414497397
1171,2.645478445236363e-05,1.8169069388346287e-05,0.990961010519128
1172,2.6419893222981263e-05,1.8145106192999357e-05,0.990979155625321
1173,2.637508742586343e-05,1.8114333701229487e-05,0.9909972699590223
1174,2.631641379083013e-05,1.8074036818519814e-05,0.9910153439958408
1175,2.622874861830927e-05,1.801382863177987e-05,0.9910333578244725
1176,2.6214869286440526e-05,1.8004296346826228e-05,0.9910513621208193
1177,2.6127968420228306e-05,1.7944613083446772e-05,0.9910693067339028
1178,2.609343178843183e-05,1.7920893424695446e-05,0.9910872276273275
1179,2.6031243020618568e-05,1.787818235896707e-05,0.9911051058096865
1180,2.5978432141393112e-05,1.784191199997644e-05,0.9911229477216864
1181,2.5896747266102144e-05,1.778581106406398e-05,0.9911407335327505
1182,2.5865200494563237e-05,1.7764144832683384e-05,0.9911584976775831
1183,2.5767209157458225e-05,1.7696844665996196e-05,0.9911761945222491
1184,2.5722073429712874e-05,1.766584557882633e-05,0.991193860367828
1185,2.568855474599685e-05,1.7642825043870203e-05,0.9912115031928719
1186,2.565461083698025e-05,1.7619512465408456e-05,0.9912291227053373
1187,2.5596400194541938e-05,1.7579533564672888e-05,0.9912467022389019
1188,2.546990390769237e-05,1.7492656281008888e-05,0.9912641948951829
1189,2.545947614030839e-05,1.7485494520552806e-05,0.9912816803897034
1190,2.5428192255870923e-05,1.7464008839272553e-05,0.9912991443985427
1191,2.535968030900088e-05,1.741695503247046e-05,0.9913165613535752
1192,2.526889384414393e-05,1.735460315118869e-05,0.9913339159567264
1193,2.5253670397619806e-05,1.734414773218028e-05,0.9913512601044585
1194,2.5198792324509152e-05,1.7306457630412806e-05,0.9913685665620889
1195,2.5142309222197375e-05,1.7267665199235768e-05,0.9913858342272882
1196,2.507471404965135e-05,1.7221241030385802e-05,0.9914030554683186
1197,2.500133027508803e-05,1.7170841266425503e-05,0.991420226309585
1198,2.4921613858391274e-05,1.711609226217783e-05,0.9914373424018472
1199,2.4899167930135763e-05,1.7100676463621825e-05,0.9914544430783109
1200,2.4805623998975074e-05,1.7036430762464148e-05,0.9914714795090733
1201,2.478685372639659e-05,1.7023539393587917e-05,0.9914885030484669
1202,2.473596448721969e-05,1.698858881142044e-05,0.9915054916372783
1203,2.4693936449532483e-05,1.695972407678728e-05,0.9915224513613551
1204,2.4627295902567182e-05,1.6913955542022984e-05,0.9915393653168971
1205,2.4562392816490313e-05,1.6869380290367777e-05,0.9915562346971875
1206,2.450825750983608e-05,1.683220031845263e-05,0.9915730668975059
1207,2.443388854014969e-05,1.6781123925333456e-05,0.9915898480214312
1208,2.4400751852177417e-05,1.6758365743948448e-05,0.9916066063871752
1209,2.4372175968218437e-05,1.6738739909558493e-05,0.9916233451270848
1210,2.4235410825658175e-05,1.6644810005515656e-05,0.9916399899370903
1211,2.420543722764692e-05,1.6624224225160292e-05,0.9916566141613156
1212,2.4176164795403615e-05,1.6604120003424826e-05,0.9916732182813189
1213,2.414939017941137e-05,1.6585731274660643e-05,0.9916898040125935
1214,2.4128052607001126e-05,1.657107669169102e-05,0.9917063750892853
1215,2.408230235091859e-05,1.6539655548237935e-05,0.9917229147448335
1216,2.4045416214302282e-05,1.6514322256377004e-05,0.9917394290670899
1217,2.3981451983737082e-05,1.6470391807969688e-05,0.9917558994588979
1218,2.390624067224656e-05,1.6418736896937602e-05,0.9917723181957948
1219,2.388888197820142e-05,1.6406814996112245e-05,0.991788725010791
1220,2.384288818429431e-05,1.6375226591586164e-05,0.9918051002373826
1221,2.380134842561808e-05,1.634669720556442e-05,0.9918214469345881
1222,2.3774139369713933e-05,1.632801010472623e-05,0.9918377749446928
1223,2.3703260481805413e-05,1.627933068967004e-05,0.9918540542753825
1224,2.356142765821898e-05,1.618192031696686e-05,0.9918702361956995
1225,2.3553219809057372e-05,1.6176283189920338e-05,0.9918864124788894
1226,2.353262232885025e-05,1.616213690013362e-05,0.9919025746157896
1227,2.3485854971518116e-05,1.6130017214486316e-05,0.991918704633004
1228,2.3435468330386755e-05,1.609541181520174e-05,0.9919348000448193
1229,2.3392443659238737e-05,1.6065862595592458e-05,0.9919508659074149
1230,2.3364062426833744e-05,1.604637044732636e-05,0.9919669122778622
1231,2.325960536299222e-05,1.5974629638231618e-05,0.9919828869075004
1232,2.3246948368924794e-05,1.596593685134186e-05,0.9919988528443517
1233,2.318621875432474e-05,1.5924227927816786e-05,0.9920147770722796
1234,2.3148008449741187e-05,1.5897985201228765e-05,0.9920306750574808
1235,2.3111189147978645e-05,1.5872697811351945e-05,0.9920465477552921
1236,2.30082797073128e-05,1.5802019905374656e-05,0.9920623497751975
1237,2.297867131458275e-05,1.5781684946949334e-05,0.9920781314601445
1238,2.2950302507965094e-05,1.5762201332678013e-05,0.9920938936614772
1239,2.288413317970635e-05,1.571675642955744e-05,0.9921096104179067
1240,2.2829286627736995e-05,1.567908797641857e-05,0.9921252895058831
1241,2.279332902408008e-05,1.5654392398306505e-05,0.9921409438982813
1242,2.2722631786604427e-05,1.560583774024182e-05,0.9921565497360216
1243,2.269900427528191e-05,1.558961043385549e-05,0.9921721393464555
1244,2.2647312152866057e-05,1.555410843380345e-05,0.9921876934548893
1245,2.2621462589492552e-05,1.553635502850025e-05,0.9922032298099178
1246,2.2548083884444443e-05,1.548595874626832e-05,0.992218715768664
1247,2.251304356132958e-05,1.5461893153777465e-05,0.9922341776618179
1248,2.2488322335111316e-05,1.5444914687166504e-05,0.9922496225765051
1249,2.2476358168198265e-05,1.5436697731960976e-05,0.992265059274237
1250,2.2426107771628574e-05,1.5402185905046995e-05,0.992280461460142
1251,2.229665191476298e-05,1.5313275997262483e-05,0.9922957747361393
1252,2.2293093644988033e-05,1.5310832187880483e-05,0.9923110855683271
1253,2.22590788050214e-05,1.5287470894247563e-05,0.9923263730392214
1254,2.218205554532274e-05,1.5234571542430826e-05,0.9923416076107638
1255,2.2127881074462287e-05,1.5197364672652207e-05,0.9923568049754365
1256,2.2099608941650562e-05,1.5177947453670978e-05,0.9923719829228902
1257,2.204229092529905e-05,1.513858160594811e-05,0.9923871215044962
1258,2.1976742462043134e-05,1.509356311111438e-05,0.9924022150676073
1259,2.1936612524544166e-05,1.5066001986196441e-05,0.9924172810695935
1260,2.189801187097692e-05,1.5039491169056288e-05,0.9924323205607626
1261,2.1861029691752112e-05,1.5014091915409834e-05,0.992447334652678
1262,2.1807992343002133e-05,1.4977666017805282e-05,0.9924623123186957
1263,2.174528296637842e-05,1.4934597399452794e-05,0.9924772469160952
1264,2.1706161715400147e-05,1.4907729037517619e-05,0.9924921546451327
1265,2.16172550396094e-05,1.4846668189925457e-05,0.9925070013133227
1266,2.155092200577192e-05,1.4801110854287253e-05,0.992521802424177
1267,2.1531621012354172e-05,1.4787854987874787e-05,0.9925365902791649
1268,2.150591438640807e-05,1.4770199751582992e-05,0.9925513604789165
1269,2.1486829748432395e-05,1.4757092477461901e-05,0.9925661175713939
1270,2.1430157703273597e-05,1.4718170280884423e-05,0.9925808357416748
1271,2.142683815696503e-05,1.4715890426088147e-05,0.9925955516321009
1272,2.1345991863814426e-05,1.4660365425962407e-05,0.9926102119975269
1273,2.130883960340177e-05,1.4634849361048443e-05,0.9926248468468879
1274,2.125673654176479e-05,1.4599065129128799e-05,0.992639445912017
1275,2.119022609099332e-05,1.4553385944053864e-05,0.992653999297961
1276,2.1148950097495905e-05,1.4525037711193457e-05,0.9926685243356722
1277,2.1109220596716354e-05,1.4497751605055346e-05,0.9926830220872772
1278,2.107389518250914e-05,1.4473490212827462e-05,0.99269749557749
1279,2.1021807851384554e-05,1.4437716784578197e-05,0.9927119332942745
1280,2.095938933909508e-05,1.4394847931008556e-05,0.9927263281422055
1281,2.0922585669046294e-05,1.4369571276947501e-05,0.9927406977134825
1282,2.08838523026772e-05,1.4342969313039174e-05,0.9927550406827955
1283,2.0820915530293227e-05,1.429974451993674e-05,0.9927693404273155
1284,2.079999080623097e-05,1.4285373480017525e-05,0.9927836258007955
1285,2.0763338738740414e-05,1.4260200946154646e-05,0.9927978860017417
1286,2.0714845193091565e-05,1.4226895719367885e-05,0.9928121128974611
1287,2.0647435672825284e-05,1.4180599055966276e-05,0.9928262934965171
1288,2.060199233947276e-05,1.414938870615577e-05,0.9928404428852232
1289,2.0584633253354483e-05,1.413746653605572e-05,0.9928545803517592
1290,2.052911634050918e-05,1.4099337681007614e-05,0.9928686796894403
1291,2.049553591131203e-05,1.407627473943377e-05,0.9928827559641797
1292,2.047112567929355e-05,1.4059509862739045e-05,0.9928968154740425
1293,2.0455662205007395e-05,1.4048889593358437e-05,0.9929108643636358
1294,2.0396910832627968e-05,1.4008539320864457e-05,0.9929248729029567
1295,2.0372026215418427e-05,1.3991448637793623e-05,0.9929388643515945
1296,2.0327699749458586e-05,1.3961005349275633e-05,0.9929528253569437
1297,2.0265077814317615e-05,1.3917996785480391e-05,0.9929667433537293
1298,2.0226801049338284e-05,1.389170841408492e-05,0.9929806350621433
1299,2.018398816584837e-05,1.3862304649626203e-05,0.9929944973667929
1300,2.014601048463392e-05,1.3836221688094752e-05,0.993008333588481
1301,2.011897778092739e-05,1.3817655705435436e-05,0.9930221512441864
1302,2.0095621139920175e-05,1.3801614431997621e-05,0.9930359528586183
1303,2.0041903887741364e-05,1.3764721578686133e-05,0.993049717580197
1304,1.9983631431017734e-05,1.372470022407833e-05,0.9930634422804211
1305,1.9936009939987507e-05,1.369199392187947e-05,0.993077134274343
1306,1.9918804717516162e-05,1.3680177424886773e-05,0.9930908144517678
1307,1.9861671371778377e-05,1.3640938408406884e-05,0.9931044553901762
1308,1.9814380530587164e-05,1.3608459195560392e-05,0.9931180638493717
1309,1.979218574923797e-05,1.3593215883972698e-05,0.9931316570652557
1310,1.973573446014876e-05,1.3554445302024832e-05,0.9931452115105578
1311,1.9729362539988824e-05,1.355006908570255e-05,0.9931587615796434
1312,1.9646026452535157e-05,1.3492834102056191e-05,0.9931722544137455
1313,1.9592961848684963e-05,1.3456389485727702e-05,0.9931857108032311
1314,1.9583806512288654e-05,1.3450101627190895e-05,0.9931991609048584
1315,1.953062156752812e-05,1.3413574361073512e-05,0.9932125744792194
1316,1.9476549281959155e-05,1.337643767185731e-05,0.9932259509168913
1317,1.944508590399953e-05,1.3354828714945584e-05,0.9932393057456061
1318,1.940826491141449e-05,1.3329540163816766e-05,0.99325263528577
1319,1.939214097141266e-05,1.3318466288494355e-05,0.9932659537520585
1320,1.93438352149415e-05,1.3285290034771272e-05,0.9932792390420933
1321,1.931763073512242e-05,1.3267292873880557e-05,0.9932925063349671
1322,1.9270594072156306e-05,1.3234988229903341e-05,0.993305741323197
1323,1.923234418739737e-05,1.3208718319765431e-05,0.9933189500415168
1324,1.919686175714597e-05,1.3184349089372883e-05,0.9933321343906062
1325,1.9149317601162078e-05,1.315169590066e-05,0.9933452860865069
1326,1.911411433508571e-05,1.3127518399414822e-05,0.9933584136049063
1327,1.9089540133814333e-05,1.3110640909111818e-05,0.9933715242458154
1328,1.901644485883787e-05,1.3060439285832708e-05,0.9933845846851013
1329,1.8985400591437753e-05,1.3039118172840132e-05,0.9933976238032741
1330,1.895899842776865e-05,1.3020985243253417e-05,0.9934106447885174
1331,1.8897279078956066e-05,1.297859657313597e-05,0.9934236233850905
1332,1.8875166795730126e-05,1.2963409921020536e-05,0.9934365867950116
1333,1.8825004389599565e-05,1.292895852568546e-05,0.9934495157535372
1334,1.880795471524355e-05,1.2917248858688138e-05,0.9934624330023959
1335,1.8771654538148793e-05,1.2892318002130545e-05,0.9934753253203981
1336,1.86948312030859e-05,1.283955595797497e-05,0.993488164876356
1337,1.8636243757705355e-05,1.2799318270069332e-05,0.9935009641946261
1338,1.8622364352014223e-05,1.2789785934414689e-05,0.9935137539805605
1339,1.8580107029944127e-05,1.2760763727931027e-05,0.9935265147442884
1340,1.856304469287682e-05,1.274904536422024e-05,0.9935392637896526
1341,1.8521499155505687e-05,1.2720512009407562e-05,0.993551984301662
1342,1.8455007842762557e-05,1.2674845968275094e-05,0.9935646591476303
1343,1.8438302807782763e-05,1.26633729986038e-05,0.9935773225206289
1344,1.8424019726306395e-05,1.2653563419588298e-05,0.9935899760840485
1345,1.8374276498129443e-05,1.2619399914458449e-05,0.993602595483963
1346,1.83455919019271e-05,1.259969941681442e-05,0.9936151951833798
1347,1.8293566340108513e-05,1.2563968411545724e-05,0.9936277591517914
1348,1.823952615148341e-05,1.2526853766417664e-05,0.9936402860055578
1349,1.8220767485726747e-05,1.2513970369073062e-05,0.9936527999759268
1350,1.8181280218301153e-05,1.2486850628101302e-05,0.9936652868265549
1351,1.8152732838131526e-05,1.2467244370031371e-05,0.9936777540709248
1352,1.8118405230434313e-05,1.2443668268426398e-05,0.9936901977391933
1353,1.807868328569088e-05,1.2416387351752024e-05,0.993702614126545
1354,1.8049738588492666e-05,1.2396508217496894e-05,0.9937150106347625
1355,1.80370597764552e-05,1.2387800446088462e-05,0.9937273984352086
1356,1.7989802868191692e-05,1.2355344538278498e-05,0.9937397537797469
1357,1.7954219697299298e-05,1.233090611950531e-05,0.9937520846858664
1358,1.793125533836646e-05,1.2315134264260715e-05,0.9937643998201307
1359,1.7881194714746077e-05,1.228075277285902e-05,0.9937766805729035
1360,1.7877597518239035e-05,1.2278282228710092e-05,0.9937889588551322
1361,1.784789075525184e-05,1.2257879709876896e-05,0.9938012167348421
1362,1.778738570947302e-05,1.221632501956823e-05,0.9938134330598617
1363,1.778468517365781e-05,1.221447029938706e-05,0.9938256475301611
1364,1.774390488541623e-05,1.2186462515461541e-05,0.9938378339926766
1365,1.7706944772951644e-05,1.2161078417202137e-05,0.9938499950710937
1366,1.764625418162109e-05,1.2119396294745606e-05,0.9938621144673885
1367,1.7624059587665608e-05,1.2104153111859369e-05,0.9938742186205003
1368,1.7592932744266346e-05,1.2082775285909597e-05,0.9938863013957862
1369,1.7552562726890612e-05,1.2055049274827207e-05,0.993898356445061
1370,1.749250701327249e-05,1.2013803184545914e-05,0.9939103702482455
1371,1.74540050439111e-05,1.19873601434327e-05,0.9939223576083889
1372,1.7431982863012806e-05,1.197223537333509e-05,0.9939343298437622
1373,1.737215331988975e-05,1.1931144616295157e-05,0.9939462609883785
1374,1.7342351629566492e-05,1.1910676901642322e-05,0.9939581716652801
1375,1.731461862705928e-05,1.1891629955793717e-05,0.9939700632952359
1376,1.7310494036938084e-05,1.1888797199237129e-05,0.9939819520924351
1377,1.7237585014124743e-05,1.1838723493404544e-05,0.9939937908159285
1378,1.7203016286722484e-05,1.1814981791484067e-05,0.99400560579772
1379,1.717060670485283e-05,1.1792722984465723e-05,0.9940173985207045
1380,1.7116943845789503e-05,1.1755867488188508e-05,0.9940291543881926
1381,1.707216085941749e-05,1.172511066277284e-05,0.9940408794988553
1382,1.705011416083953e-05,1.1709969054003802e-05,0.9940525894679093
1383,1.7037678560948617e-05,1.1701428319993644e-05,0.9940642908962293
1384,1.6995737957174327e-05,1.16726236347188e-05,0.994075963519864
1385,1.697548929867863e-05,1.1658716914673822e-05,0.9940876222367787
1386,1.6947194073391823e-05,1.1639283835847548e-05,0.9940992615206146
1387,1.6922560697042437e-05,1.1622365704272249e-05,0.9941108838863189
1388,1.691186110073948e-05,1.1615017252501426e-05,0.9941224989035714
1389,1.683320922171972e-05,1.1560999369649002e-05,0.994134059902941
1390,1.6794616210097517e-05,1.1534493800974586e-05,0.994145594396742
1391,1.6764267242567743e-05,1.1513650217920411e-05,0.9941571080469599
1392,1.6724789387488398e-05,1.1486536941320812e-05,0.9941685945839012
1393,1.6688316271048125e-05,1.1461487310521294e-05,0.9941800560712117
1394,1.666468533285299e-05,1.144525765056877e-05,0.9941915013288624
1395,1.6653185642970144e-05,1.1437359696843156e-05,0.9942029386885592
1396,1.663468313235441e-05,1.1424652226107901e-05,0.9942143633407854
1397,1.6563479023396403e-05,1.1375749450176276e-05,0.9942257390902356
1398,1.6525770622831676e-05,1.134985142981562e-05,0.9942370889416654
1399,1.6496099314026386e-05,1.1329473260811932e-05,0.9942484184149262
1400,1.6455116470228418e-05,1.1301326362316582e-05,0.9942597197412885
1401,1.6440192546569358e-05,1.129107665474493e-05,0.9942710108179432
1402,1.641519933944104e-05,1.1273911392432193e-05,0.9942822847293357
1403,1.6366250008412e-05,1.1240293133565589e-05,0.9942935250224693
1404,1.6331507019179554e-05,1.1216431749124542e-05,0.9943047414542184
1405,1.6304958318161522e-05,1.1198198178110737e-05,0.9943159396523965
1406,1.627861385841138e-05,1.1180104879408541e-05,0.994327119757276
1407,1.6239935412822804e-05,1.1153540634933307e-05,0.9943382732979109
1408,1.620763251367777e-05,1.1131355097301438e-05,0.9943494046530083
1409,1.619682154971189e-05,1.1123930158542075e-05,0.9943605285831668
1410,1.616041725109516e-05,1.1098927791624572e-05,0.9943716275109584
1411,1.61065695963778e-05,1.1061945378227058e-05,0.9943826894563367
1412,1.608725903728463e-05,1.1048682942136403e-05,0.9943937381392788
1413,1.6030077556152815e-05,1.1009410866407222e-05,0.9944047475501452
1414,1.600673920085271e-05,1.0993382151540121e-05,0.9944157409322967
1415,1.5987318121760916e-05,1.0980043810634313e-05,0.9944267209761073
1416,1.5938648191191787e-05,1.0946617443194849e-05,0.9944376675935505
1417,1.5911992783164533e-05,1.0928310586115975e-05,0.9944485959041366
1418,1.590018826443923e-05,1.0920203276823688e-05,0.9944595161074135
1419,1.586449373866805e-05,1.0895688379842068e-05,0.9944704117957933
1420,1.5855811558093338e-05,1.0889725483353981e-05,0.9944813015212767
1421,1.581011462056725e-05,1.0858340958931131e-05,0.9944921598622356
1422,1.575913105715011e-05,1.082332559514848e-05,0.9945029831878307
1423,1.574712571381086e-05,1.0815080360092621e-05,0.9945137982681908
1424,1.572813344191179e-05,1.080203652272559e-05,0.9945246003047135
1425,1.5713914083469524e-05,1.0792270708505462e-05,0.994535392575422
1426,1.5700720318556076e-05,1.078320926895234e-05,0.994546175784691
1427,1.5658697656743843e-05,1.0754348226454553e-05,0.9945569301329175
1428,1.5600407903329416e-05,1.0714314992529577e-05,0.99456764444791
1429,1.5527784995017908e-05,1.0664437789308689e-05,0.9945783088856993
1430,1.5505537393753163e-05,1.0649158201155881e-05,0.9945889580439005
1431,1.54929178724366e-05,1.0640491150442948e-05,0.9945995985350509
1432,1.5445421817418013e-05,1.0607870997333807e-05,0.9946102064060482
1433,1.5441854809484993e-05,1.0605421186610136e-05,0.9946208118272348
1434,1.541352194190382e-05,1.0585962255165048e-05,0.99463139778949
1435,1.5388509325242693e-05,1.0568783662441359e-05,0.9946419665731524
1436,1.537520401273021e-05,1.0559645612320093e-05,0.9946525262187648
1437,1.529652535738668e-05,1.0505609339566013e-05,0.9946630318281043
1438,1.5281875529983638e-05,1.0495547880509619e-05,0.9946735273759848
1439,1.5268530156377895e-05,1.0486382316545461e-05,0.9946840137583014
1440,1.523972281857151e-05,1.0466597520323052e-05,0.9946944803558218
1441,1.5197790042559168e-05,1.0437798211132455e-05,0.9947049181540328
1442,1.517675274709177e-05,1.0423349857498029e-05,0.9947153415038903
1443,1.5162404974774213e-05,1.0413495849000047e-05,0.9947257549997393
1444,1.5122817969130904e-05,1.0386307608109053e-05,0.9947361413073473
1445,1.5105611991431648e-05,1.0374490592428013e-05,0.9947465157979397
1446,1.5052816000195664e-05,1.0338230458465462e-05,0.9947568540283982
1447,1.5013116578104653e-05,1.0310965010283579e-05,0.9947671649934084
1448,1.4982851648862482e-05,1.029017914448208e-05,0.9947774551725529
1449,1.4962038678656456e-05,1.0275884856787852e-05,0.9947877310574097
1450,1.4952774111086981e-05,1.0269521978597486e-05,0.9947980005793883
1451,1.4916733428255504e-05,1.0244769341948806e-05,0.9948082453487302
1452,1.4897926695936894e-05,1.0231852932628588e-05,0.9948184772016628
1453,1.4843042019884601e-05,1.0194158295979907e-05,0.9948286713599588
1454,1.479093541354607e-05,1.0158371629569496e-05,0.9948388297315883
1455,1.4761426037947218e-05,1.0138104675823277e-05,0.9948489678362642
1456,1.4747851060634529e-05,1.0128781420697777e-05,0.9948590966176849
1457,1.4703718730176104e-05,1.0098471463880234e-05,0.9948691950891487
1458,1.4691103262773268e-05,1.0089807197383514e-05,0.9948792848963461
1459,1.4662482797312501e-05,1.0070150744547174e-05,0.9948893550470906
1460,1.4639194992235464e-05,1.005415674742696e-05,0.994899409203838
1461,1.4631286418472735e-05,1.0048725161858133e-05,0.9949094579289999
1462,1.4613611520045873e-05,1.0036586092778668e-05,0.9949194945150927
1463,1.4526067794782528e-05,9.976461315663657e-06,0.9949294709764083
1464,1.4503328899405462e-05,9.960844308136561e-06,0.9949394318207164
1465,1.4486055026834782e-05,9.948980662454347e-06,0.9949493808013788
1466,1.4454489068607214e-05,9.927301253711516e-06,0.9949593081026326
1467,1.4433120657723576e-05,9.91262549096763e-06,0.9949692207281235
1468,1.44290123143762e-05,9.909803892648278e-06,0.9949791305320161
1469,1.4387320399367142e-05,9.881170006097562e-06,0.9949890117020223
1470,1.438082637463415e-05,9.876709928707938e-06,0.9949988884119509
1471,1.4337488322607477e-05,9.846945480018278e-06,0.995008735357431
1472,1.4299013697643664e-05,9.820521218958172e-06,0.99501855587865
1473,1.426523193277297e-05,9.797320000626506e-06,0.9950283531986506
1474,1.425062270474375e-05,9.787286425102538e-06,0.9950381404850757
1475,1.4223209165450203e-05,9.768458885664388e-06,0.9950479089439613
1476,1.4194817816769055e-05,9.74895978956911e-06,0.9950576579037509
1477,1.417598490507625e-05,9.736025400330471e-06,0.9950673939291512
1478,1.4144746905775828e-05,9.714571232829524e-06,0.995077108500384
1479,1.4116621276028009e-05,9.69525463172853e-06,0.9950868037550157
1480,1.4085573202615925e-05,9.67393090477795e-06,0.9950964776859205
1481,1.4042331055124842e-05,9.64423232304574e-06,0.9951061219182435
1482,1.4013381678752881e-05,9.624349975147625e-06,0.9951157462682187
1483,1.3986827209005236e-05,9.606112442187018e-06,0.9951253523806609
1484,1.3959980852266248e-05,9.587674442085627e-06,0.995134940055103
1485,1.394190578952373e-05,9.575260541312446e-06,0.9951445153156443
1486,1.3919464526004219e-05,9.559847946483622e-06,0.9951540751635908
1487,1.3853167861299994e-05,9.514315589060866e-06,0.9951635894791798
1488,1.3837050315478234e-05,9.503246105242819e-06,0.9951730927252851
1489,1.3823517112655205e-05,9.4939515407159e-06,0.9951825866768258
1490,1.3794644106503358e-05,9.474121643663906e-06,0.9951920607984694
1491,1.376743304385164e-05,9.455433164597295e-06,0.995201516231634
1492,1.37357559141212e-05,9.433677403588077e-06,0.9952109499090376
1493,1.3709429915970362e-05,9.415596784258847e-06,0.9952203655058218
1494,1.369864281986309e-05,9.408188237875688e-06,0.9952297736940597
1495,1.3681003939383633e-05,9.396073905818246e-06,0.9952391697679656
1496,1.3664856578184071e-05,9.384983944885023e-06,0.9952485547519104
1497,1.3606150516032418e-05,9.344664791324328e-06,0.9952578994167017
1498,1.3584978820212797e-05,9.330124131917016e-06,0.9952672295408337
1499,1.3569533320094531e-05,9.319516207142886e-06,0.9952765490570409
1500,1.3543053507364777e-05,9.301329948406074e-06,0.9952858503869892
1501,1.3503092682340775e-05,9.273884969446443e-06,0.9952951242719587
1502,1.348533185952157e-05,9.261686887743024e-06,0.9953043859588464
1503,1.3471378009212531e-05,9.252103423740282e-06,0.9953136380622701
1504,1.344099816900362e-05,9.231238637419438e-06,0.9953228693009075
1505,1.3415668554735865e-05,9.213842331657068e-06,0.9953320831432392
1506,1.3409347051987476e-05,9.209500741867104e-06,0.9953412926439811
1507,1.3366901049869529e-05,9.180348950472713e-06,0.9953504729929316
1508,1.3353457373041591e-05,9.171115872140092e-06,0.9953596441088037
1509,1.333133328159428e-05,9.155921110172397e-06,0.9953688000299139
1510,1.3305398919567639e-05,9.13810946539967e-06,0.9953779381393792
1511,1.3289071211280695e-05,9.12689564260885e-06,0.9953870650350218
1512,1.3279666070973881e-05,9.120436219469367e-06,0.9953961854712413
1513,1.3227572999212495e-05,9.084658848567366e-06,0.9954052701300898
1514,1.3204227029980576e-05,9.068624904473937e-06,0.9954143387549943
1515,1.3186636157692288e-05,9.05654354430323e-06,0.9954233952985386
1516,1.3161058462771057e-05,9.038976857466123e-06,0.9954324342753961
1517,1.3116530089587886e-05,9.008394899651573e-06,0.9954414426702958
1518,1.310312166862386e-05,8.999186034944238e-06,0.9954504418563307
1519,1.3082168052672363e-05,8.98479515215912e-06,0.9954594266514829
1520,1.307189503721605e-05,8.97773967487903e-06,0.9954684043911578
1521,1.304130299065523e-05,8.956729145849927e-06,0.9954773611203036
1522,1.3021990147795809e-05,8.94346514127522e-06,0.9954863045854448
1523,1.2997058064774986e-05,8.926341858822587e-06,0.9954952309273036
1524,1.297475680903626e-05,8.911025420932352e-06,0.9955041419527245
1525,1.2935724995925044e-05,8.884218484665393e-06,0.9955130261712092
1526,1.2884359563895226e-05,8.848940854624875e-06,0.9955218751120638
1527,1.284270298503973e-05,8.820331236842144e-06,0.9955306954433006
1528,1.283968574834417e-05,8.818259007413045e-06,0.9955395137023081
1529,1.282077913675269e-05,8.80527400129732e-06,0.9955483189763094
1530,1.2792655971797858e-05,8.785959093009017e-06,0.9955571049354024
1531,1.2774032508197613e-05,8.773168552114098e-06,0.9955658781039545
1532,1.2753859112182593e-05,8.759313522123003e-06,0.9955746374174766
1533,1.2736727252379391e-05,8.747547410398436e-06,0.9955833849648871
1534,1.2719242566265286e-05,8.735538978584801e-06,0.9955921205038657
1535,1.268267871643836e-05,8.710427032357959e-06,0.995600830930898
1536,1.2624297330655768e-05,8.670330865587756e-06,0.9956095012617636
1537,1.2614048900384457e-05,8.663292273341564e-06,0.995618164554037
1538,1.259885468167905e-05,8.65285692791445e-06,0.9956268174109648
1539,1.2559904416191164e-05,8.626105998319155e-06,0.9956354435169631
1540,1.2528870575762974e-05,8.604792046540717e-06,0.9956440483090097
1541,1.2505874941358356e-05,8.58899871139263e-06,0.995652637307721
1542,1.2490060684539852e-05,8.578137525584147e-06,0.9956612154452467
1543,1.247699744224404e-05,8.569165728587018e-06,0.9956697846109752
1544,1.2449231718904709e-05,8.550096310165624e-06,0.9956783347072854
1545,1.2435137608052749e-05,8.540416515627989e-06,0.995686875123801
1546,1.241866583887909e-05,8.529103752237158e-06,0.9956954042275533
1547,1.2375174062979458e-05,8.499233726436504e-06,0.9957039034612798
1548,1.2362326277528908e-05,8.490409904577061e-06,0.9957123938711844
1549,1.234306414911694e-05,8.477180730538071e-06,0.9957208710519149
1550,1.231139665721665e-05,8.455431588762702e-06,0.9957293264835037
1551,1.2301501394428236e-05,8.448635550921518e-06,0.9957377751190546
1552,1.229329864084575e-05,8.443001923503988e-06,0.9957462181209781
1553,1.2252155051011568e-05,8.414744625096247e-06,0.9957546328656032
1554,1.2239371523133795e-05,8.405964935151793e-06,0.9957630388305383
1555,1.2223371711353788e-05,8.394976310732838e-06,0.9957714338068491
1556,1.2185333019119187e-05,8.368851447009344e-06,0.9957798026582961
1557,1.216655806341861e-05,8.355956861778413e-06,0.9957881586151579
1558,1.2100104973056512e-05,8.310317071666604e-06,0.9957964689322296
1559,1.2086080669592489e-05,8.300685220640947e-06,0.9958047696174502
1560,1.206781582408868e-05,8.28814097761664e-06,0.9958130577584279
1561,1.2047586754008597e-05,8.274247710838806e-06,0.9958213320061388
1562,1.203259094921291e-05,8.263948635510579e-06,0.9958295959547743
1563,1.1994613581388683e-05,8.237865889214624e-06,0.9958378338206635
1564,1.198468315118573e-05,8.231045698494928e-06,0.995846064866362
1565,1.196833461754554e-05,8.219817572911778e-06,0.9958542846839349
1566,1.1935928661725102e-05,8.197561256253539e-06,0.9958624822451911
1567,1.1930768336196665e-05,8.194017159617204e-06,0.9958706762623507
1568,1.1883306953323332e-05,8.161420819237064e-06,0.99587883768317
1569,1.1868577645034853e-05,8.151304772938612e-06,0.9958869889879429
1570,1.1821830751494713e-05,8.119199141764415e-06,0.9958951081870847
1571,1.1797773091991373e-05,8.102676410852566e-06,0.9959032108634955
1572,1.177460363612736e-05,8.086763695629293e-06,0.9959112976271912
1573,1.175345473557137e-05,8.072238691943064e-06,0.9959193698658831
1574,1.1735266972665172e-05,8.059747389023678e-06,0.9959274296132722
1575,1.1721890910456116e-05,8.050560748215594e-06,0.9959354801740204
1576,1.1691492796050395e-05,8.029683411229274e-06,0.9959435098574316
1577,1.1656775150615728e-05,8.005839432835185e-06,0.9959515156968645
1578,1.1624666959202257e-05,7.98378761990977e-06,0.9959594994844844
1579,1.1604292206992102e-05,7.969794299066683e-06,0.9959674692787834
1580,1.1592675338449853e-05,7.961815867376964e-06,0.9959754310946508
1581,1.1576751861443802e-05,7.950879669459811e-06,0.9959833819743202
1582,1.155288703637518e-05,7.934489376679565e-06,0.9959913164636969
1583,1.1545357439713162e-05,7.929318071486555e-06,0.9959992457817683
1584,1.1515626383486603e-05,7.908898868126879e-06,0.9960071546806365
1585,1.1484475678935137e-05,7.88750465440684e-06,0.9960150421852909
1586,1.1477277424560582e-05,7.882560914137788e-06,0.996022924746205
1587,1.1428089610337811e-05,7.84877886570402e-06,0.9960307735250707
1588,1.141669468312942e-05,7.840952862679984e-06,0.9960386144779334
1589,1.139409187696734e-05,7.82542932083183e-06,0.9960464399072543
1590,1.1378537580597213e-05,7.814746675106834e-06,0.9960542546539294
1591,1.1369012817034737e-05,7.808205095061613e-06,0.9960620628590244
1592,1.1314997002174346e-05,7.771107189764606e-06,0.9960698339662142
1593,1.1311553299433784e-05,7.768742064690207e-06,0.9960776027082788
1594,1.130312486012989e-05,7.762953436972463e-06,0.9960853656617158
1595,1.1292685821446449e-05,7.755783935420537e-06,0.9960931214456512
1596,1.1262524731649098e-05,7.735069386249177e-06,0.9961008565150374
1597,1.1254704632554249e-05,7.72969856482616e-06,0.9961085862136022
1598,1.1215096230225511e-05,7.702495628753547e-06,0.996116288709231
1599,1.1183448794871266e-05,7.680760261755949e-06,0.9961239694694928
1600,1.1173803356173915e-05,7.674135802377391e-06,0.9961316436052952
1601,1.1150322644611894e-05,7.65800931764166e-06,0.9961393016146128
1602,1.1148338715864519e-05,7.656646761120455e-06,0.996146958261374
1603,1.1120923318200583e-05,7.637817945358903e-06,0.9961545960793193
1604,1.1107157512783289e-05,7.628363630043514e-06,0.9961622244429493
1605,1.106602070708665e-05,7.6001109909618005e-06,0.9961698245539403
1606,1.1052293353221042e-05,7.590683084060811e-06,0.9961774152370244
1607,1.1018010329033254e-05,7.567137602281065e-06,0.9961849823746267
1608,1.1012403944138728e-05,7.56328715336322e-06,0.9961925456617801
1609,1.09941394753086e-05,7.550743169037306e-06,0.9962000964049491
1610,1.0982036858538903e-05,7.5424311268709765e-06,0.996207638836076
1611,1.0959523035596023e-05,7.526968698440206e-06,0.9962151658047744
1612,1.0948925978526455e-05,7.519690670318074e-06,0.9962226854954448
1613,1.0886770821823161e-05,7.477002688602737e-06,0.9962301624981333
1614,1.0868871541251725e-05,7.464709514515853e-06,0.9962376272076479
1615,1.0857018149279039e-05,7.456568639218729e-06,0.9962450837762871
1616,1.0843724228352722e-05,7.44743841280587e-06,0.9962525312146999
1617,1.0817848774037873e-05,7.4296672256790945e-06,0.9962599608819256
1618,1.0790734862610222e-05,7.411045469791968e-06,0.9962673719273953
1619,1.0768458990649859e-05,7.3957464654072395e-06,0.9962747676738607
1620,1.0745946896269836e-05,7.380285224148437e-06,0.9962821479590849
1621,1.0742839290279914e-05,7.378150929349542e-06,0.9962895261100142
1622,1.072607133984879e-05,7.366634749528382e-06,0.9962968927447637
1623,1.0716119257643564e-05,7.359799688276197e-06,0.996304252544452
1624,1.069990085113385e-05,7.348660933629602e-06,0.9963116012053856
1625,1.0667748782108511e-05,7.326578985687363e-06,0.9963189277843714
1626,1.0665414550827084e-05,7.3249758423997254e-06,0.9963262527602138
1627,1.0637833841886247e-05,7.306033491331691e-06,0.9963335587937051
1628,1.0618958287059494e-05,7.293069814912087e-06,0.9963408518635201
1629,1.0605191728130174e-05,7.2836149820868196e-06,0.9963481354785021
1630,1.0563503540760383e-05,7.254983655667964e-06,0.9963553904621577
1631,1.0551196917133821e-05,7.246531502182839e-06,0.9963626369936599
1632,1.0535237526697633e-05,7.235570639025819e-06,0.9963698725642989
1633,1.0526321145225305e-05,7.2294468940391455e-06,0.9963771020111929
1634,1.0500137223489022e-05,7.21146385238019e-06,0.9963843134750453
1635,1.0492876836198327e-05,7.206477439404176e-06,0.9963915199524848
1636,1.0449969980079855e-05,7.177009134816169e-06,0.9963986969616195
1637,1.039990628882253e-05,7.142625536570302e-06,0.9964058395871561
1638,1.0387695930486958e-05,7.1342394978083894e-06,0.996412973826654
1639,1.0383871918997064e-05,7.1316131777857555e-06,0.9964201054398317
1640,1.0355827072658499e-05,7.112352058496409e-06,0.9964272177918903
1641,1.0350884906595973e-05,7.108957793149797e-06,0.9964343267496834
1642,1.032431236879566e-05,7.0907078511029166e-06,0.9964414174575345
1643,1.028882392386277e-05,7.0663344898445305e-06,0.9964484837920243
1644,1.0280034600980569e-05,7.060298008329784e-06,0.9964555440900327
1645,1.0255351833029197e-05,7.0433459547452065e-06,0.9964625874359874
1646,1.0250846512809607e-05,7.04025171385907e-06,0.9964696276877012
1647,1.0240300713832316e-05,7.033008889646347e-06,0.9964766606965908
1648,1.0213203154112324e-05,7.0143983640647105e-06,0.9964836750949548
1649,1.0204222096295964e-05,7.008230199552161e-06,0.9964906833251543
1650,1.0189944407273938e-05,6.998424324058693e-06,0.9964976817494784
1651,1.0170067937043789e-05,6.984773221837192e-06,0.9965046665227002
1652,1.014480248704621e-05,6.9674209839098565e-06,0.9965116339436841
1653,1.0117499671444293e-05,6.948669489182628e-06,0.9965185826131733
1654,1.0089752377501724e-05,6.929612728017585e-06,0.9965255122259012
1655,1.00869685870297e-05,6.927700828779098e-06,0.99653243992673
1656,1.0080486830570418e-05,6.923249177204348e-06,0.9965393631759072
1657,1.0033154352625122e-05,6.8907413683556675e-06,0.9965462539172756
1658,1.0016576068475427e-05,6.879355450787603e-06,0.9965531332727263
1659,1.000051521555346e-05,6.868324903489035e-06,0.9965600015976298
1660,9.981694021565355e-06,6.855398561936067e-06,0.9965668569961917
1661,9.972588278899602e-06,6.8491447642298555e-06,0.996573706140956
1662,9.94297668465052e-06,6.8288076070105285e-06,0.996580534948563
1663,9.915789661602963e-06,6.810135638274473e-06,0.9965873450842013
1664,9.909900428148995e-06,6.8060909297847095e-06,0.9965941511751311
1665,9.87905317088007e-06,6.784905122779989e-06,0.9966009360802538
1666,9.871099991196674e-06,6.7794429019939605e-06,0.9966077155231557
1667,9.842871657108129e-06,6.760055763849035e-06,0.9966144755789196
1668,9.818335494541075e-06,6.743204398418057e-06,0.996621218783318
1669,9.814974857403091e-06,6.740896322559074e-06,0.9966279596796406
1670,9.796614400860472e-06,6.728286414150058e-06,0.9966346879660547
1671,9.774229502904887e-06,6.712912531027388e-06,0.9966414008785858
1672,9.744588793535839e-06,6.692555377627942e-06,0.9966480934339634
1673,9.740677274801122e-06,6.689868957882854e-06,0.9966547833029213
1674,9.730359117278756e-06,6.682782477162463e-06,0.9966614660853985
1675,9.701199389159686e-06,6.662755660293299e-06,0.9966681288410588
1676,9.686090984541099e-06,6.6523792517326245e-06,0.9966747812203105
1677,9.662632919806607e-06,6.636268320772489e-06,0.9966814174886313
1678,9.643721671979372e-06,6.623280130503467e-06,0.9966880407687617
1679,9.61712157721453e-06,6.605011262413112e-06,0.9966946457800241
1680,9.583782612233795e-06,6.582114157764184e-06,0.9967012278941818
1681,9.583175252987164e-06,6.581697025191603e-06,0.996707809591207
1682,9.559652190414966e-06,6.565541453904667e-06,0.9967143751326609
1683,9.551992793823402e-06,6.5602810024957515e-06,0.9967209354136635
1684,9.521414858089324e-06,6.539280164741611e-06,0.9967274746938282
1685,9.511019255094356e-06,6.5321404946948044e-06,0.9967340068343229
1686,9.504834382320568e-06,6.527892741975919e-06,0.9967405347270649
1687,9.476181349504036e-06,6.5082139219739056e-06,0.9967470429409869
1688,9.450337895838572e-06,6.490464712800501e-06,0.9967535334056997
1689,9.449169855968428e-06,6.489662506398584e-06,0.9967600230682061
1690,9.425793232551106e-06,6.473607509099349e-06,0.9967664966757152
1691,9.411711579999909e-06,6.463936270886616e-06,0.9967729606119861
1692,9.379737727018606e-06,6.441976721207573e-06,0.9967794025887072
1693,9.370770263923631e-06,6.435817893510322e-06,0.9967858384066007
1694,9.354162581031197e-06,6.424411784970839e-06,0.9967922628183857
1695,9.327091330289183e-06,6.405819328319126e-06,0.996798668637714
1696,9.303570662493743e-06,6.389665401757936e-06,0.9968050583031158
1697,9.294396199737675e-06,6.3833644072926074e-06,0.9968114416675231
1698,9.275186443760408e-06,6.370171202490178e-06,0.9968178118387256
1699,9.265908607308997e-06,6.363799211270104e-06,0.9968241756379369
1700,9.218454652032096e-06,6.331207972141695e-06,0.996830506845909
1701,9.208292030474236e-06,6.324228313071528e-06,0.996836831074222
1702,9.19756772007222e-06,6.316862887729006e-06,0.9968431479371098
1703,9.164159172702446e-06,6.293917994096692e-06,0.9968494418551039
1704,9.151754916326216e-06,6.285398786721694e-06,0.9968557272538907
1705,9.136385109138144e-06,6.274842847632927e-06,0.9968620020967384
1706,9.121275784436826e-06,6.264465807162097e-06,0.9968682665625456
1707,9.101103470158939e-06,6.2506115201049315e-06,0.9968745171740657
1708,9.090973653493579e-06,6.243654391339979e-06,0.9968807608284571
1709,9.085093133730408e-06,6.239615667387835e-06,0.9968870004441245
1710,9.075855098074905e-06,6.233271011239186e-06,0.9968932337151357
1711,9.060318174049163e-06,6.222600296790029e-06,0.9968994563154325
1712,9.023668535768951e-06,6.197429431301784e-06,0.9969056537448638
1713,9.006336443487297e-06,6.185525800490592e-06,0.9969118392706643
1714,8.99192582913179e-06,6.175628632262842e-06,0.9969180148992965
1715,8.97500658041417e-06,6.164008541216451e-06,0.9969241789078378
1716,8.953712020582153e-06,6.149383499161057e-06,0.996930328291337
1717,8.938518960233038e-06,6.138948949289691e-06,0.9969364672402863
1718,8.92997213915725e-06,6.133079017313667e-06,0.9969426003193036
1719,8.921826966876101e-06,6.127484936567225e-06,0.9969487278042402
1720,8.896267380421541e-06,6.109930686572614e-06,0.9969548377349268
1721,8.879728162764952e-06,6.098571599758937e-06,0.9969609363065265
1722,8.868631091238843e-06,6.090950163155347e-06,0.9969670272566896
1723,8.839887237931263e-06,6.071208967902962e-06,0.9969730984656575
1724,8.819981160606642e-06,6.0575375316146765e-06,0.9969791560031891
1725,8.818707267009063e-06,6.056662625179151e-06,0.9969852126658143
1726,8.78673532557236e-06,6.034704388343407e-06,0.9969912473702026
1727,8.784830749774686e-06,6.03339633119837e-06,0.9969972807665338
1728,8.761743779930147e-06,6.017540267134517e-06,0.997003298306801
1729,8.752838725916786e-06,6.0114243018138755e-06,0.9970093097311028
1730,8.733610885411634e-06,5.99821867661004e-06,0.9970153079497794
1731,8.723486573972141e-06,5.991265328818278e-06,0.9970212992151083
1732,8.716575145044886e-06,5.986518579436213e-06,0.9970272857336877
1733,8.691315486646512e-06,5.969170319162447e-06,0.9970332549040068
1734,8.68202263085178e-06,5.962788012700854e-06,0.9970392176920195
1735,8.668938331321081e-06,5.9538017536557555e-06,0.9970451714937731
1736,8.648596291175356e-06,5.939830899363833e-06,0.9970511113246725
1737,8.633894400974087e-06,5.9297336837283124e-06,0.9970570410583562
1738,8.612812692176428e-06,5.915254827147217e-06,0.9970629563131834
1739,8.60108965369473e-06,5.907203478250395e-06,0.9970688635166617
1740,8.586454481312732e-06,5.897152084220035e-06,0.9970747606687459
1741,8.559328622910871e-06,5.8785221231856015e-06,0.9970806391908691
1742,8.551077912830025e-06,5.872855559383808e-06,0.9970865120464285
1743,8.543403237592012e-06,5.867584614644735e-06,0.9970923796310431
1744,8.522404553174376e-06,5.853162778967525e-06,0.9970982327938221
1745,8.487779063250162e-06,5.829382092711269e-06,0.9971040621759149
1746,8.481910700523749e-06,5.825351718176781e-06,0.9971098875276331
1747,8.455435854052553e-06,5.80716887025197e-06,0.9971156946965033
1748,8.453858108901895e-06,5.8060852794492915e-06,0.9971215007817827
1749,8.44407508317489e-06,5.799366325697013e-06,0.9971273001481085
1750,8.426742866982513e-06,5.787462609784295e-06,0.9971330876107183
1751,8.405814607083067e-06,5.773089141462333e-06,0.9971388606998598
1752,8.394941790583148e-06,5.765621722561624e-06,0.9971446263215824
1753,8.375077130429826e-06,5.751978731466703e-06,0.9971503783003138
1754,8.348534030813276e-06,5.733749007479223e-06,0.9971561120493213
1755,8.344705083904214e-06,5.731119297824989e-06,0.9971618431686191
1756,8.323694053164165e-06,5.716688982729282e-06,0.9971675598576019
1757,8.308502509364607e-06,5.706255474419762e-06,0.9971732661130763
1758,8.302857566792373e-06,5.702378544200474e-06,0.9971789684916206
1759,8.26287540251327e-06,5.674918909502207e-06,0.99718464341053
1760,8.23886016422636e-06,5.658425313359013e-06,0.9971903018358433
1761,8.232648276151817e-06,5.654159006609765e-06,0.99719595599485
1762,8.226640597160033e-06,5.6500329500674725e-06,0.9972016060278001
1763,8.22374608182756e-06,5.648045005315322e-06,0.9972072540728054
1764,8.212299347873189e-06,5.640183421568102e-06,0.997212894256227
1765,8.176144986788882e-06,5.615352711024422e-06,0.997218509608938
1766,8.169263047835856e-06,5.610626215271298e-06,0.9972241202351533
1767,8.151644318242928e-06,5.598525722784397e-06,0.9972297187608761
1768,8.11643433118309e-06,5.574343605587225e-06,0.9972352931044817
1769,8.107667128094392e-06,5.5683223158826315e-06,0.9972408614267976
1770,8.094737625370636e-06,5.5594423708364804e-06,0.9972464208691684
1771,8.078713707576928e-06,5.548437190477091e-06,0.9972519693063588
1772,8.062511730979975e-06,5.537309719847026e-06,0.9972575066160787
1773,8.054582124106142e-06,5.531863688798373e-06,0.9972630384797675
1774,8.035764745774768e-06,5.518939967827403e-06,0.9972685574197353
1775,8.027539649199555e-06,5.51329099530714e-06,0.9972740707107306
1776,8.006167904326823e-06,5.498612942789195e-06,0.9972795693236733
1777,7.99542290522675e-06,5.4912333085087315e-06,0.9972850605569819
1778,7.977859066320716e-06,5.479170514786708e-06,0.9972905397274966
1779,7.963539156818873e-06,5.469335642389908e-06,0.997296009063139
1780,7.94791285191276e-06,5.458603541410826e-06,0.9973014676666804
1781,7.936929515905813e-06,5.4510602180325884e-06,0.9973069187268984
1782,7.921413503223281e-06,5.44040386543342e-06,0.9973123591307638
1783,7.899587335971484e-06,5.425413716940862e-06,0.9973177845444807
1784,7.889780812623747e-06,5.4186786250906784e-06,0.9973232032231059
1785,7.869864643806159e-06,5.405000257994233e-06,0.9973286082233639
1786,7.867601072136582e-06,5.4034456435234895e-06,0.9973340116690074
1787,7.855671652001228e-06,5.395252552304309e-06,0.9973394069215596
1788,7.84022260970291e-06,5.384642194771172e-06,0.9973447915637544
1789,7.819162813798011e-06,5.370178387901397e-06,0.9973501617421423
1790,7.807022300103028e-06,5.361840318236475e-06,0.9973555235824605
1791,7.804782222091943e-06,5.360301839142381e-06,0.9973608838842997
1792,7.780661627942288e-06,5.343735884897607e-06,0.9973662276201846
1793,7.7471682153957e-06,5.320732706107499e-06,0.9973715483528907
1794,7.734625203293397e-06,5.312118201701464e-06,0.9973768604710923
1795,7.730796053453564e-06,5.309488352674965e-06,0.997382169959445
1796,7.718161307511146e-06,5.300810845733062e-06,0.9973874707702907
1797,7.707156975469005e-06,5.293253102338627e-06,0.997392764023393
1798,7.693050952038715e-06,5.283565126276675e-06,0.9973980475885194
1799,7.672305001329287e-06,5.269316867378724e-06,0.9974033169053867
1800,7.643453892640063e-06,5.249502009440676e-06,0.9974085664073962
1801,7.625056493257054e-06,5.236866728795811e-06,0.997413803274125
1802,7.612666190998819e-06,5.2283571050686625e-06,0.99741903163123
1803,7.604407711146495e-06,5.222685205010308e-06,0.997424254316435
1804,7.5889441556109755e-06,5.2120648798278695e-06,0.9974294663813148
1805,7.568501190803602e-06,5.198024710770454e-06,0.9974346644060256
1806,7.565156502813306e-06,5.195727588739938e-06,0.9974398601336143
1807,7.5597950105439336e-06,5.192045331368206e-06,0.9974450521789456
1808,7.527268147449971e-06,5.169705975944478e-06,0.9974502218849216
1809,7.522917275765425e-06,5.1667178098651575e-06,0.9974553886027314
1810,7.510433620306503e-06,5.158144071429987e-06,0.9974605467468028
1811,7.496699123160043e-06,5.148711258544385e-06,0.9974656954580614
1812,7.49588957742869e-06,5.148155264879327e-06,0.9974708436133263
1813,7.4691363798263e-06,5.129781246203302e-06,0.9974759733945725
1814,7.464979876948232e-06,5.126926572057668e-06,0.9974811003211446
1815,7.439611891268297e-06,5.10950391292048e-06,0.9974862098250575
1816,7.4247556812239455e-06,5.099300710863411e-06,0.9974913091257684
1817,7.422130439758081e-06,5.0974977026234334e-06,0.997496406623471
1818,7.402262225821328e-06,5.083852270800339e-06,0.9975014904757419
1819,7.386046328859206e-06,5.072715239703768e-06,0.9975065631909816
1820,7.379218032483717e-06,5.068025585517628e-06,0.9975116312165672
1821,7.377143381698394e-06,5.066600721363357e-06,0.9975166978172886
1822,7.349744471798151e-06,5.047783229350184e-06,0.9975217456005179
1823,7.339990234295286e-06,5.041084047266917e-06,0.9975267866845652
1824,7.316439022177431e-06,5.024909142953504e-06,0.9975318115937082
1825,7.304358302903871e-06,5.01661213992414e-06,0.9975368282058481
1826,7.285508647656931e-06,5.003666251260985e-06,0.9975418318720993
1827,7.274302884249639e-06,4.995970165388008e-06,0.9975468278422647
1828,7.272828149718302e-06,4.994957321980514e-06,0.9975518227995867
1829,7.2475541332840815e-06,4.977599200649288e-06,0.9975568003987872
1830,7.2376644148814335e-06,4.9708069706762e-06,0.997561771205758
1831,7.229559456538645e-06,4.965240508746225e-06,0.9975667364462667
1832,7.218724895731128e-06,4.957799363744326e-06,0.9975716942456304
1833,7.210988366272721e-06,4.952485937705724e-06,0.9975766467315681
1834,7.180594445892146e-06,4.931611481163736e-06,0.9975815783430493
1835,7.178847266638422e-06,4.930411523509499e-06,0.9975865087545728
1836,7.151964143275039e-06,4.911948272196894e-06,0.997591420702845
1837,7.134416663007774e-06,4.899896713540626e-06,0.9975963205995586
1838,7.1302920104093555e-06,4.897063914074865e-06,0.9976012176634727
1839,7.109923028110376e-06,4.8830745559900706e-06,0.9976061007380287
1840,7.094884333261914e-06,4.872746023897743e-06,0.9976109734840526
1841,7.078409570545816e-06,4.861431204550629e-06,0.9976158349152572
1842,7.073552611846367e-06,4.858095459374344e-06,0.9976206930107165
1843,7.066572135870817e-06,4.853301288679368e-06,0.9976255463120052
1844,7.058900003975772e-06,4.8480320907008835e-06,0.9976303943440958
1845,7.0410878961233275e-06,4.835798786585081e-06,0.9976352301428825
1846,7.034084926059971e-06,4.8309891670157076e-06,0.9976400611320495
1847,7.018935548715912e-06,4.820584618505774e-06,0.997644881716668
1848,7.010170053407779e-06,4.814564501699929e-06,0.9976496962811697
1849,6.9969969456872575e-06,4.805517249447117e-06,0.9976545017984192
1850,6.974036628185167e-06,4.789748169845462e-06,0.997659291546589
1851,6.966253156101538e-06,4.784402503747733e-06,0.9976640759490928
1852,6.953562186464651e-06,4.7756863825352094e-06,0.9976688516354754
1853,6.940808098899079e-06,4.76692691211196e-06,0.9976736185623875
1854,6.9151034138786456e-06,4.749273008842295e-06,0.9976783678353963
1855,6.9033912382941665e-06,4.7412291205518405e-06,0.9976831090645168
1856,6.886086815600103e-06,4.7293444931333155e-06,0.99768783840901
1857,6.867255757800413e-06,4.7164113771431015e-06,0.9976925548203871
1858,6.866104503173265e-06,4.7156206987974905e-06,0.9976972704410859
1859,6.8536403291751935e-06,4.7070603401732436e-06,0.9977019775014261
1860,6.845197006369878e-06,4.701261490509803e-06,0.9977066787629166
1861,6.8263519904225095e-06,4.688318788104165e-06,0.9977113670817047
1862,6.824122362723038e-06,4.686787486253839e-06,0.9977160538691909
1863,6.806485912350317e-06,4.674674823186669e-06,0.9977207285440142
1864,6.78007362007133e-06,4.656534937300004e-06,0.9977253850789515
1865,6.777359032595298e-06,4.6546705664788555e-06,0.9977300397495179
1866,6.753218033176809e-06,4.63809059795451e-06,0.9977346778401158
1867,6.7322090037036525e-06,4.623661657323111e-06,0.9977393015017731
1868,6.7199234646055526e-06,4.615223984631105e-06,0.9977439167257578
1869,6.6995669904010406e-06,4.601243217069386e-06,0.9977485179689749
1870,6.696865681123609e-06,4.599387965676602e-06,0.9977531173569406
1871,6.684987325121184e-06,4.591229945156112e-06,0.9977577085868857
1872,6.675967973285753e-06,4.585035480422108e-06,0.9977622936223661
1873,6.658326951464287e-06,4.572919677697172e-06,0.9977668665420438
1874,6.649595607471332e-06,4.566923015915739e-06,0.9977714334650597
1875,6.6411825622182085e-06,4.561144960787505e-06,0.9977759946100205
1876,6.621813061931544e-06,4.547842044055762e-06,0.9977805424520646
1877,6.611321281328174e-06,4.540636319505892e-06,0.9977850830883841
1878,6.59534146722549e-06,4.529661429433839e-06,0.9977896127498135
1879,6.592210365838081e-06,4.527510998063958e-06,0.9977941402608116
1880,6.589599490303174e-06,4.52571785630378e-06,0.9977986659786678
1881,6.571571431036794e-06,4.513336237381959e-06,0.9978031793149053
1882,6.560654195117995e-06,4.505838311352935e-06,0.9978076851532166
1883,6.549123962454298e-06,4.497919380933837e-06,0.9978121830725976
1884,6.542633789316209e-06,4.493461948808444e-06,0.9978166765345464
1885,6.5219190552973005e-06,4.479235129443183e-06,0.9978211557696759
1886,6.500947281543973e-06,4.464831775932326e-06,0.9978256206014519
1887,6.4954651445791356e-06,4.4610666601329555e-06,0.9978300816681119
1888,6.481889951624039e-06,4.4517432569048754e-06,0.9978345334113689
1889,6.476036177646285e-06,4.447722901880739e-06,0.9978389811342707
1890,6.466106433016114e-06,4.440903182010444e-06,0.9978434220374527
1891,6.454860263922635e-06,4.433179345629149e-06,0.9978478552167983
1892,6.42787864781578e-06,4.4146484497854155e-06,0.9978522698652481
1893,6.414212276886588e-06,4.405262425788641e-06,0.997856675127674
1894,6.407297826667385e-06,4.400513601392012e-06,0.9978610756412754
1895,6.3975119261033164e-06,4.393792673209959e-06,0.9978654694339486
1896,6.380185574189208e-06,4.381892984866583e-06,0.9978698513269335
1897,6.374850528231677e-06,4.378228890745273e-06,0.9978742295558243
1898,6.364680300839111e-06,4.371244008009845e-06,0.9978786007998323
1899,6.3441872662685225e-06,4.3571694511839804e-06,0.9978829579692834
1900,6.329625379367006e-06,4.3471683894094905e-06,0.9978873051376728
1901,6.320951418811623e-06,4.341211138406885e-06,0.9978916463488112
1902,6.298142087873754e-06,4.325545755940507e-06,0.9978959718945671
1903,6.291402897557891e-06,4.320917299538199e-06,0.9979002928118667
1904,6.2821728443882925e-06,4.314578125737765e-06,0.9979046073899924
1905,6.26804033407794e-06,4.304871958563253e-06,0.997908912261951
1906,6.253911906251786e-06,4.295168595227072e-06,0.9979132074305462
1907,6.248780197198392e-06,4.291644152302966e-06,0.9979174990746985
1908,6.241157893107753e-06,4.28640917591632e-06,0.9979217854838744
1909,6.227106663202361e-06,4.276758831888669e-06,0.9979260622427063
1910,6.223798914753685e-06,4.2744870798284174e-06,0.9979303367297861
1911,6.207583727560017e-06,4.2633505361987654e-06,0.9979346000803223
1912,6.197338213968812e-06,4.256313947120028e-06,0.9979388563942694
1913,6.187532049792291e-06,4.249579101947596e-06,0.9979431059733713
1914,6.165780286169818e-06,4.234640053652295e-06,0.9979473406134249
1915,6.158079624806949e-06,4.22935126171789e-06,0.9979515699646867
1916,6.145770872632371e-06,4.220897646352149e-06,0.9979557908623331
1917,6.137827451818321e-06,4.2154421279293395e-06,0.997960006304461
1918,6.119940436678602e-06,4.203157377705457e-06,0.9979642094618387
1919,6.109325470693332e-06,4.195867049791857e-06,0.9979684053288885
1920,6.099920105553586e-06,4.189407472237768e-06,0.9979725947363608
1921,6.079321375725816e-06,4.175260324215206e-06,0.997976769996685
1922,6.072220398369553e-06,4.170383393520747e-06,0.9979809403800786
1923,6.060102665785626e-06,4.162060969856958e-06,0.9979851024410484
1924,6.049304281059294e-06,4.154644670482904e-06,0.997989257085719
1925,6.044874946108034e-06,4.1516026160591165e-06,0.997993408688335
1926,6.041928188576437e-06,4.1495787915158235e-06,0.9979975582671264
1927,6.0235954576998145e-06,4.136987925013962e-06,0.9980016952550514
1928,6.014905670508363e-06,4.131019804323516e-06,0.9980058262748558
1929,5.999086976936758e-06,4.120155571365844e-06,0.9980099464304272
1930,5.986872497716233e-06,4.111766702392073e-06,0.9980140581971295
1931,5.982589122588236e-06,4.108824892752421e-06,0.9980181670220223
1932,5.961829760456478e-06,4.094567422928431e-06,0.9980222615894452
1933,5.958044233181535e-06,4.091967533753232e-06,0.9980263535569789
1934,5.940634074491274e-06,4.080010287158573e-06,0.9980304335672661
1935,5.9264945438430825e-06,4.070299298436354e-06,0.9980345038665644
1936,5.915591605894182e-06,4.06281119221167e-06,0.9980385666777567
1937,5.909258409874349e-06,4.058461571516724e-06,0.9980426251393282
1938,5.9015666329563625e-06,4.053178881393346e-06,0.9980466783182096
1939,5.890363577897173e-06,4.045484655606008e-06,0.9980507238028652
1940,5.880503075631151e-06,4.038712491190988e-06,0.9980547625153564
1941,5.853838128422301e-06,4.020399082629804e-06,0.9980587829144391
1942,5.852681085483629e-06,4.019604428888593e-06,0.9980628025188679
1943,5.840182911414577e-06,4.0110207191140095e-06,0.998066813539587
1944,5.815313909695054e-06,3.99394076071652e-06,0.9980708074803477
1945,5.814142008986187e-06,3.993135902701744e-06,0.9980748006162504
1946,5.809343696248662e-06,3.989840435402358e-06,0.9980787904566858
1947,5.796686344545964e-06,3.981147402889727e-06,0.9980827716040886
1948,5.7835009688448255e-06,3.9720917250233375e-06,0.9980867436958136
1949,5.776048843382555e-06,3.966973626826073e-06,0.9980907106694404
1950,5.765631805722755e-06,3.959819235513502e-06,0.998094670488676
1951,5.757727091706438e-06,3.95439030080734e-06,0.9980986248789767
1952,5.7499623162863176e-06,3.949057475523991e-06,0.9981025739364522
1953,5.7380731967868215e-06,3.940892062664867e-06,0.9981065148285149
1954,5.721737085848422e-06,3.929672468957348e-06,0.9981104445009839
1955,5.698126870823804e-06,3.913457041618354e-06,0.9981143579580255
1956,5.695888936667051e-06,3.91192003491721e-06,0.9981182698780604
1957,5.684236125036415e-06,3.903916917618425e-06,0.998122173794978
1958,5.6746209323964605e-06,3.897313231144539e-06,0.9981260711082092
1959,5.665498451413709e-06,3.891047937610663e-06,0.9981299621561468
1960,5.661211633846167e-06,3.888103763713494e-06,0.9981338502599105
1961,5.647963609446413e-06,3.8790050589022315e-06,0.9981377292649695
1962,5.627995015418374e-06,3.8652906863229935e-06,0.9981415945556558
1963,5.613859688029651e-06,3.855582584387211e-06,0.9981454501382402
1964,5.609871380752857e-06,3.8528434264936885e-06,0.9981493029816667
1965,5.603919742807272e-06,3.848755858779714e-06,0.9981531517375255
1966,5.591917451001827e-06,3.840512719508442e-06,0.998156992250245
1967,5.588830614192149e-06,3.838392688922423e-06,0.9981608306429339
1968,5.583188294075279e-06,3.834517559797887e-06,0.9981646651604937
1969,5.570502919009819e-06,3.825805280920826e-06,0.9981684909657746
1970,5.558538913508863e-06,3.8175884365726574e-06,0.9981723085542112
1971,5.542919344749216e-06,3.80686096195947e-06,0.9981761154151731
1972,5.5377953849566025e-06,3.8033418412052362e-06,0.9981799187570144
1973,5.532022647910743e-06,3.799377142111363e-06,0.9981837181341565
1974,5.515415027312804e-06,3.787971076355559e-06,0.9981875061052329
1975,5.512037137785232e-06,3.7856511516053448e-06,0.9981912917563844
1976,5.505933555969649e-06,3.7814592292812577e-06,0.9981950732156137
1977,5.479665372262773e-06,3.763418316744795e-06,0.9981988366339305
1978,5.4730979898992775e-06,3.758907857546875e-06,0.998202595541788
1979,5.4635720155439615e-06,3.752365445932636e-06,0.998206347907234
1980,5.442651371434764e-06,3.7379972081133725e-06,0.998210085904442
1981,5.4378994586876455e-06,3.7347336081930925e-06,0.9982138206380502
1982,5.420883781001838e-06,3.723047290010464e-06,0.9982175436853402
1983,5.404957116717527e-06,3.7121089030798276e-06,0.9982212557942433
1984,5.4010044320835315e-06,3.7093942107142694e-06,0.9982249651884539
1985,5.3904277555835024e-06,3.702130179908305e-06,0.9982286673186338
1986,5.386033151291065e-06,3.6991119784004686e-06,0.9982323664306122
1987,5.3729681181127e-06,3.6901389514303863e-06,0.9982360565695636
1988,5.363980532717741e-06,3.68396630379575e-06,0.9982397405358674
1989,5.3611592239580294e-06,3.682028637105876e-06,0.9982434225645045
1990,5.3418185788666465e-06,3.6687455380387305e-06,0.9982470913100425
1991,5.337446830459449e-06,3.6657430338867203e-06,0.9982507570530764
1992,5.32678158431256e-06,3.6584181737036575e-06,0.9982544154712502
1993,5.3145825166528375e-06,3.650039889345237e-06,0.9982580655111395
1994,5.3072434276838595e-06,3.6449994242843814e-06,0.9982617105105638
1995,5.289752739617711e-06,3.6329868703474552e-06,0.9982653434974341
1996,5.283277361482194e-06,3.628539599387004e-06,0.9982689720370335
1997,5.277669149566574e-06,3.62468789567636e-06,0.9982725967249292
1998,5.262906067974922e-06,3.614548653971045e-06,0.9982762112735831
1999,5.2584586731362055e-06,3.611494196068826e-06,0.9982798227677792
2000,5.246956613051162e-06,3.603594614495202e-06,0.9982834263623936
2001,5.237962164401978e-06,3.5974172531974297e-06,0.9982870237796468
2002,5.2377497051361504e-06,3.597271336788624e-06,0.9982906210509837
2003,5.2168956733485675e-06,3.582948848119036e-06,0.9982942039998318
2004,5.209077225598302e-06,3.577579160834699e-06,0.9982977815789926
2005,5.203480774324357e-06,3.5737355342987165e-06,0.9983013553145269
2006,5.194235147939297e-06,3.5673856648589795e-06,0.9983049227001918
2007,5.184781052337253e-06,3.5608926193644343e-06,0.9983084835928111
2008,5.18047129098404e-06,3.5579326877416785e-06,0.9983120415254988
2009,5.176484636249339e-06,3.555194664809282e-06,0.9983155967201636
2010,5.151972888487994e-06,3.5383600673961962e-06,0.998319135080231
2011,5.137919002986769e-06,3.5287078995130133e-06,0.9983226637881305
2012,5.119890468417494e-06,3.5163259541545395e-06,0.9983261801140847
2013,5.116376479881702e-06,3.513912556999419e-06,0.9983296940266417
2014,5.1084083154670775e-06,3.5084400447433563e-06,0.9983332024666864
2015,5.104245976512353e-06,3.5055813623971677e-06,0.9983367080480489
2016,5.094378781978284e-06,3.4988046017518243e-06,0.9983402068526506
2017,5.085294925781432e-06,3.4925658356091044e-06,0.9983436994184862
2018,5.079137414672135e-06,3.488336874802193e-06,0.998347187755361
2019,5.070488344045959e-06,3.482396718130924e-06,0.9983506701520791
2020,5.05679985968798e-06,3.472995506695266e-06,0.9983541431475859
2021,5.050878131746168e-06,3.468928481085308e-06,0.998357612076067
2022,5.04534002430314e-06,3.4651249249235224e-06,0.9983610772009919
2023,5.02275110557371e-06,3.449610920923915e-06,0.9983645268119128
2024,5.019342895802391e-06,3.447270172318057e-06,0.9983679740820851
2025,5.008141712968873e-06,3.4395772323698896e-06,0.9983714136593175
2026,4.997244289028469e-06,3.432092913150281e-06,0.9983748457522307
2027,4.984069481860173e-06,3.4230444937216564e-06,0.9983782687967244
2028,4.977301888569195e-06,3.418396530238253e-06,0.9983816871932547
2029,4.96393751021488e-06,3.4092179138677857e-06,0.9983850964111686
2030,4.957841657551325e-06,3.4050312999029394e-06,0.9983885014424685
2031,4.954630622465166e-06,3.402825970300126e-06,0.9983919042684388
2032,4.94973144815834e-06,3.399461231566888e-06,0.9983953037296703
2033,4.928698391696596e-06,3.3850157892692745e-06,0.9983986887454596
2034,4.918760716300203e-06,3.3781906225716945e-06,0.9984020669360821
2035,4.913240532056293e-06,3.3743993760111843e-06,0.9984054413354582
2036,4.903161072737817e-06,3.367476832526312e-06,0.9984088088122907
2037,4.892349048081899e-06,3.3600511652881005e-06,0.998412168863456
2038,4.8862736088900174e-06,3.355878571236512e-06,0.9984155247420272
2039,4.8816433682746095e-06,3.35269853538411e-06,0.9984188774405626
2040,4.872323907755812e-06,3.346297956875036e-06,0.9984222237385194
2041,4.8589042264938186e-06,3.337081358627649e-06,0.998425560819878
2042,4.8462637672203286e-06,3.3283999277865036e-06,0.9984288892198058
2043,4.842337826264109e-06,3.3257036029014327e-06,0.9984322149234087
2044,4.837177110484082e-06,3.322159238241434e-06,0.998435537082647
2045,4.8262604395783245e-06,3.314661700261731e-06,0.9984388517443472
2046,4.811770562657836e-06,3.3047100947337777e-06,0.9984421564544419
2047,4.797989155860297e-06,3.295245064435595e-06,0.9984454516995064
2048,4.79318820764493e-06,3.2919477870976553e-06,0.9984487436472935
2049,4.776836758083833e-06,3.2807176588684655e-06,0.9984520243649524
2050,4.7733959185524905e-06,3.278354500237871e-06,0.9984553027194526
2051,4.7584131135202515e-06,3.268064353109551e-06,0.9984585707838057
2052,4.753675000382409e-06,3.264810230720978e-06,0.9984618355940365
2053,4.745415043718957e-06,3.2591373163930154e-06,0.9984650947313528
2054,4.7390174944697145e-06,3.2547434980863812e-06,0.9984683494748509
2055,4.7254898337830944e-06,3.2454527398827077e-06,0.9984715949275907
2056,4.7144926371254e-06,3.2378998970496568e-06,0.9984748328274878
2057,4.71276602412091e-06,3.2367140642358653e-06,0.998478069541552
2058,4.698746206723711e-06,3.2270852942279173e-06,0.9984812966268463
2059,4.692826573856588e-06,3.2230197075091912e-06,0.9984845196465537
2060,4.688637558468279e-06,3.2201427038656316e-06,0.9984877397892575
2061,4.677339351519493e-06,3.212383128035935e-06,0.9984909521723856
2062,4.66882145141686e-06,3.2065330589005608e-06,0.9984941587054444
2063,4.652113655643742e-06,3.1950581931244016e-06,0.9984973537636376
2064,4.639746329418579e-06,3.186564349270262e-06,0.9985005403279869
2065,4.632198612352586e-06,3.1813805990362515e-06,0.9985037217085859
2066,4.630383046201e-06,3.18013367345851e-06,0.9985069018422594
2067,4.622190449990863e-06,3.174507022094908e-06,0.9985100763492816
2068,4.616667434384754e-06,3.1707138309630353e-06,0.9985132470631125
2069,4.607203019980244e-06,3.1642136985448235e-06,0.998516411276811
2070,4.603867692870916e-06,3.1619230055402623e-06,0.9985195731998165
2071,4.5879098332881845e-06,3.150963193768965e-06,0.9985227241630104
2072,4.580692441002236e-06,3.1460063096377624e-06,0.99852587016932
2073,4.574255312244466e-06,3.1415853082392345e-06,0.9985290117546283
2074,4.557959833181128e-06,3.1303936203858996e-06,0.9985321421482487
2075,4.54197865668443e-06,3.1194177946255814e-06,0.9985352615660433
2076,4.536609567854289e-06,3.115730319957901e-06,0.9985383772963633
2077,4.532758359569931e-06,3.1130853212555497e-06,0.9985414903816846
2078,4.526854720777038e-06,3.1090307192207105e-06,0.9985445994124038
2079,4.513783131605504e-06,3.1000531896134963e-06,0.9985476994655934
2080,4.500045218102584e-06,3.0906180303841664e-06,0.9985507900836238
2081,4.495459264910352e-06,3.0874684110058114e-06,0.9985538775520348
2082,4.490445793586033e-06,3.084025173411793e-06,0.9985569615772083
2083,4.485814367138522e-06,3.0808443231333346e-06,0.9985600424215314
2084,4.4771680280545495e-06,3.0749060424773442e-06,0.9985631173275739
2085,4.473048187706771e-06,3.072076548051393e-06,0.9985661894041219
2086,4.472303582912823e-06,3.071565155634173e-06,0.9985692609692776
2087,4.466705825901286e-06,3.0677206323213916e-06,0.9985723286899099
2088,4.4458056733821055e-06,3.053366468066839e-06,0.998575382056378
2089,4.429934332845646e-06,3.0424660773260918e-06,0.9985784245224553
2090,4.420944719652769e-06,3.036292037005715e-06,0.9985814608144923
2091,4.417627985987154e-06,3.0340141139244767e-06,0.9985844948286062
2092,4.407353163528285e-06,3.0269573956002627e-06,0.9985875217860019
2093,4.402238878081601e-06,3.0234449191588108e-06,0.9985905452309211
2094,4.3975050764090975e-06,3.0201937578721534e-06,0.9985935654246789
2095,4.38432360223689e-06,3.01114075956454e-06,0.9985965765654384
2096,4.375308718161066e-06,3.0049493632749014e-06,0.9985995815148017
2097,4.3576266247251445e-06,2.9928053526840396e-06,0.9986025743201543
2098,4.353442512384262e-06,2.9899317164392605e-06,0.9986055642518707
2099,4.349132875178388e-06,2.9869718700805378e-06,0.9986085512237408
2100,4.336494629558796e-06,2.978291959570482e-06,0.9986115295157004
2101,4.320468680962903e-06,2.9672853844620297e-06,0.9986144968010849
2102,4.316940897632228e-06,2.9648625130817125e-06,0.998617461663598
2103,4.309353084045925e-06,2.959651224673613e-06,0.9986204213148226
2104,4.295787697811042e-06,2.95033455667259e-06,0.9986233716493793
2105,4.292166020199732e-06,2.9478471989721104e-06,0.9986263194965783
2106,4.284221678403366e-06,2.9423910480213127e-06,0.9986292618876264
2107,4.27066864031396e-06,2.933082860690861e-06,0.998632194970487
2108,4.266167629351649e-06,2.92999157939015e-06,0.9986351249620664
2109,4.258151147265514e-06,2.9244858826971496e-06,0.9986380494479491
2110,4.249134735500656e-06,2.918293437195104e-06,0.9986409677413863
2111,4.2371676135898e-06,2.9100744525056367e-06,0.9986438778158389
2112,4.228028449205834e-06,2.903797700860097e-06,0.9986467816135397
2113,4.222845536721457e-06,2.900238091567799e-06,0.9986496818516313
2114,4.214389663848731e-06,2.894430622554387e-06,0.9986525762822538
2115,4.2059751379604184e-06,2.888651550530191e-06,0.9986554649338043
2116,4.200275500139491e-06,2.884737055772415e-06,0.9986583496708601
2117,4.195117645107095e-06,2.8811946558656086e-06,0.998661230865516
2118,4.1812806221151705e-06,2.8716914285261034e-06,0.9986641025569445
2119,4.176517673471069e-06,2.8684202491837185e-06,0.9986669709771937
2120,4.166791156056081e-06,2.86174010517657e-06,0.9986698327172989
2121,4.158592779049351e-06,2.8561094835786004e-06,0.9986726888267825
2122,4.1502546030168005e-06,2.850382848414347e-06,0.9986755392096309
2123,4.148302241443716e-06,2.8490419721370753e-06,0.998678388251603
2124,4.13490112962303e-06,2.839838127328229e-06,0.9986812280897304
2125,4.118437027080541e-06,2.828530629357494e-06,0.9986840566203598
2126,4.116259922585527e-06,2.8270354002919607e-06,0.9986868836557601
2127,4.111455077861335e-06,2.8237354468430386e-06,0.9986897073912069
2128,4.109112205346723e-06,2.822126368781462e-06,0.9986925295175757
2129,4.098785327807651e-06,2.8150338991788383e-06,0.9986953445514749
2130,4.089054587518439e-06,2.8083508549138955e-06,0.9986981529023298
2131,4.083593227260212e-06,2.804600008496486e-06,0.9987009575023382
2132,4.07529915439934e-06,2.7989036632628846e-06,0.9987037564060015
2133,4.0668941448947e-06,2.793131127063449e-06,0.9987065495371286
2134,4.063252822937229e-06,2.7906302776828873e-06,0.9987093401674062
2135,4.046209029315907e-06,2.778924649557129e-06,0.9987121190920557
2136,4.0377509076389115e-06,2.773115636071454e-06,0.9987148922076918
2137,4.034704668658315e-06,2.771023487956938e-06,0.9987176632311798
2138,4.026061542692543e-06,2.7650874140612277e-06,0.9987204283185939
2139,4.015628336077962e-06,2.757921917957314e-06,0.9987231862405118
2140,4.005378717145565e-06,2.750882509342129e-06,0.9987259371230212
2141,4.000084517612904e-06,2.747246468427191e-06,0.9987286843694896
2142,3.99429049844524e-06,2.7432671528336637e-06,0.9987314276366425
2143,3.98131145411973e-06,2.7343531827588274e-06,0.9987341619898252
2144,3.97404129330544e-06,2.7293600573550986e-06,0.9987368913498826
2145,3.961184877977583e-06,2.7205303085208997e-06,0.9987396118801911
2146,3.957952248809499e-06,2.7183101481651247e-06,0.9987423301903393
2147,3.954588593551674e-06,2.7159999994701715e-06,0.9987450461903388
2148,3.946801340912132e-06,2.7106517368975847e-06,0.9987477568420756
2149,3.930767563333272e-06,2.6996397848662918e-06,0.9987504564818604
2150,3.919672711468784e-06,2.6920198727198792e-06,0.9987531485017331
2151,3.914607071326478e-06,2.6885408057326702e-06,0.9987558370425389
2152,3.9093641207674445e-06,2.6849399624644784e-06,0.9987585219825014
2153,3.902392025623541e-06,2.680151547700418e-06,0.9987612021340491
2154,3.896359471709954e-06,2.676008407133831e-06,0.9987638781424562
2155,3.889993731082717e-06,2.6716364348967205e-06,0.998766549778891
2156,3.876337164311939e-06,2.6622571443675664e-06,0.9987692120360354
2157,3.8749466588321264e-06,2.661302149228858e-06,0.9987718733381846
2158,3.866670437534161e-06,2.6556180643969894e-06,0.9987745289562491
2159,3.858591225818783e-06,2.650069285176196e-06,0.9987771790255342
2160,3.85290760214268e-06,2.6461657888867323e-06,0.9987798251913231
2161,3.839663375919717e-06,2.637069692652296e-06,0.9987824622610157
2162,3.838616593482901e-06,2.6363507655046087e-06,0.9987850986117812
2163,3.828921154623129e-06,2.629691966159225e-06,0.9987877283037474
2164,3.826034166820299e-06,2.6277091912926455e-06,0.9987903560129386
2165,3.820091315025597e-06,2.6236276578816656e-06,0.9987929796405965
2166,3.810211354175523e-06,2.6168421293674424e-06,0.9987955964827259
2167,3.8084522362056473e-06,2.6156339722375097e-06,0.9987982121166981
2168,3.7924497800780965e-06,2.6046435316883155e-06,0.9988008167602297
2169,3.788514495457984e-06,2.601940789601928e-06,0.9988034187010193
2170,3.780476698840517e-06,2.596420454150504e-06,0.9988060151214735
2171,3.7796049057627427e-06,2.595821709188099e-06,0.9988086109431826
2172,3.765422377378656e-06,2.586081189745324e-06,0.9988111970243724
2173,3.7597697839208055e-06,2.582199004919939e-06,0.9988137792233773
2174,3.7497709043505374e-06,2.5753318033728978e-06,0.9988163545551807
2175,3.745337907780347e-06,2.5722872341598266e-06,0.9988189268424149
2176,3.7360034098752585e-06,2.565876328017374e-06,0.9988214927187429
2177,3.731259235068381e-06,2.562618042492054e-06,0.9988240553367854
2178,3.725029251099297e-06,2.558339307534814e-06,0.9988266136760929
2179,3.71211759646879e-06,2.549471620507446e-06,0.9988291631477134
2180,3.7024611837622103e-06,2.542839624211113e-06,0.9988317059873376
2181,3.6964480901700944e-06,2.5387098489369845e-06,0.9988342446971865
2182,3.6861428289591895e-06,2.5316322253659775e-06,0.9988367763294119
2183,3.679689878866583e-06,2.527200357920479e-06,0.9988393035297698
2184,3.6722840902277757e-06,2.5221140837194472e-06,0.9988418256438535
2185,3.668515165217896e-06,2.5195255969318386e-06,0.9988443451694504
2186,3.6599163982085246e-06,2.5136199886389864e-06,0.998846858789439
2187,3.6567191928855037e-06,2.5114241572774665e-06,0.9988493702135963
2188,3.6472907248558802e-06,2.50494871272548e-06,0.998851875162309
2189,3.635013954501334e-06,2.4965170623811653e-06,0.9988543716793714
2190,3.6309854893530724e-06,2.493750324177756e-06,0.9988568654296955
2191,3.62873376858014e-06,2.492203848868526e-06,0.9988593576335444
2192,3.6218135159330807e-06,2.4874510393812396e-06,0.9988618450845838
2193,3.6162499031305245e-06,2.4836299662123557e-06,0.99886432871455
2194,3.6106392009873674e-06,2.4797765522206475e-06,0.9988668084911022
2195,3.6019546952728383e-06,2.4738120588332643e-06,0.9988692823031611
2196,3.5989514241970132e-06,2.4717494209513744e-06,0.998871754052582
2197,3.585330049731391e-06,2.4623943003955377e-06,0.9988742164468823
2198,3.5843346268067847e-06,2.461710646812176e-06,0.9988766781575291
2199,3.571064214132521e-06,2.4525965657987827e-06,0.998879130754095
2200,3.564571675046489e-06,2.4481375087471906e-06,0.9988815788916037
2201,3.56026757750347e-06,2.4451814670128822e-06,0.9988840240730706
2202,3.556640800378797e-06,2.442690606981386e-06,0.9988864667636776
2203,3.5493703665424265e-06,2.437697294066882e-06,0.9988889044609717
2204,3.5463614374251464e-06,2.435630770258498e-06,0.998891340091742
2205,3.5353766588774447e-06,2.4280864561474457e-06,0.9988937681781981
2206,3.5323549304513077e-06,2.4260111418107865e-06,0.99889619418934
2207,3.5288588570279647e-06,2.4236100487030407e-06,0.9988986177993886
2208,3.5151184546943496e-06,2.414173180151993e-06,0.9989010319725687
2209,3.5092511782061764e-06,2.4101435516427838e-06,0.9989034421161204
2210,3.503069222397071e-06,2.4058978022868e-06,0.9989058480139227
2211,3.4961213063947236e-06,2.401125993687173e-06,0.9989082491399164
2212,3.493070049192292e-06,2.399030399072426e-06,0.9989106481703155
2213,3.4860246353179163e-06,2.394191629216499e-06,0.9989130423619447
2214,3.480201752470664e-06,2.3901924901313766e-06,0.9989154325544348
2215,3.468976580007175e-06,2.3824830741747834e-06,0.998917815037509
2216,3.4652496444688107e-06,2.3799234256346725e-06,0.9989201949609346
2217,3.454360007019937e-06,2.372444454154909e-06,0.9989225674053888
2218,3.4506082180362716e-06,2.369867736340504e-06,0.9989249372731251
2219,3.4400752062058417e-06,2.3626336943032324e-06,0.9989272999068195
2220,3.4340422932388714e-06,2.358490307139821e-06,0.9989296583971267
2221,3.4249885544688577e-06,2.3522722255586786e-06,0.9989320106693522
2222,3.4234023658598804e-06,2.3511828358132657e-06,0.998934361852188
2223,3.4171913102552327e-06,2.3469171008019324e-06,0.9989367087692888
2224,3.410271700762218e-06,2.3421647330309824e-06,0.9989390509340218
2225,3.4062147798343144e-06,2.339378451480481e-06,0.9989413903124733
2226,3.3938558159445495e-06,2.330890350854088e-06,0.9989437212028242
2227,3.3912782827190533e-06,2.329120108495503e-06,0.9989460503229326
2228,3.384149074174664e-06,2.3242237887027545e-06,0.9989483745467213
2229,3.375436224264375e-06,2.3182398286037657e-06,0.9989506927865499
2230,3.3677278020379354e-06,2.312945706530723e-06,0.9989530057322564
2231,3.3603348004511952e-06,2.3078682144400383e-06,0.9989553136004709
2232,3.3593664475175705e-06,2.3072031524481284e-06,0.9989576208036233
2233,3.354078110671054e-06,2.3035711380090645e-06,0.9989599243747613
2234,3.3458859140375565e-06,2.2979447610735425e-06,0.9989622223195224
2235,3.3375290444433037e-06,2.29220528722522e-06,0.9989645145248096
2236,3.3287173285896753e-06,2.2861534262825143e-06,0.9989668006782358
2237,3.316637378340542e-06,2.2778569514169e-06,0.9989690785351872
2238,3.3131200906580674e-06,2.2754412884173875e-06,0.9989713539764756
2239,3.308319628173044e-06,2.2721443446776418e-06,0.9989736261208203
2240,3.3056869934226734e-06,2.2703362587512646e-06,0.9989758964570791
2241,3.2964887309085226e-06,2.2640189186809735e-06,0.9989781604759977
2242,3.2917411772597473e-06,2.260758312576818e-06,0.9989804212343103
2243,3.288036354343485e-06,2.258213850921562e-06,0.9989826794481612
2244,3.2820805271969534e-06,2.2541234060765025e-06,0.9989849335715673
2245,3.273892687165822e-06,2.248500021242875e-06,0.9989871820715885
2246,3.2608152743429335e-06,2.2395184919687674e-06,0.9989894215900805
2247,3.24944068774333e-06,2.231706458815971e-06,0.9989916532965394
2248,3.247937569518503e-06,2.230674121569945e-06,0.9989938839706609
2249,3.2447473178951813e-06,2.2284830659892504e-06,0.9989961124537269
2250,3.2424886614359743e-06,2.2269318272707623e-06,0.9989983393855542
2251,3.2330429208642655e-06,2.220444519986867e-06,0.9990005598300742
2252,3.2227229343508945e-06,2.2133567831207487e-06,0.9990027731868573
2253,3.2138814226610067e-06,2.207284458483944e-06,0.9990049804713157
2254,3.2128253452703745e-06,2.20655914758888e-06,0.9990071870304633
2255,3.2056492284246283e-06,2.2016306113105362e-06,0.9990093886610746
2256,3.2024797397903026e-06,2.1994538156905857e-06,0.9990115881148903
2257,3.194219313910655e-06,2.1937805791062976e-06,0.9990137818954694
2258,3.1834134666088225e-06,2.186359154456991e-06,0.9990159682546239
2259,3.1809494685008533e-06,2.1846668876884953e-06,0.9990181529215116
2260,3.1780146434192904e-06,2.182651258317347e-06,0.9990203355727699
2261,3.172616313784841e-06,2.178943701149906e-06,0.9990225145164711
2262,3.166989435480825e-06,2.1750791774177417e-06,0.9990246895956485
2263,3.166369413802402e-06,2.1746533483236575e-06,0.9990268642489968
2264,3.1479046674255693e-06,2.161971813958371e-06,0.9990290262208107
2265,3.143975662149623e-06,2.1592733845073814e-06,0.9990311854941952
2266,3.1341263916825086e-06,2.152508934059341e-06,0.9990333380031293
2267,3.1317103675787366e-06,2.1508496156980673e-06,0.9990354888527451
2268,3.1260322780797653e-06,2.146949920265439e-06,0.9990376358026654
2269,3.116375221373189e-06,2.140317481671773e-06,0.999039776120147
2270,3.1094820465895e-06,2.135583269182672e-06,0.9990419117034163
2271,3.104282858067199e-06,2.1320124815546392e-06,0.9990440437158978
2272,3.095910929400661e-06,2.12626266517906e-06,0.999046169978563
2273,3.0899084205578236e-06,2.1221401594800983e-06,0.9990482921187225
2274,3.080053183223975e-06,2.1153716110052564e-06,0.9990504074903335
2275,3.0742187446977272e-06,2.1113645355132478e-06,0.999052518854869
2276,3.0708199139314788e-06,2.109030228380925e-06,0.9990546278850974
2277,3.0618768493382796e-06,2.1028881575040714e-06,0.9990567307732549
2278,3.0544567994551627e-06,2.0977920887217273e-06,0.9990588285653436
2279,3.049807365821906e-06,2.094598871160221e-06,0.9990609231642147
2280,3.041498141146507e-06,2.0888921197042587e-06,0.9990630120563344
2281,3.0374017578285243e-06,2.0860787354984754e-06,0.9990650981350699
2282,3.032337612588476e-06,2.08260069520581e-06,0.9990671807357652
2283,3.0221991683207362e-06,2.0756376410285155e-06,0.9990692563734062
2284,3.018340323354949e-06,2.0729873974754635e-06,0.9990713293608037
2285,3.0146242685775154e-06,2.0704352218104656e-06,0.9990733997960255
2286,3.0095159410091482e-06,2.0669268372225968e-06,0.9990754667228627
2287,3.0064990180703245e-06,2.064854823280715e-06,0.999077531577686
2288,2.9978210750605085e-06,2.058894837139933e-06,0.9990795904725231
2289,2.994493925184098e-06,2.05660976023527e-06,0.9990816470822834
2290,2.993685008309926e-06,2.0560541984675035e-06,0.9990837031364819
2291,2.980121120365756e-06,2.046738559488205e-06,0.9990857498750414
2292,2.9770900529252918e-06,2.0446568311435377e-06,0.9990877945318726
2293,2.96774877937125e-06,2.0382412715049957e-06,0.9990898327731441
2294,2.9639604494300364e-06,2.0356394574667146e-06,0.9990918684126016
2295,2.9596344938661772e-06,2.032668403706961e-06,0.9990939010810053
2296,2.956717343206574e-06,2.0306649130776564e-06,0.9990959317459184
2297,2.9465928329038482e-06,2.023711428707202e-06,0.999097955457347
2298,2.938223451264029e-06,2.017963361622201e-06,0.9990999734207087
2299,2.934218170922178e-06,2.0152125466767266e-06,0.9991019886332554
2300,2.9296071418283896e-06,2.012045705241765e-06,0.9991040006789607
2301,2.9263090374943287e-06,2.009780576731515e-06,0.9991060104595374
2302,2.914747345193769e-06,2.0018400399248805e-06,0.9991080122995774
2303,2.9087051467196066e-06,1.9976902755020067e-06,0.9991100099898529
2304,2.901780828333634e-06,1.992934673677003e-06,0.9991120029245265
2305,2.893537877212287e-06,1.987273438706135e-06,0.9991139901979652
2306,2.891594255713669e-06,1.985938565086708e-06,0.9991159761365302
2307,2.877279974624529e-06,1.976107558267462e-06,0.9991179522440885
2308,2.8768500501344595e-06,1.9758122873721016e-06,0.9991199280563758
2309,2.8664698429939077e-06,1.968683191153544e-06,0.999121896739567
2310,2.862464590414342e-06,1.965932395275127e-06,0.9991238626719623
2311,2.861004749754412e-06,1.964929780935405e-06,0.9991258276017432
2312,2.85672736577885e-06,1.9619920860019028e-06,0.9991277895938292
2313,2.850832755233943e-06,1.9579436845416475e-06,0.9991297475375137
2314,2.8470638165802746e-06,1.9553551883835243e-06,0.9991317028927021
2315,2.8412099927131245e-06,1.951334799095495e-06,0.9991336542275012
2316,2.8361677556783337e-06,1.947871805294787e-06,0.9991356020993065
2317,2.83237910348446e-06,1.9452697699343114e-06,0.9991375473690765
2318,2.8272393178925157e-06,1.9417397800669053e-06,0.9991394891088565
2319,2.8178011436584533e-06,1.935257669321805e-06,0.9991414243665259
2320,2.8159976654972673e-06,1.934019045740881e-06,0.9991433583855716
2321,2.807062837282679e-06,1.9278826315850173e-06,0.9991452862682031
2322,2.8037193050854753e-06,1.9255863033498524e-06,0.9991472118545064
2323,2.796797335434736e-06,1.9208323146294086e-06,0.999149132686821
2324,2.7952923494093577e-06,1.91979869458337e-06,0.9991510524855156
2325,2.788738407708922e-06,1.9152974663939356e-06,0.999152967782982
2326,2.7781221762226923e-06,1.9080062693379407e-06,0.9991548757892513
2327,2.7777070931477724e-06,1.9077211914835464e-06,0.9991567835104428
2328,2.769807460475732e-06,1.9022957466299244e-06,0.9991586858061894
2329,2.764703982285026e-06,1.8987906925805969e-06,0.999160584596882
2330,2.755865706591471e-06,1.8927205904167068e-06,0.9991624773174723
2331,2.751776140690447e-06,1.8899118883931574e-06,0.9991643672293608
2332,2.7469767382002096e-06,1.8866156726547624e-06,0.9991662538450334
2333,2.7438584274099794e-06,1.8844740258300021e-06,0.9991681383190593
2334,2.7360044884192816e-06,1.879079963264466e-06,0.9991700173990226
2335,2.730615072583383e-06,1.8753785280680683e-06,0.9991718927775506
2336,2.7272827139366664e-06,1.8730898737950358e-06,0.9991737658674243
2337,2.7165234363402595e-06,1.8657004330846192e-06,0.9991756315678574
2338,2.7122849684778756e-06,1.8627894656250053e-06,0.9991774943573231
2339,2.7065525205994657e-06,1.8588524370147192e-06,0.99917935320976
2340,2.704202117948779e-06,1.8572381872774824e-06,0.9991812104479473
2341,2.6938400328451414e-06,1.8501215372214235e-06,0.9991830605694845
2342,2.692045416461583e-06,1.848888999883724e-06,0.9991849094584844
2343,2.6839814227913166e-06,1.8433506723722644e-06,0.9991867528091567
2344,2.681557073922473e-06,1.8416856365864355e-06,0.9991885944947932
2345,2.680298044878656e-06,1.8408209390834093e-06,0.9991904353157324
2346,2.674228607912088e-06,1.8366524673427931e-06,0.9991922719681997
2347,2.671725425643427e-06,1.8349332890061532e-06,0.9991941069014887
2348,2.664337024323993e-06,1.8298589563657393e-06,0.999195936760445
2349,2.6525553459001105e-06,1.8217673337263577e-06,0.9991977585277788
2350,2.6496102969103394e-06,1.8197446826046456e-06,0.9991995782724614
2351,2.6456983766661215e-06,1.817057987103994e-06,0.9992013953304485
2352,2.644375029989183e-06,1.8161491164367077e-06,0.9992032114795649
2353,2.631439388947507e-06,1.8072649556115773e-06,0.9992050187445205
2354,2.6248999284011055e-06,1.802773673036818e-06,0.9992068215181935
2355,2.620913353710748e-06,1.8000357050786457e-06,0.9992086215538986
2356,2.618548509279814e-06,1.7984115367685369e-06,0.9992104199654354
2357,2.6106793274827964e-06,1.7930070054877406e-06,0.9992122129724409
2358,2.6073912431579737e-06,1.7907487586908326e-06,0.9992140037211996
2359,2.601029572937566e-06,1.7863795819973503e-06,0.9992157901007817
2360,2.5972506967033833e-06,1.7837842607376944e-06,0.9992175738850424
2361,2.594483995494034e-06,1.781884098355347e-06,0.9992193557691408
2362,2.5874277810760325e-06,1.7770379107173198e-06,0.9992211328070515
2363,2.578876300845083e-06,1.771164778847016e-06,0.9992229039718303
2364,2.5724354636542996e-06,1.766741230507429e-06,0.9992246707130609
2365,2.5678839397835896e-06,1.7636152570874393e-06,0.9992264343283179
2366,2.565633560429396e-06,1.762069703060716e-06,0.999228196398021
2367,2.5622629294271012e-06,1.7597547634446525e-06,0.9992299561527844
2368,2.5561069529983314e-06,1.7555268566518852e-06,0.9992317116796411
2369,2.5525319162803203e-06,1.7530715317819208e-06,0.9992334647511729
2370,2.5457036772208115e-06,1.7483819169602303e-06,0.9992352131330898
2371,2.5439639956130575e-06,1.7471871086675441e-06,0.9992369603201985
2372,2.5400435116634303e-06,1.7444945316388053e-06,0.9992387048147301
2373,2.533563510135752e-06,1.7400440853460003e-06,0.9992404448588155
2374,2.5269741654161324e-06,1.7355185424654644e-06,0.9992421803773579
2375,2.520779984875639e-06,1.7312643971993473e-06,0.9992439116417551
2376,2.5173979438998277e-06,1.7289416212464988e-06,0.9992456405833763
2377,2.5140184097204474e-06,1.726620566954183e-06,0.9992473672039432
2378,2.5064673951412297e-06,1.7214345519976346e-06,0.9992490886384953
2379,2.5025295953364327e-06,1.7187300824896859e-06,0.9992508073685777
2380,2.4970641092359185e-06,1.714976402455736e-06,0.9992525223449802
2381,2.494478247995089e-06,1.7132004404403257e-06,0.9992542355454206
2382,2.485642874233729e-06,1.7071323313150675e-06,0.9992559426777519
2383,2.4811379934134515e-06,1.7040383922071064e-06,0.999257646716144
2384,2.4761616938776455e-06,1.7006206840898445e-06,0.9992593473368281
2385,2.4688591276263185e-06,1.6956053027257561e-06,0.9992610429421308
2386,2.4621221044921277e-06,1.690978334737549e-06,0.9992627339204655
2387,2.4585748306267976e-06,1.6885420773144464e-06,0.9992644224625428
2388,2.4549295570279643e-06,1.6860385139580348e-06,0.9992661085010567
2389,2.4518748856851938e-06,1.683940574521585e-06,0.9992677924416312
2390,2.4477722303931765e-06,1.6811228827421888e-06,0.999269473564514
2391,2.4389370523449684e-06,1.6750549080321567e-06,0.999271148619422
2392,2.433931634735281e-06,1.6716172017060355e-06,0.9992728202366237
2393,2.4277787341182534e-06,1.66739140737187e-06,0.9992744876280311
2394,2.426739817777359e-06,1.6666778826360935e-06,0.9992761543059137
2395,2.4252665559489185e-06,1.665666050676686e-06,0.9992778199719643
2396,2.417188983313822e-06,1.6601183971714858e-06,0.9992794800903615
2397,2.411710486964897e-06,1.6563557817365855e-06,0.9992811364461432
2398,2.410986433396845e-06,1.655858503841825e-06,0.9992827923046471
2399,2.4032087408552594e-06,1.650516807116843e-06,0.9992844428214542
2400,2.3964370377392235e-06,1.645866021017486e-06,0.9992860886874753
2401,2.3933932284511156e-06,1.6437755416087384e-06,0.9992877324630168
2402,2.3877717093663663e-06,1.6399146985728542e-06,0.9992893723777154
2403,2.3835607035871e-06,1.6370225919924364e-06,0.9992910094003075
2404,2.377081407551086e-06,1.6325726302292644e-06,0.9992926419729377
2405,2.3670842116354456e-06,1.625706585011348e-06,0.9992942676795227
2406,2.3621946421744484e-06,1.6223484428584241e-06,0.9992958900279655
2407,2.3594317968898098e-06,1.620450928714007e-06,0.9992975104788941
2408,2.353967555346124e-06,1.6166981034380845e-06,0.9992991271769975
2409,2.3493241348997923e-06,1.613509015715953e-06,0.9993007406860133
2410,2.3448125130940486e-06,1.6104104469186854e-06,0.9993023510964602
2411,2.33612914417571e-06,1.6044467342796356e-06,0.9993039555431944
2412,2.3323907800142622e-06,1.6018792365942715e-06,0.999305557422431
2413,2.328593775598536e-06,1.5992714649520033e-06,0.9993071566938959
2414,2.323066907224012e-06,1.5954756277499348e-06,0.9993087521695236
2415,2.3193603980491765e-06,1.5929300079771717e-06,0.9993103450995316
2416,2.313305013118829e-06,1.588771187134358e-06,0.9993119338707188
2417,2.3082397394231552e-06,1.5852923718216354e-06,0.9993135191630906
2418,2.303078673463341e-06,1.5817477666591721e-06,0.9993151009108573
2419,2.3025839504710797e-06,1.581407992340066e-06,0.9993166823188496
2420,2.2944390148606662e-06,1.5758140741384003e-06,0.9993182581329237
2421,2.2926973978877992e-06,1.5746179366425564e-06,0.9993198327508603
2422,2.2844681782017284e-06,1.56896613238169e-06,0.9993214017169927
2423,2.2802381546838033e-06,1.5660609644734084e-06,0.9993229677779571
2424,2.27544057803975e-06,1.5627660027208877e-06,0.9993245305439599
2425,2.2706602738748155e-06,1.5594829036570307e-06,0.9993260900268636
2426,2.2696540524488832e-06,1.5587918336942146e-06,0.9993276488186973
2427,2.26698279612477e-06,1.5569572225827817e-06,0.9993292057759199
2428,2.263030364691016e-06,1.5542427041144166e-06,0.999330760018624
2429,2.2570517580513332e-06,1.5501366143793963e-06,0.9993323101552384
2430,2.2553270606076637e-06,1.5489520971672315e-06,0.9993338591073355
2431,2.2478108553244026e-06,1.5437899891343904e-06,0.9993354028973247
2432,2.24523307912632e-06,1.5420195799029365e-06,0.9993369449169046
2433,2.240680303756329e-06,1.538892746956863e-06,0.9993384838096516
2434,2.237680670772432e-06,1.5368326077059787e-06,0.9993400206422594
2435,2.2321158183465264e-06,1.5330106831673666e-06,0.9993415536529425
2436,2.2275463605909477e-06,1.5298723928071588e-06,0.9993430835253353
2437,2.2203764238917e-06,1.5249481010355416e-06,0.9993446084734363
2438,2.217034892600508e-06,1.5226531470168337e-06,0.9993461311265833
2439,2.213009138497865e-06,1.5198882707517088e-06,0.9993476510148541
2440,2.2068003194747215e-06,1.5156240718180787e-06,0.9993491666389259
2441,2.2010500981144164e-06,1.5116748364318725e-06,0.9993506783137623
2442,2.195774119234242e-06,1.508051309408322e-06,0.9993521863650717
2443,2.188202133757102e-06,1.502850891699781e-06,0.9993536892159635
2444,2.182937056886803e-06,1.4992348521450573e-06,0.9993551884508156
2445,2.178135649043179e-06,1.4959372591357613e-06,0.9993566843880748
2446,2.176874402234059e-06,1.4950710384779441e-06,0.9993581794591133
2447,2.1751812972685253e-06,1.4939082188883183e-06,0.9993596733673322
2448,2.171483526681556e-06,1.4913686007524076e-06,0.999361164735933
2449,2.163740206068822e-06,1.4860505105686713e-06,0.9993626507864435
2450,2.1560246226112536e-06,1.4807514701828175e-06,0.9993641315379137
2451,2.1544005936247126e-06,1.479636091775623e-06,0.9993656111740055
2452,2.1538355491790684e-06,1.4792480208858792e-06,0.9993670904220263
2453,2.1486956105618927e-06,1.475717925921187e-06,0.9993685661399523
2454,2.1467653561001685e-06,1.4743922327440081e-06,0.999370040532185
2455,2.1382001397001243e-06,1.4685096669125297e-06,0.9993715090418519
2456,2.1348392943483803e-06,1.4662014480529396e-06,0.9993729752432999
2457,2.1320688291467084e-06,1.4642987005715599e-06,0.9993744395420006
2458,2.125233505947355e-06,1.4596042203831291e-06,0.9993758991462209
2459,2.1232152305010914e-06,1.4582180746485462e-06,0.9993773573642956
2460,2.1204879882218954e-06,1.4563450125452139e-06,0.9993788137093081
2461,2.1156522273156764e-06,1.4530238259519626e-06,0.9993802667331341
2462,2.1112148370553334e-06,1.4499762391652125e-06,0.9993817167093733
2463,2.1057446514033663e-06,1.4462193314929276e-06,0.9993831629287048
2464,2.1020340916094407e-06,1.4436709297666977e-06,0.9993846065996346
2465,2.0995308893725684e-06,1.4419517377159483e-06,0.9993860485513723
2466,2.087649002545228e-06,1.4337912922351259e-06,0.9993874823426645
2467,2.0849236076240705e-06,1.431919498891947e-06,0.9993889142621634
2468,2.0842151730901745e-06,1.4314329481046355e-06,0.9993903456951114
2469,2.077221939310799e-06,1.4266300153869189e-06,0.9993917723251268
2470,2.072639101713593e-06,1.4234825357902096e-06,0.9993931958076626
2471,2.069436035276998e-06,1.4212826790328515e-06,0.9993946170903416
2472,2.064130836703718e-06,1.417639084008653e-06,0.9993960347294256
2473,2.0554104444381443e-06,1.4116499438418863e-06,0.9993974463793694
2474,2.053183852342745e-06,1.4101207268356506e-06,0.9993988565000963
2475,2.0523875456143086e-06,1.4095738256794753e-06,0.999400266073922
2476,2.04634222025666e-06,1.4054219137220737e-06,0.9994016714958357
2477,2.0441499296239615e-06,1.4039162548611353e-06,0.9994030754120906
2478,2.0436079317643095e-06,1.4035440122999424e-06,0.999404478956103
2479,2.0377931764672395e-06,1.3995504551927598e-06,0.9994058785065582
2480,2.032885008739605e-06,1.3961795398041422e-06,0.9994072746860979
2481,2.027745147322185e-06,1.392649497860019e-06,0.9994086673355957
2482,2.0193600937579065e-06,1.3868906673426618e-06,0.9994100542262631
2483,2.017239579356625e-06,1.3854343041897037e-06,0.9994114396605672
2484,2.0112649273173304e-06,1.3813309304627834e-06,0.9994128209914976
2485,2.0071114306322673e-06,1.378478320961804e-06,0.9994141994698186
2486,2.003585462000655e-06,1.3760566959115504e-06,0.9994155755265145
2487,2.0017161257393227e-06,1.3747728411780728e-06,0.9994169502993556
2488,1.9971937943460005e-06,1.3716669170670552e-06,0.9994183219662727
2489,1.986857604586718e-06,1.3645680518585453e-06,0.9994196865343246
2490,1.9850372684363153e-06,1.3633178502594228e-06,0.9994210498521748
2491,1.9784084669660495e-06,1.3587652085967512e-06,0.9994224086173834
2492,1.9751795218734526e-06,1.356547578453357e-06,0.9994237651649619
2493,1.9749760932453373e-06,1.356407864260393e-06,0.9994251215728261
2494,1.971512974592331e-06,1.3540294043935264e-06,0.9994264756022305
2495,1.965361593048499e-06,1.3498046533544348e-06,0.9994278254068839
2496,1.9640769789992055e-06,1.3489223841437032e-06,0.999429174329268
2497,1.9607577374004478e-06,1.3466427386212417e-06,0.9994305209720067
2498,1.956186715929463e-06,1.3435033743058192e-06,0.999431864475381
2499,1.95217740258178e-06,1.3407497895036128e-06,0.9994332052251705
2500,1.9473797645559925e-06,1.3374547855942947e-06,0.9994345426799561
2501,1.9440301985268414e-06,1.3351543133408134e-06,0.9994358778342695
2502,1.9401516903018956e-06,1.3324905651182866e-06,0.9994372103248346
2503,1.935156423990251e-06,1.3290598306742783e-06,0.9994385393846652
2504,1.934315108309597e-06,1.3284820174999986e-06,0.9994398678666827
2505,1.926028241582981e-06,1.3227906214185457e-06,0.9994411906573041
2506,1.922167119400442e-06,1.3201388138796197e-06,0.999442510796118
2507,1.917645635717876e-06,1.3170334719738959e-06,0.99944382782959
2508,1.9154307187602093e-06,1.3155122734184613e-06,0.9994451433418634
2509,1.910383589450196e-06,1.3120459196172913e-06,0.999446455387783
2510,1.910221039630915e-06,1.3119342808719107e-06,0.9994477673220639
2511,1.9065426607244976e-06,1.3094079808860736e-06,0.9994490767300448
2512,1.898725412523238e-06,1.3040391174485216e-06,0.9994503807691623
2513,1.8952414019556855e-06,1.3016463090752166e-06,0.9994516824154713
2514,1.8903223819857269e-06,1.2982679403979828e-06,0.9994529806834117
2515,1.889803995560993e-06,1.2979119141019482e-06,0.9994542785953258
2516,1.884533610930458e-06,1.2942922291928577e-06,0.9994555728875549
2517,1.8801766060309115e-06,1.2912998508392268e-06,0.9994568641874058
2518,1.8775607769139605e-06,1.2895033069732383e-06,0.9994581536907128
2519,1.8754967086330254e-06,1.2880857108523505e-06,0.9994594417764237
2520,1.8710678885290447e-06,1.2850440100241838e-06,0.9994607268204336
2521,1.8667002049722068e-06,1.2820442975996346e-06,0.9994620088647312
2522,1.8646247422597436e-06,1.2806188758161544e-06,0.9994632894836071
2523,1.8569101138250676e-06,1.2753204913372587e-06,0.9994645648040984
2524,1.8562378913717054e-06,1.2748588109020415e-06,0.9994658396629093
2525,1.855313012704331e-06,1.2742236069103557e-06,0.9994671138865162
2526,1.8511875036281605e-06,1.2713902192181533e-06,0.9994683852767354
2527,1.8466201468781246e-06,1.268253371822471e-06,0.9994696535301073
2528,1.8430087955061801e-06,1.2657731061532984e-06,0.9994709193032134
2529,1.8398581465876399e-06,1.2636092495956177e-06,0.999472182912463
2530,1.8352490089073918e-06,1.2604437071780009e-06,0.9994734433561702
2531,1.8317908286192388e-06,1.2580686389658217e-06,0.9994747014248091
2532,1.8306258947860561e-06,1.2572685657811e-06,0.9994759586933749
2533,1.8267444901095187e-06,1.254602828284004e-06,0.9994772132962032
2534,1.8167526181724019e-06,1.247740439559127e-06,0.9994784610366427
2535,1.8144744392472263e-06,1.2461757928675196e-06,0.9994797072124356
2536,1.8113250186289624e-06,1.2440127799029134e-06,0.9994809512252155
2537,1.802917437778747e-06,1.23823847771078e-06,0.9994821894636933
2538,1.8003727785170385e-06,1.2364908130953706e-06,0.9994834259545063
2539,1.7972419220703187e-06,1.2343405499500468e-06,0.9994846602950563
2540,1.794185946925635e-06,1.232241715066217e-06,0.9994858925367714
2541,1.7929010736410659e-06,1.2313592678134486e-06,0.9994871238960392
2542,1.7849366074979692e-06,1.2258892955195662e-06,0.9994883497853347
2543,1.7829689738805612e-06,1.224537930446458e-06,0.9994895743232652
2544,1.7800571491027646e-06,1.2225380976173623e-06,0.9994907968613629
2545,1.7768091527590256e-06,1.2203073831298277e-06,0.999492017168746
2546,1.7745338789772498e-06,1.2187447316822982e-06,0.9994932359134777
2547,1.7684386471357398e-06,1.2145585440962352e-06,0.9994944504720218
2548,1.7670290115211462e-06,1.2135904104363313e-06,0.9994956640624322
2549,1.7630263448666027e-06,1.2108413905637342e-06,0.9994968749038228
2550,1.7607181450063858e-06,1.209256125580836e-06,0.9994980841599483
2551,1.7541438426010157e-06,1.204740913718187e-06,0.999499288900862
2552,1.7493957813930792e-06,1.2014799590238684e-06,0.9995004903808211
2553,1.7467104395228184e-06,1.199635674000112e-06,0.9995016900164951
2554,1.7456067527833886e-06,1.1988776651420998e-06,0.9995028888941603
2555,1.742560985166229e-06,1.1967858407586277e-06,0.999504085680001
2556,1.7381055176270383e-06,1.1937258385490898e-06,0.9995052794058396
2557,1.7337596591513522e-06,1.190741115527103e-06,0.999506470146955
2558,1.730348237913535e-06,1.1883981612953497e-06,0.9995076585451164
2559,1.7267113601447904e-06,1.1859003641707413e-06,0.9995088444454805
2560,1.7230568208547839e-06,1.1833904371644513e-06,0.9995100278359177
2561,1.7197169280316083e-06,1.1810966084408347e-06,0.9995112089325261
2562,1.7166555304399598e-06,1.1789940494361247e-06,0.9995123879265755
2563,1.7156592479829216e-06,1.1783098055283767e-06,0.999513566236381
2564,1.7004486855482353e-06,1.167863235275301e-06,0.9995147340996162
2565,1.697884345380645e-06,1.1661020538706985e-06,0.9995159002016701
2566,1.6972870294896785e-06,1.1656918190457173e-06,0.9995170658934892
2567,1.69180569588273e-06,1.161927254990219e-06,0.9995182278207442
2568,1.689153215978073e-06,1.1601055394693202e-06,0.9995193879262837
2569,1.688767797892746e-06,1.1598408354439125e-06,0.9995205477671192
2570,1.6821151220763793e-06,1.1552717969494432e-06,0.9995217030389162
2571,1.6819137626647005e-06,1.1551335038883381e-06,0.99952285817242
2572,1.6763707675058065e-06,1.1513265908574436e-06,0.9995240094990109
2573,1.6719694497151106e-06,1.1483037785384352e-06,0.9995251578027894
2574,1.6690061989744424e-06,1.1462686265068919e-06,0.9995263040714158
2575,1.6658821749729191e-06,1.1441230558651523e-06,0.9995274481944717
2576,1.6633789662616902e-06,1.1424038593678334e-06,0.9995285905983311
2577,1.6560726767311039e-06,1.137385920866327e-06,0.999529727984252
2578,1.6535072695758966e-06,1.1356240066577175e-06,0.9995308636082586
2579,1.650601439816369e-06,1.1336282911898161e-06,0.9995319972365498
2580,1.6504461420346472e-06,1.13352163312284e-06,0.999533130758183
2581,1.6459543763891776e-06,1.130436701478975e-06,0.9995342611948844
2582,1.643094871241714e-06,1.1284728016205522e-06,0.9995353896676861
2583,1.6403783487228675e-06,1.1266071018175996e-06,0.9995365162747879
2584,1.6350990546183997e-06,1.1229812979076006e-06,0.9995376392560859
2585,1.63103221129807e-06,1.1201882016867012e-06,0.9995387594442875
2586,1.6275120339877762e-06,1.1177705540991664e-06,0.9995398772148416
2587,1.6249551896490622e-06,1.1160145208081392e-06,0.9995409932293624
2588,1.6244633407036538e-06,1.1156767203760926e-06,0.9995421089060827
2589,1.6202053717397004e-06,1.1127523596163669e-06,0.9995432216584423
2590,1.6147053320463651e-06,1.1089749482748832e-06,0.9995443306333907
2591,1.6124561395406207e-06,1.1074302093722394e-06,0.9995454380636001
2592,1.6101057735847625e-06,1.1058159848369048e-06,0.999546543879585
2593,1.6079920266906183e-06,1.10436426958826e-06,0.9995476482438546
2594,1.6037158115076326e-06,1.1014273773781168e-06,0.999548749671232
2595,1.5977288415924914e-06,1.0973155437697192e-06,0.9995498469867757
2596,1.595428741255961e-06,1.0957358415162448e-06,0.9995509427226172
2597,1.592107778827153e-06,1.0934550141326857e-06,0.9995520361776313
2598,1.5879510750811654e-06,1.0906002020315461e-06,0.9995531267778334
2599,1.585164832542938e-06,1.0886866187210876e-06,0.9995542154644521
2600,1.5812621267842268e-06,1.0860062517024107e-06,0.9995553014707038
2601,1.5769232129133626e-06,1.0830262982149142e-06,0.999556384497002
2602,1.5736418925456866e-06,1.0807726968841965e-06,0.9995574652696989
2603,1.5715179964644463e-06,1.079314011203231e-06,0.9995585445837101
2604,1.5669463837608238e-06,1.0761742408309443e-06,0.9995596207579509
2605,1.5649267800582858e-06,1.0747871828537967e-06,0.9995606955451337
2606,1.5618113326106826e-06,1.0726475025644645e-06,0.9995617681926363
2607,1.5596824765109326e-06,1.0711854103571434e-06,0.9995628393780467
2608,1.5580687892295922e-06,1.0700771346031467e-06,0.9995639094551813
2609,1.5522283594465105e-06,1.0660659443332863e-06,0.9995649755211256
2610,1.5493742368840308e-06,1.0641057412186506e-06,0.9995660396268667
2611,1.5430208467469925e-06,1.0597422512624598e-06,0.999567099369118
2612,1.5394143078602851e-06,1.0572652907942182e-06,0.9995681566344088
2613,1.5374774483317718e-06,1.055935061276287e-06,0.9995692125694701
2614,1.533531590021932e-06,1.0532250572104003e-06,0.9995702657945272
2615,1.5303823232262359e-06,1.0510621498906884e-06,0.9995713168566771
2616,1.5276111937582906e-06,1.049158946193155e-06,0.9995723660156233
2617,1.5270037344973019e-06,1.0487417449310025e-06,0.9995734147573682
2618,1.5221259942142206e-06,1.0453917270232317e-06,0.9995744601490952
2619,1.5194314814748526e-06,1.0435411434731176e-06,0.9995755036902387
2620,1.5161983317422808e-06,1.041320625595159e-06,0.9995765450108643
2621,1.5127307394368451e-06,1.0389390932367533e-06,0.9995775839499575
2622,1.512366608621728e-06,1.0386890092469096e-06,0.9995786226389668
2623,1.5063586209431419e-06,1.0345627406994141e-06,0.9995796572017075
2624,1.5042213945445825e-06,1.0330948997950985e-06,0.9995806902966073
2625,1.5007198547361761e-06,1.0306900523899137e-06,0.9995817209866598
2626,1.497142695592149e-06,1.0282332698439051e-06,0.9995827492199296
2627,1.4925344753671571e-06,1.0250683575319026e-06,0.9995837742882872
2628,1.4868643258281708e-06,1.0211741152408096e-06,0.9995847954624024
2629,1.4842852877891313e-06,1.0194028393806388e-06,0.9995858148652418
2630,1.4827384711336484e-06,1.0183404901789236e-06,0.9995868332057319
2631,1.4805729807741382e-06,1.0168532376680371e-06,0.9995878500589697
2632,1.475365698303196e-06,1.0132768911395055e-06,0.9995888633358608
2633,1.4738499054916601e-06,1.0122358490240142e-06,0.9995898755717099
2634,1.472205053476755e-06,1.0111061694212117e-06,0.9995908866778793
2635,1.4669013011231322e-06,1.0074635676564876e-06,0.999591894141447
2636,1.465499487472252e-06,1.0065008060986213e-06,0.9995929006422531
2637,1.4617664989278549e-06,1.0039370003714877e-06,0.9995939045792536
2638,1.4565666209469216e-06,1.0003657392252617e-06,0.9995949049449928
2639,1.453993063894797e-06,9.985982276910394e-07,0.9995959035432205
2640,1.447503534840969e-06,9.941412379208522e-07,0.9995968976844584
2641,1.4468321440887316e-06,9.936801286955602e-07,0.9995978913645871
2642,1.4445420333076534e-06,9.921072872398554e-07,0.9995988834718743
2643,1.442746762247187e-06,9.908743002719504e-07,0.9995998743461746
2644,1.4402878697949175e-06,9.89185540053011e-07,0.9996008635317146
2645,1.4377215384338632e-06,9.874229911025009e-07,0.9996018509547058
2646,1.4331218633250414e-06,9.842639475515502e-07,0.9996028352186533
2647,1.4324503489351546e-06,9.838027534122784e-07,0.9996038190214067
2648,1.4272207277078339e-06,9.802110646905255e-07,0.9996047992324714
2649,1.425282859546293e-06,9.788801424463506e-07,0.9996057781126139
2650,1.4197283767916221e-06,9.750653397679274e-07,0.9996067531779537
2651,1.4185609196588668e-06,9.74263533588363e-07,0.9996077274414873
2652,1.4132420644085077e-06,9.706105591978755e-07,0.9996086980520464
2653,1.4076671231410671e-06,9.667817056720995e-07,0.9996096648337521
2654,1.4068565373889031e-06,9.662249977237586e-07,0.9996106310587498
2655,1.4010389150018087e-06,9.622294715074462e-07,0.9996115932882214
2656,1.398592205241055e-06,9.60549078325777e-07,0.9996125538372996
2657,1.3967153885483778e-06,9.59260086053704e-07,0.9996135130973857
2658,1.3945151834930838e-06,9.57748991590235e-07,0.9996144708463772
2659,1.3921629880791143e-06,9.56133510588365e-07,0.9996154269798878
2660,1.3861841675424024e-06,9.520272739494842e-07,0.9996163790071617
2661,1.3846674620740874e-06,9.509856050239588e-07,0.9996173299927668
2662,1.3810491536547043e-06,9.485005612747425e-07,0.9996182784933281
2663,1.3762294359846722e-06,9.45190393129667e-07,0.9996192236837212
2664,1.3738003502571356e-06,9.435221040829985e-07,0.9996201672058254
2665,1.3718550653391712e-06,9.421860880319798e-07,0.9996211093919134
2666,1.3682938055926427e-06,9.397402251461524e-07,0.9996220491321386
2667,1.3671836659057568e-06,9.389777844225053e-07,0.999622988109923
2668,1.363844735806554e-06,9.366846168949267e-07,0.9996239247945399
2669,1.3614948065876793e-06,9.350706923092882e-07,0.9996248598652322
2670,1.3578908640614773e-06,9.325955150139265e-07,0.9996257924607472
2671,1.3569234479733805e-06,9.319310964448135e-07,0.9996267243918436
2672,1.3553695438118272e-06,9.308638795644439e-07,0.9996276552557232
2673,1.3518339228824492e-06,9.284356253440237e-07,0.9996285836913485
2674,1.3483414198857897e-06,9.260369843949895e-07,0.999629509728333
2675,1.345271748573609e-06,9.239287430229664e-07,0.999630433657076
2676,1.342864006219283e-06,9.222751125432404e-07,0.9996313559321885
2677,1.3363567650356696e-06,9.178059581335845e-07,0.9996322737381467
2678,1.3349749524446613e-06,9.168569332457451e-07,0.9996331905950799
2679,1.3344678592712397e-06,9.165086631220235e-07,0.999634107103743
2680,1.3294383195131812e-06,9.130543897742228e-07,0.9996350201581328
2681,1.3246291211999043e-06,9.097514462929184e-07,0.9996359299095791
2682,1.3225856213358705e-06,9.08347976501223e-07,0.9996368382575556
2683,1.3190379287534076e-06,9.059114315044056e-07,0.9996377441689871
2684,1.3164794928679891e-06,9.041543051437087e-07,0.9996386483232922
2685,1.3133353178018635e-06,9.019948948091278e-07,0.999639550318187
2686,1.3104195789582035e-06,8.999923738109262e-07,0.9996404503105608
2687,1.3058322474034027e-06,8.968418077771485e-07,0.9996413471523686
2688,1.3050616461585472e-06,8.963125610726918e-07,0.9996422434649297
2689,1.2996895663069746e-06,8.926230321801501e-07,0.9996431360879618
2690,1.2970019903626223e-06,8.907772128007741e-07,0.9996440268651746
2691,1.2932873790740385e-06,8.8822602851974e-07,0.9996449150912031
2692,1.2919837782258506e-06,8.873307192304853e-07,0.9996458024219224
2693,1.2881645233419882e-06,8.847076660311055e-07,0.9996466871295884
2694,1.2849302649826368e-06,8.824863867514838e-07,0.9996475696159751
2695,1.2831913012671588e-06,8.812920715051346e-07,0.9996484509080467
2696,1.2806770474777682e-06,8.795652892801044e-07,0.9996493304733359
2697,1.278915901388283e-06,8.783557392434941e-07,0.9996502088290752
2698,1.2734602058724085e-06,8.746087833547359e-07,0.9996510834378586
2699,1.2718401101031604e-06,8.734961062697936e-07,0.9996519569339648
2700,1.2675756476235838e-06,8.705672857823333e-07,0.9996528275012506
2701,1.26610362128417e-06,8.695563023532133e-07,0.999653697057553
2702,1.265058241392348e-06,8.688383384693685e-07,0.9996545658958915
2703,1.2605288695071091e-06,8.657275789688813e-07,0.9996554316234705
2704,1.2603310404647542e-06,8.655917105552094e-07,0.999656297215181
2705,1.2587295978694855e-06,8.644918444161642e-07,0.9996571617070255
2706,1.254680273102092e-06,8.61710779886714e-07,0.9996580234178053
2707,1.2532333188319361e-06,8.60717015882189e-07,0.9996588841348212
2708,1.2498462772433038e-06,8.583908055229291e-07,0.9996597425256267
2709,1.245075090836197e-06,8.551139685087567e-07,0.9996605976395952
2710,1.2416117756910657e-06,8.527353736916676e-07,0.9996614503749689
2711,1.2366475658017036e-06,8.493259687085899e-07,0.9996622997009376
2712,1.235650162087762e-06,8.486409547248461e-07,0.9996631483418923
2713,1.2346182869941863e-06,8.479322658973471e-07,0.9996639962741581
2714,1.2308318018789163e-06,8.453317188801842e-07,0.999664841605877
2715,1.2305488834926393e-06,8.451374113513982e-07,0.9996656867432884
2716,1.2271997251605816e-06,8.428372191031004e-07,0.9996665295805075
2717,1.221441431978016e-06,8.388824400127295e-07,0.9996673684629475
2718,1.218411493058682e-06,8.368014867331078e-07,0.9996682052644342
2719,1.216975578717266e-06,8.358153049196864e-07,0.9996690410797392
2720,1.2144077319493814e-06,8.340517151921515e-07,0.9996698751314543
2721,1.2129615245175725e-06,8.330584641140416e-07,0.9996707081899184
2722,1.2097414186346428e-06,8.308469047142617e-07,0.9996715390368232
2723,1.208733255248338e-06,8.301545010186828e-07,0.9996723691913242
2724,1.2067313663850856e-06,8.287796095418807e-07,0.9996731979709337
2725,1.2042457664711467e-06,8.270725067155717e-07,0.9996740250434404
2726,1.2011061513739202e-06,8.249162281544319e-07,0.9996748499596685
2727,1.199052354151722e-06,8.23505686166955e-07,0.9996756734653547
2728,1.1936814693145634e-06,8.198169780068538e-07,0.9996764932823327
2729,1.1913269778644762e-06,8.181999200940239e-07,0.9996773114822528
2730,1.1880023821901814e-06,8.15916597407981e-07,0.9996781273988502
2731,1.1856522189930485e-06,8.14302512126752e-07,0.9996789417013623
2732,1.184215028382392e-06,8.133154537753103e-07,0.999679755016816
2733,1.1830319202883627e-06,8.125028985608446e-07,0.9996805675197146
2734,1.1824432352528727e-06,8.120985913824226e-07,0.9996813796183059
2735,1.1778699122580955e-06,8.089576463871213e-07,0.9996821885759524
2736,1.174624476282927e-06,8.0672869035331e-07,0.9996829953046428
2737,1.1731203814714028e-06,8.056956823903669e-07,0.9996838010003252
2738,1.1708673339607658e-06,8.041482958815214e-07,0.999684605148621
2739,1.1684809994084354e-06,8.025093682182409e-07,0.9996854076579892
2740,1.163082499699677e-06,7.988016942442564e-07,0.9996862064596834
2741,1.15635253272467e-06,7.941795724057526e-07,0.9996870006392559
2742,1.1549183204524726e-06,7.931945595685437e-07,0.9996877938338155
2743,1.153077706671919e-06,7.919304313517275e-07,0.9996885857642468
2744,1.1496420202945863e-06,7.895708118923908e-07,0.9996893753350586
2745,1.1483678777288714e-06,7.886957344662714e-07,0.9996901640307931
2746,1.1463199409741921e-06,7.872892174309233e-07,0.9996909513200106
2747,1.1439840295758102e-06,7.856849202438245e-07,0.9996917370049309
2748,1.1426417844191818e-06,7.84763070155389e-07,0.999692521768001
2749,1.1413120251457673e-06,7.838497953354043e-07,0.9996933056177963
2750,1.140308534935616e-06,7.831606011636811e-07,0.9996940887783975
2751,1.1355549256024577e-06,7.798958360330195e-07,0.9996948686742335
2752,1.1325657277244936e-06,7.778428635826854e-07,0.9996956465170971
2753,1.1311538283192373e-06,7.76873175157907e-07,0.9996964233902722
2754,1.1287084282660035e-06,7.751936814795716e-07,0.9996971985839537
2755,1.126718871359347e-06,7.738272595548647e-07,0.9996979724112133
2756,1.1234141527588236e-06,7.715575883855536e-07,0.9996987439688017
2757,1.1191498226910708e-06,7.686288588381508e-07,0.9996995125976604
2758,1.1182641487816927e-06,7.680205805607785e-07,0.999700280618241
2759,1.1171190218717554e-06,7.672341107136104e-07,0.9997010478523517
2760,1.115600732792051e-06,7.661913541683666e-07,0.9997018140437058
2761,1.1106644083019826e-06,7.628011007968093e-07,0.9997025768448067
2762,1.1086711201737514e-06,7.61432116279925e-07,0.9997033382769229
2763,1.1060815781479485e-06,7.596536263120489e-07,0.9997040979305493
2764,1.1043630710922804e-06,7.584733606404454e-07,0.9997048564039099
2765,1.1006528234633236e-06,7.559251733082125e-07,0.9997056123290833
2766,1.0989226405966074e-06,7.547368887233768e-07,0.999706367065972
2767,1.0969493216075876e-06,7.533816189535021e-07,0.999707120447591
2768,1.09419758881308e-06,7.514917368351418e-07,0.9997078719393279
2769,1.092528376974387e-06,7.503453269758715e-07,0.9997086222846548
2770,1.0887969726787015e-06,7.477826093061674e-07,0.9997093700672641
2771,1.0876630353156888e-06,7.47003824407439e-07,0.9997101170710885
2772,1.0849532188227959e-06,7.451427302837007e-07,0.9997108622138188
2773,1.0819372669227046e-06,7.430713832484094e-07,0.999711605285202
2774,1.079074013213307e-06,7.411049088885007e-07,0.9997123463901109
2775,1.0759772347951966e-06,7.389780504345867e-07,0.9997130853681613
2776,1.0741245875698524e-06,7.377056576827192e-07,0.999713823073819
2777,1.0708450099796498e-06,7.354532532865257e-07,0.9997145585270723
2778,1.0684706264702953e-06,7.338225335649687e-07,0.9997152923496058
2779,1.0654209296751179e-06,7.317280106334071e-07,0.9997160240776164
2780,1.0641501057954303e-06,7.308552124712452e-07,0.9997167549328289
2781,1.0623430603676128e-06,7.296141389019243e-07,0.9997174845469677
2782,1.058357567655841e-06,7.268769140435127e-07,0.9997182114238817
2783,1.0567387232186924e-06,7.257650963698343e-07,0.9997189371889781
2784,1.0546712967177572e-06,7.243451938331708e-07,0.9997196615341719
2785,1.0531047649742345e-06,7.232693043660552e-07,0.9997203848034762
2786,1.0515280406209885e-06,7.221864146440843e-07,0.9997211069898909
2787,1.0477805843537917e-06,7.196126725268088e-07,0.9997218266025635
2788,1.0455085399582938e-06,7.180522390124274e-07,0.9997225446548025
2789,1.0452630702670575e-06,7.178836511389998e-07,0.9997232625384537
2790,1.0443769404153332e-06,7.172750597217439e-07,0.9997239798135134
2791,1.0416310100356647e-06,7.153891626851e-07,0.999724695202676
2792,1.037135129584441e-06,7.123014050045533e-07,0.999725407504081
2793,1.0366075335445677e-06,7.119390535714983e-07,0.9997261194431346
2794,1.0334967263715943e-06,7.098025602093508e-07,0.9997268292456948
2795,1.031114706935488e-06,7.081665961554029e-07,0.9997275374122909
2796,1.0289576764846157e-06,7.066851538852819e-07,0.9997282440974448
2797,1.0259214024545995e-06,7.045998496699807e-07,0.9997289486972945
2798,1.024626343839515e-06,7.037104071616957e-07,0.9997296524077016
2799,1.0196434720585769e-06,7.002881852455007e-07,0.9997303526958868
2800,1.018840378546834e-06,6.997366229461947e-07,0.9997310524325098
2801,1.0168521808683548e-06,6.983711345354657e-07,0.9997317508036444
2802,1.0121488541377477e-06,6.95140903350693e-07,0.9997324459445478
2803,1.0096120312302286e-06,6.933986207206585e-07,0.9997331393431685
2804,1.0068782592687854e-06,6.915210740504592e-07,0.9997338308642426
2805,1.004230415283562e-06,6.897025424656085e-07,0.999734520566785
2806,1.0014936092478152e-06,6.878229120019596e-07,0.999735208389697
2807,1.0001020363290686e-06,6.868671837492808e-07,0.9997358952568808
2808,9.96979033802237e-07,6.847223146534029e-07,0.9997365799791954
2809,9.949734653058176e-07,6.833448960151926e-07,0.9997372633240914
2810,9.946857467057328e-07,6.831472917134575e-07,0.9997379464713831
2811,9.928700186570527e-07,6.819002549452601e-07,0.9997386283716381
2812,9.918763954049065e-07,6.812178373717348e-07,0.9997393095894754
2813,9.89105859851251e-07,6.793150415728163e-07,0.999739988904517
2814,9.87405522987329e-07,6.781472551363103e-07,0.9997406670517721
2815,9.844594406041326e-07,6.761238942829847e-07,0.9997413431756664
2816,9.824529541588332e-07,6.747458452001406e-07,0.9997420179215116
2817,9.802694749974164e-07,6.732462380321734e-07,0.9997426911677496
2818,9.77840295329898e-07,6.715778844677973e-07,0.999743362745634
2819,9.75448064831211e-07,6.699349074856251e-07,0.9997440326805415
2820,9.74488084293867e-07,6.692755956312467e-07,0.9997447019561371
2821,9.694681929359956e-07,6.658279487767672e-07,0.9997453677840858
2822,9.682224927445722e-07,6.649724054909846e-07,0.9997460327564913
2823,9.656122856796481e-07,6.631797228340552e-07,0.9997466959362141
2824,9.622328430466841e-07,6.608587314155531e-07,0.9997473567949455
2825,9.605109267392092e-07,6.596761242796767e-07,0.9997480164710698
2826,9.592941532940652e-07,6.588404477995101e-07,0.9997486753115176
2827,9.568546029562345e-07,6.571649716887815e-07,0.9997493324764892
2828,9.55765648786935e-07,6.564170811172912e-07,0.9997499888935704
2829,9.526945882290193e-07,6.543078856153184e-07,0.999750643201456
2830,9.494271560896534e-07,6.520638226796044e-07,0.9997512952652787
2831,9.469263599372044e-07,6.503462831206724e-07,0.9997519456115619
2832,9.455374446825335e-07,6.493923801439882e-07,0.999752595003942
2833,9.447619966587703e-07,6.488598046858067e-07,0.9997532438637466
2834,9.437804299383574e-07,6.48185667503378e-07,0.9997538920494141
2835,9.401647266935549e-07,6.457024129805231e-07,0.9997545377518271
2836,9.39288909641755e-07,6.451009043644048e-07,0.9997551828527315
2837,9.355715634420599e-07,6.425478417543357e-07,0.9997558254005732
2838,9.343750470115341e-07,6.417260777331748e-07,0.9997564671266509
2839,9.316343035980662e-07,6.398437430899037e-07,0.999757106970394
2840,9.291298048043767e-07,6.381236605676851e-07,0.9997577450940546
2841,9.267582294133217e-07,6.364948694536482e-07,0.999758381588924
2842,9.252537016765251e-07,6.35461564158881e-07,0.9997590170504882
2843,9.220939164787586e-07,6.332914328310728e-07,0.999759650341921
2844,9.206548851519027e-07,6.323031102810733e-07,0.9997602826450314
2845,9.178087512396523e-07,6.303483937482919e-07,0.9997609129934251
2846,9.15047601210079e-07,6.284520439001468e-07,0.9997615414454689
2847,9.126228785900481e-07,6.26786751423084e-07,0.9997621682322203
2848,9.110258991913566e-07,6.256899505945295e-07,0.9997627939221709
2849,9.084455811001135e-07,6.239177955982104e-07,0.9997634178399666
2850,9.08082595848037e-07,6.236684983777474e-07,0.999764041508465
2851,9.030422974299021e-07,6.202068360133473e-07,0.999764661715301
2852,9.01290997443658e-07,6.190040482519434e-07,0.9997652807193492
2853,9.006102088138794e-07,6.185364845915584e-07,0.9997658992558338
2854,8.996081036761469e-07,6.178482416835632e-07,0.9997665171040755
2855,8.985899308591128e-07,6.171489635399317e-07,0.999767134253039
2856,8.979230199685394e-07,6.166909310706635e-07,0.9997677509439701
2857,8.954583873663867e-07,6.149982285333994e-07,0.9997683659421986
2858,8.93614514139659e-07,6.137318617383853e-07,0.9997689796740604
2859,8.90552742048816e-07,6.116290455287125e-07,0.9997695913031059
2860,8.876768772245629e-07,6.09653909891624e-07,0.9997702009570159
2861,8.857685411969207e-07,6.083432702315298e-07,0.9997708093002861
2862,8.827612607916638e-07,6.06277878753791e-07,0.9997714155781648
2863,8.812655638063825e-07,6.05250638393604e-07,0.9997720208288032
2864,8.785101721017077e-07,6.033582433463316e-07,0.9997726241870466
2865,8.783006158188434e-07,6.032143206978223e-07,0.9997732274013673
2866,8.763671134871123e-07,6.018863968929239e-07,0.9997738292877643
2867,8.748853773945378e-07,6.00868744833438e-07,0.9997744301565091
2868,8.698829015866808e-07,5.974330589282989e-07,0.999775027589568
2869,8.692643977950692e-07,5.970082723144831e-07,0.9997756245978403
2870,8.680439490299653e-07,5.961700716352063e-07,0.999776220767912
2871,8.6399454022913e-07,5.933889493918315e-07,0.9997768141568614
2872,8.629472135724815e-07,5.926696484755387e-07,0.9997774068265098
2873,8.61817768304946e-07,5.918939487349816e-07,0.9997779987204586
2874,8.613797481507203e-07,5.915931177609115e-07,0.9997785903135763
2875,8.586810321535497e-07,5.897396474255048e-07,0.9997791800532237
2876,8.584715093573956e-07,5.895957477755712e-07,0.9997797696489715
2877,8.555437809491056e-07,5.875849923790857e-07,0.9997803572339639
2878,8.54787765346398e-07,5.870657630514378e-07,0.9997809442997269
2879,8.533281088851624e-07,5.860632752188459e-07,0.9997815303630021
2880,8.51631380452829e-07,5.848979670427103e-07,0.9997821152609692
2881,8.492390003225652e-07,5.832548872940041e-07,0.9997826985158564
2882,8.454745307520128e-07,5.806694604892292e-07,0.999783279185317
2883,8.431417128728007e-07,5.79067287922142e-07,0.9997838582526049
2884,8.412769091318957e-07,5.777865461105744e-07,0.999784436039151
2885,8.394965935236303e-07,5.765638305039523e-07,0.9997850126029815
2886,8.367258415143115e-07,5.74660886043911e-07,0.9997855872638676
2887,8.33143320206124e-07,5.722004207790779e-07,0.9997861594642884
2888,8.31535565458449e-07,5.710962194720308e-07,0.9997867305605078
2889,8.303693714432768e-07,5.702952807979662e-07,0.9997873008557886
2890,8.290931570466789e-07,5.694187804443932e-07,0.9997878702745691
2891,8.281503926557246e-07,5.687712925895232e-07,0.9997884390458617
2892,8.276041798986762e-07,5.683961552489985e-07,0.9997890074420169
2893,8.263689632626984e-07,5.675478120387512e-07,0.999789574989829
2894,8.235291448271022e-07,5.655974329570558e-07,0.999790140587262
2895,8.20713136648379e-07,5.636634066908617e-07,0.9997907042506687
2896,8.187825554977721e-07,5.62337489144704e-07,0.9997912665881579
2897,8.168517994744297e-07,5.610114514964577e-07,0.9997918275996094
2898,8.152764916767057e-07,5.59929534660719e-07,0.999792387529144
2899,8.136904499326911e-07,5.588402457817373e-07,0.9997929463693898
2900,8.117285329160902e-07,5.574928068535168e-07,0.9997935038621966
2901,8.100257027283536e-07,5.563233080094317e-07,0.9997940601855045
2902,8.078232353928931e-07,5.548106598184928e-07,0.9997946149961644
2903,8.05140473682178e-07,5.52968146840844e-07,0.9997951679643112
2904,8.043233731602937e-07,5.524069645675165e-07,0.9997957203712758
2905,8.021862343015217e-07,5.509391837852734e-07,0.9997962713104597
2906,8.015405689312057e-07,5.504957426778228e-07,0.9997968218062023
2907,7.984573100635886e-07,5.483781694120552e-07,0.9997973701843718
2908,7.951370557333282e-07,5.460978283485291e-07,0.9997979162822002
2909,7.94316516661154e-07,5.455342844888153e-07,0.9997984618164847
2910,7.925127371939702e-07,5.442954539718042e-07,0.9997990061119386
2911,7.906331003016303e-07,5.430045247947658e-07,0.9997995491164634
2912,7.870017562355976e-07,5.405105282011624e-07,0.9998000896269916
2913,7.860577242325814e-07,5.398621697539973e-07,0.9998006294891614
2914,7.832419480679706e-07,5.37928302834424e-07,0.9998011674174642
2915,7.811027220629676e-07,5.36459088606191e-07,0.9998017038765528
2916,7.798345067668322e-07,5.355880820116621e-07,0.9998022394646348
2917,7.782947585783329e-07,5.345305874126115e-07,0.9998027739952222
2918,7.770843213250607e-07,5.336992626106822e-07,0.9998033076944848
2919,7.751651781077699e-07,5.323812006040188e-07,0.9998038400756853
2920,7.7427795017588e-07,5.317718550284836e-07,0.9998043718475403
2921,7.719887964817937e-07,5.301996708973546e-07,0.9998049020472113
2922,7.694966348009435e-07,5.284880614685241e-07,0.9998054305352727
2923,7.6837168975723e-07,5.27715452468662e-07,0.9998059582507252
2924,7.674278293071716e-07,5.270672118435718e-07,0.999806485317937
2925,7.657280599786386e-07,5.258998151887282e-07,0.9998070112177522
2926,7.651931787157045e-07,5.255324602855621e-07,0.9998075367502125
2927,7.629537095194113e-07,5.239943993237054e-07,0.9998080607446118
2928,7.613688716943612e-07,5.229059372927839e-07,0.9998085836505491
2929,7.587198681177583e-07,5.210866093039302e-07,0.9998091047371584
2930,7.54947692670548e-07,5.184958901253713e-07,0.9998096232330486
2931,7.537734662678349e-07,5.176894348307936e-07,0.9998101409224834
2932,7.523872374101486e-07,5.167373768637825e-07,0.9998106576598603
2933,7.500548522799212e-07,5.151355015074457e-07,0.9998111727953618
2934,7.497572623098562e-07,5.149311175773809e-07,0.9998116877264793
2935,7.474295834934643e-07,5.133324745037637e-07,0.9998122010589539
2936,7.460133380357784e-07,5.123598012227563e-07,0.9998127134187551
2937,7.444006718367281e-07,5.112522267451208e-07,0.9998132246709819
2938,7.42936847170724e-07,5.102468762015587e-07,0.9998137349178581
2939,7.422355210811849e-07,5.097652074732559e-07,0.9998142446830656
2940,7.40511209319224e-07,5.085809551461723e-07,0.9998147532640207
2941,7.379377982244981e-07,5.068135438550688e-07,0.9998152600775646
2942,7.355125477481589e-07,5.051478888478215e-07,0.9998157652254535
2943,7.343870659792375e-07,5.043749112266403e-07,0.9998162696003647
2944,7.332008096933883e-07,5.035601938431451e-07,0.9998167731605586
2945,7.314014795281558e-07,5.023244190938358e-07,0.9998172754849777
2946,7.301873234598095e-07,5.014905402204778e-07,0.9998177769755179
2947,7.286086469777216e-07,5.004063097820686e-07,0.9998182773818277
2948,7.281058820836713e-07,5.00061012308091e-07,0.99981877744284
2949,7.265041315586861e-07,4.98960934683808e-07,0.9998192764037747
2950,7.250638227852102e-07,4.979717347871674e-07,0.9998197743755094
2951,7.240173677547612e-07,4.972530325012255e-07,0.9998202716285419
2952,7.206833302647236e-07,4.949632252034598e-07,0.9998207665917671
2953,7.190881604209836e-07,4.938676671720081e-07,0.9998212604594343
2954,7.166810913796454e-07,4.922144991216933e-07,0.9998217526739335
2955,7.137345364148588e-07,4.901908137006994e-07,0.9998222428647472
2956,7.110069887431952e-07,4.883175418547044e-07,0.999822731182289
2957,7.108144925292631e-07,4.881853360121574e-07,0.9998232193676251
2958,7.102148859979233e-07,4.877735279819979e-07,0.9998237071411531
2959,7.09000301226351e-07,4.869393546765052e-07,0.9998241940805078
2960,7.060278110447204e-07,4.848978570236525e-07,0.9998246789783648
2961,7.045567206135698e-07,4.838875163736187e-07,0.9998251628658812
2962,7.030258736622348e-07,4.828361351184878e-07,0.9998256457020163
2963,7.003684748385513e-07,4.810110412982392e-07,0.9998261267130576
2964,6.988286605946823e-07,4.799535013325519e-07,0.999826606666559
2965,6.979008700234817e-07,4.793162974537468e-07,0.9998270859828564
2966,6.961486185437924e-07,4.781128562093989e-07,0.9998275640957126
2967,6.958609180693432e-07,4.779152643562981e-07,0.999828042010977
2968,6.931439178842285e-07,4.760492364935351e-07,0.9998285180602134
2969,6.921895244849724e-07,4.753937618694236e-07,0.9998289934539754
2970,6.899444553322367e-07,4.738518548736912e-07,0.9998294673058302
2971,6.8805652674259e-07,4.725552309829428e-07,0.9998299398610612
2972,6.873510682223575e-07,4.7207072411320124e-07,0.9998304119317852
2973,6.855293030790005e-07,4.7081954108585405e-07,0.9998308827513264
2974,6.832908423138831e-07,4.6928217271161e-07,0.999831352033499
2975,6.822392826795919e-07,4.6855996459852463e-07,0.9998318205934636
2976,6.795803701767565e-07,4.667338311878159e-07,0.9998322873272948
2977,6.792814410982375e-07,4.665285275619412e-07,0.9998327538558224
2978,6.776294934530102e-07,4.653939747007717e-07,0.9998332192497971
2979,6.762455599390576e-07,4.644434931691932e-07,0.9998336836932903
2980,6.750236314444765e-07,4.6360427621599446e-07,0.9998341472975665
2981,6.743394764955059e-07,4.6313440057733217e-07,0.9998346104319671
2982,6.73332572981801e-07,4.6244286215860815e-07,0.9998350728748292
2983,6.69155510946666e-07,4.5957406804340924e-07,0.9998355324488972
2984,6.689843619159911e-07,4.5945652338453363e-07,0.9998359919054206
2985,6.672538242231474e-07,4.5826799510614066e-07,0.9998364501734157
2986,6.659055097304311e-07,4.573419766152477e-07,0.9998369075153923
2987,6.639221193368307e-07,4.559797898338587e-07,0.9998373634951822
2988,6.610406673520197e-07,4.540008169510711e-07,0.9998378174959991
2989,6.602832210299678e-07,4.534806050095189e-07,0.999838270976604
2990,6.588188592529176e-07,4.524748855796451e-07,0.9998387234514896
2991,6.583361080236945e-07,4.52143333432741e-07,0.999839175594823
2992,6.563510901970438e-07,4.507800289350437e-07,0.999839626374852
2993,6.559653928912279e-07,4.505151331418126e-07,0.9998400768899851
2994,6.52177611140901e-07,4.4791369559944575e-07,0.9998405248036807
2995,6.507638251457566e-07,4.469427114701929e-07,0.9998409717463922
2996,6.502482269870831e-07,4.4658860014721796e-07,0.9998414183349923
2997,6.46564219094013e-07,4.4405843418964105e-07,0.9998418623934264
2998,6.452986971224288e-07,4.4318927736261815e-07,0.9998423055827038
2999,6.445508375167338e-07,4.426756495501111e-07,0.9998427482583534
3000,6.424336766140378e-07,4.4122158957027475e-07,0.999843189479943
3001,6.413535391756767e-07,4.4047975430407286e-07,0.9998436299596973
3002,6.410320747596794e-07,4.402589734736466e-07,0.9998440702186708
3003,6.381475532327873e-07,4.3827789243824257e-07,0.9998445084965633
3004,6.375655527426176e-07,4.37878176186198e-07,0.9998449463747394
3005,6.370381652137051e-07,4.3751596795786736e-07,0.9998453838907074
3006,6.357001591093079e-07,4.3659702923823426e-07,0.9998458204877366
3007,6.335163456522757e-07,4.3509719247700613e-07,0.9998462555849291
3008,6.332541421518016e-07,4.3491711187183014e-07,0.999846690502041
3009,6.311789268696052e-07,4.3349186002274116e-07,0.9998471239939011
3010,6.286894847575455e-07,4.317821183858841e-07,0.9998475557760195
3011,6.266046890559837e-07,4.3035028673250553e-07,0.9998479861263062
3012,6.236646198776087e-07,4.2833105573084595e-07,0.999848414457362
3013,6.229757625191317e-07,4.2785795049094585e-07,0.9998488423153125
3014,6.209643227435688e-07,4.2647649947521407e-07,0.9998492687918119
3015,6.203265092966914e-07,4.2603845104605367e-07,0.999849694830263
3016,6.186299809394603e-07,4.2487328028091917e-07,0.9998501197035433
3017,6.173483906261e-07,4.2399308776327436e-07,0.9998505436966311
3018,6.149929684340672e-07,4.223753906195703e-07,0.9998509660720217
3019,6.136504699025379e-07,4.214533665139863e-07,0.9998513875253883
3020,6.12116889119589e-07,4.2040010767121606e-07,0.999851807925496
3021,6.103389414243039e-07,4.1917901834037485e-07,0.9998522271045144
3022,6.090553641286113e-07,4.1829746116901556e-07,0.9998526454019756
3023,6.077071119322722e-07,4.173714854630942e-07,0.9998530627734611
3024,6.066182883723755e-07,4.1662368459376364e-07,0.9998534793971456
3025,6.05456964743121e-07,4.158260908866501e-07,0.9998538952232365
3026,6.03407304218297e-07,4.14418389970956e-07,0.9998543096416265
3027,6.027045081745292e-07,4.139357116823438e-07,0.9998547235773382
3028,5.994564914218482e-07,4.117049831780071e-07,0.9998551352823214
3029,5.981626923144658e-07,4.108164056959663e-07,0.9998555460987271
3030,5.975408782623969e-07,4.1038934560485e-07,0.9998559564880727
3031,5.947669174019724e-07,4.084841973151573e-07,0.99985636497227
3032,5.943787268833345e-07,4.082175891905767e-07,0.9998567731898592
3033,5.908333086185947e-07,4.0578260618858845e-07,0.9998571789724654
3034,5.904740481788786e-07,4.05535867158473e-07,0.9998575845083325
3035,5.899147087997808e-07,4.0515171449191996e-07,0.999857989660047
3036,5.88712352222559e-07,4.043259394749125e-07,0.9998583939859865
3037,5.878937492391617e-07,4.0376372531536664e-07,0.9998587977497119
3038,5.864622409162564e-07,4.0278056954270503e-07,0.9998592005302814
3039,5.857905161610524e-07,4.0231923092514233e-07,0.9998596028495124
3040,5.811560503410297e-07,3.991362932144407e-07,0.9998600019858056
3041,5.79718742192599e-07,3.981491541383958e-07,0.9998604001349597
3042,5.793472158201699e-07,3.978939909011969e-07,0.9998607980289506
3043,5.768749884904098e-07,3.961960723269949e-07,0.9998611942250228
3044,5.75906161292983e-07,3.955306846120785e-07,0.9998615897557075
3045,5.744076635708534e-07,3.945015207139308e-07,0.9998619842572282
3046,5.735376167959556e-07,3.9390397510728675e-07,0.9998623781612033
3047,5.726211664336481e-07,3.932745596511252e-07,0.999862771435763
3048,5.706371134563711e-07,3.9191191780918496e-07,0.9998631633476808
3049,5.691363970108416e-07,3.908812300982283e-07,0.9998635542289108
3050,5.688887942028397e-07,3.907111772063805e-07,0.999863944940088
3051,5.667294358516633e-07,3.8922813614106864e-07,0.9998643341682242
3052,5.652465755515401e-07,3.882097119790923e-07,0.9998647223779361
3053,5.641530348486855e-07,3.8745867138963214e-07,0.9998651098366075
3054,5.631021185461893e-07,3.867369051149614e-07,0.9998654965735126
3055,5.604263173595392e-07,3.8489917260509315e-07,0.9998658814726853
3056,5.59605134458843e-07,3.8433518656581406e-07,0.9998662658078719
3057,5.58989648959111e-07,3.839124729061247e-07,0.9998666497203448
3058,5.576724537265455e-07,3.830078270330284e-07,0.9998670327281718
3059,5.558897630853616e-07,3.817834802606724e-07,0.9998674145116521
3060,5.540767076714946e-07,3.8053827905032863e-07,0.9998677950499311
3061,5.535564233031503e-07,3.8018094925211614e-07,0.9998681752308803
3062,5.519538808513276e-07,3.790803277347733e-07,0.999868554311208
3063,5.512678059899224e-07,3.7860913350580816e-07,0.9998689329203415
3064,5.496443962387897e-07,3.7749418038769973e-07,0.9998693104145219
3065,5.482575234429826e-07,3.7654168016585134e-07,0.999869686956202
3066,5.478539534243671e-07,3.762645094452021e-07,0.9998700632207115
3067,5.465924731609908e-07,3.7539812845167764e-07,0.99987043861884
3068,5.434546713244828e-07,3.732430952327508e-07,0.9998708118619352
3069,5.42842861751118e-07,3.728229061886504e-07,0.9998711846848414
3070,5.417961205496432e-07,3.721040073612764e-07,0.9998715567888488
3071,5.398321717360184e-07,3.7075517300074087e-07,0.9998719275440218
3072,5.393931081807314e-07,3.7045362542184195e-07,0.9998722979976472
3073,5.38485669994168e-07,3.698303995018956e-07,0.9998726678280467
3074,5.370843153840283e-07,3.6886795321188125e-07,0.9998730366959999
3075,5.352755378114427e-07,3.6762569001054736e-07,0.9998734043216899
3076,5.338597177708753e-07,3.666533089047855e-07,0.9998737709749989
3077,5.330186626099167e-07,3.660756746546785e-07,0.9998741370506735
3078,5.319695797023343e-07,3.6535516755032787e-07,0.9998745024058411
3079,5.297580927688036e-07,3.638363247255416e-07,0.9998748662421658
3080,5.282798643026909e-07,3.628210816937568e-07,0.9998752290632476
3081,5.268168492929616e-07,3.6181628721978067e-07,0.9998755908795348
3082,5.250829935314128e-07,3.606254801014052e-07,0.999875951505015
3083,5.247619819480112e-07,3.60405010275095e-07,0.9998763119100252
3084,5.240240824004321e-07,3.598982230016724e-07,0.9998766718082482
3085,5.231653755274053e-07,3.5930846560681e-07,0.9998770311167139
3086,5.209983223854526e-07,3.5782013978146565e-07,0.9998773889368536
3087,5.201690307122434e-07,3.5725058466069544e-07,0.9998777461874383
3088,5.191258873050146e-07,3.5653415678799567e-07,0.999878102721595
3089,5.173900330212831e-07,3.5534197709036987e-07,0.9998784580635721
3090,5.166331088068507e-07,3.548221237308195e-07,0.9998788128856958
3091,5.144788541295477e-07,3.533425878539513e-07,0.9998791662282837
3092,5.121652970745717e-07,3.517536435651989e-07,0.9998795179819272
3093,5.117282649480612e-07,3.514534911657037e-07,0.9998798694354184
3094,5.115593432758665e-07,3.513374762501852e-07,0.9998802207728946
3095,5.098828349994133e-07,3.5018605521858074e-07,0.9998805709589499
3096,5.091352638502442e-07,3.496726255171807e-07,0.9998809206315754
3097,5.070771384382979e-07,3.482591109415127e-07,0.9998812688906864
3098,5.06049476170639e-07,3.475533154706594e-07,0.9998816164440019
3099,5.053590036715208e-07,3.470791009568419e-07,0.9998819635231028
3100,5.03210295020307e-07,3.4560337407463867e-07,0.9998823091264768
3101,5.030472916867616e-07,3.454914238569739e-07,0.9998826546179006
3102,5.019789969267419e-07,3.4475772210797814e-07,0.9998829993756227
3103,5.002172647062818e-07,3.43547769518311e-07,0.9998833429233923
3104,4.994070745845245e-07,3.4299133328778833e-07,0.9998836859147257
3105,4.9859916432014e-07,3.4243646285671037e-07,0.9998840283511885
3106,4.976439013046701e-07,3.4178039098270033e-07,0.9998843701315795
3107,4.951316065654895e-07,3.400549542276837e-07,0.9998847101865337
3108,4.933443800590992e-07,3.38827492236233e-07,0.999885049014026
3109,4.917153977747835e-07,3.377087119184643e-07,0.9998853867227379
3110,4.902794060811066e-07,3.3672247697973384e-07,0.9998857234452149
3111,4.886666474203205e-07,3.3561483899964584e-07,0.9998860590600539
3112,4.885760809260268e-07,3.3555263819351023e-07,0.9998863946126921
3113,4.872157554750542e-07,3.346183706112527e-07,0.9998867292310627
3114,4.856049158982288e-07,3.3351205065247403e-07,0.9998870627431133
3115,4.847481034729776e-07,3.329235943588604e-07,0.9998873956667077
3116,4.820797937669295e-07,3.3109100697618555e-07,0.9998877267577146
3117,4.815493735127846e-07,3.3072671588094343e-07,0.9998880574844305
3118,4.808882378713359e-07,3.302726498360577e-07,0.9998883877570803
3119,4.791710753882738e-07,3.2909330761302805e-07,0.9998887168503879
3120,4.790106121604355e-07,3.2898310193261054e-07,0.9998890458334899
3121,4.77326627783303e-07,3.2782654633669915e-07,0.9998893736600363
3122,4.770039601988302e-07,3.2760493917364654e-07,0.9998897012649755
3123,4.742107987680818e-07,3.2568660398783154e-07,0.9998900269515795
3124,4.7288106693239474e-07,3.247733480119987e-07,0.9998903517249275
3125,4.7183324633794193e-07,3.2405370786065164e-07,0.9998906757786353
3126,4.7113858872405656e-07,3.2357661902212594e-07,0.9998909993552544
3127,4.696362087848704e-07,3.2254478882854093e-07,0.9998913219000433
3128,4.6841275517045637e-07,3.217045244274554e-07,0.9998916436045677
3129,4.682186462544902e-07,3.215712109858193e-07,0.9998919651757787
3130,4.667618164998908e-07,3.205706645271631e-07,0.9998922857464433
3131,4.6556531657947187e-07,3.1974891184509584e-07,0.9998926054953551
3132,4.6459700661181815e-07,3.1908387936209045e-07,0.9998929245792344
3133,4.632357058978992e-07,3.181489419720642e-07,0.9998932427281764
3134,4.621153765904637e-07,3.1737950304651767e-07,0.9998935601076794
3135,4.6040682272453895e-07,3.162060731968203e-07,0.9998938763137526
3136,4.595775432711821e-07,3.1563652646860926e-07,0.9998941919502791
3137,4.583038518969432e-07,3.1476175891948954e-07,0.999894506712038
3138,4.5693440160284116e-07,3.138212244213826e-07,0.9998948205332624
3139,4.5510535726413314e-07,3.125650420637381e-07,0.9998951330983045
3140,4.545798597461486e-07,3.1220413188944215e-07,0.9998954453024363
3141,4.5396144443755945e-07,3.1177940604551e-07,0.9998957570818424
3142,4.521792900360521e-07,3.1055542756101166e-07,0.99989606763727
3143,4.511022125775931e-07,3.098156938801494e-07,0.9998963774529639
3144,4.5069228700700163e-07,3.095341581847993e-07,0.9998966869871221
3145,4.492709053564684e-07,3.0855795738141105e-07,0.9998969955450795
3146,4.479335407275955e-07,3.076394592253113e-07,0.9998973031845387
3147,4.47383847322195e-07,3.072619313855732e-07,0.9998976104464701
3148,4.469298817824219e-07,3.069501491668631e-07,0.9998979173966193
3149,4.453770229551673e-07,3.058836502190641e-07,0.9998982232802694
3150,4.446334651037422e-07,3.0537297683893815e-07,0.9998985286532462
3151,4.4328647956327514e-07,3.044478710686033e-07,0.9998988331011173
3152,4.4188524019108077e-07,3.0348550392367627e-07,0.9998991365866212
3153,4.4057836497097376e-07,3.0258794580526514e-07,0.999899439174567
3154,4.3959363279131366e-07,3.01911634594588e-07,0.9998997410862016
3155,4.389394035928429e-07,3.0146231187474873e-07,0.9999000425485135
3156,4.383373346328294e-07,3.0104881265570376e-07,0.9999003435973262
3157,4.364849149249614e-07,2.997765761621803e-07,0.9999006433739023
3158,4.3521718837729946e-07,2.989059052386884e-07,0.9999009422798075
3159,4.342294919904889e-07,2.982275582191202e-07,0.9999012405073657
3160,4.3271926527558175e-07,2.9719033888268254e-07,0.9999015376977046
3161,4.3178290338385316e-07,2.965472482457486e-07,0.9999018342449528
3162,4.2961977282093605e-07,2.9506161643633196e-07,0.9999021293065693
3163,4.279966347819217e-07,2.9394684992932e-07,0.9999024232534193
3164,4.276236605631274e-07,2.9369069231542824e-07,0.9999027169441116
3165,4.261072869309406e-07,2.926492512939952e-07,0.9999030095933629
3166,4.247859293916933e-07,2.917417467607177e-07,0.9999033013351096
3167,4.229422667504074e-07,2.9047552459517544e-07,0.9999035918106343
3168,4.213677925374629e-07,2.893941802630505e-07,0.9999038812048145
3169,4.2127471403230797e-07,2.893302542151264e-07,0.9999041705350687
3170,4.207114105783864e-07,2.889433790334584e-07,0.9999044594784477
3171,4.189305458851142e-07,2.877202863168429e-07,0.999904747198734
3172,4.1744397804798313e-07,2.866993158291811e-07,0.9999050338980499
3173,4.166518237490142e-07,2.8615526654954475e-07,0.9999053200533164
3174,4.1618620007426203e-07,2.8583547755747556e-07,0.999905605888794
3175,4.14957811032983e-07,2.849918235195048e-07,0.9999058908806174
3176,4.1409868194452116e-07,2.844017761483036e-07,0.9999061752823936
3177,4.126609248740335e-07,2.8341432875388944e-07,0.9999064586967223
3178,4.1192691200555085e-07,2.829102108404203e-07,0.9999067416069332
3179,4.110613587202609e-07,2.8231575134943253e-07,0.9999070239226845
3180,4.1025709342676147e-07,2.81763384273808e-07,0.9999073056860688
3181,4.0791602657624355e-07,2.8015554633710474e-07,0.9999075858416151
3182,4.0734683359561504e-07,2.797646262455417e-07,0.9999078656062413
3183,4.068215057229822e-07,2.7940383258318224e-07,0.999908145010074
3184,4.066560972496063e-07,2.792902305224435e-07,0.9999084243003045
3185,4.048490157582574e-07,2.7804913218479364e-07,0.9999087023494366
3186,4.043556759654997e-07,2.7771030784310273e-07,0.9999089800597445
3187,4.0313819193938807e-07,2.7687414333798426e-07,0.9999092569338879
3188,4.0209040044849954e-07,2.76154523174881e-07,0.999909533088411
3189,4.015921042237454e-07,2.7581229477004135e-07,0.9999098089007058
3190,4.0089641834689136e-07,2.7533449972348507e-07,0.9999100842352056
3191,3.99158055966007e-07,2.7414059747199433e-07,0.999910358375803
3192,3.985939792377804e-07,2.737531912077719e-07,0.9999106321289942
3193,3.9675422157688033e-07,2.724896509714556e-07,0.9999109046186452
3194,3.964198360127268e-07,2.7225999593387607e-07,0.9999111768786411
3195,3.9617849821882037e-07,2.7209424583557486e-07,0.9999114489728869
3196,3.9457204682607336e-07,2.709909396689197e-07,0.9999117199638266
3197,3.94063637403882e-07,2.706417655493529e-07,0.9999119906055921
3198,3.932112102547338e-07,2.7005632105067355e-07,0.9999122606619132
3199,3.915024184796053e-07,2.688827278056237e-07,0.999912529544641
3200,3.9110653240406016e-07,2.6861083439483396e-07,0.9999127981554754
3201,3.9009497165636043e-07,2.679160974012826e-07,0.9999130660715728
3202,3.89599061233025e-07,2.675755075579516e-07,0.9999133336470803
3203,3.878633112652006e-07,2.663833995041888e-07,0.9999136000304798
3204,3.87361862608419e-07,2.6603900601815743e-07,0.9999138660694858
3205,3.869434739650976e-07,2.6575165790895284e-07,0.9999141318211437
3206,3.858396467113831e-07,2.649935525461365e-07,0.9999143968146963
3207,3.847029017714965e-07,2.642128394117376e-07,0.9999146610275357
3208,3.833350994074771e-07,2.632734367072415e-07,0.9999149243009724
3209,3.8176238703964514e-07,2.621933024052402e-07,0.9999151864942748
3210,3.8109121353049423e-07,2.617323423818712e-07,0.9999154482266172
3211,3.803769806441089e-07,2.6124180930285327e-07,0.9999157094684265
3212,3.7981728937668485e-07,2.6085741496041626e-07,0.9999159703258415
3213,3.7841261679189727e-07,2.598926898950176e-07,0.9999162302185314
3214,3.7738823270981537e-07,2.5918914587252986e-07,0.9999164894076773
3215,3.761435652820024e-07,2.5833431188580544e-07,0.9999167477419891
3216,3.755119592698784e-07,2.579005267048662e-07,0.9999170056425158
3217,3.7426713156614396e-07,2.570455826411029e-07,0.9999172626880984
3218,3.733575562084228e-07,2.5642088891819145e-07,0.9999175191089874
3219,3.718346839775212e-07,2.5537498467797133e-07,0.9999177744839721
3220,3.717005255015521e-07,2.552828450249983e-07,0.9999180297668171
3221,3.7103193763143103e-07,2.5482366081103086e-07,0.9999182845904779
3222,3.704876406197971e-07,2.544498391989117e-07,0.9999185390403171
3223,3.6818634236419985e-07,2.5286931421808956e-07,0.9999187919096314
3224,3.6702750885162756e-07,2.520734307159057e-07,0.9999190439830621
3225,3.669948570705963e-07,2.520510055672042e-07,0.9999192960340677
3226,3.657868597845686e-07,2.5122135652771597e-07,0.9999195472554242
3227,3.634352277409306e-07,2.4960626244695887e-07,0.9999197968616866
3228,3.622883029009019e-07,2.488185577866082e-07,0.9999200456802444
3229,3.613561183922254e-07,2.4817833616426297e-07,0.9999202938585806
3230,3.597174340691013e-07,2.4705289251432326e-07,0.9999205409114731
3231,3.5914806826197677e-07,2.4666185372602297e-07,0.9999207875733268
3232,3.5840564348480933e-07,2.461519585380175e-07,0.9999210337252853
3233,3.578804354491868e-07,2.457912471793698e-07,0.9999212795165324
3234,3.56928348875566e-07,2.4513735687642756e-07,0.9999215246538893
3235,3.561692247182357e-07,2.4461599260246266e-07,0.9999217692698819
3236,3.556871293291482e-07,2.442848908846655e-07,0.9999220135547727
3237,3.5493483565194514e-07,2.437682177646811e-07,0.9999222573229904
3238,3.533941871780515e-07,2.4271010485222747e-07,0.9999225000330954
3239,3.5242927070822964e-07,2.420474030137105e-07,0.9999227420804984
3240,3.5211510718010545e-07,2.418316364119431e-07,0.9999229839121347
3241,3.506395688467913e-07,2.4081824095557776e-07,0.9999232247303756
3242,3.501613235899424e-07,2.4048978349745775e-07,0.9999234652201592
3243,3.4836028079757976e-07,2.392528325207926e-07,0.9999237044729917
3244,3.4690207810575395e-07,2.3825134313282332e-07,0.9999239427243348
3245,3.4641713618263194e-07,2.3791828642369052e-07,0.9999241806426212
3246,3.453193542729453e-07,2.3716433298565426e-07,0.9999244178069542
3247,3.444396676273245e-07,2.3656016674370032e-07,0.999924654367121
3248,3.434504323722778e-07,2.358807628338818e-07,0.9999248902478838
3249,3.428348425468187e-07,2.3545797752358504e-07,0.9999251257058613
3250,3.4201433060668546e-07,2.3489445229807842e-07,0.9999253606003137
3251,3.413326499928466e-07,2.3442627602562265e-07,0.9999255950265897
3252,3.400406607696532e-07,2.335389415668042e-07,0.9999258285655312
3253,3.396094746339151e-07,2.3324280417685023e-07,0.9999260618083354
3254,3.392676062217185e-07,2.330080099408938e-07,0.9999262948163453
3255,3.3792471437610163e-07,2.320857157083329e-07,0.9999265269020611
3256,3.375824639691671e-07,2.3185065911949616e-07,0.9999267587527202
3257,3.3710533379413367e-07,2.3152296749633946e-07,0.9999269902756877
3258,3.35953601586297e-07,2.3073196114969324e-07,0.9999272210076489
3259,3.352933161778748e-07,2.3027847904238906e-07,0.9999274512861279
3260,3.342589986537897e-07,2.2956811276068587e-07,0.9999276808542407
3261,3.3221880439852217e-07,2.28166913251523e-07,0.9999279090211539
3262,3.3205211733499927e-07,2.2805243305877222e-07,0.999928137073587
3263,3.31076910555058e-07,2.273826638650506e-07,0.9999283644562509
3264,3.296818032921753e-07,2.2642450823504935e-07,0.9999285908807591
3265,3.2939981000260793e-07,2.262308360600058e-07,0.9999288171115952
3266,3.2867982336993714e-07,2.2573635132469325e-07,0.9999290428479465
3267,3.2727850192611736e-07,2.2477392781321142e-07,0.9999292676218743
3268,3.263348773917678e-07,2.241258492143472e-07,0.9999294917477235
3269,3.2550909579618297e-07,2.2355870480472946e-07,0.9999297153064283
3270,3.245688594260611e-07,2.2291295318724973e-07,0.9999299382193815
3271,3.2319844140817125e-07,2.219717540592464e-07,0.9999301601911356
3272,3.230728002017433e-07,2.2188546404234092e-07,0.9999303820765996
3273,3.2179942663510786e-07,2.2101091476256338e-07,0.9999306030875144
3274,3.2130272605408474e-07,2.2066978224121958e-07,0.9999308237572966
3275,3.2053214377374757e-07,2.201405485615392e-07,0.9999310438978452
3276,3.188901442890438e-07,2.1901282806822233e-07,0.9999312629106732
3277,3.1833109777481357e-07,2.1862887654041257e-07,0.9999314815395498
3278,3.174651857093645e-07,2.1803417064024998e-07,0.9999316995737204
3279,3.15887362991149e-07,2.1695052656439719e-07,0.999931916524247
3280,3.153789505249699e-07,2.166013503542284e-07,0.9999321331255973
3281,3.142056651124267e-07,2.157955413289756e-07,0.9999323489211386
3282,3.138357423651772e-07,2.1554147945690834e-07,0.999932564462618
3283,3.133156765615443e-07,2.1518429976830693e-07,0.9999327796469178
3284,3.123464091065138e-07,2.1451860968574263e-07,0.9999329941655275
3285,3.1174126204482634e-07,2.141029964353776e-07,0.9999332082685239
3286,3.1140045586321917e-07,2.1386893173631537e-07,0.9999334221374557
3287,3.1118989685630633e-07,2.1372432041983197e-07,0.9999336358617762
3288,3.0939487553040446e-07,2.124915049689029e-07,0.9999338483532811
3289,3.092304051974059e-07,2.1237854722025988e-07,0.9999340607318283
3290,3.0772413975386095e-07,2.1134404847352785e-07,0.9999342720758768
3291,3.0693716523708066e-07,2.1080355665330576e-07,0.9999344828794334
3292,3.054957387322435e-07,2.098135891020015e-07,0.9999346926930225
3293,3.0479163301219565e-07,2.0933001133151098e-07,0.9999349020230338
3294,3.0367220184953186e-07,2.0856118924919392e-07,0.999935110584223
3295,3.02779026433847e-07,2.0794775895900334e-07,0.999935318531982
3296,3.0185252395908345e-07,2.0731143974110285e-07,0.9999355258434218
3297,3.010580667888678e-07,2.0676580885615994e-07,0.9999357326092306
3298,3.005060307771184e-07,2.063866721211621e-07,0.9999359389959027
3299,3.003525147482539e-07,2.0628123775689104e-07,0.9999361452771405
3300,2.985534521852473e-07,2.0504564679601582e-07,0.9999363503227873
3301,2.9826061175565145e-07,2.0484452483659782e-07,0.9999365551673121
3302,2.973440066870327e-07,2.0421500312858952e-07,0.9999367593823152
3303,2.9689563072551765e-07,2.0390705981604796e-07,0.999936963289375
3304,2.9603793872993343e-07,2.033179994360755e-07,0.9999371666073744
3305,2.9536883504506023e-07,2.0285846096202932e-07,0.9999373694658353
3306,2.941280793316914e-07,2.0200631352946268e-07,0.9999375714721489
3307,2.9383706296171647e-07,2.018064443289126e-07,0.9999377732785932
3308,2.9330584522909535e-07,2.014416055277614e-07,0.9999379747201987
3309,2.9272149619689775e-07,2.0104027630385e-07,0.9999381757604751
3310,2.917373389202806e-07,2.0036435993491866e-07,0.9999383761248349
3311,2.907266485112374e-07,1.9967022068743743e-07,0.9999385757950556
3312,2.9048813088706716e-07,1.9950640747354802e-07,0.9999387753014631
3313,2.8886877291801273e-07,1.983942371076431e-07,0.9999389736957003
3314,2.885385251007094e-07,1.9816742386262352e-07,0.9999391718631242
3315,2.877218365031393e-07,1.9760652449772257e-07,0.9999393694696487
3316,2.8738091061881124e-07,1.9737237758717813e-07,0.9999395668420262
3317,2.857463458325959e-07,1.9624976322326331e-07,0.9999397630917894
3318,2.846985637871255e-07,1.9553014954724585e-07,0.999939958621939
3319,2.8420510436564734e-07,1.9519124304489597e-07,0.999940153813182
3320,2.830813834485433e-07,1.9441947477164605e-07,0.9999403482326568
3321,2.828057063618279e-07,1.9423014054643894e-07,0.9999405424627973
3322,2.8255912085013594e-07,1.940607863307522e-07,0.9999407365235836
3323,2.8184743718145475e-07,1.9357200404707475e-07,0.9999409300955877
3324,2.8038334530313566e-07,1.925664699828682e-07,0.9999411226620577
3325,2.7980318293525826e-07,1.9216801614789355e-07,0.9999413148300739
3326,2.7868808184580966e-07,1.9140216794732724e-07,0.9999415062322418
3327,2.782622342006439e-07,1.9110969701724602e-07,0.9999416973419388
3328,2.770730489313839e-07,1.9029296801642237e-07,0.9999418876349069
3329,2.7639839462395566e-07,1.8982961739087173e-07,0.9999420774645242
3330,2.7617565072241786e-07,1.8967663752402915e-07,0.9999422671411617
3331,2.752211053340209e-07,1.8902105851421566e-07,0.9999424561622202
3332,2.742970337237855e-07,1.8838640880703698e-07,0.999942644548629
3333,2.73437405803654e-07,1.87796018839689e-07,0.9999428323446479
3334,2.73147245160227e-07,1.875967373496551e-07,0.9999430199413852
3335,2.7222297891969227e-07,1.8696195397095018e-07,0.9999432069033392
3336,2.708992738670053e-07,1.860528371722372e-07,0.9999433929561763
3337,2.692199826149645e-07,1.848995048010545e-07,0.9999435778556811
3338,2.687232614364945e-07,1.8455835813344383e-07,0.9999437624140393
3339,2.6843350498333085e-07,1.8435935424011288e-07,0.9999439467733935
3340,2.6791621866206067e-07,1.8400408349195297e-07,0.999944130777477
3341,2.6703403750249945e-07,1.8339820402504513e-07,0.9999443141756811
3342,2.664395442685876e-07,1.8298990779275884e-07,0.9999444971655889
3343,2.659558260072576e-07,1.8265769149100288e-07,0.9999446798232804
3344,2.6562917776501073e-07,1.824333504237131e-07,0.9999448622566308
3345,2.6445287174007847e-07,1.8162546685061466e-07,0.9999450438820977
3346,2.633373919495166e-07,1.8085935855921993e-07,0.9999452247414563
3347,2.6318576021258556e-07,1.8075521832119468e-07,0.9999454054966747
3348,2.622794678165851e-07,1.8013277932689048e-07,0.999945585629454
3349,2.6167284744790715e-07,1.7971615421354889e-07,0.9999457653456082
3350,2.6051621399057177e-07,1.7892178170293363e-07,0.9999459442673899
3351,2.6016351048898846e-07,1.7867954595894868e-07,0.9999461229469359
3352,2.590997111032955e-07,1.7794893162002866e-07,0.9999463008958674
3353,2.576810940791395e-07,1.7697462955403407e-07,0.999946477870497
3354,2.5745698688633935e-07,1.7682071338269857e-07,0.9999466546912104
3355,2.570257656367766e-07,1.7652455187667146e-07,0.9999468312157622
3356,2.5615429181242157e-07,1.7592602617659078e-07,0.9999470071417884
3357,2.558278958399305e-07,1.7570185836743906e-07,0.9999471828436468
3358,2.548583129229363e-07,1.7503595162651122e-07,0.9999473578795984
3359,2.5393202886819437e-07,1.7439978241884935e-07,0.9999475322793808
3360,2.5328594498169834e-07,1.739560538756977e-07,0.9999477062354347
3361,2.5247499359910147e-07,1.7339909481343396e-07,0.9999478796345296
3362,2.523231007979357e-07,1.7329477527724793e-07,0.9999480529293049
3363,2.513185826454584e-07,1.7260487511771055e-07,0.9999482255341801
3364,2.504968892859645e-07,1.7204053849680662e-07,0.9999483975747185
3365,2.4988097886559293e-07,1.7161753300285196e-07,0.9999485691922515
3366,2.487534911762469e-07,1.708431777213292e-07,0.9999487400354292
3367,2.483196764660956e-07,1.7054523503407661e-07,0.9999489105806643
3368,2.4750386242907517e-07,1.6998493631482976e-07,0.9999490805656006
3369,2.474723201451769e-07,1.6996327316554778e-07,0.9999492505288737
3370,2.472204816774839e-07,1.6979031123488423e-07,0.999949420319185
3371,2.4565537688333175e-07,1.68715401792466e-07,0.9999495890345867
3372,2.4472990043567855e-07,1.6807978724701509e-07,0.999949757114374
3373,2.4456639748013674e-07,1.679674938904093e-07,0.9999499250818679
3374,2.440287734572056e-07,1.6759825526761626e-07,0.9999500926801231
3375,2.4323440677281e-07,1.670526865280726e-07,0.9999502597328097
3376,2.4258717562252176e-07,1.6660817004746922e-07,0.9999504263409797
3377,2.4228416180012466e-07,1.664000610313223e-07,0.9999505927410408
3378,2.407179205892013e-07,1.6532437110115495e-07,0.9999507580654119
3379,2.4026363344940414e-07,1.6501236800847923e-07,0.9999509230777799
3380,2.394608394183982e-07,1.6446101139167663e-07,0.9999510875387913
3381,2.389991888664153e-07,1.6414395112882516e-07,0.9999512516827423
3382,2.3828280582838949e-07,1.6365194133188414e-07,0.9999514153346837
3383,2.374656558499011e-07,1.6309072509190397e-07,0.9999515784254088
3384,2.3665597152785828e-07,1.6253463624316124e-07,0.999951740960045
3385,2.36238731022779e-07,1.6224807667197802e-07,0.9999519032081217
3386,2.3462258718160353e-07,1.6113811375979703e-07,0.9999520643462354
3387,2.3413150667332158e-07,1.6080084108814457e-07,0.9999522251470765
3388,2.3355431631841354e-07,1.6040442842307477e-07,0.9999523855515049
3389,2.3296747650123032e-07,1.6000138853524481e-07,0.9999525455528935
3390,2.3268488519281493e-07,1.598073056425874e-07,0.9999527053601991
3391,2.321192516992167e-07,1.5941883019641378e-07,0.9999528647790293
3392,2.308800327913346e-07,1.5856773823740713e-07,0.9999530233467676
3393,2.3006471236231011e-07,1.5800777852670315e-07,0.9999531813545461
3394,2.2981578619344553e-07,1.578368167544453e-07,0.9999533391913629
3395,2.2954846158644952e-07,1.5765321898813316e-07,0.9999534968445819
3396,2.2853885134824234e-07,1.5695982159885553e-07,0.9999536538044035
3397,2.276627801668785e-07,1.563581384472883e-07,0.9999538101625419
3398,2.2750487308275262e-07,1.5624968831897367e-07,0.9999539664122302
3399,2.2682468271677729e-07,1.5578253554443704e-07,0.9999541221947658
3400,2.259953182537589e-07,1.5521293043183655e-07,0.9999542774076962
3401,2.2504378259533334e-07,1.5455941849585574e-07,0.9999544319671146
3402,2.246263934776222e-07,1.542727568579471e-07,0.9999545862398715
3403,2.24124333492982e-07,1.5392794351371194e-07,0.999954740167815
3404,2.232671542149554e-07,1.53339235266674e-07,0.9999548935070504
3405,2.2298134033935967e-07,1.5314293912420486e-07,0.9999550466499895
3406,2.2249053178935167e-07,1.5280585323270777e-07,0.9999551994558427
3407,2.2205322612156062e-07,1.5250551296585283e-07,0.9999553519613557
3408,2.216899003294818e-07,1.5225598186350183e-07,0.9999555042173375
3409,2.2068070822419018e-07,1.5156287164670034e-07,0.9999556557802092
3410,2.201786684161528e-07,1.512180721596976e-07,0.9999558069982813
3411,2.190691961257713e-07,1.50456089802038e-07,0.9999559574543712
3412,2.1836491772953476e-07,1.499723934380409e-07,0.9999561074267646
3413,2.1807298050196597e-07,1.4977189179516076e-07,0.9999562571986563
3414,2.176318395077411e-07,1.4946891743721246e-07,0.9999564066675738
3415,2.1692161572218365e-07,1.4898113779703873e-07,0.9999565556487116
3416,2.168518204988586e-07,1.489332026396818e-07,0.9999567045819142
3417,2.1649707036611615e-07,1.4868956127534072e-07,0.9999568532714755
3418,2.1580868057745675e-07,1.4821677716103795e-07,0.9999570014882527
3419,2.1438428933136414e-07,1.472385093761308e-07,0.9999571487267621
3420,2.1390200419342132e-07,1.4690727733936897e-07,0.9999572956340395
3421,2.1367850616397078e-07,1.4675377953965878e-07,0.999957442387819
3422,2.126256260876586e-07,1.4603066455081546e-07,0.9999575884184836
3423,2.1161166588764257e-07,1.4533427962035852e-07,0.9999577337527632
3424,2.1137007702235882e-07,1.451683570869621e-07,0.9999578789211203
3425,2.1099378705808704e-07,1.4490992222867388e-07,0.9999580238310426
3426,2.092115341115167e-07,1.4368587606371152e-07,0.9999581675169187
3427,2.0872363540124944e-07,1.4335078864172582e-07,0.9999583108677074
3428,2.077083019070187e-07,1.4265346053677722e-07,0.9999584535211679
3429,2.072835040408618e-07,1.4236171059188068e-07,0.9999585958828785
3430,2.0722254147617331e-07,1.4231984167890916e-07,0.9999587382027202
3431,2.0651365103323963e-07,1.4183297777459008e-07,0.999958880035698
3432,2.0546141828576183e-07,1.411103073693165e-07,0.9999590211460053
3433,2.0492027311102566e-07,1.4073865042965577e-07,0.9999591618846557
3434,2.0431315053550924e-07,1.4032168040211114e-07,0.9999593022063361
3435,2.0352041328592143e-07,1.397772307536771e-07,0.9999594419835669
3436,2.0305802576935783e-07,1.3945966434568474e-07,0.9999595814432313
3437,2.0254908170351973e-07,1.3911012303440886e-07,0.9999597205533544
3438,2.019174038149127e-07,1.3867628848890911e-07,0.9999598592296428
3439,2.0115345803332238e-07,1.3815161273735867e-07,0.9999599973812555
3440,2.0079169811936069e-07,1.379031570755661e-07,0.9999601352844126
3441,1.99960654726019e-07,1.3733239887847925e-07,0.9999602726168115
3442,1.996230849076416e-07,1.3710055690431557e-07,0.9999604097173684
3443,1.9936192786223418e-07,1.3692119500145044e-07,0.9999605466385635
3444,1.9885972144221998e-07,1.3657628108582427e-07,0.9999606832148445
3445,1.9788508154291358e-07,1.3590690122408184e-07,0.9999608191217457
3446,1.9692895659551308e-07,1.3525023737771675e-07,0.9999609543719831
3447,1.9667989758837027e-07,1.3507918437251391e-07,0.9999610894511675
3448,1.963361292881748e-07,1.3484308529897913e-07,0.9999612242942527
3449,1.9592329054891046e-07,1.3455954884781665e-07,0.9999613588538016
3450,1.9567551344009245e-07,1.3438937624667282e-07,0.9999614932431778
3451,1.946963320366956e-07,1.337168772930665e-07,0.9999616269600552
3452,1.9427188957677843e-07,1.3342537144014668e-07,0.9999617603854266
3453,1.9390250968049664e-07,1.3317168239655275e-07,0.999961893557109
3454,1.9325872014512145e-07,1.3272952960710987e-07,0.9999620262866386
3455,1.9278254199362678e-07,1.3240249183096392e-07,0.9999621586891304
3456,1.9234350533567656e-07,1.3210096272507804e-07,0.9999622907900931
3457,1.912360011843912e-07,1.3134033207965286e-07,0.9999624221304252
3458,1.9087213699573242e-07,1.3109043120808915e-07,0.9999625532208564
3459,1.9046123025478962e-07,1.3080822164778173e-07,0.9999626840290781
3460,1.8964256539169703e-07,1.3024596498944024e-07,0.9999628142750431
3461,1.8935740554907935e-07,1.3005011803492736e-07,0.9999629443251611
3462,1.888941840735818e-07,1.2973197886635307e-07,0.9999630740571399
3463,1.8803408106644947e-07,1.2914126261062804e-07,0.9999632031984025
3464,1.8773901681610056e-07,1.289386133375537e-07,0.9999633321370158
3465,1.8732039635955243e-07,1.2865110601969594e-07,0.9999634607881218
3466,1.8666871853249488e-07,1.2820353557435833e-07,0.9999635889916574
3467,1.8615634772213985e-07,1.2785164078486697e-07,0.9999637168432982
3468,1.8605178027515857e-07,1.2777982416495135e-07,0.9999638446231224
3469,1.853784693484801e-07,1.273173961694112e-07,0.9999639719405186
3470,1.8424318344961218e-07,1.2653768510016076e-07,0.9999640984782037
3471,1.8406150940708702e-07,1.264129118936111e-07,0.9999642248911156
3472,1.8398325667095747e-07,1.2635916814094038e-07,0.9999643512502837
3473,1.8358303558698582e-07,1.2608429745891104e-07,0.9999644773345812
3474,1.8156855103616234e-07,1.2470075530034347e-07,0.9999646020353364
3475,1.8133481530320573e-07,1.245402262754984e-07,0.9999647265755627
3476,1.810453054556547e-07,1.2434139175018837e-07,0.9999648509169544
3477,1.8052636934918658e-07,1.2398498793432984e-07,0.9999649749019424
3478,1.8037733925020727e-07,1.238826344937194e-07,0.9999650987845768
3479,1.8021318286393112e-07,1.237698923627766e-07,0.9999652225544692
3480,1.7986628120950838e-07,1.2353164131062804e-07,0.9999653460861105
3481,1.7898454266979537e-07,1.229260658337508e-07,0.9999654690121764
3482,1.778891750150228e-07,1.2217377049900146e-07,0.999965591185947
3483,1.7764397030985045e-07,1.2200536461723562e-07,0.9999657131913116
3484,1.7737479239183167e-07,1.2182049400227747e-07,0.9999658350118056
3485,1.7678709420304929e-07,1.2141686458731776e-07,0.9999659564286701
3486,1.7596221357171794e-07,1.2085033895734147e-07,0.9999660772790091
3487,1.7577868782771994e-07,1.2072429400758004e-07,0.9999661980033031
3488,1.7548966904103441e-07,1.205257967414511e-07,0.9999663185290999
3489,1.7484978742662241e-07,1.2008632790081422e-07,0.9999664386154278
3490,1.7427890763243392e-07,1.1969424931058066e-07,0.9999665583096771
3491,1.7361066307300302e-07,1.1923530088140152e-07,0.9999666775449779
3492,1.7303530080268272e-07,1.1884014373953518e-07,0.9999667963851216
3493,1.7300709492130295e-07,1.1882077202184565e-07,0.9999669152058936
3494,1.7252556594404723e-07,1.1849005931405503e-07,0.999967033695953
3495,1.720808537023589e-07,1.1818463223368583e-07,0.9999671518805852
3496,1.7128512624907575e-07,1.1763812892200898e-07,0.9999672695187141
3497,1.711151868851865e-07,1.1752141505878039e-07,0.9999673870401291
3498,1.703622034801077e-07,1.1700426823568737e-07,0.9999675040443974
3499,1.696682803190752e-07,1.1652768381725514e-07,0.9999676205720812
3500,1.6903680613937646e-07,1.1609398917844395e-07,0.9999677366660704
3501,1.683334640215844e-07,1.1561093584777248e-07,0.9999678522770062
3502,1.6830865487410956e-07,1.1559389699709699e-07,0.9999679678709033
3503,1.6693228959740513e-07,1.1464861330895418e-07,0.9999680825195165
3504,1.6679334371525596e-07,1.1455318567927384e-07,0.9999681970727022
3505,1.6652260355910657e-07,1.143672421236895e-07,0.9999683114399444
3506,1.6601844067385516e-07,1.1402098451340141e-07,0.9999684254609289
3507,1.6526581506285067e-07,1.1350408342224302e-07,0.9999685389650124
3508,1.6468496052518828e-07,1.1310515420706353e-07,0.9999686520701666
3509,1.6451036795071115e-07,1.1298524453227192e-07,0.9999687650554111
3510,1.641108759529643e-07,1.1271087458455144e-07,0.9999688777662857
3511,1.6370762226539864e-07,1.1243392111915164e-07,0.9999689902002069
3512,1.6296588710953228e-07,1.1192449956105962e-07,0.9999691021247065
3513,1.6231326291642178e-07,1.1147627915425609e-07,0.9999692136009857
3514,1.6178363936284568e-07,1.1111253523065866e-07,0.999969324713521
3515,1.6097844264504695e-07,1.1055952845552136e-07,0.9999694352730494
3516,1.6078780837367694e-07,1.1042860138973652e-07,0.9999695457016508
3517,1.599383959741588e-07,1.098452274123769e-07,0.9999696555468781
3518,1.5954172500593878e-07,1.0957279493956997e-07,0.9999697651196731
3519,1.5919559494216348e-07,1.093350738136447e-07,0.9999698744547468
3520,1.5861283216648456e-07,1.0893483402611887e-07,0.9999699833895809
3521,1.583678657108183e-07,1.0876659177342419e-07,0.9999700921561726
3522,1.5810771039663695e-07,1.0858791785666561e-07,0.9999702007440905
3523,1.5774277036077364e-07,1.0833727809635588e-07,0.9999703090813686
3524,1.5720381605843808e-07,1.0796712584151837e-07,0.9999704170484944
3525,1.567667222263275e-07,1.0766693106279563e-07,0.9999705247154255
3526,1.5655835468639924e-07,1.0752382483949402e-07,0.9999706322392503
3527,1.5597565284508676e-07,1.071236269015147e-07,0.9999707393628772
3528,1.550810616952218e-07,1.0650922428918705e-07,0.9999708458721015
3529,1.548184695907045e-07,1.0632887679187904e-07,0.9999709522009783
3530,1.542710349151836e-07,1.0595290024128434e-07,0.9999710581538785
3531,1.5400066829065395e-07,1.0576721322613523e-07,0.9999711639210918
3532,1.5321892143697106e-07,1.0523031174979693e-07,0.9999712691514036
3533,1.530508160751491e-07,1.0511485747387962e-07,0.999971374266261
3534,1.5273813408970117e-07,1.0490010839133392e-07,0.9999714791663694
3535,1.5204626377431515e-07,1.044249338613497e-07,0.9999715835913032
3536,1.519030410990663e-07,1.043265689425477e-07,0.9999716879178722
3537,1.5109262986091742e-07,1.037699808499274e-07,0.999971791687853
3538,1.506593151271462e-07,1.0347238154500549e-07,0.9999718951602345
3539,1.4970223796170327e-07,1.0281506371804506e-07,0.9999719979752982
3540,1.4913337782516728e-07,1.0242437222284132e-07,0.9999721003996704
3541,1.4867532423269923e-07,1.0210978234137321e-07,0.9999722025094527
3542,1.483391867159333e-07,1.0187892406781049e-07,0.9999723043883768
3543,1.4823384321182527e-07,1.0180657445410652e-07,0.9999724061949513
3544,1.4734023690737883e-07,1.0119284823076168e-07,0.9999725073877995
3545,1.472778673154249e-07,1.0115001297553689e-07,0.9999726085378124
3546,1.4716137348993784e-07,1.0107000535338447e-07,0.9999727096078178
3547,1.4646746659092738e-07,1.005934321036619e-07,0.99997281020125
3548,1.4618194609783503e-07,1.003973374554469e-07,0.9999729105985874
3549,1.4580256288502896e-07,1.0013677816301875e-07,0.9999730107353656
3550,1.4562402408128278e-07,1.0001415822938754e-07,0.9999731107495238
3551,1.4459692118263509e-07,9.930874693155198e-08,0.9999732100582707
3552,1.4389258564269303e-07,9.882501132142335e-08,0.999973308883282
3553,1.4379716866013592e-07,9.875947921398818e-08,0.9999734076427612
3554,1.4351159298489703e-07,9.856334666683467e-08,0.9999735062061079
3555,1.4288871298693814e-07,9.813555448716651e-08,0.9999736043416624
3556,1.4263063375117854e-07,9.795830641505875e-08,0.9999737022999688
3557,1.4207717895461637e-07,9.757819526275818e-08,0.9999737998781641
3558,1.417077031963401e-07,9.73244403814239e-08,0.9999738972026045
3559,1.415957944834378e-07,9.724758180132307e-08,0.9999739944501863
3560,1.4073931946004542e-07,9.665935723432943e-08,0.9999740911095435
3561,1.4039748474467398e-07,9.642458614125502e-08,0.9999741875341296
3562,1.3989129791342467e-07,9.607693849071391e-08,0.9999742836110681
3563,1.392961715458792e-07,9.566820742408061e-08,0.9999743792792756
3564,1.3894768053034619e-07,9.542886480332194e-08,0.9999744747081404
3565,1.3858949525852154e-07,9.518286419540226e-08,0.9999745698910045
3566,1.3836425242795466e-07,9.50281680713357e-08,0.9999746649191726
3567,1.374427252168603e-07,9.439526585012229e-08,0.9999747593144385
3568,1.3706896618051194e-07,9.413856922580607e-08,0.9999748534530077
3569,1.3690604847237168e-07,9.402667781542166e-08,0.9999749474796855
3570,1.364063244612727e-07,9.368346881105311e-08,0.9999750411631543
3571,1.36238910815326e-07,9.356848960359675e-08,0.9999751347316439
3572,1.3556366484465237e-07,9.310473262544175e-08,0.9999752278363765
3573,1.351142001550053e-07,9.279604157757045e-08,0.9999753206324181
3574,1.3500334255847755e-07,9.27199049011532e-08,0.999975413352323
3575,1.346743607928285e-07,9.249396117674518e-08,0.9999755058462841
3576,1.345463633573734e-07,9.240605290856399e-08,0.9999755982523371
3577,1.335077067649752e-07,9.169270656730284e-08,0.9999756899450436
3578,1.333019212855518e-07,9.155137369568218e-08,0.9999757814964173
3579,1.3299883948794139e-07,9.134321799435549e-08,0.9999758728396353
3580,1.3249880914199297e-07,9.099979860009904e-08,0.9999759638394339
3581,1.319782916832604e-07,9.064230871608252e-08,0.9999760544817426
3582,1.3164651752953361e-07,9.041444718762529e-08,0.9999761448961898
3583,1.3127346032677958e-07,9.01582325805902e-08,0.9999762350544223
3584,1.3068562558934948e-07,8.975450938441449e-08,0.9999763248089317
3585,1.2993429733714756e-07,8.923849931552647e-08,0.9999764140474311
3586,1.298192489521441e-07,8.915948441771436e-08,0.9999765032069156
3587,1.2925354406879992e-07,8.877095994126985e-08,0.9999765919778755
3588,1.2894835197161302e-07,8.85613548923023e-08,0.9999766805392304
3589,1.2858396787682343e-07,8.831109695071283e-08,0.9999767688503274
3590,1.2836079233970643e-07,8.815782063780384e-08,0.999976857008148
3591,1.278891579576456e-07,8.783390350935311e-08,0.9999769448420515
3592,1.270446846674786e-07,8.725392169799955e-08,0.9999770320959731
3593,1.2690895963241613e-07,8.716070613677561e-08,0.9999771192566792
3594,1.2649070319971629e-07,8.687344882944318e-08,0.9999772061301281
3595,1.261094642235966e-07,8.661161500414276e-08,0.9999772927417431
3596,1.2598856003710213e-07,8.652857835881627e-08,0.9999773792703215
3597,1.2563575227333155e-07,8.628627100786289e-08,0.9999774655565925
3598,1.2515937865635004e-07,8.595909898658636e-08,0.9999775515156915
3599,1.2421985045356647e-07,8.531383373638479e-08,0.9999776368295252
3600,1.2418404800930814e-07,8.528924472129857e-08,0.9999777221187699
3601,1.2377526779889228e-07,8.50084956560018e-08,0.9999778071272656
3602,1.2306042819400586e-07,8.451754588447346e-08,0.9999778916448114
3603,1.2297415773777042e-07,8.445829558484134e-08,0.999977976103107
3604,1.223440274400771e-07,8.402552392030159e-08,0.9999780601286309
3605,1.2212944290270234e-07,8.387814788114889e-08,0.9999781440067788
3606,1.2196484205765838e-07,8.376510049721086e-08,0.9999782277718793
3607,1.216747746756835e-07,8.356588305887234e-08,0.9999783113377624
3608,1.2103249434720554e-07,8.312476678835806e-08,0.9999783944625291
3609,1.207421852449435e-07,8.292538333722597e-08,0.9999784773879125
3610,1.2051693195059716e-07,8.277068002666596e-08,0.9999785601585924
3611,1.200330745180723e-07,8.243836814253621e-08,0.9999786425969606
3612,1.197521826794239e-07,8.224545244079565e-08,0.999978724842413
3613,1.1959262832850212e-07,8.213587097441363e-08,0.999978806978284
3614,1.1902443524071531e-07,8.174563760636005e-08,0.9999788887239216
3615,1.1829913222516937e-07,8.124750159467717e-08,0.9999789699714232
3616,1.1784581703767211e-07,8.093616603602766e-08,0.9999790509075892
3617,1.1712522972655619e-07,8.044126875649766e-08,0.999979131348858
3618,1.1682474920040718e-07,8.023489960088126e-08,0.9999792115837576
3619,1.1670050785989139e-07,8.014957100783235e-08,0.9999792917333286
3620,1.1650013413724638e-07,8.001195491510273e-08,0.9999793717452835
3621,1.1622413126097271e-07,7.982239693857e-08,0.9999794515676804
3622,1.15585368301363e-07,7.93836963868134e-08,0.9999795309513768
3623,1.1521299219876221e-07,7.91279495573921e-08,0.9999796100793263
3624,1.1471927231859556e-07,7.878886417276889e-08,0.9999796888681906
3625,1.1447785973736275e-07,7.86230627107484e-08,0.9999797674912533
3626,1.1424058762757848e-07,7.846010491253416e-08,0.9999798459513581
3627,1.1399401961221262e-07,7.829076271327352e-08,0.9999799242421209
3628,1.1390975309447555e-07,7.823288871280166e-08,0.9999800024750096
3629,1.1345152846822804e-07,7.791818136582889e-08,0.999980080393191
3630,1.1318207462307e-07,7.773312124491015e-08,0.9999801581263122
3631,1.1277486630796998e-07,7.745345175276645e-08,0.999980235579764
3632,1.1200840550288852e-07,7.692704869036204e-08,0.9999803125068127
3633,1.1150890171713954e-07,7.658399093612644e-08,0.9999803890908037
3634,1.1101866108106039e-07,7.624729508627182e-08,0.9999804653380987
3635,1.108891848214298e-07,7.615837116592737e-08,0.9999805414964699
3636,1.1049885918282116e-07,7.589029664713092e-08,0.9999806173867665
3637,1.1023693532790947e-07,7.57104081017178e-08,0.9999806930971745
3638,1.0971836959377488e-07,7.535425865650588e-08,0.9999807684514331
3639,1.0943021080325486e-07,7.515635203325412e-08,0.9999808436077852
3640,1.0888510201709884e-07,7.478197289674292e-08,0.9999809183897581
3641,1.0882078289867667e-07,7.473779871238266e-08,0.9999809931275568
3642,1.0801208277356624e-07,7.418238580724433e-08,0.9999810673099426
3643,1.0794737350369321e-07,7.413794366799691e-08,0.9999811414478863
3644,1.0755760348361454e-07,7.387025074639861e-08,0.999981215318137
3645,1.0730600899579201e-07,7.36974563804039e-08,0.9999812890155934
3646,1.0675772351200662e-07,7.332089549715581e-08,0.9999813623364888
3647,1.0664990691282146e-07,7.324684736891126e-08,0.9999814355833362
3648,1.0572559802389344e-07,7.261203469941328e-08,0.9999815081953709
3649,1.0570763276958789e-07,7.259969621475677e-08,0.9999815807950672
3650,1.0504684735880986e-07,7.214587070728188e-08,0.9999816529409379
3651,1.048450810841136e-07,7.200729821383421e-08,0.9999817249482361
3652,1.0447915454603419e-07,7.17559809266579e-08,0.999981796704217
3653,1.0422066301187045e-07,7.157844968919959e-08,0.9999818682826668
3654,1.0402063486445231e-07,7.144107093653552e-08,0.9999819397237377
3655,1.0346273312870798e-07,7.105790563927633e-08,0.9999820107816434
3656,1.030059262565275e-07,7.074417200169309e-08,0.9999820815258154
3657,1.0284938633811047e-07,7.063666083883004e-08,0.9999821521624762
3658,1.0254529886418299e-07,7.042781444191972e-08,0.9999822225902907
3659,1.0221750654436046e-07,7.02026876254625e-08,0.9999822927929783
3660,1.0204002059492173e-07,7.008079078912215e-08,0.9999823628737692
3661,1.0179218286583278e-07,6.99105765541517e-08,0.9999824327843457
3662,1.0125352938884731e-07,6.954063090529389e-08,0.9999825023249767
3663,1.008953917806085e-07,6.9294663032587e-08,0.9999825716196397
3664,1.0046873528576952e-07,6.900163658689145e-08,0.9999826406212763
3665,1.0002656532666864e-07,6.869795553884465e-08,0.9999827093192318
3666,9.984347258746775e-08,6.857220797552455e-08,0.9999827778914399
3667,9.963112783410198e-08,6.842637021354614e-08,0.9999828463178101
3668,9.930513647072444e-08,6.820248028876245e-08,0.9999829145202904
3669,9.909459777082622e-08,6.805788291907793e-08,0.9999829825781733
3670,9.891001212785836e-08,6.793111003377188e-08,0.9999830505092834
3671,9.84222920162739e-08,6.759614527284455e-08,0.9999831181054286
3672,9.813783505163976e-08,6.740078105289626e-08,0.9999831855062097
3673,9.786223942949577e-08,6.7211502777321e-08,0.9999832527177125
3674,9.767763577104726e-08,6.708471751903499e-08,0.99998331980243
3675,9.725084454347054e-08,6.679159853928516e-08,0.9999833865940286
3676,9.700078320844399e-08,6.6619857138193e-08,0.9999834532138858
3677,9.672900154529437e-08,6.643319827861554e-08,0.9999835196470841
3678,9.658949446807636e-08,6.63373852217863e-08,0.9999835859844693
3679,9.605262584242039e-08,6.596866540365534e-08,0.9999836519531348
3680,9.576268963363587e-08,6.576953805468428e-08,0.9999837177226728
3681,9.554046193130019e-08,6.561691271195959e-08,0.9999837833395855
3682,9.510699963519673e-08,6.531921206165503e-08,0.9999838486587975
3683,9.484912841260437e-08,6.514210685238845e-08,0.9999839138009043
3684,9.457970018952284e-08,6.49570643286377e-08,0.9999839787579686
3685,9.425479535632968e-08,6.47339206296397e-08,0.9999840434918893
3686,9.400548761747586e-08,6.456269679621767e-08,0.999984108054586
3687,9.34167893472817e-08,6.415838052823911e-08,0.9999841722129665
3688,9.323449264878786e-08,6.403317968337246e-08,0.9999842362461462
3689,9.28897630346715e-08,6.379642038221934e-08,0.9999843000425666
3690,9.285945510421287e-08,6.377560498330684e-08,0.9999843638181716
3691,9.20087219727351e-08,6.319132393106022e-08,0.9999844270094955
3692,9.186017585961393e-08,6.308930289053624e-08,0.9999844900987984
3693,9.153909776695238e-08,6.286878738585882e-08,0.9999845529675858
3694,9.135750046420734e-08,6.274406688396804e-08,0.9999846157116526
3695,9.121927052147601e-08,6.264913095940758e-08,0.9999846783607836
3696,9.084675341849511e-08,6.239328729133336e-08,0.999984740754071
3697,9.053864921098139e-08,6.218168221342246e-08,0.9999848029357532
3698,9.028848330003195e-08,6.200986898988916e-08,0.9999848649456222
3699,8.974374572245894e-08,6.16357447983583e-08,0.9999849265813671
3700,8.952051507335475e-08,6.148243063469603e-08,0.9999849880637977
3701,8.944357420207234e-08,6.142958786700511e-08,0.9999850494933855
3702,8.912063012000988e-08,6.120779080620826e-08,0.9999851107011763
3703,8.891848067054448e-08,6.106895514943825e-08,0.9999851717701315
3704,8.847337617580307e-08,6.076325867080755e-08,0.9999852325333901
3705,8.832719420890139e-08,6.06628613190641e-08,0.9999852931962514
3706,8.784593032141297e-08,6.033233067415833e-08,0.9999853535285821
3707,8.752201513629354e-08,6.010986666259281e-08,0.9999854136384487
3708,8.72111113969046e-08,5.989633887429329e-08,0.9999854735347876
3709,8.683851740519192e-08,5.964044239926063e-08,0.99998553317523
3710,8.647866834878206e-08,5.9393299108903655e-08,0.999985592568529
3711,8.642608522862338e-08,5.935718517418084e-08,0.9999856519257142
3712,8.594762868804192e-08,5.902858260700491e-08,0.9999857109542968
3713,8.581671665194118e-08,5.8938672599536614e-08,0.9999857698929694
3714,8.54943105292575e-08,5.8717245007683976e-08,0.9999858286102143
3715,8.518454612112191e-08,5.850449970879145e-08,0.999985887114714
3716,8.48539275741756e-08,5.827743184772615e-08,0.9999859453921459
3717,8.473019637837391e-08,5.819245362059026e-08,0.9999860035845995
3718,8.4104024255556e-08,5.7762400419098e-08,0.999986061347
3719,8.384973018664665e-08,5.758775198862681e-08,0.999986118934752
3720,8.365172808867525e-08,5.745176472085835e-08,0.9999861763865167
3721,8.34383550295246e-08,5.7305220721443326e-08,0.9999862336917373
3722,8.324128422222424e-08,5.71698730614121e-08,0.9999862908616104
3723,8.307232968799194e-08,5.705383557634131e-08,0.9999863479154459
3724,8.296950183925287e-08,5.698321370746315e-08,0.9999864048986596
3725,8.260442408179074e-08,5.673247936035798e-08,0.999986461631139
3726,8.207262371517003e-08,5.636724040786233e-08,0.9999865179983795
3727,8.175350902975028e-08,5.6148073365595475e-08,0.9999865741464529
3728,8.147900936720124e-08,5.5959547791897764e-08,0.9999866301060006
3729,8.118539631887105e-08,5.575789520016937e-08,0.9999866858638958
3730,8.08982839369263e-08,5.5560707247298276e-08,0.9999867414246031
3731,8.052932321791999e-08,5.5307306093443826e-08,0.9999867967319092
3732,8.031899111981965e-08,5.5162850617276075e-08,0.9999868518947598
3733,7.980116609176973e-08,5.4807209886859126e-08,0.9999869067019697
3734,7.969967757381804e-08,5.4737507866489044e-08,0.9999869614394775
3735,7.935222240498286e-08,5.449887666224418e-08,0.9999870159383542
3736,7.930593989725708e-08,5.4467089969903116e-08,0.9999870704054441
3737,7.906989693158666e-08,5.43049763443085e-08,0.9999871247104204
3738,7.83500403422099e-08,5.3810580922353886e-08,0.9999871785210013
3739,7.814756935441184e-08,5.36715244339877e-08,0.9999872321925257
3740,7.776881107660643e-08,5.341139434510912e-08,0.99998728560392
3741,7.749364796228913e-08,5.322241311465733e-08,0.9999873388263332
3742,7.735053875011237e-08,5.312412612196484e-08,0.9999873919504593
3743,7.726003633308956e-08,5.3061969323913375e-08,0.9999874450124286
3744,7.681119892055978e-08,5.275370908815059e-08,0.9999874977661377
3745,7.669936565012562e-08,5.26769023217185e-08,0.99998755044304
3746,7.636043544545046e-08,5.244412603818317e-08,0.999987602887166
3747,7.608128840585315e-08,5.225240865938057e-08,0.9999876551395747
3748,7.595093594888627e-08,5.216288296924171e-08,0.9999877073024577
3749,7.577573478283051e-08,5.204255531551547e-08,0.9999877593450129
3750,7.567302383880068e-08,5.1972013736453244e-08,0.9999878113170266
3751,7.492487222093566e-08,5.145818537083303e-08,0.999987862775212
3752,7.482566235466548e-08,5.139004832184224e-08,0.9999879141652603
3753,7.437453740943589e-08,5.10802170152425e-08,0.9999879652454774
3754,7.428538043601365e-08,5.101898426396151e-08,0.9999880162644617
3755,7.400687441996387e-08,5.082770713827591e-08,0.9999880670921688
3756,7.378036248861579e-08,5.067213939946624e-08,0.9999881177643082
3757,7.343464048202598e-08,5.0434698526034834e-08,0.9999881681990067
3758,7.314822082300914e-08,5.023798633326554e-08,0.999988218436993
3759,7.310909520073869e-08,5.021111496913956e-08,0.999988268648108
3760,7.235955456456284e-08,4.9696332629763984e-08,0.9999883183444406
3761,7.226124667679368e-08,4.962881505699691e-08,0.9999883679732556
3762,7.205009651673061e-08,4.948379773824104e-08,0.9999884174570534
3763,7.155011744964513e-08,4.914041356215923e-08,0.9999884665974669
3764,7.150456268382853e-08,4.9109126680854943e-08,0.9999885157065935
3765,7.127650161491057e-08,4.895249499884626e-08,0.9999885646590885
3766,7.107371489794908e-08,4.881322166860451e-08,0.9999886134723102
3767,7.086926058167452e-08,4.8672803035981425e-08,0.9999886621451132
3768,7.067521272428094e-08,4.853953152919624e-08,0.9999887106846447
3769,7.038157644299603e-08,4.8337862981141796e-08,0.9999887590225076
3770,7.028286372673304e-08,4.827006737333694e-08,0.999988807292575
3771,7.000650796307708e-08,4.808026703477149e-08,0.999988855372842
3772,6.944317034744214e-08,4.769336839093762e-08,0.9999889030662104
3773,6.904905532764048e-08,4.7422691336106205e-08,0.9999889504889017
3774,6.883240854634769e-08,4.727389895379976e-08,0.9999889977628006
3775,6.869006231501993e-08,4.71761359741459e-08,0.9999890449389366
3776,6.863122883945982e-08,4.7135729313425076e-08,0.9999890920746659
3777,6.816257957796121e-08,4.681386235713602e-08,0.9999891388885283
3778,6.803219764760065e-08,4.6724316424755686e-08,0.9999891856128447
3779,6.780393187818006e-08,4.6567544155034304e-08,0.9999892321803888
3780,6.751683504776053e-08,4.6370366882905714e-08,0.9999892785507557
3781,6.717122454189148e-08,4.61330025878466e-08,0.9999893246837583
3782,6.701441816644149e-08,4.6025308423064564e-08,0.9999893707090668
3783,6.684575354015617e-08,4.5909470045932613e-08,0.9999894166185368
3784,6.657432965986537e-08,4.5723056910587e-08,0.9999894623415937
3785,6.643044823174278e-08,4.562423956221808e-08,0.9999895079658333
3786,6.621815358045477e-08,4.5478436210201654e-08,0.9999895534442695
3787,6.598407759369654e-08,4.5317673500030496e-08,0.999989598761943
3788,6.574489380161952e-08,4.5153402763950956e-08,0.9999896439153458
3789,6.545254346574388e-08,4.4952617399481423e-08,0.9999896888679632
3790,6.524075848878631e-08,4.480716409031989e-08,0.9999897336751273
3791,6.499904082342456e-08,4.4641153097402716e-08,0.9999897783162804
3792,6.465997115626205e-08,4.440828103143475e-08,0.9999898227245615
3793,6.442461013646859e-08,4.424663576429452e-08,0.9999898669711973
3794,6.413948151241221e-08,4.405081025059917e-08,0.9999899110220075
3795,6.381462463030712e-08,4.382769948426964e-08,0.999989954849707
3796,6.348993355067188e-08,4.36047025905965e-08,0.9999899984544096
3797,6.338699462371851e-08,4.353400443352228e-08,0.999990041988414
3798,6.320370162029568e-08,4.340811932931421e-08,0.9999900853965333
3799,6.301146964938735e-08,4.3276094968111007e-08,0.9999901286726283
3800,6.291112183743432e-08,4.320717638131902e-08,0.9999901718798047
3801,6.252326052753663e-08,4.294079435634825e-08,0.999990214820599
3802,6.223786818657328e-08,4.274478772264451e-08,0.9999902575653867
3803,6.215027673068557e-08,4.268463016427484e-08,0.9999903002500169
3804,6.209643388072184e-08,4.2647651050768214e-08,0.999990342897668
3805,6.199304840595783e-08,4.257664620595019e-08,0.9999903854743142
3806,6.157854448546615e-08,4.229196611314066e-08,0.9999904277662803
3807,6.120953080855452e-08,4.2038528587950125e-08,0.9999904698048089
3808,6.099495513413225e-08,4.189115863584753e-08,0.9999905116959675
3809,6.071577762513002e-08,4.1699420330745815e-08,0.9999905533953879
3810,6.051709400314464e-08,4.1562964994257234e-08,0.9999905949583529
3811,6.018610323726319e-08,4.1335641494304666e-08,0.9999906362939943
3812,5.993276512050487e-08,4.11616496090038e-08,0.999990677455644
3813,5.982068660097996e-08,4.1084674406206054e-08,0.9999907185403184
3814,5.9467151355639373e-08,4.084186742301609e-08,0.9999907593821858
3815,5.9327617154461025e-08,4.074603573752941e-08,0.9999908001282216
3816,5.895876341675708e-08,4.049270805812376e-08,0.9999908406209297
3817,5.871498995896026e-08,4.032528515291269e-08,0.9999908809462148
3818,5.861876024738956e-08,4.025919486554342e-08,0.9999909212054097
3819,5.8610494815863106e-08,4.02535181910954e-08,0.9999909614589279
3820,5.849642751513989e-08,4.01751770991272e-08,0.9999910016341049
3821,5.816500789933536e-08,3.9947559066288775e-08,0.999991041581664
3822,5.8022223383645306e-08,3.984949507420351e-08,0.999991081431159
3823,5.783489191328257e-08,3.9720836362590475e-08,0.9999911211519954
3824,5.769746749468189e-08,3.9626453669671364e-08,0.9999911607784491
3825,5.748575242763399e-08,3.948104837443343e-08,0.9999912002594974
3826,5.729131313617692e-08,3.934750803186645e-08,0.9999912396070054
3827,5.683592521043977e-08,3.903474892259334e-08,0.9999912786417543
3828,5.667058557062573e-08,3.8921194136545666e-08,0.9999913175629485
3829,5.649700991956066e-08,3.880198288180997e-08,0.9999913563649313
3830,5.6334790661009246e-08,3.8690571164581504e-08,0.9999913950555025
3831,5.632602467097508e-08,3.868455070799925e-08,0.9999914337400532
3832,5.604624355395869e-08,3.8492397846660566e-08,0.999991472232451
3833,5.585300266796553e-08,3.8359680565497405e-08,0.9999915105921315
3834,5.5581495045726824e-08,3.817320991642435e-08,0.9999915487653415
3835,5.524766384127932e-08,3.794393561148629e-08,0.9999915867092771
3836,5.516646842973561e-08,3.788817083785869e-08,0.999991624597448
3837,5.465052377585325e-08,3.753382154297727e-08,0.9999916621312694
3838,5.4619084563929325e-08,3.751222918322891e-08,0.9999916996434987
3839,5.431618709548117e-08,3.730420007863731e-08,0.9999917369476987
3840,5.397349036679278e-08,3.706883695731193e-08,0.9999917740165357
3841,5.389979416224039e-08,3.701822261733947e-08,0.9999918110347583
3842,5.37824923523736e-08,3.693766007385376e-08,0.9999918479724184
3843,5.359832805445081e-08,3.6811176567105096e-08,0.9999918847835949
3844,5.3214367123617084e-08,3.6547473311185775e-08,0.9999919213310682
3845,5.300026221926625e-08,3.640042668260559e-08,0.9999919577314949
3846,5.2781938454599005e-08,3.6250482552971614e-08,0.9999919939819774
3847,5.2546858483006855e-08,3.6089030308922554e-08,0.9999920300710077
3848,5.2478482338084654e-08,3.6042069770505166e-08,0.9999920661130774
3849,5.235113334164143e-08,3.5954606848360413e-08,0.9999921020676843
3850,5.216337053352344e-08,3.5825651895225586e-08,0.9999921378933362
3851,5.198724457185069e-08,3.5704689094546424e-08,0.9999921735980253
3852,5.1801301397018446e-08,3.5576983860285307e-08,0.9999922091750092
3853,5.16944609027754e-08,3.550360611808965e-08,0.9999922446786154
3854,5.1526231313176647e-08,3.538806652289482e-08,0.9999922800666818
3855,5.135495804849589e-08,3.52704365404636e-08,0.9999923153371184
3856,5.104023859634782e-08,3.50542881316857e-08,0.9999923503914065
3857,5.087443575979011e-08,3.49404152234552e-08,0.9999923853318218
3858,5.057436974404041e-08,3.473433075238125e-08,0.9999924200661525
3859,5.043266663705139e-08,3.46370094686617e-08,0.999992454703162
3860,5.024919656292908e-08,3.451100275280977e-08,0.9999924892141647
3861,4.990221086366943e-08,3.427269397891049e-08,0.9999925234868587
3862,4.969766418179511e-08,3.4132211909860844e-08,0.9999925576190707
3863,4.963709944838138e-08,3.4090616226257284e-08,0.9999925917096869
3864,4.941682409409655e-08,3.3939331750522834e-08,0.9999926256490187
3865,4.930721202355325e-08,3.386405049774651e-08,0.9999926595130691
3866,4.906793099263875e-08,3.369971297831486e-08,0.9999926932127822
3867,4.885745544004631e-08,3.355515897801716e-08,0.9999927267679412
3868,4.879989537078888e-08,3.351562688905913e-08,0.9999927602835681
3869,4.840810410971374e-08,3.3246545784994954e-08,0.9999927935301138
3870,4.835001227732754e-08,3.320664848265927e-08,0.9999928267367623
3871,4.7956156487285355e-08,3.293614946607632e-08,0.9999928596729117
3872,4.7902521334301185e-08,3.289931299825407e-08,0.9999928925722248
3873,4.7651409202014693e-08,3.272684991264533e-08,0.9999929252990747
3874,4.7416494320991326e-08,3.2565511052321055e-08,0.9999929578645858
3875,4.710022278795228e-08,3.234829667887975e-08,0.9999929902128825
3876,4.6973523525286335e-08,3.2261279992012575e-08,0.9999930224741624
3877,4.689521953410715e-08,3.22075010375221e-08,0.9999930546816634
3878,4.677155183443958e-08,3.2122566419347334e-08,0.9999930868042298
3879,4.670791853095162e-08,3.207886325069879e-08,0.9999931188830931
3880,4.6339869474299644e-08,3.182608822391048e-08,0.9999931507091813
3881,4.6204503023037655e-08,3.173311893700278e-08,0.9999931824423002
3882,4.5961476920353896e-08,3.1566209313120125e-08,0.9999932140085095
3883,4.584747233936124e-08,3.1487911296881334e-08,0.9999932454964208
3884,4.547384916069955e-08,3.1231307979231085e-08,0.9999932767277288
3885,4.537688152569739e-08,3.116471088818502e-08,0.9999933078924397
3886,4.51957417428748e-08,3.104030460965268e-08,0.9999933389327443
3887,4.5063045275095836e-08,3.094916905967284e-08,0.9999933698819133
3888,4.5005387461510036e-08,3.090956984019301e-08,0.9999934007914831
3889,4.4789444736576953e-08,3.076126100175652e-08,0.9999934315527441
3890,4.458352144024929e-08,3.061983347788493e-08,0.9999934621725776
3891,4.440512792529972e-08,3.04973133281787e-08,0.9999934926698909
3892,4.4213076240061966e-08,3.0365412786652204e-08,0.9999935230353036
3893,4.4065625879723206e-08,3.026414430596752e-08,0.999993553299448
3894,4.394494148309651e-08,3.018125861168604e-08,0.9999935834807065
3895,4.377305612581101e-08,3.006320824582559e-08,0.9999936135439148
3896,4.358711485426003e-08,2.9935504318732534e-08,0.9999936434794191
3897,4.3443602137451564e-08,2.983694020022692e-08,0.9999936733163594
3898,4.3073820806384234e-08,2.9582975452384226e-08,0.9999937028993348
3899,4.293268814062362e-08,2.948604594604921e-08,0.9999937323853807
3900,4.266547226900964e-08,2.930252285888272e-08,0.9999937616879035
3901,4.260376554809407e-08,2.9260142861568394e-08,0.9999937909480464
3902,4.251393827808358e-08,2.9198449752530777e-08,0.9999938201464962
3903,4.2325714300201876e-08,2.906917806933709e-08,0.9999938492156742
3904,4.2089810472932046e-08,2.8907160003593253e-08,0.9999938781228342
3905,4.20183034835752e-08,2.8858049210280394e-08,0.9999939069808834
3906,4.19655960089664e-08,2.8821849869281184e-08,0.9999939358027333
3907,4.1820844215504205e-08,2.8722434756516307e-08,0.9999939645251681
3908,4.178980871916235e-08,2.8701119667461157e-08,0.9999939932262878
3909,4.148466097546141e-08,2.849154508033938e-08,0.9999940217178329
3910,4.1196364053890205e-08,2.82935435890815e-08,0.9999940500113765
3911,4.110985902179304e-08,2.8234132183426516e-08,0.9999940782455087
3912,4.092991536393429e-08,2.8110547400057156e-08,0.9999941063560561
3913,4.079119629025944e-08,2.8015275541780482e-08,0.9999941343713317
3914,4.054964550818835e-08,2.784937916382429e-08,0.9999941622207108
3915,4.039377707370401e-08,2.7742329174182595e-08,0.99999418996304
3916,4.036979012166085e-08,2.772585500494973e-08,0.9999942176888951
3917,4.02093498723772e-08,2.7615665106137013e-08,0.9999942453045602
3918,3.998600637940295e-08,2.746227344163142e-08,0.9999942727668336
3919,3.991378010379686e-08,2.7412668644604555e-08,0.9999943001795023
3920,3.963120209029095e-08,2.7218594882852505e-08,0.9999943273980972
3921,3.946943406901951e-08,2.7107493074081813e-08,0.9999943545055903
3922,3.9423346139459865e-08,2.707584001746205e-08,0.9999943815814303
3923,3.92242214956192e-08,2.6939081788439794e-08,0.999994408520512
3924,3.913296282314125e-08,2.6876405596330728e-08,0.9999944353969176
3925,3.894198686860218e-08,2.6745243863534374e-08,0.9999944621421615
3926,3.8720323300015105e-08,2.659300596623534e-08,0.9999944887351675
3927,3.856370419443237e-08,2.6485440417856087e-08,0.9999945152206079
3928,3.8522802363350006e-08,2.645734915865932e-08,0.9999945416779571
3929,3.831227894767884e-08,2.631276228613769e-08,0.9999945679907194
3930,3.8144920886582354e-08,2.6197821254195567e-08,0.9999945941885406
3931,3.795071661254003e-08,2.606444232090877e-08,0.9999946202529829
3932,3.788218440765172e-08,2.601737460095837e-08,0.9999946462703575
3933,3.759038162548987e-08,2.5816965294794568e-08,0.9999946720873228
3934,3.743895717130294e-08,2.5712967417958005e-08,0.9999946978002903
3935,3.710090874285707e-08,2.5480796735784645e-08,0.999994723281087
3936,3.706280963324502e-08,2.54546303775812e-08,0.9999947487357174
3937,3.69074640436333e-08,2.5347939476284635e-08,0.9999947740836569
3938,3.6763236293457316e-08,2.5248884274931882e-08,0.9999947993325412
3939,3.667741474869663e-08,2.5189942286401236e-08,0.9999948245224834
3940,3.643295109802063e-08,2.5022045358718508e-08,0.9999948495445288
3941,3.6327350097042676e-08,2.49495188969096e-08,0.9999948744940477
3942,3.618775854992627e-08,2.4853647826398644e-08,0.9999948993476955
3943,3.613851661789389e-08,2.4819828610009883e-08,0.9999949241675241
3944,3.599187114129613e-08,2.471911292114878e-08,0.999994948886637
3945,3.573578059281468e-08,2.4543230673707395e-08,0.9999949734298677
3946,3.55863794331751e-08,2.444062238970951e-08,0.9999949978704901
3947,3.553123586871276e-08,2.4402749949250166e-08,0.99999502227324
3948,3.538223294150023e-08,2.430041517013049e-08,0.9999950465736551
3949,3.528452348144262e-08,2.423330859578356e-08,0.9999950708069637
3950,3.5054641626108973e-08,2.4075426402934862e-08,0.9999950948823901
3951,3.4982871238211524e-08,2.4026134708266725e-08,0.9999951189085249
3952,3.468479546107503e-08,2.3821417127311563e-08,0.999995142729942
3953,3.459203353104201e-08,2.375770850226486e-08,0.9999951664876505
3954,3.4375981282260515e-08,2.3609324443166302e-08,0.999995190096975
3955,3.426264239460359e-08,2.3531483623183635e-08,0.9999952136284587
3956,3.412721083162947e-08,2.3438469617740505e-08,0.9999952370669283
3957,3.38303998647777e-08,2.323462070482789e-08,0.999995260301549
3958,3.3755023804951534e-08,2.3182852645115747e-08,0.9999952834844016
3959,3.3622689255311526e-08,2.309196565946616e-08,0.9999953065763673
3960,3.3466256694490174e-08,2.298452822948907e-08,0.9999953295608955
3961,3.3369743230232384e-08,2.291824306159564e-08,0.9999953524791386
3962,3.3253428526900714e-08,2.2838358460021076e-08,0.999995375317497
3963,3.3212674118930496e-08,2.2810368450591017e-08,0.9999953981278655
3964,3.2952696642499795e-08,2.2631816672284824e-08,0.9999954207596822
3965,3.286848330116361e-08,2.2573979193211167e-08,0.9999954433336614
3966,3.283758103222808e-08,2.2552755604353056e-08,0.999995465886417
3967,3.2707903599985475e-08,2.246369351924096e-08,0.9999954883501105
3968,3.256864382836094e-08,2.23680503111775e-08,0.9999955107181608
3969,3.242658645136444e-08,2.2270485715842257e-08,0.9999955329886465
3970,3.232236073127267e-08,2.2198903792965224e-08,0.9999955551875503
3971,3.220710554101401e-08,2.2119746861902433e-08,0.9999955773072972
3972,3.198364661161258e-08,2.1966275915992783e-08,0.9999955992735731
3973,3.179190726014279e-08,2.183458988439407e-08,0.999995621108163
3974,3.1706303321682024e-08,2.1775797347240343e-08,0.9999956428839604
3975,3.1628335304696294e-08,2.1722249138853453e-08,0.9999956646062095
3976,3.159615360511946e-08,2.1700146840734208e-08,0.9999956863063563
3977,3.142974522981588e-08,2.1585858050245783e-08,0.9999957078922144
3978,3.117327896890325e-08,2.1409717764594162e-08,0.9999957293019321
3979,3.1115793461252006e-08,2.137023688433145e-08,0.9999957506721691
3980,3.093269975972864e-08,2.1244488660091054e-08,0.9999957719166577
3981,3.0824514555672126e-08,2.117018737508778e-08,0.999995793086845
3982,3.0609558480206713e-08,2.102255616464982e-08,0.9999958141094012
3983,3.0512694737944896e-08,2.0956030426837106e-08,0.9999958350654317
3984,3.032614307596836e-08,2.0827907285366558e-08,0.999995855893339
3985,3.0219002081940255e-08,2.0754323160788326e-08,0.9999958766476621
3986,3.001430474384508e-08,2.0613737621482272e-08,0.9999958972613997
3987,2.9956700254072024e-08,2.0574175024642686e-08,0.9999959178355747
3988,2.989027237026957e-08,2.0528552546323083e-08,0.9999959383641273
3989,2.9788536881934646e-08,2.0458680907408654e-08,0.9999959588228081
3990,2.9738063231843242e-08,2.042401575062217e-08,0.9999959792468238
3991,2.9432745116755595e-08,2.0214324152925147e-08,0.9999959994611479
3992,2.9416776409621622e-08,2.0203356891087055e-08,0.9999960196645048
3993,2.9210141488111325e-08,2.006144062509984e-08,0.9999960397259454
3994,2.9110319689897043e-08,1.9992883303021082e-08,0.9999960597188288
3995,2.905914536777615e-08,1.9957736926712845e-08,0.9999960796765657
3996,2.9000042396372365e-08,1.9917145177026642e-08,0.9999960995937108
3997,2.8834511817754743e-08,1.980345925476134e-08,0.99999611939717
3998,2.8640739265309845e-08,1.9670376826618035e-08,0.9999961390675468
3999,2.850490735278873e-08,1.957708786226484e-08,0.9999961586446346
4000,2.842447270664804e-08,1.9521845580113997e-08,0.9999961781664802
4001,2.8276671496279406e-08,1.9420336136644337e-08,0.9999961975868163
4002,2.809294158865247e-08,1.929415096789351e-08,0.9999962168809673
4003,2.799559829013506e-08,1.9227295872232534e-08,0.9999962361082632
4004,2.791751835127322e-08,1.9173670796225086e-08,0.9999962552819339
4005,2.781199724166179e-08,1.910119920357546e-08,0.9999962743831331
4006,2.7727461648108714e-08,1.9043140402612004e-08,0.9999962934262735
4007,2.7631412068189306e-08,1.8977173829139456e-08,0.9999963124034473
4008,2.7382430528824283e-08,1.8806174028582163e-08,0.9999963312096214
4009,2.7328035423804408e-08,1.8768815627901482e-08,0.999996349978437
4010,2.722655500351842e-08,1.8699119168984766e-08,0.9999963686775561
4011,2.7038535145850182e-08,1.8569987674962862e-08,0.9999963872475438
4012,2.6941422134176582e-08,1.8503290739639645e-08,0.9999964057508346
4013,2.6810686455839628e-08,1.8413501854173053e-08,0.9999964241643364
4014,2.6637619595343355e-08,1.829464003532731e-08,0.9999964424589765
4015,2.6501181988402136e-08,1.8200935081799578e-08,0.9999964606599115
4016,2.6361657695979816e-08,1.8105110201617854e-08,0.9999964787650217
4017,2.629908579099655e-08,1.8062135998390115e-08,0.9999964968271577
4018,2.6125634941990596e-08,1.794301045734738e-08,0.9999965147701682
4019,2.600893012047113e-08,1.7862857923730636e-08,0.9999965326330261
4020,2.5934634312746e-08,1.7811831778034692e-08,0.9999965504448579
4021,2.5853254278226667e-08,1.7755940205881828e-08,0.9999965682007981
4022,2.5684342874278864e-08,1.7639932342565577e-08,0.9999965858407304
4023,2.5616489034865504e-08,1.759333052205984e-08,0.9999966034340609
4024,2.546994343067214e-08,1.7492683425276993e-08,0.9999966209267444
4025,2.5388195910217993e-08,1.7436539464847788e-08,0.9999966383632838
4026,2.52987998171687e-08,1.7375142486899076e-08,0.9999966557384262
4027,2.5027677525568466e-08,1.7188936481793186e-08,0.9999966729273627
4028,2.497096680903644e-08,1.714998772582851e-08,0.9999966900773505
4029,2.4900676348562123e-08,1.7101712441030922e-08,0.999996707179063
4030,2.474139462484441e-08,1.699231821422353e-08,0.9999967241713812
4031,2.4628516372366384e-08,1.691479375714842e-08,0.999996741086175
4032,2.4534382359595376e-08,1.6850142789648772e-08,0.9999967579363178
4033,2.4501887901559602e-08,1.6827825689925214e-08,0.9999967747641435
4034,2.437114670109587e-08,1.6738033011877934e-08,0.9999967915021765
4035,2.4325005046363287e-08,1.6706343056964902e-08,0.9999968082085195
4036,2.413539279338723e-08,1.6576117910454784e-08,0.9999968247846375
4037,2.411408019667241e-08,1.656148048072049e-08,0.999996841346118
4038,2.3965745924348122e-08,1.6459604931842633e-08,0.9999968578057229
4039,2.3855700097569225e-08,1.6384025776539214e-08,0.9999968741897487
4040,2.376100433667403e-08,1.6318989002053858e-08,0.9999968905087377
4041,2.3693655080936787e-08,1.6272733728156357e-08,0.9999969067814715
4042,2.3491438110305887e-08,1.6133851698045327e-08,0.9999969229153232
4043,2.3468767409955567e-08,1.6118281526665207e-08,0.9999969390336046
4044,2.3294708106511433e-08,1.5998738100875505e-08,0.9999969550323428
4045,2.322044478315386e-08,1.5947734265349174e-08,0.999996970980077
4046,2.3133981636426276e-08,1.588835162644478e-08,0.9999969868684286
4047,2.2980676482250898e-08,1.5783062090299846e-08,0.9999970026514907
4048,2.2949389700831607e-08,1.576157441938086e-08,0.9999970184130651
4049,2.280770782470024e-08,1.5664267716952903e-08,0.9999970340773329
4050,2.271351814377869e-08,1.5599578516728597e-08,0.9999970496769114
4051,2.2618750663469015e-08,1.553449248555697e-08,0.9999970652114039
4052,2.2554084045832776e-08,1.5490079639742323e-08,0.9999970807014835
4053,2.2449662633099428e-08,1.5418363315725485e-08,0.9999970961198469
4054,2.23204537808945e-08,1.532962305002696e-08,0.9999971114494699
4055,2.2262066235219993e-08,1.5289522652660822e-08,0.9999971267389925
4056,2.216376541210452e-08,1.5222009931877457e-08,0.9999971419610025
4057,2.2115508025658034e-08,1.5188866898547312e-08,0.9999971571498695
4058,2.2013192987819092e-08,1.5118597226711037e-08,0.9999971722684667
4059,2.182049768226931e-08,1.4986254648617197e-08,0.9999971872547214
4060,2.1768334021234587e-08,1.495042879720659e-08,0.9999972022051502
4061,2.170994067682822e-08,1.491032441728819e-08,0.9999972171154746
4062,2.1545452420697383e-08,1.4797354359089808e-08,0.999997231912829
4063,2.141765715482364e-08,1.4709584940391908e-08,0.999997246622414
4064,2.1393049462789875e-08,1.4692684448730234e-08,0.9999972613150984
4065,2.125329933368869e-08,1.4596704464571153e-08,0.9999972759118029
4066,2.118745648628503e-08,1.4551483787556847e-08,0.9999972904632867
4067,2.1092193962727043e-08,1.4486057762115186e-08,0.9999973049493445
4068,2.097420181022397e-08,1.4405021093305089e-08,0.9999973193543655
4069,2.0898583135348626e-08,1.4353086406279425e-08,0.9999973337074519
4070,2.08102692207444e-08,1.4292432665354414e-08,0.9999973479998846
4071,2.0743405978925165e-08,1.424651118440903e-08,0.9999973622463958
4072,2.061959807211401e-08,1.416148027237388e-08,0.9999973764078761
4073,2.0586362459846973e-08,1.4138654150069564e-08,0.9999973905465303
4074,2.0547760727461286e-08,1.4112142592000027e-08,0.9999974046586728
4075,2.050006786118563e-08,1.4079387269489202e-08,0.9999974187380601
4076,2.0428755114701997e-08,1.4030409881619429e-08,0.99999743276847
4077,2.0279667817132416e-08,1.3928017157182744e-08,0.9999974466964872
4078,2.0188709504003496e-08,1.3865547251005202e-08,0.9999974605620344
4079,2.01037859968353e-08,1.38072220320937e-08,0.9999974743692565
4080,1.9955910851616555e-08,1.3705661810382988e-08,0.9999974880749183
4081,1.9919823695762924e-08,1.3680877256197209e-08,0.9999975017557955
4082,1.9775946276370155e-08,1.3582062661012336e-08,0.9999975153378582
4083,1.971011619309375e-08,1.3536850750363683e-08,0.9999975288747089
4084,1.965234500761452e-08,1.34971736673956e-08,0.9999975423718827
4085,1.9562323626573747e-08,1.3435347243464242e-08,0.9999975558072299
4086,1.9447027756125547e-08,1.3356162373365029e-08,0.9999975691633923
4087,1.9356474227542e-08,1.3293970472041597e-08,0.9999975824573628
4088,1.9249201730520624e-08,1.322029603158822e-08,0.9999975956776589
4089,1.9244827843759872e-08,1.3217292058821178e-08,0.9999976088949509
4090,1.914298222659424e-08,1.314734478374459e-08,0.9999976220422957
4091,1.9058620402537205e-08,1.308940532716804e-08,0.999997635131701
4092,1.9003607688621385e-08,1.3051622754485294e-08,0.9999976481833238
4093,1.8975335983062786e-08,1.3032205828940275e-08,0.9999976612155297
4094,1.8891849937650067e-08,1.2974867854601694e-08,0.9999976741903975
4095,1.8844653927023516e-08,1.2942453771112524e-08,0.9999976871328513
4096,1.8626605152330248e-08,1.2792698503796712e-08,0.9999976999255498
4097,1.8595283713045957e-08,1.277118702995636e-08,0.9999977126967368
4098,1.8501107867733125e-08,1.2706507331988073e-08,0.999997725403244
4099,1.8405806580360715e-08,1.2641054683670867e-08,0.9999977380442987
4100,1.83341659483345e-08,1.2591852104959516e-08,0.9999977506361508
4101,1.825012519580703e-08,1.2534133159380126e-08,0.999997763170284
4102,1.823825378980472e-08,1.2525979912099599e-08,0.9999977756962639
4103,1.8127281338605194e-08,1.2449764353826209e-08,0.9999977881460282
4104,1.8026563416226107e-08,1.2380591576264902e-08,0.9999978005266198
4105,1.7997885929691213e-08,1.2360895961519898e-08,0.9999978128875158
4106,1.7918715987316302e-08,1.2306522274254697e-08,0.999997825194038
4107,1.777879101710528e-08,1.2210422209727457e-08,0.9999978374044602
4108,1.7706734863016706e-08,1.2160934251666409e-08,0.9999978495653945
4109,1.7663179201566824e-08,1.213102034945476e-08,0.9999978616964148
4110,1.7578216865259792e-08,1.2072668462803098e-08,0.9999978737690832
4111,1.7496863882707272e-08,1.2016795469862738e-08,0.9999978857858787
4112,1.7429649984783174e-08,1.197063315931951e-08,0.9999978977565118
4113,1.734037152869279e-08,1.1909316974093677e-08,0.9999979096658288
4114,1.7237969888587955e-08,1.1838987824071856e-08,0.9999979215048166
4115,1.711628192549573e-08,1.1755412883246677e-08,0.9999979332602295
4116,1.7042695961296538e-08,1.17048742560297e-08,0.9999979449651037
4117,1.701396999416194e-08,1.1685145344949148e-08,0.999997956650249
4118,1.6905089881962392e-08,1.1610366799044657e-08,0.9999979682606158
4119,1.688608735844881e-08,1.159731592089845e-08,0.9999979798579317
4120,1.6835565031335107e-08,1.1562617332873945e-08,0.999997991420549
4121,1.677926376558954e-08,1.1523949786524252e-08,0.9999980029444988
4122,1.6704202398221416e-08,1.1472397856681416e-08,0.9999980144168966
4123,1.66493156379522e-08,1.1434701788598585e-08,0.9999980258515984
4124,1.657493189655107e-08,1.1383615250308489e-08,0.9999980372352136
4125,1.6441262024999015e-08,1.1291811169434807e-08,0.9999980485270248
4126,1.639072937218548e-08,1.1257105489749546e-08,0.9999980597841303
4127,1.633049378954512e-08,1.1215735865944413e-08,0.9999980709998662
4128,1.623736371584036e-08,1.1151774400889557e-08,0.9999980821516405
4129,1.6056507508627067e-08,1.1027562881264878e-08,0.9999980931792034
4130,1.6034620769564914e-08,1.1012531132228292e-08,0.9999981041917345
4131,1.5971571107022253e-08,1.0969228806491631e-08,0.9999981151609634
4132,1.587344164045063e-08,1.0901833772886585e-08,0.9999981260627971
4133,1.5852896064522218e-08,1.088772313080825e-08,0.9999981369505203
4134,1.5772705203166256e-08,1.0832648279341919e-08,0.9999981477831686
4135,1.5688822213032325e-08,1.0775037684517769e-08,0.9999981585582063
4136,1.5562144373521003e-08,1.0688035711011181e-08,0.999998169246242
4137,1.5554225080973892e-08,1.0682596763812267e-08,0.9999981799288388
4138,1.5484402924483073e-08,1.0634643108835036e-08,0.9999981905634818
4139,1.5347869561197164e-08,1.0540872390126937e-08,0.9999982011043542
4140,1.533378787810646e-08,1.0531201130939759e-08,0.9999982116355554
4141,1.524075662988518e-08,1.046730753894091e-08,0.9999982221028629
4142,1.5161578511636095e-08,1.0412928236508988e-08,0.9999982325157911
4143,1.5139714351801423e-08,1.0397911994820483e-08,0.9999982429137031
4144,1.5065012205973048e-08,1.0346606777291376e-08,0.9999982532603099
4145,1.505557550138118e-08,1.0340125675892282e-08,0.9999982636004355
4146,1.4961565118164083e-08,1.0275559616812414e-08,0.9999982738759952
4147,1.4853269382596963e-08,1.0201182419087591e-08,0.9999982840771776
4148,1.4756847232620003e-08,1.0134959965577926e-08,0.9999982942121376
4149,1.4735468514248168e-08,1.0120277123680981e-08,0.9999983043324148
4150,1.4698132241469836e-08,1.0094634679606894e-08,0.9999983144270495
4151,1.4624265837681987e-08,1.0043903447292162e-08,0.9999983244709529
4152,1.459847766183965e-08,1.002619220276768e-08,0.9999983344971451
4153,1.4539499530617022e-08,9.985686192956544e-09,0.9999983444828313
4154,1.4436462080669004e-08,9.914920370574781e-09,0.9999983543977516
4155,1.4373264181743274e-08,9.871516236519298e-09,0.9999983642692679
4156,1.4256369508399472e-08,9.79123331321913e-09,0.9999983740605012
4157,1.4238862854868465e-08,9.779209794247151e-09,0.999998383839711
4158,1.4131085647906746e-08,9.705188720467633e-09,0.9999983935448997
4159,1.3986480532367605e-08,9.605874345675752e-09,0.999998403150774
4160,1.3975754548909719e-08,9.5985077712833e-09,0.9999984127492818
4161,1.3936057677537722e-08,9.571244074927853e-09,0.9999984223205258
4162,1.3881310842963316e-08,9.533644107407202e-09,0.9999984318541699
4163,1.3870150741931962e-08,9.525979382321849e-09,0.9999984413801493
4164,1.3769133386491152e-08,9.45660095500046e-09,0.9999984508367502
4165,1.3727546323831897e-08,9.428039080740095e-09,0.9999984602647893
4166,1.3643380231076073e-08,9.37023405185467e-09,0.9999984696350234
4167,1.3558264379359894e-08,9.311776731264358e-09,0.9999984789468
4168,1.3493735006728413e-08,9.267458144921722e-09,0.9999984882142582
4169,1.3421973943886085e-08,9.218172854674452e-09,0.9999984974324311
4170,1.3334196682612199e-08,9.157887685703372e-09,0.9999985065903187
4171,1.3310232465914062e-08,9.141429131039665e-09,0.9999985157317479
4172,1.3260203585483225e-08,9.10706944076867e-09,0.9999985248388173
4173,1.3161875923416438e-08,9.039538287071225e-09,0.9999985338783557
4174,1.309554627066726e-08,8.99398327355468e-09,0.9999985428723389
4175,1.3060453970285987e-08,8.969881983227701e-09,0.9999985518422209
4176,1.3025714966426414e-08,8.946023335929209e-09,0.9999985607882442
4177,1.2952712971836556e-08,8.895885777349618e-09,0.99999856968413
4178,1.2937538687426716e-08,8.885464122739e-09,0.9999985785695942
4179,1.2868023884997287e-08,8.837721557641494e-09,0.9999985874073157
4180,1.2772853788351392e-08,8.772359010735527e-09,0.9999985961796748
4181,1.2754348733573211e-08,8.759649792676867e-09,0.9999986049393246
4182,1.2674914233596717e-08,8.705094408016662e-09,0.999998613644419
4183,1.260640104023941e-08,8.658039745130724e-09,0.9999986223024587
4184,1.2561171284470434e-08,8.6269760797864e-09,0.9999986309294349
4185,1.2540086963931127e-08,8.612495429468698e-09,0.9999986395419302
4186,1.2475535706030088e-08,8.568161812386282e-09,0.9999986481100921
4187,1.2390125418083132e-08,8.509502273844918e-09,0.9999986566195944
4188,1.2328099068396373e-08,8.466902756415704e-09,0.9999986650864972
4189,1.229621440711471e-08,8.445004463337807e-09,0.9999986735315016
4190,1.2207707346995875e-08,8.384218070632422e-09,0.9999986819157197
4191,1.2173953634676236e-08,8.361036118711624e-09,0.9999986902767558
4192,1.206442825874778e-08,8.285814407545839e-09,0.9999986985625702
4193,1.2051005759016951e-08,8.276595873582212e-09,0.999998706839166
4194,1.1958969604201239e-08,8.213385708854e-09,0.9999987150525518
4195,1.1937974010460052e-08,8.198965995844428e-09,0.9999987232515177
4196,1.1895228088729032e-08,8.169608220527899e-09,0.9999987314211259
4197,1.1824149183121176e-08,8.120791433894755e-09,0.9999987395419174
4198,1.1752851802670444e-08,8.0718245993719e-09,0.9999987476137421
4199,1.1667746499251105e-08,8.013374523321326e-09,0.9999987556271166
4200,1.1651585013098409e-08,8.002274861411175e-09,0.9999987636293914
4201,1.1624066094629272e-08,7.983374947860252e-09,0.9999987716127664
4202,1.1485374162635319e-08,7.888121730411459e-09,0.9999987795008881
4203,1.1451977905870954e-08,7.865185277931365e-09,0.9999987873660734
4204,1.1375288490213241e-08,7.812515209235635e-09,0.9999987951785886
4205,1.1317341506810172e-08,7.772717388762308e-09,0.9999988029513059
4206,1.1300628032462826e-08,7.761238622957805e-09,0.9999988107125446
4207,1.1248430566351964e-08,7.725389554318754e-09,0.9999988184379341
4208,1.1119680248815392e-08,7.636964208903226e-09,0.9999988260748983
4209,1.1105173007407328e-08,7.627000677495467e-09,0.999998833701899
4210,1.0983705501011122e-08,7.543577145691e-09,0.9999988412454761
4211,1.0963044173471366e-08,7.529387005741037e-09,0.9999988487748631
4212,1.0929237822843558e-08,7.506168901982549e-09,0.999998856281032
4213,1.0890010456579159e-08,7.479227660376014e-09,0.9999988637602597
4214,1.0830235704557485e-08,7.438174533705916e-09,0.9999988711984342
4215,1.0754142959163224e-08,7.38591425642006e-09,0.9999988785843484
4216,1.0683272507759424e-08,7.337240635530889e-09,0.999998885921589
4217,1.0661758851728796e-08,7.322465118840465e-09,0.9999988932440541
4218,1.0605215373238363e-08,7.2836312214786834e-09,0.9999989005276854
4219,1.057599213430206e-08,7.2635607855640766e-09,0.9999989077912461
4220,1.049530609989593e-08,7.208145850680171e-09,0.999998914999392
4221,1.0469391166539121e-08,7.1903475494616495e-09,0.9999989221897395
4222,1.0412411346248353e-08,7.151213973814391e-09,0.9999989293409535
4223,1.0397496906583656e-08,7.1409707798226154e-09,0.9999989364819243
4224,1.0364178349025718e-08,7.1180876909325945e-09,0.999998943600012
4225,1.0288732724871198e-08,7.066271854641095e-09,0.9999989506662839
4226,1.0285145389575416e-08,7.063808083143516e-09,0.999998957730092
4227,1.0169651969939071e-08,6.9844875368336915e-09,0.9999989647145795
4228,1.012658151416716e-08,6.954906872477243e-09,0.9999989716694864
4229,1.0054943732974458e-08,6.9057062517100964e-09,0.9999989785751926
4230,1.0042476599806401e-08,6.8971438607364685e-09,0.9999989854723365
4231,1.0001652240443697e-08,6.869105808892523e-09,0.9999989923414423
4232,9.962921554840094e-09,6.842505686126178e-09,0.999998999183948
4233,9.881531617523525e-09,6.786607312760835e-09,0.9999990059705552
4234,9.861042424526181e-09,6.772535394316355e-09,0.9999990127430907
4235,9.786713802805515e-09,6.721486712063256e-09,0.9999990194645774
4236,9.772775598028353e-09,6.711913993366521e-09,0.9999990261764914
4237,9.732230135793233e-09,6.684067487262532e-09,0.9999990328605589
4238,9.656266251510576e-09,6.6318957114151356e-09,0.9999990394924546
4239,9.595705047375053e-09,6.590302451709638e-09,0.999999046082757
4240,9.548537369401955e-09,6.557907827004849e-09,0.9999990526406648
4241,9.499047244252152e-09,6.523918152301438e-09,0.999999059164583
4242,9.435041953085282e-09,6.479959503591742e-09,0.9999990656445424
4243,9.416789352301621e-09,6.467423670205789e-09,0.9999990721119661
4244,9.366405285834407e-09,6.432820039193099e-09,0.9999990785447862
4245,9.290564008720156e-09,6.380732469594077e-09,0.9999990849255187
4246,9.237888411079251e-09,6.3445550216041456e-09,0.9999990912700737
4247,9.219619617751531e-09,6.332008067225802e-09,0.9999990976020817
4248,9.201630309853471e-09,6.319653062631578e-09,0.9999991039217347
4249,9.167612502248289e-09,6.296289730833093e-09,0.9999991102180245
4250,9.100272039336315e-09,6.2500404958225355e-09,0.9999991164680649
4251,9.06524244778585e-09,6.225982273739045e-09,0.9999991226940472
4252,9.041481947946086e-09,6.209663631224009e-09,0.9999991289037109
4253,8.995436142105826e-09,6.178039505052788e-09,0.9999991350817504
4254,8.9230627263671e-09,6.12833365260873e-09,0.999999141210084
4255,8.858711704817435e-09,6.084137557272849e-09,0.9999991472942216
4256,8.825577143597747e-09,6.061380836535359e-09,0.9999991533556024
4257,8.787598242951305e-09,6.035297037501546e-09,0.9999991593908995
4258,8.724784731684528e-09,5.9921568997776195e-09,0.9999991653830563
4259,8.687207556216882e-09,5.966349004433807e-09,0.9999991713494053
4260,8.660002437122084e-09,5.947664607384885e-09,0.9999991772970699
4261,8.643083492582501e-09,5.9360447252470896e-09,0.9999991832331147
4262,8.558519280152694e-09,5.877966268921933e-09,0.9999991891110809
4263,8.523623646788912e-09,5.854000048933314e-09,0.9999991949650809
4264,8.442876199907157e-09,5.798542936138909e-09,0.9999992007636239
4265,8.390969850960881e-09,5.762893805925854e-09,0.9999992065265177
4266,8.383093475172956e-09,5.757484333832926e-09,0.9999992122840021
4267,8.31278981125564e-09,5.709199980948903e-09,0.9999992179932021
4268,8.276135975395506e-09,5.684026232574917e-09,0.9999992236772284
4269,8.249787905465816e-09,5.6659304544118565e-09,0.9999992293431589
4270,8.2252406451712e-09,5.649071467093711e-09,0.9999992349922303
4271,8.134801527615345e-09,5.586958142932934e-09,0.9999992405791884
4272,8.117050998959712e-09,5.574767131231261e-09,0.9999992461539555
4273,8.083944858565119e-09,5.552029929834182e-09,0.9999992517059855
4274,8.022435336889511e-09,5.509785368387065e-09,0.9999992572157709
4275,8.010470170061145e-09,5.501567726442593e-09,0.9999992627173386
4276,8.004346494698637e-09,5.497362003928639e-09,0.9999992682147006
4277,7.969391260864933e-09,5.473354850509791e-09,0.9999992736880555
4278,7.898943884820042e-09,5.4249717965525245e-09,0.9999992791130273
4279,7.851962992150552e-09,5.392705455453603e-09,0.9999992845057328
4280,7.839644326482303e-09,5.384245031529104e-09,0.9999992898899779
4281,7.721703272458758e-09,5.303243457006842e-09,0.9999992951932214
4282,7.679544262870093e-09,5.274288771250861e-09,0.9999993004675102
4283,7.647416817891195e-09,5.252223735032442e-09,0.9999993057197339
4284,7.607782306388109e-09,5.22500286725446e-09,0.9999993109447368
4285,7.545864115876711e-09,5.182477633233818e-09,0.9999993161272145
4286,7.494034989442979e-09,5.146881539218857e-09,0.9999993212740961
4287,7.441009962537468e-09,5.110464104221421e-09,0.9999993263845601
4288,7.39301195840775e-09,5.0774992139156496e-09,0.9999993314620593
4289,7.381583529378721e-09,5.0696502019381704e-09,0.9999993365317096
4290,7.346717531545734e-09,5.045704335546322e-09,0.9999993415774139
4291,7.320827717007889e-09,5.027923285859958e-09,0.9999993466053372
4292,7.2549264040150685e-09,4.982662454848247e-09,0.9999993515879997
4293,7.222192581999741e-09,4.96018096063637e-09,0.9999993565481806
4294,7.202740757546422e-09,4.946821503905256e-09,0.9999993614950021
4295,7.153270073639132e-09,4.9128451813909295e-09,0.9999993664078473
4296,7.098065027951642e-09,4.874930515804108e-09,0.9999993712827778
4297,7.091110250781095e-09,4.870153994974021e-09,0.9999993761529318
4298,7.058017202279834e-09,4.847425785051388e-09,0.9999993810003576
4299,6.979499312396388e-09,4.793499925549955e-09,0.9999993857938575
4300,6.938699758155949e-09,4.7654789097921836e-09,0.9999993905593364
4301,6.928108349600638e-09,4.758204761053293e-09,0.9999993953175411
4302,6.834034415930178e-09,4.693595055706004e-09,0.9999994000111362
4303,6.822744085270732e-09,4.685840889289028e-09,0.9999994046969771
4304,6.807852388654903e-09,4.675613315157385e-09,0.9999994093725905
4305,6.741627045046331e-09,4.630129940856684e-09,0.9999994140027204
4306,6.729528625103659e-09,4.621820781059008e-09,0.9999994186245412
4307,6.6600167368272605e-09,4.5740802173933675e-09,0.9999994231986215
4308,6.599884279981224e-09,4.532781420085278e-09,0.9999994277314028
4309,6.571875206826007e-09,4.51354486971471e-09,0.9999994322449477
4310,6.551292270067507e-09,4.49940856832641e-09,0.9999994367443563
4311,6.540942626603824e-09,4.4923004631526586e-09,0.9999994412366567
4312,6.465799727975008e-09,4.440692537875973e-09,0.9999994456773493
4313,6.443021856350418e-09,4.425048761574894e-09,0.9999994501023981
4314,6.406206303288155e-09,4.399763946294577e-09,0.9999994545021621
4315,6.368976804903541e-09,4.374194834565038e-09,0.9999994588763569
4316,6.341697596349502e-09,4.355459553089961e-09,0.9999994632318164
4317,6.298016400428504e-09,4.325459434166912e-09,0.9999994675572759
4318,6.265614834725583e-09,4.303206132628678e-09,0.999999471860482
4319,6.2602785869856405e-09,4.299541213126688e-09,0.9999994761600232
4320,6.16538823496733e-09,4.234370794021222e-09,0.9999994803943939
4321,6.134731847189794e-09,4.213316075630714e-09,0.9999994846077099
4322,6.09944493849469e-09,4.1890811288770924e-09,0.999999488796791
4323,6.068577243276274e-09,4.167881285147818e-09,0.9999994929646723
4324,6.040094208348405e-09,4.148319219203678e-09,0.9999994971129915
4325,6.017005860608962e-09,4.132462208805594e-09,0.9999995012454538
4326,5.964381205811555e-09,4.096319748213123e-09,0.9999995053417735
4327,5.9515399402348184e-09,4.087500404184144e-09,0.999999509429274
4328,5.88671222988667e-09,4.042976920361243e-09,0.9999995134722509
4329,5.8762621052098705e-09,4.035799804981168e-09,0.9999995175080507
4330,5.815162997795823e-09,3.9938371148609435e-09,0.9999995215018879
4331,5.807602935348832e-09,3.988644885854998e-09,0.9999995254905327
4332,5.7735725648225765e-09,3.965272925878683e-09,0.9999995294558056
4333,5.72503833276928e-09,3.931939755787114e-09,0.9999995333877454
4334,5.712857213916157e-09,3.923573798617113e-09,0.9999995373113192
4335,5.669699332065404e-09,3.893933090282771e-09,0.9999995412052523
4336,5.657831430244005e-09,3.885782249663549e-09,0.9999995450910345
4337,5.62777319594964e-09,3.865138341353925e-09,0.9999995489561728
4338,5.5755179421567875e-09,3.8292495843021486e-09,0.9999995527854224
4339,5.51094884912481e-09,3.784903718103425e-09,0.9999995565703261
4340,5.483797569101704e-09,3.766256297573104e-09,0.9999995603365824
4341,5.45938450007147e-09,3.749489472426918e-09,0.9999995640860719
4342,5.420621061413178e-09,3.7228668549574156e-09,0.9999995678089388
4343,5.388314025743689e-09,3.700678476372525e-09,0.9999995715096173
4344,5.363465426400244e-09,3.683612530267872e-09,0.9999995751932298
4345,5.32237660336513e-09,3.6553928455392075e-09,0.9999995788486227
4346,5.3014351344729145e-09,3.641010305319245e-09,0.9999995824896329
4347,5.261265857476846e-09,3.6134221621485655e-09,0.9999995861030551
4348,5.2142704411972644e-09,3.5811458462762716e-09,0.9999995896842009
4349,5.2082893221095086e-09,3.577038030999187e-09,0.9999995932612389
4350,5.152681597101188e-09,3.538846806420376e-09,0.9999995968000857
4351,5.115325467933748e-09,3.5131907250357253e-09,0.9999996003132764
4352,5.072060179341574e-09,3.483476250062265e-09,0.9999996037967527
4353,5.021659135209391e-09,3.4488609588384157e-09,0.9999996072456137
4354,4.989844033996405e-09,3.4270104394143433e-09,0.9999996106726241
4355,4.9562098493102916e-09,3.4039105787262765e-09,0.9999996140765347
4356,4.9416668989356404e-09,3.3939225225036258e-09,0.9999996174704572
4357,4.915678706771005e-09,3.376073907347937e-09,0.999999620846531
4358,4.859570057850855e-09,3.337538649676409e-09,0.9999996241840697
4359,4.8255081287306164e-09,3.3141450153490934e-09,0.9999996274982148
4360,4.803441368967671e-09,3.2989896286162747e-09,0.9999996307972044
4361,4.7606100599738834e-09,3.26957320957483e-09,0.9999996340667776
4362,4.751933331551891e-09,3.2636140576094496e-09,0.9999996373303917
4363,4.748400243250815e-09,3.2611875427908166e-09,0.9999996405915792
4364,4.71163693512507e-09,3.2359386091816778e-09,0.9999996438275178
4365,4.670408684976504e-09,3.2076231663150675e-09,0.999999647035141
4366,4.633317338983312e-09,3.182148937248073e-09,0.99999965021729
4367,4.605106757894255e-09,3.16277399181181e-09,0.999999653380064
4368,4.577177175605149e-09,3.1435920355380003e-09,0.9999996565236561
4369,4.537688416144995e-09,3.1164712698412253e-09,0.9999996596401274
4370,4.524777738593807e-09,3.1076042538691047e-09,0.9999996627477317
4371,4.503289803198878e-09,3.0928464020368295e-09,0.9999996658405781
4372,4.480395645693045e-09,3.077122760929104e-09,0.9999996689177009
4373,4.4499251676167e-09,3.056195724783257e-09,0.9999996719738966
4374,4.4085824544404735e-09,3.0278016690405636e-09,0.9999996750016983
4375,4.3819947384217e-09,3.009541302637178e-09,0.9999996780112396
4376,4.350932227536884e-09,2.9882076600721164e-09,0.9999996809994472
4377,4.305921493032047e-09,2.957294417898043e-09,0.9999996839567417
4378,4.299748066480593e-09,2.953054526411526e-09,0.9999996869097962
4379,4.26904503234664e-09,2.9319677714384493e-09,0.999999689841764
4380,4.2625795103650866e-09,2.9275272696560113e-09,0.9999996927692912
4381,4.2293140147579164e-09,2.9046806235601897e-09,0.9999996956739718
4382,4.227312504061479e-09,2.9033059918072615e-09,0.9999996985772779
4383,4.177853892573458e-09,2.869337960595545e-09,0.9999997014466159
4384,4.1537547377206915e-09,2.8527867307978175e-09,0.9999997042994027
4385,4.11490300593647e-09,2.826103473864992e-09,0.9999997071255061
4386,4.1016872417319125e-09,2.817026925262413e-09,0.9999997099425331
4387,4.073984208717791e-09,2.7980005623749146e-09,0.9999997127405337
4388,4.0396150032536155e-09,2.7743958915439967e-09,0.9999997155149296
4389,4.0316274606023855e-09,2.7689100703711235e-09,0.9999997182838397
4390,4.004646968649413e-09,2.7503799465930227e-09,0.9999997210342196
4391,3.983502014734811e-09,2.7358576534486737e-09,0.9999997237700773
4392,3.962980921570021e-09,2.7217638260615266e-09,0.9999997264918411
4393,3.939108225585637e-09,2.705368127559118e-09,0.9999997291972093
4394,3.886048827600188e-09,2.668927086603467e-09,0.9999997318661363
4395,3.858112856694193e-09,2.64974074264607e-09,0.9999997345158771
4396,3.857416816729217e-09,2.649262704412816e-09,0.9999997371651398
4397,3.82550137507188e-09,2.627343271462e-09,0.999999739792483
4398,3.807999872702539e-09,2.615323290292944e-09,0.9999997424078063
4399,3.790068161625898e-09,2.6030078430289555e-09,0.9999997450108141
4400,3.7787675816958015e-09,2.595246637442563e-09,0.9999997476060608
4401,3.734252016639017e-09,2.5646734762121416e-09,0.9999997501707343
4402,3.7236477073686127e-09,2.557390467299467e-09,0.9999997527281248
4403,3.696590841473716e-09,2.5388078901191175e-09,0.9999997552669327
4404,3.6634436675386686e-09,2.5160425070052267e-09,0.9999997577829752
4405,3.6571984034378545e-09,2.511753277697743e-09,0.9999997602947285
4406,3.627246386053732e-09,2.491182318854627e-09,0.9999997627859109
4407,3.6091306629899737e-09,2.47874049269051e-09,0.9999997652646514
4408,3.5825720129038606e-09,2.4605000886855444e-09,0.9999997677251515
4409,3.54867064475129e-09,2.4372167271660785e-09,0.9999997701623683
4410,3.5244114288490586e-09,2.4205555679028764e-09,0.9999997725829238
4411,3.498428063373811e-09,2.402710267703488e-09,0.9999997749856341
4412,3.478678525883721e-09,2.389146342520453e-09,0.9999997773747804
4413,3.4611347877423454e-09,2.3770973539454145e-09,0.9999997797518778
4414,3.441796354636118e-09,2.3638157740632714e-09,0.9999997821156936
4415,3.4306329829554194e-09,2.356148802705416e-09,0.9999997844718425
4416,3.3955972436409507e-09,2.3320863583554027e-09,0.9999997868039289
4417,3.352355681666513e-09,2.3023881787543273e-09,0.999999789106317
4418,3.3334315650211717e-09,2.2893911502182794e-09,0.9999997913957082
4419,3.2906112176604517e-09,2.259982259594697e-09,0.9999997936556905
4420,3.2653842348396036e-09,2.242656440812996e-09,0.9999997958983469
4421,3.2554674140629627e-09,2.235845597007898e-09,0.9999997981341925
4422,3.2435834522493232e-09,2.2276837264324914e-09,0.9999998003618762
4423,3.2201346258828862e-09,2.2115791403567955e-09,0.9999998025734553
4424,3.1921855222746915e-09,2.19238377689754e-09,0.9999998047658392
4425,3.1695727693678057e-09,2.176853403653844e-09,0.9999998069426925
4426,3.1391401747117636e-09,2.1559523857314075e-09,0.9999998090986449
4427,3.124250768850994e-09,2.1457263848837085e-09,0.9999998112443713
4428,3.080350528274807e-09,2.1155758267255006e-09,0.9999998133599471
4429,3.0622324500753425e-09,2.1031323830609978e-09,0.9999998154630795
4430,3.0589185809085627e-09,2.100856427309268e-09,0.9999998175639359
4431,3.0422261936135537e-09,2.089392144031274e-09,0.999999819653328
4432,3.0239546353747916e-09,2.0768432907200305e-09,0.9999998217301712
4433,3.0114748602293704e-09,2.0682722172729418e-09,0.9999998237984434
4434,2.977422381215469e-09,2.044885073251305e-09,0.9999998258433285
4435,2.9630614179349895e-09,2.0350220052381685e-09,0.9999998278783505
4436,2.9378124386091573e-09,2.017681079320514e-09,0.9999998298960316
4437,2.9096038235168548e-09,1.998307484125131e-09,0.9999998318943392
4438,2.874751720810617e-09,1.974371160866114e-09,0.9999998338687103
4439,2.8530661030044382e-09,1.9594775413259847e-09,0.9999998358281879
4440,2.8392459941017056e-09,1.9499859305339787e-09,0.9999998377781738
4441,2.8315649838869597e-09,1.9447106349512224e-09,0.9999998397228844
4442,2.80863596598311e-09,1.9289630518230424e-09,0.9999998416518475
4443,2.781121862727743e-09,1.9100664453469985e-09,0.999999843561914
4444,2.7652310248051418e-09,1.8991526638578846e-09,0.9999998454610666
4445,2.7395597448800274e-09,1.881521703110994e-09,0.9999998473425883
4446,2.727101717261522e-09,1.8729655658024425e-09,0.9999998492155538
4447,2.707478707384681e-09,1.8594885394179515e-09,0.9999998510750424
4448,2.6709332699129685e-09,1.8343892387433741e-09,0.9999998529094316
4449,2.654952585007785e-09,1.8234137506066852e-09,0.9999998547328454
4450,2.6364621013026176e-09,1.8107145399187957e-09,0.9999998565435599
4451,2.6274915039737182e-09,1.8045535596387569e-09,0.9999998583481134
4452,2.6114469042786554e-09,1.7935341750093806e-09,0.9999998601416477
4453,2.5923712516440734e-09,1.7804330719945443e-09,0.9999998619220807
4454,2.577436762046209e-09,1.7701761077667032e-09,0.9999998636922568
4455,2.5615495836314067e-09,1.7592648396169532e-09,0.9999998654515216
4456,2.5443532818720304e-09,1.7474544693434153e-09,0.9999998671989762
4457,2.5224750787717883e-09,1.7324285827807631e-09,0.9999998689314047
4458,2.5119752409422714e-09,1.7252173245512962e-09,0.999999870656622
4459,2.4674813615879528e-09,1.694659056998559e-09,0.9999998723512811
4460,2.435863883276171e-09,1.6729442644110136e-09,0.9999998740242253
4461,2.4206798164530495e-09,1.6625158912672689e-09,0.9999998756867412
4462,2.3997896333563166e-09,1.6481685739831968e-09,0.9999998773349098
4463,2.395859046948117e-09,1.6454690586151519e-09,0.9999998789803789
4464,2.38420381238102e-09,1.6374642772506182e-09,0.9999998806178432
4465,2.372188901041507e-09,1.629212470919876e-09,0.9999998822470556
4466,2.3530647475432285e-09,1.6160780576522386e-09,0.9999998838631337
4467,2.335119499998707e-09,1.6037533135812913e-09,0.999999885466887
4468,2.3154660719298067e-09,1.5902553960705395e-09,0.9999998870571424
4469,2.298901647211697e-09,1.5788789971199715e-09,0.9999998886360214
4470,2.2805267919645264e-09,1.5662591997223466e-09,0.9999998902022806
4471,2.2653333991641083e-09,1.5558244215243888e-09,0.9999998917581051
4472,2.2513449049453586e-09,1.5462171641847345e-09,0.9999998933043223
4473,2.226955602407186e-09,1.5294666617965045e-09,0.9999998948337889
4474,2.2116749961541636e-09,1.518971985651738e-09,0.9999998963527609
4475,2.201471258673099e-09,1.5119640882845238e-09,0.999999897864725
4476,2.1992430023106853e-09,1.5104337282645199e-09,0.9999998993751588
4477,2.1734860896030557e-09,1.492743955170463e-09,0.9999999008679027
4478,2.1486753087640222e-09,1.4757039827051731e-09,0.9999999023436067
4479,2.130644792399439e-09,1.4633206762554183e-09,0.9999999038069274
4480,2.1161622520347396e-09,1.4533741094527454e-09,0.9999999052603015
4481,2.1109672072414e-09,1.4498061677257691e-09,0.9999999067101076
4482,2.1005125916933624e-09,1.4426259680283261e-09,0.9999999081527337
4483,2.072101255323706e-09,1.423113144446435e-09,0.9999999095758468
4484,2.0462777363723584e-09,1.4053776263769844e-09,0.9999999109812244
4485,2.025415698050765e-09,1.391049638843013e-09,0.999999912372274
4486,2.0146265603152738e-09,1.3836396902755033e-09,0.9999999137559137
4487,2.008971220607463e-09,1.3797556193335945e-09,0.9999999151356693
4488,1.9878421695064122e-09,1.365244248195562e-09,0.9999999165009136
4489,1.977600458183427e-09,1.3582102705036324e-09,0.9999999178591239
4490,1.9504257076979973e-09,1.3395467305277225e-09,0.9999999191986706
4491,1.941284977795619e-09,1.3332689036886684e-09,0.9999999205319395
4492,1.9341129805638316e-09,1.328343196749267e-09,0.9999999218602827
4493,1.9172242023600123e-09,1.3167440327635568e-09,0.9999999231770268
4494,1.9148449884782462e-09,1.3151099955562092e-09,0.9999999244921368
4495,1.891702458690116e-09,1.2992157730839166e-09,0.9999999257913526
4496,1.876494469864614e-09,1.2887709703781796e-09,0.9999999270801235
4497,1.8616039675938428e-09,1.2785442165192647e-09,0.9999999283586678
4498,1.8508779962024958e-09,1.271177650414078e-09,0.9999999296298454
4499,1.8349981716795827e-09,1.2602714328959916e-09,0.9999999308901169
4500,1.82714710183751e-09,1.254879340853426e-09,0.9999999321449962
4501,1.8094340304859537e-09,1.2427140547197718e-09,0.9999999333877102
4502,1.7913764713852958e-09,1.2303121753971562e-09,0.9999999346180224
4503,1.772032979492087e-09,1.2170271211547574e-09,0.9999999358350495
4504,1.7616317152507635e-09,1.20988356298034e-09,0.9999999370449331
4505,1.7315965084055608e-09,1.1892554698561466e-09,0.9999999382341885
4506,1.725343209063542e-09,1.1849607219682615e-09,0.9999999394191492
4507,1.7179135436685464e-09,1.179858049280191e-09,0.9999999405990073
4508,1.705936240837342e-09,1.1716320723640968e-09,0.9999999417706394
4509,1.6937462392239996e-09,1.1632600145400883e-09,0.9999999429338995
4510,1.6793568830553546e-09,1.1533774463735432e-09,0.9999999440872769
4511,1.6767402836932315e-09,1.1515803735054002e-09,0.9999999452388573
4512,1.6500603874827544e-09,1.1332566980131689e-09,0.999999946372114
4513,1.6438125138080545e-09,1.128965676457894e-09,0.9999999475010797
4514,1.6218371439949092e-09,1.1138730560780695e-09,0.9999999486149528
4515,1.6109288577316845e-09,1.1063812766465887e-09,0.9999999497213341
4516,1.5996207900666758e-09,1.0986149285055324e-09,0.9999999508199491
4517,1.5852060717580672e-09,1.0887149416946713e-09,0.999999951908664
4518,1.5655326739131152e-09,1.0752033089995298e-09,0.9999999529838672
4519,1.552037718238423e-09,1.065935012503384e-09,0.9999999540498022
4520,1.545510034064257e-09,1.0614518179069888e-09,0.9999999551112541
4521,1.5363698547717352e-09,1.0551743692251903e-09,0.9999999561664284
4522,1.5203383964730217e-09,1.0441640100687889e-09,0.9999999572105924
4523,1.5181099792886263e-09,1.0426335395967135e-09,0.999999958253226
4524,1.4927863482456002e-09,1.0252413430957698e-09,0.9999999592784673
4525,1.4821706965246698e-09,1.0179505442209043e-09,0.9999999602964178
4526,1.4572641399792378e-09,1.0008447932776834e-09,0.9999999612972625
4527,1.437815563710306e-09,9.87487567390205e-10,0.9999999622847501
4528,1.4306533306181719e-09,9.825685664336553e-10,0.9999999632673187
4529,1.426627311856595e-09,9.798035084015405e-10,0.9999999642471221
4530,1.406435495919981e-09,9.659358276616102e-10,0.9999999652130579
4531,1.382472186465562e-09,9.494778960902625e-10,0.9999999661625358
4532,1.3675802945041515e-09,9.39250187795839e-10,0.9999999671017861
4533,1.3567665933889182e-09,9.318233691702213e-10,0.9999999680336095
4534,1.3352738156257744e-09,9.170621916134722e-10,0.9999999689506717
4535,1.327968665818333e-09,9.120450358705227e-10,0.9999999698627167
4536,1.320017824536129e-09,9.065844210916643e-10,0.9999999707693011
4537,1.3105056140449104e-09,9.000514624594474e-10,0.9999999716693526
4538,1.3003717333741e-09,8.930915425473151e-10,0.9999999725624441
4539,1.2893740406874275e-09,8.855383590429978e-10,0.9999999734479824
4540,1.2714563599442468e-09,8.732325477714189e-10,0.999999974321215
4541,1.2603291308007563e-09,8.655903990035031e-10,0.9999999751868054
4542,1.2469131513966314e-09,8.563763431813854e-10,0.9999999760431817
4543,1.2387424014553595e-09,8.50764695772006e-10,0.9999999768939464
4544,1.2145323947197042e-09,8.341373332219721e-10,0.9999999777280837
4545,1.2017911971910562e-09,8.253867156387715e-10,0.9999999785534704
4546,1.1748969131428213e-09,8.069157992001152e-10,0.9999999793603862
4547,1.1730129109044327e-09,8.05621871916046e-10,0.9999999801660081
4548,1.152752104208046e-09,7.917068085219978e-10,0.9999999809577149
4549,1.1314923642628426e-09,7.771056806640808e-10,0.9999999817348206
4550,1.111734731355265e-09,7.63536195571747e-10,0.9999999824983569
4551,1.0835776670990078e-09,7.44198005341346e-10,0.9999999832425549
4552,1.0721554070157315e-09,7.363532301779542e-10,0.9999999839789081
4553,1.053609164870726e-09,7.23615724754977e-10,0.9999999847025238
4554,1.031622436328892e-09,7.085153032331669e-10,0.9999999854110392
4555,1.0220504413621108e-09,7.019412847961802e-10,0.9999999861129805
4556,1.0035367170276202e-09,6.892261125113416e-10,0.9999999868022066
4557,9.834063438781083e-10,6.754006304997463e-10,0.9999999874776072
4558,9.65164970725776e-10,6.628725082184916e-10,0.9999999881404797
4559,9.280847892280374e-10,6.374059468946593e-10,0.9999999887778857
4560,9.190813081217521e-10,6.312223821314943e-10,0.9999999894091081
4561,8.817056428559328e-10,6.055528834110237e-10,0.9999999900146609
4562,8.587384542599095e-10,5.897790847619441e-10,0.99999999060444
4563,8.234353686647098e-10,5.655330277601603e-10,0.9999999911699731
4564,8.119339698753931e-10,5.576339003625275e-10,0.999999991727607
4565,8.10519182104953e-10,5.566622282169011e-10,0.9999999922842693
4566,7.826016323408422e-10,5.374885358464302e-10,0.9999999928217578
4567,7.603900301252702e-10,5.222336717363952e-10,0.9999999933439915
4568,7.463433646386547e-10,5.125864625383477e-10,0.9999999938565779
4569,7.341927934563699e-10,5.042414854202578e-10,0.9999999943608194
4570,6.956569093732543e-10,4.777751517743286e-10,0.9999999948385946
4571,6.65679382127851e-10,4.571866728323235e-10,0.9999999952957812
4572,6.619934117601314e-10,4.546551590528376e-10,0.9999999957504364
4573,6.250380234259342e-10,4.2927430531251086e-10,0.9999999961797107
4574,6.160016940429189e-10,4.230681804479672e-10,0.9999999966027788
4575,5.969733153004922e-10,4.099995450054284e-10,0.9999999970127784
4576,5.803789116449095e-10,3.9860255660737805e-10,0.999999997411381
4577,5.13995408560277e-10,3.530105588363123e-10,0.9999999977643915
4578,5.037723499541833e-10,3.459893917763535e-10,0.9999999981103809
4579,4.732751384195669e-10,3.2504399516874615e-10,0.9999999984354249
4580,4.589402323990265e-10,3.1519882320631307e-10,0.9999999987506237
4581,3.561566423990318e-10,2.44607351102053e-10,0.9999999989952311
4582,3.4695454411950187e-10,2.382873766392022e-10,0.9999999992335185
4583,2.550525393109398e-10,1.751693457476025e-10,0.9999999994086878
4584,2.3887376578803956e-10,1.6405781092163457e-10,0.9999999995727455
4585,2.1869128336424652e-10,1.501965404112936e-10,0.9999999997229421
4586,1.4123508754043823e-10,9.699984931693943e-11,0.9999999998199419
4587,1.0987657195987709e-10,7.546291158362715e-11,0.9999999998954048
4588,8.205959258022272e-11,5.6358290662099216e-11,0.999999999951763
4589,4.0376562047125293e-11,2.773050594375733e-11,0.9999999999794935
4590,2.985427266176713e-11,2.0503828050724983e-11,0.9999999999999973
4591,2.7088458637584597e-18,1.8604274984582205e-18,0.9999999999999973
4592,2.0710591081486833e-18,1.4223974007831306e-18,0.9999999999999973
4593,1.9179519192732324e-18,1.3172438266331753e-18,0.9999999999999973
4594,8.346198585900408e-19,5.732145030673025e-19,0.9999999999999973
4595,7.295570820717271e-19,5.010576922593803e-19,0.9999999999999973
4596,3.9354011330320626e-19,2.7028221071235255e-19,0.9999999999999973
4597,3.016358555229087e-19,2.0716263248628615e-19,0.9999999999999973
4598,2.3141460313636137e-19,1.5893487960305437e-19,0.9999999999999973
4599,2.0204599037881139e-19,1.3876460136880012e-19,0.9999999999999973
4600,1.737953277832054e-19,1.1936212806985536e-19,0.9999999999999973
4601,1.4119015879993703e-19,9.696899238800974e-20,0.9999999999999973
4602,1.189276673101474e-19,8.167917767174139e-20,0.9999999999999973
4603,9.017123283305216e-20,6.192934170854964e-20,0.9999999999999973
4604,7.97382498519634e-20,5.476399919547158e-20,0.9999999999999973
4605,7.765616481723131e-20,5.3334029220225584e-20,0.9999999999999973
4606,7.25069773799665e-20,4.9797582192666966e-20,0.9999999999999973
4607,6.373656685585968e-20,4.3774089630717853e-20,0.9999999999999973
4608,6.225412751616245e-20,4.2755954583143624e-20,0.9999999999999973
4609,5.2005833731287144e-20,3.5717456075440946e-20,0.9999999999999973
4610,4.7269854855861856e-20,3.246479949211898e-20,0.9999999999999973
4611,4.3616396365173183e-20,2.995561477567217e-20,0.9999999999999973
4612,4.037194194568198e-20,2.772733287145897e-20,0.9999999999999973
4613,3.707054338436746e-20,2.5459941895466696e-20,0.9999999999999973
4614,3.32097988316963e-20,2.2808393711641105e-20,0.9999999999999973
4615,2.7024103908881793e-20,1.8560076343184278e-20,0.9999999999999973
4616,2.581511722522372e-20,1.772974778826734e-20,0.9999999999999973
4617,2.568485850839609e-20,1.7640286478584784e-20,0.9999999999999973
4618,2.4956578747805498e-20,1.714010604702143e-20,0.9999999999999973
4619,2.3518860938411657e-20,1.6152685617012823e-20,0.9999999999999973
4620,2.2909125990024704e-20,1.573392141934224e-20,0.9999999999999973
4621,2.0999325273027916e-20,1.4422275814838822e-20,0.9999999999999973
4622,1.8901029923091337e-20,1.2981172642031234e-20,0.9999999999999973
4623,1.6981957998234215e-20,1.1663159598804907e-20,0.9999999999999973
4624,1.5074322322226977e-20,1.0353000938186386e-20,0.9999999999999973
4625,1.380786470218692e-20,9.483201510512281e-21,0.9999999999999973
4626,1.2695928351321994e-20,8.719526843244889e-21,0.9999999999999973
4627,1.1361719164774098e-20,7.803195835800527e-21,0.9999999999999973
4628,1.0120859429730692e-20,6.950976961448885e-21,0.9999999999999973
4629,9.751128000897206e-21,6.697046486315953e-21,0.9999999999999973
4630,9.332073692135281e-21,6.409241200013549e-21,0.9999999999999973
4631,8.492886672489777e-21,5.8328899839530306e-21,0.9999999999999973
4632,8.006431056374105e-21,5.498793674853573e-21,0.9999999999999973
4633,7.738250793177842e-21,5.3146082463398084e-21,0.9999999999999973
4634,7.56210369262099e-21,5.193630927536233e-21,0.9999999999999973
4635,7.38544147174984e-21,5.072299825591818e-21,0.9999999999999973
4636,7.094837404851651e-21,4.872713793601409e-21,0.9999999999999973
4637,6.5044238595402525e-21,4.4672194796371946e-21,0.9999999999999973
4638,6.237165054434176e-21,4.283666905872604e-21,0.9999999999999973
4639,5.98770224141538e-21,4.112336567962949e-21,0.9999999999999973
4640,5.927362016574383e-21,4.070895076197306e-21,0.9999999999999973
4641,5.493818641338523e-21,3.773138740979295e-21,0.9999999999999973
4642,5.411212905955397e-21,3.716405361020976e-21,0.9999999999999973
4643,4.961672493401103e-21,3.4076623068761885e-21,0.9999999999999973
4644,4.792282778389447e-21,3.29132594090576e-21,0.9999999999999973
4645,4.446536018311408e-21,3.053868066850296e-21,0.9999999999999973
4646,4.215326636039232e-21,2.8950741323427512e-21,0.9999999999999973
4647,4.006986314246157e-21,2.751986602377616e-21,0.9999999999999973
4648,3.889394348865155e-21,2.6712247809246143e-21,0.9999999999999973
4649,3.548349403729658e-21,2.436996099762256e-21,0.9999999999999973
4650,3.3376151897852827e-21,2.292264451596743e-21,0.9999999999999973
4651,3.159711927545462e-21,2.170081006032526e-21,0.9999999999999973
4652,3.044914793134427e-21,2.091238666400042e-21,0.9999999999999973
4653,2.8457304796964617e-21,1.9544394564710736e-21,0.9999999999999973
4654,2.636046704498048e-21,1.8104292465957857e-21,0.9999999999999973
4655,2.4190106909143763e-21,1.6613695406786025e-21,0.9999999999999973
4656,2.277957546551924e-21,1.564494649409668e-21,0.9999999999999973
4657,2.2304332944699337e-21,1.5318551306389983e-21,0.9999999999999973
4658,2.089117843204507e-21,1.4348000877483502e-21,0.9999999999999973
4659,2.0598018396795994e-21,1.414665941382797e-21,0.9999999999999973
4660,1.9047695273943554e-21,1.3081901980472772e-21,0.9999999999999973
4661,1.8082674990705512e-21,1.2419128843202058e-21,0.9999999999999973
4662,1.7253083454049206e-21,1.1849367777084335e-21,0.9999999999999973
4663,1.5916410670110444e-21,1.0931344778082825e-21,0.9999999999999973
4664,1.4136920818350385e-21,9.709196298638388e-22,0.9999999999999973
4665,1.3836475237753448e-21,9.502851143526001e-22,0.9999999999999973
4666,1.3683852096495656e-21,9.398030011878774e-22,0.9999999999999973
4667,1.277878677548961e-21,8.776433769128986e-22,0.9999999999999973
4668,1.2297938267303613e-21,8.446188405525821e-22,0.9999999999999973
4669,1.1662278403599773e-21,8.009619051055427e-22,0.9999999999999973
4670,1.1069704440361007e-21,7.60264096831204e-22,0.9999999999999973
4671,1.0859888591145124e-21,7.458540050383844e-22,0.9999999999999973
4672,9.716641266505611e-22,6.673361096957871e-22,0.9999999999999973
4673,9.177607455881585e-22,6.303154236057986e-22,0.9999999999999973
4674,8.406298962490225e-22,5.7734217953539995e-22,0.9999999999999973
4675,8.048182896162465e-22,5.527468717569261e-22,0.9999999999999973
4676,7.584139434226905e-22,5.208765011088586e-22,0.9999999999999973
4677,7.408346677893697e-22,5.088031054872158e-22,0.9999999999999973
4678,7.0518454931250965e-22,4.843187073067965e-22,0.9999999999999973
4679,6.88879474136817e-22,4.731204288712716e-22,0.9999999999999973
4680,6.389170620687084e-22,4.388063888794051e-22,0.9999999999999973
4681,6.10313174154351e-22,4.191613214539547e-22,0.9999999999999973
4682,6.0188040299557885e-22,4.1336971863081824e-22,0.9999999999999973
4683,5.882954776749254e-22,4.040396312422437e-22,0.9999999999999973
4684,5.639383959202643e-22,3.873112579948661e-22,0.9999999999999973
4685,5.179769080000615e-22,3.557450411270816e-22,0.9999999999999973
4686,4.880510496207235e-22,3.351920482127343e-22,0.9999999999999973
4687,4.546760063288182e-22,3.122701650841227e-22,0.9999999999999973
4688,4.502933836969483e-22,3.0926019254608275e-22,0.9999999999999973
4689,4.368860236745985e-22,3.0005205649041932e-22,0.9999999999999973
4690,4.2132626840277165e-22,2.893656616075364e-22,0.9999999999999973
4691,4.055683194700051e-22,2.7854314789199294e-22,0.9999999999999973
4692,3.7679459586493272e-22,2.5878143780574996e-22,0.9999999999999973
4693,3.6081221922849587e-22,2.4780478779293307e-22,0.9999999999999973
4694,3.3715614050994e-22,2.3155786140169486e-22,0.9999999999999973
4695,3.238474571028917e-22,2.224174961598005e-22,0.9999999999999973
4696,3.09638315293171e-22,2.126586986933331e-22,0.9999999999999973
4697,2.940187044395879e-22,2.0193119517015232e-22,0.9999999999999973
4698,2.910117553274311e-22,1.998660312235558e-22,0.9999999999999973
4699,2.7994940364953697e-22,1.922684401112234e-22,0.9999999999999973
4700,2.7562413909783794e-22,1.8929786093662148e-22,0.9999999999999973
4701,2.5063104487576943e-22,1.7213267616757047e-22,0.9999999999999973
4702,2.3925937585575355e-22,1.643226467999898e-22,0.9999999999999973
4703,2.1881052351134715e-22,1.5027843419918095e-22,0.9999999999999973
4704,2.1526955522156077e-22,1.4784650742711025e-22,0.9999999999999973
4705,2.011185944892142e-22,1.381276685561779e-22,0.9999999999999973
4706,1.8719951021816194e-22,1.2856808176769465e-22,0.9999999999999973
4707,1.8558960035355889e-22,1.2746240033257932e-22,0.9999999999999973
4708,1.8239809894529996e-22,1.2527048640320762e-22,0.9999999999999973
4709,1.693423666907635e-22,1.1630384728068967e-22,0.9999999999999973
4710,1.614072676954008e-22,1.1085404425886765e-22,0.9999999999999973
4711,1.5927539247734243e-22,1.0938987852983114e-22,0.9999999999999973
4712,1.49098608932566e-22,1.0240049304804153e-22,0.9999999999999973
4713,1.448773164359024e-22,9.950132157989018e-23,0.9999999999999973
4714,1.4193960441712172e-22,9.748370946861721e-23,0.9999999999999973
4715,1.4128561797216116e-22,9.70345534711861e-23,0.9999999999999973
4716,1.2887704162264366e-22,8.85123791510384e-23,0.9999999999999973
4717,1.228356804745177e-22,8.436318980126267e-23,0.9999999999999973
4718,1.206622558067744e-22,8.287048803044769e-23,0.9999999999999973
4719,1.173970217525852e-22,8.062793473327069e-23,0.9999999999999973
4720,1.139178538117565e-22,7.823845226198264e-23,0.9999999999999973
4721,1.0687088358134923e-22,7.339861350523779e-23,0.9999999999999973
4722,1.0272969065624218e-22,7.055445419098278e-23,0.9999999999999973
4723,9.982257708619803e-23,6.855785700573466e-23,0.9999999999999973
4724,9.685565767279792e-23,6.652018534037804e-23,0.9999999999999973
4725,9.15352191903019e-23,6.286612359064183e-23,0.9999999999999973
4726,8.871004981476263e-23,6.092580544099167e-23,0.9999999999999973
4727,8.31569670209141e-23,5.711196425160896e-23,0.9999999999999973
4728,7.818457147678289e-23,5.369693738452927e-23,0.9999999999999973
4729,7.348706951350926e-23,5.0470706633101396e-23,0.9999999999999973
4730,6.974066130209205e-23,4.789768431750177e-23,0.9999999999999973
4731,6.602759604659998e-23,4.5347561847520145e-23,0.9999999999999973
4732,6.174558003734355e-23,4.2406685646684624e-23,0.9999999999999973
4733,6.101418323204406e-23,4.190436443783751e-23,0.9999999999999973
4734,5.404980615496439e-23,3.712125041973167e-23,0.9999999999999973
4735,5.369723897121838e-23,3.68791082984428e-23,0.9999999999999973
4736,4.8511853878731823e-23,3.3317800826052225e-23,0.9999999999999973
4737,4.4544702415868115e-23,3.059317268430185e-23,0.9999999999999973
4738,3.9995809921637744e-23,2.746900648606186e-23,0.9999999999999973
4739,3.408083966414585e-23,2.3406622034134388e-23,0.9999999999999973
4740,3.2629987258189094e-23,2.2410180801224538e-23,0.9999999999999973
4741,2.731134879534092e-23,1.8757355299772307e-23,0.9999999999999973
4742,2.641617825393624e-23,1.8142554763012235e-23,0.9999999999999973
4743,2.5442628635980046e-23,1.7473923703345305e-23,0.9999999999999973
4744,2.299056417012934e-23,1.5789852925714787e-23,0.9999999999999973
4745,2.1114330562953426e-23,1.450126111507614e-23,0.9999999999999973
4746,1.925107202059586e-23,1.3221580541398326e-23,0.9999999999999973
4747,1.7316897567446325e-23,1.189319512545513e-23,0.9999999999999973
4748,1.6350313226486966e-23,1.122934779786859e-23,0.9999999999999973
4749,1.5779010090716974e-23,1.0836978457862216e-23,0.9999999999999973
4750,1.3789210796043582e-23,9.470390061766883e-24,0.9999999999999973
4751,1.302741385178229e-23,8.94719012547419e-24,0.9999999999999973
4752,1.1807766916219181e-23,8.109540140405038e-24,0.9999999999999973
4753,1.12967009464838e-23,7.758541511674386e-24,0.9999999999999973
4754,1.0377505194093473e-23,7.127240529550494e-24,0.9999999999999973
4755,9.983109965522458e-24,6.856371028147347e-24,0.9999999999999973
4756,9.842701674573886e-24,6.759939020336533e-24,0.9999999999999973
4757,8.969611661286718e-24,6.160303326375344e-24,0.9999999999999973
4758,7.846007308978992e-24,5.3886151094901376e-24,0.9999999999999973
4759,7.326501274187554e-24,5.031819868508806e-24,0.9999999999999973
4760,6.811282717174076e-24,4.6779692548552455e-24,0.9999999999999973
4761,6.486409087905308e-24,4.454846986622183e-24,0.9999999999999973
4762,5.725815256640868e-24,3.9324733448533094e-24,0.9999999999999973
4763,5.127728003516753e-24,3.521708750574917e-24,0.9999999999999973
4764,4.813071179899096e-24,3.3056033548904305e-24,0.9999999999999973
4765,4.2590767834144684e-24,2.9251216069249916e-24,0.9999999999999973
4766,4.144435432108833e-24,2.8463862586783807e-24,0.9999999999999973
4767,3.820091663136149e-24,2.6236278969629847e-24,0.9999999999999973
4768,3.6170809516827035e-24,2.484200727952517e-24,0.9999999999999973
4769,3.303348641006512e-24,2.2687302850802208e-24,0.9999999999999973
4770,2.6054033646338346e-24,1.7893834894743805e-24,0.9999999999999973
4771,2.257507270146749e-24,1.5504494587680455e-24,0.9999999999999973
4772,2.2180288351848496e-24,1.5233357839067867e-24,0.9999999999999973
4773,1.8526741700317226e-24,1.2724112574009548e-24,0.9999999999999973
4774,1.5580855977028045e-24,1.0700886786138967e-24,0.9999999999999973
4775,1.3134975605429882e-24,9.021063226541196e-25,0.9999999999999973
4776,9.918567176862121e-25,6.812043227714928e-25,0.9999999999999973
4777,8.660659110576572e-25,5.948115608812682e-25,0.9999999999999973
4778,7.79499064688734e-25,5.353577013633635e-25,0.9999999999999973
4779,6.821225907158454e-25,4.684798208955892e-25,0.9999999999999973
4780,5.848263584154977e-25,4.016570501762559e-25,0.9999999999999973
4781,4.330851212495398e-25,2.974416077066246e-25,0.9999999999999973
4782,2.9303728451438517e-25,2.012571588062491e-25,0.9999999999999973
4783,2.016065138033219e-25,1.3846277012882161e-25,0.9999999999999973
4784,4.7292877722224484e-26,3.2480611530097e-26,0.9999999999999973
4785,3.0367366444606755e-36,2.0856219375626115e-36,0.9999999999999973
4786,7.668800487703225e-37,5.26690997756418e-37,0.9999999999999973
4787,5.8848902147028165e-37,4.0417255656068065e-37,0.9999999999999973
4788,2.692190048259768e-37,1.8489883325840796e-37,0.9999999999999973
4789,8.915610022102227e-38,6.123215156891514e-38,0.9999999999999973
4790,5.477165482415048e-38,3.7617013996333243e-38,0.9999999999999973
4791,3.866757684763169e-38,2.6556779855413345e-38,0.9999999999999973
4792,2.6991736727996656e-38,1.853784665703937e-38,0.9999999999999973
4793,2.424636281298317e-38,1.6652331798709866e-38,0.9999999999999973
4794,1.6905271771061012e-38,1.1610491719951108e-38,0.9999999999999973
4795,7.886095560496749e-39,5.4161476045968415e-39,0.9999999999999973
4796,7.053492376015075e-39,4.8443181474698895e-39,0.9999999999999973
4797,4.837571343701298e-39,3.322429996473907e-39,0.9999999999999973
4798,1.4758242039700626e-39,1.0135917915043618e-39,0.9999999999999973
4799,8.897661700270992e-40,6.110888301409349e-40,0.9999999999999973
4800,5.736978260888607e-40,3.940140063859272e-40,0.9999999999999973
4801,3.857860144281249e-40,2.6495671804923376e-40,0.9999999999999973
4802,2.7400134829746497e-40,1.881833329121033e-40,0.9999999999999973
4803,7.513228226520634e-41,5.160063398888847e-41,0.9999999999999973
4804,0.0,0.0,0.9999999999999973
4805,0.0,0.0,0.9999999999999973
4806,0.0,0.0,0.9999999999999973
4807,0.0,0.0,0.9999999999999973
4808,0.0,0.0,0.9999999999999973
4809,0.0,0.0,0.9999999999999973
4810,0.0,0.0,0.9999999999999973
4811,0.0,0.0,0.9999999999999973
4812,0.0,0.0,0.9999999999999973
4813,0.0,0.0,0.9999999999999973
4814,0.0,0.0,0.9999999999999973
4815,0.0,0.0,0.9999999999999973
4816,0.0,0.0,0.9999999999999973
4817,0.0,0.0,0.9999999999999973
4818,0.0,0.0,0.9999999999999973
4819,0.0,0.0,0.9999999999999973
4820,0.0,0.0,0.9999999999999973
4821,0.0,0.0,0.9999999999999973
4822,0.0,0.0,0.9999999999999973
4823,0.0,0.0,0.9999999999999973
4824,0.0,0.0,0.9999999999999973
4825,0.0,0.0,0.9999999999999973
4826,0.0,0.0,0.9999999999999973
4827,0.0,0.0,0.9999999999999973
4828,0.0,0.0,0.9999999999999973
4829,0.0,0.0,0.9999999999999973
4830,0.0,0.0,0.9999999999999973
4831,0.0,0.0,0.9999999999999973
4832,0.0,0.0,0.9999999999999973
4833,0.0,0.0,0.9999999999999973
4834,0.0,0.0,0.9999999999999973
4835,0.0,0.0,0.9999999999999973
4836,0.0,0.0,0.9999999999999973
4837,0.0,0.0,0.9999999999999973
4838,0.0,0.0,0.9999999999999973
4839,0.0,0.0,0.9999999999999973
4840,0.0,0.0,0.9999999999999973
4841,0.0,0.0,0.9999999999999973
4842,0.0,0.0,0.9999999999999973
4843,0.0,0.0,0.9999999999999973
4844,0.0,0.0,0.9999999999999973
4845,0.0,0.0,0.9999999999999973
4846,0.0,0.0,0.9999999999999973
4847,0.0,0.0,0.9999999999999973
4848,0.0,0.0,0.9999999999999973
4849,0.0,0.0,0.9999999999999973
4850,0.0,0.0,0.9999999999999973
4851,0.0,0.0,0.9999999999999973
4852,0.0,0.0,0.9999999999999973
4853,0.0,0.0,0.9999999999999973
4854,0.0,0.0,0.9999999999999973
4855,0.0,0.0,0.9999999999999973
4856,0.0,0.0,0.9999999999999973
4857,0.0,0.0,0.9999999999999973
4858,0.0,0.0,0.9999999999999973
4859,0.0,0.0,0.9999999999999973
4860,0.0,0.0,0.9999999999999973
4861,0.0,0.0,0.9999999999999973
4862,0.0,0.0,0.9999999999999973
4863,0.0,0.0,0.9999999999999973
4864,0.0,0.0,0.9999999999999973
4865,0.0,0.0,0.9999999999999973
4866,0.0,0.0,0.9999999999999973
4867,0.0,0.0,0.9999999999999973
4868,0.0,0.0,0.9999999999999973
4869,0.0,0.0,0.9999999999999973
4870,0.0,0.0,0.9999999999999973
4871,0.0,0.0,0.9999999999999973
4872,0.0,0.0,0.9999999999999973
4873,0.0,0.0,0.9999999999999973
4874,0.0,0.0,0.9999999999999973
4875,0.0,0.0,0.9999999999999973
4876,0.0,0.0,0.9999999999999973
4877,0.0,0.0,0.9999999999999973
4878,0.0,0.0,0.9999999999999973
4879,0.0,0.0,0.9999999999999973
4880,0.0,0.0,0.9999999999999973
4881,0.0,0.0,0.9999999999999973
4882,0.0,0.0,0.9999999999999973
4883,0.0,0.0,0.9999999999999973
4884,0.0,0.0,0.9999999999999973
4885,0.0,0.0,0.9999999999999973
4886,0.0,0.0,0.9999999999999973
4887,0.0,0.0,0.9999999999999973
4888,0.0,0.0,0.9999999999999973
4889,0.0,0.0,0.9999999999999973
4890,0.0,0.0,0.9999999999999973
4891,0.0,0.0,0.9999999999999973
4892,0.0,0.0,0.9999999999999973
4893,0.0,0.0,0.9999999999999973
4894,0.0,0.0,0.9999999999999973
4895,0.0,0.0,0.9999999999999973
4896,0.0,0.0,0.9999999999999973
4897,0.0,0.0,0.9999999999999973
4898,0.0,0.0,0.9999999999999973
4899,0.0,0.0,0.9999999999999973
4900,0.0,0.0,0.9999999999999973
4901,0.0,0.0,0.9999999999999973
4902,0.0,0.0,0.9999999999999973
4903,0.0,0.0,0.9999999999999973
4904,0.0,0.0,0.9999999999999973
4905,0.0,0.0,0.9999999999999973
4906,0.0,0.0,0.9999999999999973
4907,0.0,0.0,0.9999999999999973
4908,0.0,0.0,0.9999999999999973
4909,0.0,0.0,0.9999999999999973
4910,0.0,0.0,0.9999999999999973
4911,0.0,0.0,0.9999999999999973
4912,0.0,0.0,0.9999999999999973
4913,0.0,0.0,0.9999999999999973
4914,0.0,0.0,0.9999999999999973
4915,0.0,0.0,0.9999999999999973
4916,0.0,0.0,0.9999999999999973
4917,0.0,0.0,0.9999999999999973
4918,0.0,0.0,0.9999999999999973
4919,0.0,0.0,0.9999999999999973
4920,0.0,0.0,0.9999999999999973
4921,0.0,0.0,0.9999999999999973
4922,0.0,0.0,0.9999999999999973
4923,0.0,0.0,0.9999999999999973
4924,0.0,0.0,0.9999999999999973
4925,0.0,0.0,0.9999999999999973
4926,0.0,0.0,0.9999999999999973
4927,0.0,0.0,0.9999999999999973
4928,0.0,0.0,0.9999999999999973
4929,0.0,0.0,0.9999999999999973
4930,0.0,0.0,0.9999999999999973
4931,0.0,0.0,0.9999999999999973
4932,0.0,0.0,0.9999999999999973
4933,0.0,0.0,0.9999999999999973
4934,0.0,0.0,0.9999999999999973
4935,0.0,0.0,0.9999999999999973
4936,0.0,0.0,0.9999999999999973
4937,0.0,0.0,0.9999999999999973
4938,0.0,0.0,0.9999999999999973
4939,0.0,0.0,0.9999999999999973
4940,0.0,0.0,0.9999999999999973
4941,0.0,0.0,0.9999999999999973
4942,0.0,0.0,0.9999999999999973
4943,0.0,0.0,0.9999999999999973
4944,0.0,0.0,0.9999999999999973
4945,0.0,0.0,0.9999999999999973
4946,0.0,0.0,0.9999999999999973
4947,0.0,0.0,0.9999999999999973
4948,0.0,0.0,0.9999999999999973
4949,0.0,0.0,0.9999999999999973
4950,0.0,0.0,0.9999999999999973
4951,0.0,0.0,0.9999999999999973
4952,0.0,0.0,0.9999999999999973
4953,0.0,0.0,0.9999999999999973
4954,0.0,0.0,0.9999999999999973
4955,0.0,0.0,0.9999999999999973
4956,0.0,0.0,0.9999999999999973
4957,0.0,0.0,0.9999999999999973
4958,0.0,0.0,0.9999999999999973
4959,0.0,0.0,0.9999999999999973
4960,0.0,0.0,0.9999999999999973
4961,0.0,0.0,0.9999999999999973
4962,0.0,0.0,0.9999999999999973
4963,0.0,0.0,0.9999999999999973
4964,0.0,0.0,0.9999999999999973
4965,0.0,0.0,0.9999999999999973
4966,0.0,0.0,0.9999999999999973
4967,0.0,0.0,0.9999999999999973
4968,0.0,0.0,0.9999999999999973
4969,0.0,0.0,0.9999999999999973
4970,0.0,0.0,0.9999999999999973
4971,0.0,0.0,0.9999999999999973
4972,0.0,0.0,0.9999999999999973
4973,0.0,0.0,0.9999999999999973
4974,0.0,0.0,0.9999999999999973
4975,0.0,0.0,0.9999999999999973
4976,0.0,0.0,0.9999999999999973
4977,0.0,0.0,0.9999999999999973
4978,0.0,0.0,0.9999999999999973
4979,0.0,0.0,0.9999999999999973
4980,0.0,0.0,0.9999999999999973
4981,0.0,0.0,0.9999999999999973
4982,0.0,0.0,0.9999999999999973
4983,0.0,0.0,0.9999999999999973
4984,0.0,0.0,0.9999999999999973
4985,0.0,0.0,0.9999999999999973
4986,0.0,0.0,0.9999999999999973
4987,0.0,0.0,0.9999999999999973
4988,0.0,0.0,0.9999999999999973
4989,0.0,0.0,0.9999999999999973
4990,0.0,0.0,0.9999999999999973
4991,0.0,0.0,0.9999999999999973
4992,0.0,0.0,0.9999999999999973
4993,0.0,0.0,0.9999999999999973
4994,0.0,0.0,0.9999999999999973
4995,0.0,0.0,0.9999999999999973
4996,0.0,0.0,0.9999999999999973
4997,0.0,0.0,0.9999999999999973
4998,0.0,0.0,0.9999999999999973
4999,0.0,0.0,0.9999999999999973
5000,0.0,0.0,0.9999999999999973
