neuron_id,observed,cell_type,teacher_rate_hz,student_rate_hz
12,True,inhibitory,8.7,7.4
16,True,excitatory,0.1,0
26,True,inhibitory,4.9,4.3
30,True,excitatory,0,0
34,True,excitatory,0.5,0.2
59,True,excitatory,1.8,1.8
84,True,excitatory,0.1,0.3
89,True,excitatory,0,0
96,True,inhibitory,10.8,11.9
101,True,inhibitory,43.1,42.1
104,True,excitatory,18,17.1
111,True,inhibitory,0,0
120,True,excitatory,0.1,0.1
121,True,inhibitory,2.4,2.1
128,True,inhibitory,4.6,4.8
140,True,inhibitory,2.4,3.5
142,True,excitatory,0,0
144,True,excitatory,0.2,0.1
147,True,inhibitory,4.9,4.7
164,True,excitatory,0,0
178,True,excitatory,0,0
194,True,excitatory,0,0
198,True,excitatory,7.1,6.9
203,True,excitatory,10.2,10
207,True,excitatory,7.6,8.5
214,True,excitatory,0,0
249,True,excitatory,0,0
257,True,excitatory,1.4,1.7
273,True,excitatory,0,0
278,True,excitatory,0.7,0.8
288,True,excitatory,3.8,3.7
312,True,inhibitory,42.7,38.6
322,True,excitatory,6,5
329,True,excitatory,0.6,0.9
330,True,inhibitory,4.3,4.1
331,True,excitatory,0,0
340,True,excitatory,0.7,0.8
349,True,excitatory,0.7,1.1
365,True,excitatory,0,0
367,True,excitatory,0,0
368,True,excitatory,5.4,4.9
369,True,excitatory,0.9,0.7
373,True,excitatory,0,0
374,True,excitatory,0,0
402,True,excitatory,0,0
405,True,excitatory,0,0
408,True,excitatory,29.4,27
426,True,inhibitory,2.4,1.4
441,True,excitatory,0,0
453,True,inhibitory,4.7,4.2
461,True,excitatory,0.2,0.1
468,True,excitatory,0.8,0.4
477,True,excitatory,0.2,0.2
482,True,excitatory,0.2,0
488,True,excitatory,0,0
524,True,excitatory,6.9,6.8
525,True,excitatory,0,0
533,True,inhibitory,2,2
539,True,excitatory,0,0
541,True,excitatory,6.1,7.1
542,True,excitatory,0,0
554,True,excitatory,2.1,1.9
560,True,excitatory,0,0
566,True,excitatory,0,0
571,True,excitatory,0,0
572,True,inhibitory,0,0
574,True,excitatory,7.6,8.2
579,True,excitatory,0,0
582,True,excitatory,0.7,0.8
592,True,inhibitory,11.5,10.5
601,True,excitatory,0,0
607,True,excitatory,5.9,5.8
624,True,excitatory,0,0
628,True,inhibitory,0.4,0.2
648,True,excitatory,0,0.1
671,True,inhibitory,18.2,18.8
696,True,excitatory,0,0.1
709,True,excitatory,0,0
713,True,excitatory,0,0
740,True,inhibitory,12.4,13.9
741,True,excitatory,0,0
745,True,excitatory,0,0
757,True,excitatory,0,0
771,True,excitatory,0,0
783,True,excitatory,1.3,1.2
788,True,excitatory,0,0
792,True,excitatory,3.7,2.9
799,True,excitatory,0.6,0.8
808,True,excitatory,0,0
814,True,inhibitory,0.4,0.1
815,True,excitatory,1.4,1.1
817,True,excitatory,0,0
830,True,excitatory,0,0
833,True,excitatory,0,0
857,True,excitatory,0,0
863,True,excitatory,0.7,2.1
869,True,excitatory,0,0
873,True,excitatory,1.4,1.3
876,True,excitatory,2.4,2.5
879,True,excitatory,0,0
880,True,excitatory,0,0
882,True,excitatory,0.1,0.3
909,True,excitatory,0,0
911,True,excitatory,0,0
923,True,excitatory,36.1,33.7
930,True,excitatory,0.5,0.5
932,True,excitatory,0.4,0.3
952,True,excitatory,0,0
985,True,excitatory,0.2,0.1
1002,True,excitatory,0,0
1005,True,inhibitory,6.6,5.3
1011,True,excitatory,0,0
1017,True,excitatory,0.5,0.6
1021,True,excitatory,1,0.8
1033,True,excitatory,8.8,8.9
1038,True,excitatory,25.8,25.9
1041,True,excitatory,0.2,0.4
1096,True,excitatory,0,0
1101,True,excitatory,0,0
1119,True,excitatory,0.4,0.4
1123,True,excitatory,0,0
1128,True,excitatory,0,0
1139,True,excitatory,0.1,0
1152,True,inhibitory,41.5,37.6
1179,True,inhibitory,0.1,0
1184,True,inhibitory,1.2,0.6
1193,True,inhibitory,0.7,1
1194,True,inhibitory,4.1,4.7
1197,True,inhibitory,12.2,12.2
1201,True,excitatory,0,0
1210,True,excitatory,0.2,0.3
1219,True,excitatory,0,0
1234,True,excitatory,0,0
1244,True,excitatory,0.4,0.4
1282,True,excitatory,0.1,0
1286,True,inhibitory,2.8,2.2
1299,True,inhibitory,9.5,9.1
1319,True,inhibitory,39,39
1334,True,excitatory,0.1,0
1344,True,excitatory,0,0
1345,True,excitatory,26.8,27
1346,True,excitatory,0.2,0.2
1347,True,excitatory,0,0
1351,True,inhibitory,2.5,2.6
1388,True,excitatory,0,0
1397,True,excitatory,0,0
1409,True,excitatory,0,0
1412,True,excitatory,1.3,0.8
1460,True,excitatory,0,0
1461,True,excitatory,0,0
1463,True,excitatory,9.5,9.2
1464,True,excitatory,0,0
1471,True,excitatory,1.4,1.3
1493,True,excitatory,15.3,15.6
1500,True,inhibitory,3.7,4.6
1504,True,excitatory,3.4,2.8
1512,True,excitatory,0,0.1
1521,True,excitatory,0,0
1536,True,excitatory,3.3,3.7
1553,True,excitatory,0,0
1560,True,excitatory,5.7,6.7
1563,True,excitatory,9.3,8.6
1573,True,excitatory,0,0
1577,True,excitatory,1.1,0.6
1584,True,excitatory,0,0
1588,True,inhibitory,22.6,22.8
1596,True,excitatory,0,0
1599,True,excitatory,0,0
1615,True,excitatory,0,0
1647,True,excitatory,0.2,0.3
1654,True,inhibitory,12.6,13.1
1655,True,inhibitory,7.4,7.7
1659,True,excitatory,0.1,0
1668,True,excitatory,5.1,4.6
1674,True,excitatory,0,0
1699,True,excitatory,0.8,0.7
1700,True,excitatory,0,0
1713,True,excitatory,0,0
1716,True,inhibitory,36.8,32
1723,True,excitatory,1,1.1
1724,True,excitatory,1.4,1.5
1751,True,inhibitory,15.9,14.2
1757,True,excitatory,0.5,0.3
1770,True,inhibitory,7.9,9.2
1803,True,excitatory,1.8,1.4
1804,True,excitatory,0,0
1814,True,excitatory,2.7,2.5
1833,True,excitatory,0.1,0.1
1865,True,inhibitory,2.7,4.3
1866,True,excitatory,0.1,0.1
1874,True,excitatory,21.8,23.5
1890,True,excitatory,0,0
1891,True,excitatory,0,0
1897,True,excitatory,0,0
1899,True,excitatory,0.1,0.1
1904,True,excitatory,0.1,0.1
1913,True,excitatory,0,0
1920,True,excitatory,2.8,3
1932,True,excitatory,0,0
1933,True,excitatory,4.7,4.7
1938,True,inhibitory,2.3,3
1942,True,excitatory,0,0
1944,True,inhibitory,0.5,0.3
1964,True,excitatory,0.6,0.7
1975,True,excitatory,2.5,2.6
2011,True,excitatory,2.8,3.1
2066,True,excitatory,0,0
2078,True,inhibitory,5.4,3.6
2079,True,inhibitory,32.6,34.3
2102,True,excitatory,17.2,18
2105,True,excitatory,1.6,2.2
2107,True,excitatory,0,0
2120,True,excitatory,16.2,15.8
2123,True,excitatory,0,0
2134,True,inhibitory,10.9,12.2
2137,True,excitatory,0,0
2144,True,inhibitory,0.2,0.2
2158,True,inhibitory,7.2,6.8
2172,True,excitatory,0.3,0.2
2196,True,excitatory,0,0
2206,True,excitatory,0.6,1.3
2208,True,inhibitory,12.6,12.4
2214,True,inhibitory,2,1.9
2237,True,excitatory,0.9,0.7
2248,True,inhibitory,1.2,0.9
2259,True,excitatory,0,0
2268,True,excitatory,0.3,0.3
2275,True,excitatory,0,0
2290,True,excitatory,0.7,1.1
2301,True,inhibitory,51.5,50.2
2309,True,excitatory,0,0
2315,True,excitatory,7.6,6.9
2338,True,inhibitory,0.4,0.3
2341,True,inhibitory,0.4,0.4
2353,True,excitatory,0,0
2373,True,excitatory,0,0
2374,True,excitatory,0,0
2385,True,excitatory,0.3,0.3
2396,True,excitatory,0.6,0.9
2397,True,excitatory,0,0
2412,True,excitatory,0,0.1
2427,True,inhibitory,0,0
2430,True,excitatory,0.3,0.2
2437,True,excitatory,0,0
2446,True,inhibitory,1.5,1.5
2468,True,excitatory,0,0
2478,True,excitatory,1.6,1.7
2493,True,excitatory,0,0
2494,True,inhibitory,16.9,17.1
2496,True,excitatory,30.4,32.6
2510,True,excitatory,2.6,2.4
2511,True,excitatory,3.3,3.5
2512,True,excitatory,0,0
2518,True,excitatory,0,0
2525,True,excitatory,0,0
2532,True,inhibitory,0.8,0.2
2537,True,excitatory,0,0
2557,True,excitatory,0,0.1
2564,True,excitatory,0.6,0.4
2567,True,excitatory,0,0
2580,True,excitatory,19,17.5
2587,True,excitatory,0,0
2608,True,inhibitory,0,0
2632,True,excitatory,0.5,0.1
2637,True,excitatory,13.1,13.1
2649,True,excitatory,0,0
2660,True,inhibitory,9.9,9.5
2681,True,excitatory,0,0
2685,True,excitatory,0,0
2692,True,excitatory,0,0
2696,True,excitatory,8,8
2698,True,excitatory,3.2,3.3
2714,True,excitatory,0.5,0.4
2715,True,excitatory,0.9,0.9
2716,True,excitatory,0.2,0.3
2720,True,excitatory,3.8,2.9
2727,True,excitatory,0.4,0.3
2799,True,excitatory,0,0
2801,True,excitatory,102.9,106.2
2802,True,excitatory,0,0
2807,True,excitatory,0.4,0.3
2815,True,excitatory,0.3,0.5
2821,True,excitatory,0.2,0.3
2828,True,excitatory,1.4,1.1
2838,True,excitatory,3,2.4
2842,True,excitatory,2.2,2.4
2845,True,excitatory,0.3,0.3
2851,True,inhibitory,0,0
2875,True,excitatory,0.5,0.6
2884,True,excitatory,1,1
2913,True,excitatory,0.2,0
2934,True,excitatory,0,0
2939,True,excitatory,0.1,0
2947,True,excitatory,0,0
2950,True,excitatory,0.1,0.1
2965,True,excitatory,0,0
2973,True,excitatory,0.1,0.1
2982,True,excitatory,0,0
2983,True,inhibitory,1.4,2.6
2998,True,excitatory,4.2,4.3
3003,True,inhibitory,2.7,3.4
3012,True,excitatory,0,0
3014,True,inhibitory,89.6,93.4
3017,True,excitatory,0,0
3020,True,excitatory,0,0
3023,True,inhibitory,0.1,0
3026,True,excitatory,0.5,0.3
3039,True,inhibitory,1.3,0.6
3040,True,excitatory,0.2,0.3
3046,True,excitatory,1.5,0.7
3050,True,inhibitory,10.3,10.4
3069,True,excitatory,0.1,0.1
3070,True,excitatory,2.7,3.5
3074,True,excitatory,0,0
3080,True,excitatory,2,2.3
3083,True,excitatory,0,0
3085,True,inhibitory,17.2,16.3
3096,True,excitatory,2,1.9
3098,True,excitatory,7.2,6.8
3106,True,excitatory,1.8,2.4
3130,True,excitatory,14.8,14.3
3144,True,excitatory,0,0
3198,True,excitatory,0,0
3216,True,excitatory,0,0
3218,True,excitatory,0,0
3221,True,excitatory,0.5,0.3
3222,True,excitatory,0,0
3235,True,excitatory,0.9,1.2
3248,True,excitatory,0.7,0.7
3271,True,inhibitory,2.5,2.9
3277,True,excitatory,0.1,0
3281,True,excitatory,0,0
3295,True,excitatory,4.2,4.4
3296,True,excitatory,0,0
3306,True,inhibitory,1.9,1.8
3313,True,inhibitory,0,0
3316,True,inhibitory,1.4,1.8
3320,True,inhibitory,5.2,6.7
3364,True,excitatory,16.4,17.6
3374,True,excitatory,0.9,1
3376,True,excitatory,0,0
3383,True,excitatory,0.1,0.3
3384,True,excitatory,0.4,0.2
3391,True,excitatory,0,0
3392,True,excitatory,22.3,16.2
3404,True,excitatory,0.2,0.4
3407,True,excitatory,0.3,0.3
3408,True,excitatory,0,0
3411,True,excitatory,0.1,0.1
3418,True,excitatory,0,0
3430,True,excitatory,15.1,16.4
3432,True,excitatory,0,0
3433,True,inhibitory,130,129.9
3434,True,excitatory,0,0
3443,True,excitatory,0.4,0.2
3445,True,inhibitory,12.9,14.5
3455,True,excitatory,0,0.1
3471,True,inhibitory,1.5,1.2
3491,True,excitatory,0,0
3506,True,excitatory,0,0
3520,True,excitatory,0,0
3546,True,inhibitory,6,6
3554,True,excitatory,0.1,0
3577,True,inhibitory,44.3,43.7
3579,True,excitatory,20.1,20.7
3580,True,excitatory,0.2,0.1
3585,True,excitatory,0.2,0
3590,True,inhibitory,9.1,9.2
3596,True,excitatory,0.4,0.3
3599,True,excitatory,6.1,6.4
3615,True,excitatory,0,0
3618,True,excitatory,0.1,0
3624,True,excitatory,0.2,0.4
3642,True,excitatory,35.7,35
3656,True,excitatory,10.6,9.8
3657,True,inhibitory,2.6,1.4
3668,True,inhibitory,108.7,110.1
3676,True,excitatory,0,0
3687,True,excitatory,0,0
3693,True,excitatory,0,0
3697,True,excitatory,0.1,0.1
3700,True,excitatory,0,0
3703,True,excitatory,0,0.1
3710,True,excitatory,0,0
3739,True,excitatory,0,0
3745,True,excitatory,0,0
3767,True,inhibitory,1.1,0.6
3768,True,excitatory,0.3,0.5
3769,True,excitatory,0,0
3770,True,excitatory,0.9,0.9
3775,True,excitatory,0,0
3783,True,excitatory,3.1,3.6
3789,True,excitatory,0,0
3797,True,excitatory,0,0
3839,True,excitatory,9.1,7.7
3843,True,inhibitory,2.3,2.7
3845,True,excitatory,0,0
3852,True,inhibitory,7.4,6.7
3856,True,excitatory,2.7,2.8
3877,True,excitatory,3.7,3.5
3884,True,excitatory,0,0
3889,True,excitatory,0.1,0.1
3894,True,inhibitory,4.2,5.1
3896,True,excitatory,0.2,0.3
3899,True,excitatory,0,0.1
3909,True,excitatory,0.4,0.5
3921,True,excitatory,3.5,3.3
3943,True,excitatory,0.1,0
3952,True,excitatory,0,0
3958,True,excitatory,0,0
3971,True,inhibitory,14.2,16.2
3986,True,excitatory,0,0
3990,True,excitatory,0,0
4029,True,excitatory,0,0
4046,True,inhibitory,45.5,45.9
4051,True,inhibitory,0,0
4059,True,excitatory,0.4,0.5
4064,True,inhibitory,33.8,33.7
4073,True,excitatory,0,0
4077,True,excitatory,0,0
4082,True,excitatory,6.7,7.5
4091,True,excitatory,0.2,0.2
4106,True,excitatory,0,0
4112,True,excitatory,0,0
4117,True,excitatory,0.1,0.1
4118,True,excitatory,7.1,7.7
4121,True,excitatory,0,0
4124,True,excitatory,0.4,0.3
4152,True,excitatory,0,0
4171,True,excitatory,0,0
4180,True,excitatory,0,0
4188,True,excitatory,0,0
4191,True,excitatory,0,0
4204,True,excitatory,0.3,0.2
4225,True,excitatory,0,0
4238,True,excitatory,0,0.1
4246,True,inhibitory,2.4,2.8
4288,True,excitatory,0,0.2
4318,True,excitatory,0.8,0.8
4356,True,excitatory,0.4,0.4
4359,True,excitatory,0,0
4360,True,excitatory,8.3,9.6
4385,True,excitatory,0.1,0.1
4397,True,inhibitory,6.4,5.3
4402,True,excitatory,2.2,2.4
4403,True,excitatory,0.5,0.5
4405,True,inhibitory,13.3,15.1
4407,True,inhibitory,26.1,24
4414,True,inhibitory,3.3,1.7
4417,True,inhibitory,8.6,9.2
4429,True,inhibitory,3.5,2
4430,True,inhibitory,5.3,5.5
4445,True,excitatory,8.4,9.3
4450,True,inhibitory,2,1.6
4458,True,excitatory,2.7,2.5
4471,True,excitatory,0.3,0.6
4474,True,inhibitory,1.2,1.2
4489,True,excitatory,1.7,2.1
4503,True,excitatory,0.9,1.2
4505,True,inhibitory,0.6,0.3
4517,True,excitatory,0,0
4531,True,inhibitory,2.2,2.3
4533,True,excitatory,0,0
4550,True,excitatory,0,0
4551,True,inhibitory,66.8,65.6
4560,True,excitatory,35.5,34.4
4562,True,excitatory,0.3,0.1
4576,True,excitatory,2.5,2.7
4580,True,excitatory,0.1,0
4597,True,excitatory,0,0
4609,True,inhibitory,17.7,16.2
4631,True,excitatory,10.6,13.1
4636,True,excitatory,0,0
4639,True,excitatory,1.9,2.4
4650,True,excitatory,0,0
4668,True,inhibitory,11.5,10.2
4671,True,excitatory,0,0
4674,True,excitatory,0,0
4702,True,excitatory,0.1,0.2
4707,True,excitatory,0,0
4708,True,excitatory,0.5,0.5
4720,True,inhibitory,22.1,21.9
4735,True,excitatory,0,0
4749,True,excitatory,2.7,2.8
4758,True,excitatory,0,0
4766,True,excitatory,2.6,2.4
4784,True,excitatory,1,1.2
4795,True,excitatory,0,0
4817,True,inhibitory,0.5,0.2
4835,True,inhibitory,57.7,54.8
4850,True,excitatory,0,0
4868,True,inhibitory,0,0
4876,True,excitatory,6.1,5.7
4882,True,excitatory,3.8,3.1
4883,True,inhibitory,0.8,1.1
4920,True,excitatory,7.2,4.5
4935,True,excitatory,3.9,3.9
4941,True,excitatory,0.3,0.1
4961,True,excitatory,2.2,2
4977,True,excitatory,0.5,0.6
0,False,inhibitory,0.2,0.1
1,False,excitatory,1.4,0.2
2,False,inhibitory,6.8,4.9
3,False,excitatory,0.1,0
4,False,excitatory,0.2,0.2
5,False,inhibitory,4.3,4.4
6,False,excitatory,0,0
7,False,excitatory,0.4,0.3
8,False,excitatory,0,0
9,False,excitatory,2.8,2.5
10,False,excitatory,0,0
11,False,excitatory,0,0
13,False,inhibitory,6.4,6.2
14,False,excitatory,11.3,12.9
15,False,excitatory,0.5,0.3
17,False,excitatory,0,0
18,False,excitatory,0.1,0
19,False,inhibitory,23.2,20.4
20,False,excitatory,17.3,17.2
21,False,excitatory,0.8,0.8
22,False,excitatory,72.1,67.4
23,False,excitatory,0,0
24,False,inhibitory,60.2,56.3
25,False,excitatory,0,0
27,False,excitatory,0.1,0.1
28,False,excitatory,1.9,2.4
29,False,excitatory,0,0
31,False,excitatory,0,0
32,False,inhibitory,0,0
33,False,excitatory,0.7,0.7
35,False,excitatory,0,0
36,False,excitatory,0.7,0.6
37,False,excitatory,0,0
38,False,excitatory,3.6,3.9
39,False,excitatory,1,0.9
40,False,excitatory,24.6,22.8
41,False,excitatory,0,0
42,False,excitatory,0.5,0.4
43,False,excitatory,0,0
44,False,excitatory,0.2,0.1
45,False,inhibitory,7.6,8.2
46,False,excitatory,2.8,2.6
47,False,excitatory,2.8,3.2
48,False,excitatory,0.1,0
49,False,excitatory,7,6.9
50,False,excitatory,17,14.9
51,False,inhibitory,0.1,0.1
52,False,excitatory,0,0
53,False,excitatory,0,0
54,False,excitatory,0.8,1
55,False,excitatory,0.2,0
56,False,inhibitory,8.2,6.7
57,False,inhibitory,1.3,1.5
58,False,excitatory,9.4,9
60,False,inhibitory,16.9,15.9
61,False,excitatory,0,0
62,False,excitatory,0.1,0.1
63,False,excitatory,0,0
64,False,excitatory,26.5,26.8
65,False,excitatory,0,0
66,False,excitatory,0.9,1
67,False,inhibitory,10.1,10.3
68,False,excitatory,0.2,0.5
69,False,excitatory,0,0
70,False,inhibitory,12.3,10.8
71,False,excitatory,0.7,0.7
72,False,excitatory,0,0
73,False,excitatory,0.9,0.5
74,False,excitatory,0.6,0.7
75,False,excitatory,0.9,0.9
76,False,excitatory,0,0.1
77,False,excitatory,0,0
78,False,inhibitory,27.5,26.2
79,False,excitatory,0,0
80,False,excitatory,0,0
81,False,excitatory,10.4,11
82,False,excitatory,0.1,0.3
83,False,excitatory,0.1,0.3
85,False,excitatory,0,0
86,False,inhibitory,0,0
87,False,excitatory,0,0
88,False,excitatory,0.1,0.1
90,False,inhibitory,0.1,0.1
91,False,inhibitory,0,0
92,False,inhibitory,2.1,2
93,False,excitatory,1,0.8
94,False,excitatory,0.1,0.2
95,False,excitatory,0,0
97,False,excitatory,0.1,0.1
98,False,excitatory,4.6,4.4
99,False,inhibitory,16.2,15.5
100,False,inhibitory,22.9,21.1
102,False,excitatory,0,0
103,False,excitatory,0.3,0.4
105,False,excitatory,4.4,3.9
106,False,excitatory,1,1.1
107,False,excitatory,0.1,0.2
108,False,excitatory,0.1,0.1
109,False,excitatory,0,0
110,False,excitatory,1.7,1.6
112,False,excitatory,0.3,0.3
113,False,excitatory,0.3,0.4
114,False,excitatory,0,0
115,False,excitatory,0,0
116,False,excitatory,2.3,2.1
117,False,excitatory,17.2,16.6
118,False,excitatory,0,0
119,False,inhibitory,16.5,14
122,False,excitatory,2.4,2.2
123,False,excitatory,0.4,0.2
124,False,excitatory,18.1,18.2
125,False,excitatory,0,0
126,False,excitatory,2.2,2.3
127,False,excitatory,0.1,0.1
129,False,excitatory,0,0
130,False,excitatory,0,0
131,False,excitatory,0,0
132,False,excitatory,0.7,0.7
133,False,excitatory,8.3,7.9
134,False,excitatory,1.8,2.1
135,False,excitatory,3.2,3.4
136,False,excitatory,0,0
137,False,excitatory,9.6,9.2
138,False,excitatory,0.1,0.2
139,False,excitatory,0.2,0.1
141,False,inhibitory,0.4,0.6
143,False,excitatory,25.9,25.6
145,False,excitatory,0,0
146,False,excitatory,0.3,0.2
148,False,excitatory,0,0
149,False,excitatory,1.4,1.4
150,False,excitatory,0,0
151,False,excitatory,3.5,3.1
152,False,inhibitory,0.1,0
153,False,excitatory,0,0
154,False,excitatory,0.3,0.1
155,False,excitatory,0,0
156,False,excitatory,0.6,0.7
157,False,excitatory,0,0
158,False,excitatory,0.1,0.1
159,False,excitatory,2.2,2.5
160,False,excitatory,0,0
161,False,excitatory,0,0
162,False,excitatory,0.2,0.1
163,False,excitatory,0.2,0.3
165,False,excitatory,0,0
166,False,excitatory,0,0
167,False,excitatory,1.4,1.4
168,False,inhibitory,3.4,4.2
169,False,excitatory,0,0
170,False,excitatory,2.2,2.8
171,False,excitatory,0,0
172,False,excitatory,2,2
173,False,excitatory,0.1,0.4
174,False,inhibitory,0.1,0.1
175,False,excitatory,0,0
176,False,excitatory,0.4,0.2
177,False,excitatory,1.1,1
179,False,excitatory,0.3,0.3
180,False,excitatory,0.2,0.7
181,False,excitatory,0,0
182,False,excitatory,0,0
183,False,excitatory,1.8,2.2
184,False,excitatory,0,0
185,False,excitatory,0,0
186,False,excitatory,1.9,1.7
187,False,excitatory,0.3,0.3
188,False,excitatory,0,0
189,False,excitatory,0,0
190,False,excitatory,7.4,7.8
191,False,excitatory,0,0
192,False,excitatory,1.4,1.6
193,False,excitatory,0,0
195,False,inhibitory,27.9,26.3
196,False,excitatory,1.1,0.9
197,False,excitatory,0,0.1
199,False,excitatory,0,0
200,False,excitatory,9.5,12.7
201,False,excitatory,0,0
202,False,excitatory,0.6,0.6
204,False,inhibitory,0,0
205,False,excitatory,0.3,0.2
206,False,excitatory,0,0
208,False,excitatory,0,0
209,False,inhibitory,1,1
210,False,inhibitory,18.2,18.3
211,False,excitatory,0,0
212,False,excitatory,0.1,0
213,False,inhibitory,2.5,3.1
215,False,excitatory,0.7,0.6
216,False,excitatory,0.8,0.8
217,False,excitatory,0,0
218,False,excitatory,1.4,1.4
219,False,excitatory,2.4,1.8
220,False,excitatory,0,0
221,False,inhibitory,15.7,13.4
222,False,excitatory,0,0.1
223,False,excitatory,0.9,0.2
224,False,inhibitory,27.2,26.7
225,False,excitatory,0,0
226,False,excitatory,0,0
227,False,excitatory,3.7,3.5
228,False,inhibitory,9.4,8.9
229,False,inhibitory,6.7,7.8
230,False,excitatory,0.4,0.5
231,False,excitatory,5.3,6.4
232,False,excitatory,0,0
233,False,excitatory,0.1,0.1
234,False,excitatory,2.4,2.4
235,False,excitatory,0,0
236,False,excitatory,0,0
237,False,excitatory,0,0
238,False,excitatory,7,6.4
239,False,inhibitory,0,0.2
240,False,inhibitory,0,0
241,False,excitatory,0,0
242,False,excitatory,11.1,11.1
243,False,excitatory,0,0
244,False,inhibitory,5.3,2.7
245,False,excitatory,0.2,0.4
246,False,excitatory,0,0
247,False,excitatory,0,0
248,False,excitatory,0.1,0.2
250,False,inhibitory,19.3,20.2
251,False,inhibitory,1.5,1.3
252,False,inhibitory,3.2,4.2
253,False,excitatory,0,0
254,False,inhibitory,0,0.4
255,False,excitatory,0,0
256,False,excitatory,4.2,4.6
258,False,excitatory,2.5,3.1
259,False,excitatory,8.5,8.6
260,False,excitatory,1.1,1.1
261,False,excitatory,0.6,0.6
262,False,inhibitory,5.3,4.7
263,False,inhibitory,2.9,3.1
264,False,inhibitory,0.3,0.2
265,False,excitatory,0.1,0.1
266,False,excitatory,0,0
267,False,excitatory,1.3,1.3
268,False,inhibitory,8.7,10.6
269,False,excitatory,0.2,0.3
270,False,excitatory,0,0
271,False,excitatory,0.7,1.1
272,False,excitatory,0.8,0.9
274,False,excitatory,0.1,0.1
275,False,excitatory,0,0
276,False,excitatory,0.6,0.2
277,False,excitatory,0,0
279,False,inhibitory,12.1,13.7
280,False,excitatory,0,0.1
281,False,excitatory,0.4,0.4
282,False,excitatory,4.7,5.1
283,False,excitatory,0.9,0.1
284,False,inhibitory,7.9,7.6
285,False,excitatory,0,0
286,False,excitatory,5.7,6.5
287,False,excitatory,0,0
289,False,inhibitory,0.3,0.2
290,False,excitatory,0.2,0.2
291,False,excitatory,0,0
292,False,inhibitory,5.6,5.2
293,False,inhibitory,88.1,79
294,False,excitatory,0,0
295,False,excitatory,0.1,0
296,False,inhibitory,2.8,3.5
297,False,excitatory,0.3,0.2
298,False,excitatory,3.9,3.6
299,False,excitatory,0,0
300,False,excitatory,0,0
301,False,excitatory,0,0
302,False,excitatory,0,0
303,False,excitatory,0,0
304,False,excitatory,6.7,6.4
305,False,excitatory,0,0
306,False,excitatory,0,0
307,False,inhibitory,2.9,4.1
308,False,excitatory,0.1,0
309,False,excitatory,1.1,1.2
310,False,excitatory,4,4.4
311,False,excitatory,0.9,0.9
313,False,excitatory,0,0
314,False,excitatory,4.1,3.6
315,False,excitatory,0,0.1
316,False,excitatory,0,0
317,False,excitatory,0,0
318,False,excitatory,0,0
319,False,excitatory,0.6,0.7
320,False,excitatory,28.9,27.6
321,False,excitatory,1.3,1.5
323,False,excitatory,0,0
324,False,excitatory,0,0
325,False,inhibitory,10,10.9
326,False,excitatory,0.7,0.5
327,False,inhibitory,31.7,36.2
328,False,excitatory,0,0
332,False,excitatory,0,0
333,False,excitatory,3.7,3.6
334,False,excitatory,0.2,0
335,False,excitatory,3,3.2
336,False,inhibitory,0.4,0.4
337,False,excitatory,2.1,2.5
338,False,inhibitory,0.5,0.3
339,False,excitatory,0,0
341,False,excitatory,3.7,3.8
342,False,excitatory,0.2,0.1
343,False,excitatory,0,0
344,False,excitatory,0,0
345,False,excitatory,0,0
346,False,excitatory,1.4,0.8
347,False,excitatory,0,0
348,False,excitatory,10.8,11.7
350,False,excitatory,1,1.1
351,False,excitatory,0,0
352,False,inhibitory,0.3,0.3
353,False,excitatory,0.1,0.1
354,False,excitatory,2.3,1.7
355,False,excitatory,0.1,0.2
356,False,excitatory,0.1,0.1
357,False,excitatory,0,0
358,False,excitatory,0.5,0.4
359,False,inhibitory,1.4,1.3
360,False,inhibitory,21.1,18.1
361,False,excitatory,0,0
362,False,excitatory,12.8,13.1
363,False,excitatory,4.7,4.7
364,False,inhibitory,0.5,0.2
366,False,inhibitory,19.6,18
370,False,excitatory,0,0
371,False,excitatory,0,0.1
372,False,excitatory,0.5,0.4
375,False,excitatory,0,0
376,False,excitatory,0.7,1
377,False,inhibitory,0.1,0.1
378,False,excitatory,0,0
379,False,excitatory,0,0
380,False,excitatory,0,0
381,False,excitatory,1.8,1.9
382,False,excitatory,1.4,1.6
383,False,inhibitory,78.9,71.3
384,False,inhibitory,0.6,0.5
385,False,excitatory,9.9,8.7
386,False,excitatory,0.5,0.5
387,False,excitatory,19.9,20.1
388,False,excitatory,0,0
389,False,excitatory,0,0
390,False,excitatory,7.1,7.2
391,False,excitatory,0.5,0.4
392,False,excitatory,52.8,53.6
393,False,inhibitory,0.2,0.2
394,False,excitatory,4.2,4.3
395,False,inhibitory,42.4,38
396,False,excitatory,0,0
397,False,inhibitory,9.3,8.9
398,False,excitatory,0,0
399,False,excitatory,0.3,0.2
400,False,inhibitory,1,1.1
401,False,inhibitory,0.9,1
403,False,excitatory,0,0
404,False,excitatory,0,0
406,False,excitatory,0,0
407,False,excitatory,36.6,36
409,False,excitatory,9.9,9.5
410,False,excitatory,7,7.3
411,False,excitatory,0.4,0.4
412,False,excitatory,1.4,1.5
413,False,excitatory,0,0
414,False,excitatory,0.6,0.7
415,False,excitatory,0,0
416,False,inhibitory,2.2,2.2
417,False,excitatory,0,0
418,False,excitatory,0.1,0.1
419,False,inhibitory,26.7,24.9
420,False,excitatory,0,0
421,False,excitatory,0,0
422,False,inhibitory,2.5,3.4
423,False,excitatory,1.7,1.9
424,False,excitatory,0,0
425,False,excitatory,0.4,0.3
427,False,excitatory,0,0
428,False,excitatory,0,0
429,False,excitatory,0,0
430,False,excitatory,0.3,0.2
431,False,excitatory,0,0
432,False,excitatory,0.1,0
433,False,excitatory,0.1,0.2
434,False,inhibitory,0.2,0
435,False,excitatory,0.1,0
436,False,excitatory,0,0
437,False,excitatory,0.2,0
438,False,inhibitory,5.5,6.3
439,False,excitatory,0.1,0
440,False,excitatory,0,0
442,False,excitatory,16.4,14.7
443,False,excitatory,0.3,0.4
444,False,inhibitory,3.3,3.2
445,False,excitatory,4.4,4.4
446,False,inhibitory,52.8,52.3
447,False,excitatory,0,0
448,False,excitatory,0,0
449,False,inhibitory,17.5,18.1
450,False,excitatory,0.2,0.1
451,False,excitatory,0.5,0.7
452,False,excitatory,0,0
454,False,excitatory,0.2,0.2
455,False,inhibitory,28.8,30.3
456,False,excitatory,0,0
457,False,excitatory,0,0
458,False,excitatory,0,0
459,False,excitatory,0.2,0.1
460,False,excitatory,0.8,0.9
462,False,excitatory,3.6,3.3
463,False,inhibitory,0.6,0.7
464,False,excitatory,0,0
465,False,excitatory,0.8,1.1
466,False,excitatory,3,2.5
467,False,excitatory,1.8,1.5
469,False,excitatory,0,0
470,False,inhibitory,4.5,4.3
471,False,excitatory,0,0
472,False,excitatory,0,0
473,False,inhibitory,7.9,9.7
474,False,excitatory,1.6,1.1
475,False,excitatory,0,0
476,False,excitatory,5.1,4.6
478,False,excitatory,55.7,51.8
479,False,excitatory,1.6,1.8
480,False,excitatory,0.1,0
481,False,excitatory,0,0
483,False,inhibitory,1.8,1.9
484,False,excitatory,0.2,0.6
485,False,excitatory,6.9,4.2
486,False,excitatory,0,0
487,False,inhibitory,10.5,9.4
489,False,excitatory,9.7,10.5
490,False,inhibitory,0.6,0.3
491,False,excitatory,0.1,0.2
492,False,excitatory,0,0.1
493,False,excitatory,0.5,0.3
494,False,excitatory,0.3,0.2
495,False,inhibitory,4.9,2.4
496,False,excitatory,0,0
497,False,excitatory,0,0
498,False,excitatory,0,0
499,False,excitatory,0,0
500,False,inhibitory,0,0
501,False,excitatory,4.1,4.4
502,False,excitatory,0.1,0.1
503,False,excitatory,0,0
504,False,excitatory,3.9,4.7
505,False,excitatory,1,1.1
506,False,excitatory,0.6,0.4
507,False,excitatory,1.5,1.3
508,False,excitatory,0,0
509,False,excitatory,4.3,4.6
510,False,excitatory,0,0
511,False,excitatory,0.2,0.1
512,False,excitatory,11.2,12
513,False,excitatory,0,0
514,False,excitatory,0.1,0.1
515,False,excitatory,0.1,0.1
516,False,inhibitory,0.1,0.3
517,False,excitatory,0,0
518,False,excitatory,1.4,1.5
519,False,excitatory,0,0
520,False,excitatory,0,0
521,False,excitatory,0,0
522,False,excitatory,22.9,21.9
523,False,inhibitory,0,0
526,False,excitatory,6.2,7.8
527,False,excitatory,1.5,1.4
528,False,inhibitory,4.5,3.9
529,False,inhibitory,7,7.4
530,False,excitatory,2.2,2.3
531,False,excitatory,0,0
532,False,excitatory,17.3,16.5
534,False,excitatory,1.1,1.1
535,False,excitatory,1.2,1.1
536,False,excitatory,42.7,41.6
537,False,excitatory,0,0
538,False,excitatory,0,0
540,False,excitatory,35.6,33.4
543,False,excitatory,0,0
544,False,excitatory,0,0.1
545,False,inhibitory,0,0
546,False,excitatory,0,0
547,False,inhibitory,0.1,0.1
548,False,inhibitory,0,0
549,False,inhibitory,195.9,182.6
550,False,inhibitory,9,7.5
551,False,excitatory,14.9,14.9
552,False,excitatory,1.4,1.3
553,False,excitatory,0.1,0.1
555,False,excitatory,4.8,4.6
556,False,excitatory,0.7,0.7
557,False,inhibitory,0.3,0.3
558,False,excitatory,0,0
559,False,excitatory,3.6,5.2
561,False,excitatory,0,0
562,False,inhibitory,54.6,54.7
563,False,excitatory,0.2,0.2
564,False,excitatory,33.8,33.8
565,False,inhibitory,91,91
567,False,excitatory,0.2,0.2
568,False,excitatory,23.3,24.7
569,False,inhibitory,0.2,0.2
570,False,inhibitory,4.9,4.4
573,False,excitatory,0,0
575,False,excitatory,3.8,3.9
576,False,excitatory,28.1,26.6
577,False,excitatory,4.7,5.1
578,False,excitatory,46.3,48
580,False,excitatory,5,5.2
581,False,excitatory,0,0
583,False,inhibitory,0.8,0.6
584,False,excitatory,1.2,1.4
585,False,excitatory,0.3,0.1
586,False,inhibitory,13.1,16
587,False,inhibitory,0.3,0.1
588,False,inhibitory,16.5,17.6
589,False,excitatory,4.8,4.8
590,False,excitatory,0.1,0.3
591,False,excitatory,0,0.1
593,False,excitatory,26.1,24.7
594,False,excitatory,0,0
595,False,inhibitory,17.7,17
596,False,excitatory,0,0
597,False,excitatory,9.3,9.5
598,False,excitatory,1.6,2.3
599,False,excitatory,0,0
600,False,excitatory,0,0
602,False,excitatory,0,0
603,False,inhibitory,15.1,11.7
604,False,excitatory,1.3,1.7
605,False,excitatory,0,0
606,False,inhibitory,44,42.5
608,False,excitatory,0.1,0.1
609,False,inhibitory,24,22.4
610,False,excitatory,5,4.7
611,False,excitatory,0,0
612,False,excitatory,29.9,28.6
613,False,excitatory,0,0
614,False,excitatory,0,0
615,False,excitatory,0.9,0.8
616,False,inhibitory,51.2,51.3
617,False,excitatory,0,0
618,False,inhibitory,0.6,0.6
619,False,excitatory,0,0
620,False,inhibitory,12.5,12.3
621,False,excitatory,4.6,4.3
622,False,excitatory,0,0
623,False,excitatory,2.2,2.4
625,False,excitatory,4.5,4.5
626,False,excitatory,1.2,0.9
627,False,excitatory,4.8,4.7
629,False,excitatory,58.6,58.1
630,False,excitatory,0,0
631,False,excitatory,0,0
632,False,excitatory,0,0
633,False,inhibitory,1,0.9
634,False,excitatory,0,0
635,False,excitatory,0.1,0.2
636,False,excitatory,0,0
637,False,excitatory,0,0
638,False,excitatory,0,0
639,False,excitatory,0,0
640,False,excitatory,0.6,0.5
641,False,excitatory,1.9,2.1
642,False,excitatory,0,0
643,False,excitatory,0.1,0
644,False,inhibitory,0.1,0.3
645,False,excitatory,2.4,2.6
646,False,excitatory,0,0
647,False,excitatory,13.9,13.8
649,False,excitatory,12.5,8.8
650,False,excitatory,2.1,2.4
651,False,excitatory,0,0
652,False,excitatory,7.7,7.5
653,False,excitatory,0,0
654,False,excitatory,8,7.6
655,False,excitatory,2,1.9
656,False,inhibitory,19.3,18.2
657,False,inhibitory,0,0
658,False,excitatory,1.4,1.7
659,False,excitatory,2.7,2.5
660,False,inhibitory,0.8,0.4
661,False,excitatory,0,0
662,False,excitatory,0.2,0.3
663,False,excitatory,0.9,0.8
664,False,inhibitory,0.1,0
665,False,excitatory,3.9,4.2
666,False,excitatory,1.5,2
667,False,excitatory,0,0
668,False,inhibitory,0.3,0.3
669,False,excitatory,0,0
670,False,excitatory,0,0
672,False,excitatory,0,0
673,False,excitatory,0.7,0.7
674,False,inhibitory,0,0
675,False,excitatory,0,0
676,False,excitatory,0,0
677,False,inhibitory,36.4,31.1
678,False,excitatory,1.3,1.6
679,False,excitatory,1.2,1.1
680,False,excitatory,0,0
681,False,excitatory,4.4,5.1
682,False,inhibitory,0,0.1
683,False,excitatory,1,1.1
684,False,inhibitory,83.4,86.5
685,False,excitatory,43.1,42.1
686,False,inhibitory,7.6,7.7
687,False,excitatory,0,0
688,False,excitatory,0,0
689,False,excitatory,2.9,2.1
690,False,excitatory,2,2.7
691,False,excitatory,0.3,0.5
692,False,excitatory,10.6,10.4
693,False,excitatory,4.7,4.8
694,False,inhibitory,0,0
695,False,excitatory,16.2,17.6
697,False,excitatory,0,0
698,False,inhibitory,193.1,203.5
699,False,excitatory,4.7,4.5
700,False,inhibitory,16.6,16.5
701,False,excitatory,5.4,5.8
702,False,excitatory,0,0
703,False,excitatory,13.3,13.7
704,False,excitatory,13.1,13.7
705,False,excitatory,0,0
706,False,excitatory,13.3,14.8
707,False,excitatory,0.5,0.7
708,False,inhibitory,0,0
710,False,inhibitory,0.2,0.2
711,False,excitatory,0.1,0.1
712,False,excitatory,0,0.2
714,False,excitatory,0,0
715,False,excitatory,0.2,0.2
716,False,inhibitory,5.6,5.4
717,False,excitatory,2.9,3.1
718,False,excitatory,0,0
719,False,excitatory,6.7,7.6
720,False,excitatory,0,0
721,False,inhibitory,5.9,6
722,False,excitatory,0,0
723,False,excitatory,0,0
724,False,excitatory,0,0
725,False,inhibitory,16.1,14.8
726,False,inhibitory,0,0
727,False,inhibitory,2.3,3.2
728,False,excitatory,0.1,0.1
729,False,inhibitory,0.4,0.1
730,False,inhibitory,14.1,15.3
731,False,excitatory,7.1,7.3
732,False,excitatory,0,0
733,False,excitatory,0,0
734,False,excitatory,2.6,2.3
735,False,excitatory,0.1,0.2
736,False,inhibitory,3.2,3.5
737,False,excitatory,0,0
738,False,excitatory,0.4,0.5
739,False,excitatory,1.6,1.1
742,False,excitatory,0,0
743,False,excitatory,3,3.1
744,False,excitatory,0,0
746,False,inhibitory,33.1,32.5
747,False,inhibitory,5.8,6.9
748,False,excitatory,0,0
749,False,inhibitory,2,2.2
750,False,excitatory,0,0
751,False,excitatory,0.8,0.9
752,False,excitatory,3.6,4.5
753,False,excitatory,0.2,0.2
754,False,excitatory,5.3,4.3
755,False,excitatory,0.9,0.7
756,False,excitatory,0,0
758,False,excitatory,0.2,0.1
759,False,excitatory,0,0
760,False,inhibitory,2.2,1.5
761,False,excitatory,1.6,1.6
762,False,excitatory,0.3,0.3
763,False,excitatory,0.3,0.2
764,False,excitatory,0.3,0.1
765,False,excitatory,0.2,0.2
766,False,excitatory,0,0
767,False,excitatory,8.2,7.5
768,False,excitatory,0,0
769,False,excitatory,6.4,5.4
770,False,inhibitory,1.8,2.4
772,False,excitatory,0,0
773,False,excitatory,0,0
774,False,excitatory,1.2,1.1
775,False,excitatory,6.6,8.3
776,False,excitatory,0,0
777,False,excitatory,0,0
778,False,excitatory,0.4,0.3
779,False,excitatory,0.1,0.1
780,False,excitatory,2.8,2.4
781,False,excitatory,0,0
782,False,excitatory,9.7,10.6
784,False,inhibitory,9.4,6.6
785,False,excitatory,0,0
786,False,excitatory,0.2,0.2
787,False,excitatory,1.7,1.5
789,False,excitatory,0,0
790,False,excitatory,8.2,8.2
791,False,excitatory,19.9,20.1
793,False,excitatory,0.1,0
794,False,inhibitory,4.7,4.8
795,False,excitatory,0.1,0.1
796,False,inhibitory,62.6,65.9
797,False,excitatory,0.1,0.2
798,False,excitatory,25.5,23.9
800,False,excitatory,0.9,1.2
801,False,excitatory,0,0
802,False,excitatory,0,0
803,False,inhibitory,0,0
804,False,excitatory,0,0
805,False,excitatory,0.1,0.1
806,False,excitatory,6.7,6.5
807,False,excitatory,21.9,20.5
809,False,inhibitory,0,0.1
810,False,excitatory,0.6,0.5
811,False,excitatory,0,0
812,False,excitatory,1,0.9
813,False,excitatory,12.3,12.1
816,False,excitatory,0.7,0.6
818,False,excitatory,0,0
819,False,inhibitory,21.4,20.4
820,False,inhibitory,59.6,56.2
821,False,excitatory,0.5,0.7
822,False,inhibitory,13.6,12.1
823,False,excitatory,2.9,2.4
824,False,excitatory,0,0
825,False,excitatory,0,0
826,False,excitatory,0,0
827,False,excitatory,2.1,2.2
828,False,excitatory,5.8,5.2
829,False,excitatory,2.4,2.6
831,False,excitatory,0,0
832,False,excitatory,0,0
834,False,excitatory,0,0
835,False,excitatory,0.1,0.2
836,False,excitatory,2.1,1.6
837,False,inhibitory,0.4,0.2
838,False,excitatory,1,1
839,False,excitatory,1.6,1.8
840,False,excitatory,0,0
841,False,excitatory,0.1,0.1
842,False,excitatory,0.2,0.2
843,False,excitatory,0,0
844,False,excitatory,0,0
845,False,excitatory,0,0
846,False,excitatory,0,0
847,False,excitatory,0,0
848,False,excitatory,0,0
849,False,excitatory,0,0
850,False,inhibitory,0.7,0.7
851,False,excitatory,24.2,23
852,False,excitatory,0.1,0
853,False,excitatory,0,0
854,False,excitatory,0.5,0.6
855,False,inhibitory,3.6,2.7
856,False,excitatory,2.1,2.1
858,False,inhibitory,0.6,0.4
859,False,excitatory,0.3,0.2
860,False,excitatory,0.2,0
861,False,excitatory,18.4,18.9
862,False,excitatory,7.2,6.7
864,False,excitatory,2.8,2.9
865,False,excitatory,0,0
866,False,excitatory,0.2,0.1
867,False,excitatory,24.9,25.1
868,False,inhibitory,29.5,26.5
870,False,inhibitory,53.5,54.3
871,False,excitatory,0,0
872,False,excitatory,0,0
874,False,excitatory,0,0.1
875,False,excitatory,0,0
877,False,excitatory,0,0
878,False,excitatory,0.7,0.7
881,False,excitatory,0.4,0.6
883,False,excitatory,5.4,4.5
884,False,excitatory,0,0
885,False,excitatory,0.7,0.9
886,False,excitatory,0,0
887,False,excitatory,0,0
888,False,excitatory,0.5,0.5
889,False,inhibitory,0,0
890,False,excitatory,3.5,3
891,False,excitatory,0,0
892,False,inhibitory,0.1,0.1
893,False,excitatory,0.4,0.5
894,False,excitatory,0.2,0.1
895,False,inhibitory,9.4,8.6
896,False,excitatory,0,0
897,False,excitatory,1.7,1.6
898,False,excitatory,0,0
899,False,excitatory,0.5,0.3
900,False,inhibitory,10.2,8.7
901,False,excitatory,0,0
902,False,inhibitory,9.6,10.5
903,False,excitatory,0,0
904,False,excitatory,13.9,14.1
905,False,excitatory,0,0
906,False,excitatory,8.9,8.2
907,False,excitatory,0,0
908,False,excitatory,1.4,1.3
910,False,excitatory,1,1.1
912,False,inhibitory,4.4,4.7
913,False,excitatory,1.1,1.3
914,False,excitatory,0,0
915,False,excitatory,0.6,0.7
916,False,excitatory,0.1,0
917,False,excitatory,1.8,1.9
918,False,excitatory,0,0.3
919,False,excitatory,0.1,0.1
920,False,excitatory,0,0
921,False,excitatory,0,0.2
922,False,excitatory,0.2,0.4
924,False,excitatory,0.2,0.3
925,False,excitatory,0.6,0.4
926,False,excitatory,0.9,0.7
927,False,excitatory,0.2,0.4
928,False,excitatory,0.8,0.8
929,False,excitatory,0,0
931,False,excitatory,0,0
933,False,excitatory,0,0
934,False,excitatory,0.2,0.2
935,False,inhibitory,0.2,0.1
936,False,excitatory,0.2,0.3
937,False,excitatory,0.2,0.2
938,False,inhibitory,101.1,113.9
939,False,excitatory,7.3,6.9
940,False,excitatory,0,0
941,False,excitatory,4.5,2.7
942,False,excitatory,0,0
943,False,inhibitory,1.8,2.2
944,False,excitatory,0,0
945,False,excitatory,0,0
946,False,excitatory,0.3,0.4
947,False,excitatory,1.3,1.4
948,False,excitatory,0.3,0.2
949,False,excitatory,4.5,4.7
950,False,inhibitory,23.8,22.1
951,False,inhibitory,0,0.2
953,False,excitatory,2.4,2.5
954,False,inhibitory,0,0
955,False,excitatory,0.1,0
956,False,excitatory,0,0
957,False,inhibitory,13.4,11.8
958,False,excitatory,6.7,6.9
959,False,excitatory,0,0
960,False,excitatory,4.7,4.9
961,False,inhibitory,0,0
962,False,excitatory,8.2,8.7
963,False,inhibitory,26.9,27
964,False,excitatory,0,0
965,False,excitatory,0,0
966,False,inhibitory,0.5,0.3
967,False,excitatory,0,0
968,False,excitatory,0.1,0.1
969,False,excitatory,2.2,2.4
970,False,inhibitory,34.7,35.3
971,False,excitatory,0,0
972,False,excitatory,0.1,0.1
973,False,excitatory,0,0
974,False,excitatory,0,0
975,False,excitatory,0,0
976,False,excitatory,3.9,3.9
977,False,excitatory,0,0
978,False,excitatory,0,0
979,False,excitatory,26,21.3
980,False,excitatory,0,0
981,False,excitatory,0.9,0.8
982,False,excitatory,0.1,0.1
983,False,excitatory,1.5,1.2
984,False,excitatory,0,0
986,False,excitatory,0.1,0.1
987,False,excitatory,0,0
988,False,excitatory,0,0
989,False,excitatory,0,0
990,False,excitatory,1.2,1.1
991,False,excitatory,27.9,28.4
992,False,excitatory,0,0
993,False,excitatory,49,49
994,False,excitatory,0,0
995,False,inhibitory,28.7,24.8
996,False,excitatory,0,0
997,False,inhibitory,16.5,13.7
998,False,inhibitory,3,1.9
999,False,excitatory,0,0
1000,False,excitatory,0,0
1001,False,excitatory,0,0
1003,False,inhibitory,0.8,0.4
1004,False,excitatory,0,0
1006,False,excitatory,0,0
1007,False,excitatory,15.6,14.7
1008,False,inhibitory,7.2,7.8
1009,False,excitatory,0.2,0.1
1010,False,inhibitory,0.1,0.2
1012,False,excitatory,3.2,2.7
1013,False,inhibitory,1.3,0.8
1014,False,excitatory,0,0
1015,False,inhibitory,2.8,3.3
1016,False,inhibitory,0,0.2
1018,False,inhibitory,0,0
1019,False,excitatory,0.3,0.3
1020,False,excitatory,0.3,0.2
1022,False,inhibitory,6.9,8.3
1023,False,excitatory,0,0
1024,False,excitatory,0,0.1
1025,False,excitatory,0,0
1026,False,excitatory,0,0
1027,False,inhibitory,0.3,0.5
1028,False,excitatory,0.4,1
1029,False,excitatory,2,2.1
1030,False,excitatory,42.7,37.9
1031,False,excitatory,0,0
1032,False,inhibitory,0,0.1
1034,False,excitatory,0.5,0.5
1035,False,excitatory,17.1,16.1
1036,False,excitatory,0,0
1037,False,inhibitory,0.9,0.5
1039,False,excitatory,2.2,2
1040,False,excitatory,0,0
1042,False,excitatory,0,0
1043,False,excitatory,3.9,4.2
1044,False,inhibitory,5.1,8.6
1045,False,excitatory,0.5,0.4
1046,False,excitatory,0.2,0.2
1047,False,excitatory,0,0
1048,False,excitatory,0,0
1049,False,excitatory,0,0
1050,False,excitatory,0.1,0.2
1051,False,excitatory,0.7,0.6
1052,False,excitatory,0,0
1053,False,excitatory,0,0
1054,False,excitatory,0.2,0.1
1055,False,excitatory,0,0
1056,False,excitatory,8.3,8.3
1057,False,inhibitory,119.4,103.4
1058,False,excitatory,0.2,0.1
1059,False,inhibitory,1.3,1.1
1060,False,excitatory,0,0
1061,False,excitatory,0,0
1062,False,excitatory,0,0
1063,False,excitatory,0.1,0
1064,False,excitatory,0.3,0.3
1065,False,excitatory,0.3,0.4
1066,False,inhibitory,4,2.7
1067,False,inhibitory,70.6,76.4
1068,False,inhibitory,2.9,2.2
1069,False,excitatory,0,0
1070,False,excitatory,4,4.3
1071,False,excitatory,0,0
1072,False,excitatory,0,0
1073,False,excitatory,0,0
1074,False,excitatory,0.5,0.4
1075,False,excitatory,0.2,0.5
1076,False,excitatory,0.3,0.3
1077,False,excitatory,0,0
1078,False,excitatory,3.5,3.1
1079,False,excitatory,0,0
1080,False,excitatory,0,0
1081,False,excitatory,0,0
1082,False,excitatory,0,0
1083,False,excitatory,9,8.4
1084,False,excitatory,1.8,1.6
1085,False,excitatory,0.1,0
1086,False,excitatory,8.4,7.4
1087,False,excitatory,21.6,21.1
1088,False,inhibitory,0.6,0.6
1089,False,excitatory,2.1,2
1090,False,excitatory,2.7,2.8
1091,False,inhibitory,0.9,1.1
1092,False,inhibitory,7.4,5.4
1093,False,excitatory,1.7,2.1
1094,False,excitatory,0.1,0.1
1095,False,excitatory,0,0
1097,False,excitatory,0.9,0.8
1098,False,excitatory,1.7,1.3
1099,False,excitatory,0,0
1100,False,excitatory,0,0
1102,False,excitatory,0.2,0.2
1103,False,excitatory,0,0
1104,False,excitatory,2.1,2.2
1105,False,excitatory,11.2,9.3
1106,False,inhibitory,0,0
1107,False,inhibitory,10.1,11.3
1108,False,inhibitory,2.8,1.5
1109,False,excitatory,0,0
1110,False,excitatory,0,0.1
1111,False,excitatory,0.2,0.1
1112,False,excitatory,0.2,0.3
1113,False,excitatory,0,0
1114,False,excitatory,0,0
1115,False,inhibitory,26.6,24.7
1116,False,excitatory,0.1,0
1117,False,excitatory,0,0
1118,False,excitatory,0,0
1120,False,excitatory,0.2,0.2
1121,False,excitatory,0.9,0.5
1122,False,inhibitory,186.9,185.7
1124,False,excitatory,0,0
1125,False,excitatory,0,0
1126,False,excitatory,1.1,1.4
1127,False,inhibitory,0.2,0.3
1129,False,excitatory,0.7,1.5
1130,False,excitatory,0,0
1131,False,excitatory,0,0
1132,False,excitatory,0.7,0.7
1133,False,excitatory,0.4,0.6
1134,False,excitatory,0,0
1135,False,excitatory,0,0
1136,False,excitatory,16.1,16
1137,False,excitatory,1.2,0.9
1138,False,excitatory,1.8,2.2
1140,False,excitatory,0,0.1
1141,False,excitatory,2.3,2.5
1142,False,inhibitory,0,0
1143,False,inhibitory,0,0
1144,False,excitatory,31.3,29.2
1145,False,excitatory,3,2.5
1146,False,excitatory,1.8,1.6
1147,False,excitatory,0,0
1148,False,inhibitory,26.2,27.3
1149,False,excitatory,0.6,0.4
1150,False,excitatory,0,0
1151,False,inhibitory,0.6,0.7
1153,False,excitatory,0.1,0.1
1154,False,excitatory,0.6,0.6
1155,False,inhibitory,0.4,0.3
1156,False,inhibitory,24.7,23
1157,False,excitatory,0,0
1158,False,excitatory,0,0
1159,False,excitatory,0,0
1160,False,excitatory,0,0
1161,False,excitatory,0.6,0.5
1162,False,excitatory,0,0.1
1163,False,excitatory,0.1,0
1164,False,excitatory,2.9,3.1
1165,False,inhibitory,0.6,0.4
1166,False,excitatory,0,0.1
1167,False,excitatory,4.9,4.5
1168,False,excitatory,0.7,0.3
1169,False,excitatory,0.2,0.2
1170,False,inhibitory,2.8,3.5
1171,False,excitatory,0,0
1172,False,excitatory,0,0
1173,False,excitatory,1.5,1
1174,False,inhibitory,14.7,13.1
1175,False,inhibitory,7,8.3
1176,False,inhibitory,2,1.8
1177,False,excitatory,0,0.1
1178,False,inhibitory,33.4,33.7
1180,False,excitatory,0,0
1181,False,excitatory,5.3,4.4
1182,False,excitatory,1.4,1.3
1183,False,inhibitory,12.3,12.3
1185,False,excitatory,0,0
1186,False,excitatory,0,0
1187,False,excitatory,0,0
1188,False,excitatory,0,0
1189,False,excitatory,2.4,2.2
1190,False,excitatory,0,0
1191,False,excitatory,0.5,0.4
1192,False,inhibitory,5.3,5.4
1195,False,excitatory,0.3,0.4
1196,False,excitatory,0,0
1198,False,excitatory,2.9,2.8
1199,False,excitatory,15.3,15.5
1200,False,excitatory,0,0
1202,False,excitatory,12,11.4
1203,False,excitatory,0,0
1204,False,excitatory,0.4,0.2
1205,False,inhibitory,15.5,15.7
1206,False,excitatory,20.4,19.5
1207,False,excitatory,0,0
1208,False,excitatory,0.1,0
1209,False,inhibitory,0.5,0.3
1211,False,excitatory,0,0
1212,False,inhibitory,4.7,5
1213,False,excitatory,1.2,1.4
1214,False,excitatory,0.2,0.3
1215,False,excitatory,2.1,2.2
1216,False,excitatory,13.8,12.2
1217,False,excitatory,0.5,0.3
1218,False,excitatory,6.7,6.7
1220,False,excitatory,0.1,0.1
1221,False,excitatory,1.8,1.5
1222,False,excitatory,0.1,0.1
1223,False,excitatory,0.2,0.1
1224,False,excitatory,0.1,0.1
1225,False,inhibitory,0,0
1226,False,excitatory,3.7,3.7
1227,False,inhibitory,3.4,2.7
1228,False,excitatory,0,0
1229,False,excitatory,0,0
1230,False,inhibitory,4.7,3.9
1231,False,excitatory,0,0
1232,False,excitatory,0,0
1233,False,excitatory,0,0
1235,False,excitatory,0.1,0.3
1236,False,inhibitory,0.5,0.4
1237,False,excitatory,0,0
1238,False,inhibitory,0.1,0.7
1239,False,excitatory,10.3,11.1
1240,False,inhibitory,69,66.2
1241,False,excitatory,0.4,0.3
1242,False,excitatory,0,0
1243,False,excitatory,8.2,10.7
1245,False,excitatory,0,0.1
1246,False,excitatory,0,0
1247,False,excitatory,0.2,0.2
1248,False,excitatory,0,0
1249,False,excitatory,0,0
1250,False,inhibitory,19.8,18.8
1251,False,excitatory,0,0
1252,False,excitatory,6,6.5
1253,False,excitatory,0,0
1254,False,excitatory,1.3,1.3
1255,False,excitatory,3.1,3.7
1256,False,inhibitory,0,0.1
1257,False,excitatory,9,8.7
1258,False,excitatory,0.6,0.4
1259,False,excitatory,1,1
1260,False,excitatory,0,0
1261,False,excitatory,0,0
1262,False,excitatory,0,0
1263,False,inhibitory,41.9,42.2
1264,False,inhibitory,8,6.5
1265,False,excitatory,1.3,1.4
1266,False,excitatory,0,0
1267,False,excitatory,0,0
1268,False,excitatory,15.6,13.4
1269,False,excitatory,0,0
1270,False,excitatory,0,0
1271,False,excitatory,1.9,2
1272,False,excitatory,0,0
1273,False,inhibitory,3.3,2.8
1274,False,excitatory,0.4,0.3
1275,False,excitatory,0,0
1276,False,excitatory,12.4,12.5
1277,False,inhibitory,0.7,0.4
1278,False,excitatory,0.1,0
1279,False,excitatory,0,0
1280,False,excitatory,0.1,0.1
1281,False,excitatory,0.1,0.1
1283,False,excitatory,0,0
1284,False,excitatory,0.2,0.2
1285,False,inhibitory,0.3,0.5
1287,False,excitatory,0.7,0.8
1288,False,excitatory,1.1,0.9
1289,False,excitatory,8.1,4.4
1290,False,excitatory,3.7,3.8
1291,False,excitatory,0,0
1292,False,excitatory,0,0
1293,False,excitatory,0.1,0
1294,False,excitatory,0,0
1295,False,inhibitory,10.9,8
1296,False,inhibitory,57.2,56.1
1297,False,excitatory,4.8,5
1298,False,inhibitory,116.5,110.3
1300,False,inhibitory,21.3,21.2
1301,False,excitatory,16.2,16.1
1302,False,excitatory,0,0
1303,False,inhibitory,0,0
1304,False,excitatory,0.4,0.5
1305,False,excitatory,3,3
1306,False,excitatory,0.7,0.7
1307,False,excitatory,0,0
1308,False,excitatory,0,0
1309,False,excitatory,0,0
1310,False,excitatory,0,0
1311,False,excitatory,0.5,0.6
1312,False,inhibitory,0.2,2.1
1313,False,excitatory,0.3,0.3
1314,False,inhibitory,0.3,0.1
1315,False,excitatory,0.2,0.2
1316,False,inhibitory,13.9,13.2
1317,False,excitatory,0,0
1318,False,excitatory,3.9,4
1320,False,excitatory,0,0
1321,False,inhibitory,0.9,0.6
1322,False,inhibitory,1.2,1
1323,False,excitatory,3.6,3
1324,False,excitatory,7.4,7.3
1325,False,excitatory,2.1,1.7
1326,False,excitatory,0,0
1327,False,excitatory,0,0
1328,False,excitatory,0,0
1329,False,excitatory,0.4,0.5
1330,False,inhibitory,1.4,2.3
1331,False,inhibitory,4.7,3.9
1332,False,excitatory,0,0
1333,False,inhibitory,0.1,0.1
1335,False,excitatory,1.5,2.3
1336,False,inhibitory,6.3,7.2
1337,False,inhibitory,1.9,1.9
1338,False,excitatory,0,0
1339,False,excitatory,0.2,0.2
1340,False,excitatory,0.3,0.3
1341,False,excitatory,0,0
1342,False,excitatory,0,0
1343,False,excitatory,1.6,1.5
1348,False,excitatory,64,61.2
1349,False,inhibitory,19,19.3
1350,False,excitatory,0,0
1352,False,excitatory,0,0
1353,False,excitatory,1.7,1.8
1354,False,excitatory,0,0
1355,False,inhibitory,81.5,78.8
1356,False,excitatory,0,0
1357,False,excitatory,0,0
1358,False,inhibitory,12.8,13.1
1359,False,excitatory,0.3,0.3
1360,False,excitatory,7.8,7.5
1361,False,excitatory,4,4.5
1362,False,inhibitory,0.5,0.3
1363,False,inhibitory,1.9,1.7
1364,False,excitatory,0,0
1365,False,inhibitory,9.5,10.2
1366,False,excitatory,0.1,0.1
1367,False,excitatory,0.1,0
1368,False,excitatory,4,3.8
1369,False,excitatory,0,0
1370,False,excitatory,0,0
1371,False,excitatory,0,0
1372,False,excitatory,0.1,0.3
1373,False,excitatory,0,0
1374,False,excitatory,0,0
1375,False,inhibitory,0,0
1376,False,excitatory,0,0
1377,False,excitatory,0,0
1378,False,excitatory,41.1,40.4
1379,False,excitatory,2.1,1.6
1380,False,excitatory,3.2,3.1
1381,False,excitatory,0,0
1382,False,excitatory,0,0
1383,False,excitatory,0,0
1384,False,excitatory,0,0
1385,False,excitatory,0,0
1386,False,excitatory,0.2,0
1387,False,excitatory,0,0
1389,False,excitatory,1.4,1.5
1390,False,excitatory,1.8,1.8
1391,False,excitatory,0,0
1392,False,excitatory,0,0
1393,False,inhibitory,1.9,2
1394,False,excitatory,0,0
1395,False,excitatory,0.4,0.5
1396,False,excitatory,0,0
1398,False,excitatory,0,0
1399,False,inhibitory,0,0
1400,False,excitatory,0,0
1401,False,inhibitory,0.1,0
1402,False,excitatory,0,0
1403,False,inhibitory,0.1,0
1404,False,excitatory,0,0.4
1405,False,excitatory,0,0
1406,False,inhibitory,2.7,3.2
1407,False,inhibitory,17.6,19.7
1408,False,excitatory,0,0
1410,False,excitatory,4.6,4.6
1411,False,excitatory,0.1,0
1413,False,excitatory,0,0
1414,False,excitatory,0.1,0.2
1415,False,excitatory,0,0
1416,False,excitatory,1.1,1.2
1417,False,excitatory,0.8,0.6
1418,False,excitatory,1.2,1.2
1419,False,excitatory,0,0
1420,False,excitatory,1,1.3
1421,False,inhibitory,0.9,0.9
1422,False,excitatory,0,0
1423,False,excitatory,0,0
1424,False,inhibitory,0,0
1425,False,excitatory,0.5,0.5
1426,False,excitatory,0,0
1427,False,excitatory,0.6,0.4
1428,False,excitatory,0.1,0.1
1429,False,excitatory,0,0
1430,False,excitatory,0.4,0.4
1431,False,excitatory,2.5,1.8
1432,False,excitatory,0.2,0.5
1433,False,excitatory,0,0
1434,False,excitatory,0,0
1435,False,excitatory,0,0
1436,False,excitatory,1.8,1.8
1437,False,excitatory,0,0
1438,False,inhibitory,0.7,0.7
1439,False,excitatory,0,0
1440,False,excitatory,5.9,6.1
1441,False,excitatory,0,0
1442,False,inhibitory,9.3,11.5
1443,False,inhibitory,1.7,1.5
1444,False,excitatory,0.3,0.5
1445,False,inhibitory,6.4,7.8
1446,False,inhibitory,8,6.5
1447,False,excitatory,5.9,5.7
1448,False,excitatory,8.1,8.3
1449,False,excitatory,1.1,0.9
1450,False,excitatory,0,0
1451,False,excitatory,17.3,17.3
1452,False,excitatory,0.5,0.5
1453,False,inhibitory,0.3,0.3
1454,False,excitatory,0,0
1455,False,excitatory,0,0
1456,False,excitatory,16.1,15.2
1457,False,excitatory,0,0.1
1458,False,excitatory,0.4,0.4
1459,False,excitatory,0,0
1462,False,excitatory,0.7,0.6
1465,False,excitatory,0,0
1466,False,inhibitory,20.5,21.3
1467,False,inhibitory,1.3,0.9
1468,False,excitatory,0,0
1469,False,inhibitory,2.2,2.2
1470,False,excitatory,0.1,0
1472,False,excitatory,0.1,0.1
1473,False,excitatory,0,0
1474,False,excitatory,0.4,0.4
1475,False,excitatory,1.6,2.2
1476,False,inhibitory,0.2,0.1
1477,False,excitatory,0,0
1478,False,excitatory,5.1,5.5
1479,False,excitatory,0,0
1480,False,excitatory,0.2,0
1481,False,excitatory,0.4,0.2
1482,False,excitatory,36.9,35.1
1483,False,excitatory,0.4,0.2
1484,False,excitatory,0,0
1485,False,inhibitory,4,2.4
1486,False,inhibitory,2.4,2.5
1487,False,excitatory,0,0
1488,False,excitatory,0,0
1489,False,excitatory,0.1,0.2
1490,False,excitatory,25.9,28
1491,False,excitatory,0.1,0.1
1492,False,excitatory,0,0
1494,False,excitatory,13.5,12.7
1495,False,excitatory,0.1,0.1
1496,False,excitatory,0.1,0.1
1497,False,inhibitory,54.1,52.1
1498,False,excitatory,6.9,6
1499,False,excitatory,0.5,0.4
1501,False,inhibitory,8,7.7
1502,False,excitatory,0.6,0.5
1503,False,excitatory,0.1,0.1
1505,False,excitatory,0.1,0.3
1506,False,excitatory,0,0
1507,False,inhibitory,3.5,4.4
1508,False,excitatory,0,0
1509,False,excitatory,0.8,1.1
1510,False,excitatory,0,0
1511,False,excitatory,3.5,3.4
1513,False,excitatory,0,0
1514,False,excitatory,0.6,0.3
1515,False,inhibitory,8.1,9.4
1516,False,excitatory,1.9,2.6
1517,False,excitatory,0.1,0.1
1518,False,excitatory,0.2,0.3
1519,False,excitatory,0.7,0.7
1520,False,excitatory,0.1,0
1522,False,excitatory,1.8,1.7
1523,False,excitatory,0,0
1524,False,inhibitory,0,0
1525,False,excitatory,7.3,5.8
1526,False,excitatory,0.9,1
1527,False,excitatory,0,0
1528,False,excitatory,0,0
1529,False,excitatory,0,0
1530,False,excitatory,0.7,0.7
1531,False,excitatory,0,0
1532,False,inhibitory,0.4,0.6
1533,False,excitatory,1.7,1.4
1534,False,excitatory,0,0
1535,False,excitatory,0.7,0.7
1537,False,excitatory,0,0
1538,False,excitatory,0,0
1539,False,excitatory,0,0
1540,False,excitatory,0.2,0.2
1541,False,inhibitory,8.1,8.7
1542,False,excitatory,0,0
1543,False,excitatory,0,0
1544,False,excitatory,0.6,0.4
1545,False,inhibitory,2,1.2
1546,False,excitatory,0.1,0.1
1547,False,excitatory,5.1,5.3
1548,False,excitatory,0,0
1549,False,excitatory,0,0
1550,False,excitatory,92.2,95.6
1551,False,excitatory,0.2,0.1
1552,False,inhibitory,2.9,2.7
1554,False,excitatory,0,0
1555,False,excitatory,0.4,0.4
1556,False,excitatory,0.1,0.3
1557,False,inhibitory,0.3,0.7
1558,False,excitatory,2,2.3
1559,False,excitatory,0,0
1561,False,excitatory,6,5.6
1562,False,excitatory,0,0
1564,False,excitatory,0.1,0
1565,False,excitatory,1.6,1.1
1566,False,excitatory,0,0
1567,False,excitatory,0,0
1568,False,inhibitory,14.2,13.7
1569,False,excitatory,3.8,3.6
1570,False,excitatory,0,0
1571,False,excitatory,0.6,0.6
1572,False,excitatory,2.1,1.7
1574,False,inhibitory,51.6,49.2
1575,False,inhibitory,0,0
1576,False,inhibitory,0.1,0.1
1578,False,excitatory,0,0
1579,False,excitatory,0,0
1580,False,excitatory,0,0
1581,False,inhibitory,0.2,0.2
1582,False,excitatory,1,0.4
1583,False,excitatory,0,0
1585,False,excitatory,1.9,1.5
1586,False,inhibitory,15.8,14.7
1587,False,excitatory,0,0
1589,False,excitatory,0,0
1590,False,inhibitory,0.4,0.4
1591,False,excitatory,0.1,0.1
1592,False,excitatory,0.6,0.3
1593,False,excitatory,2.2,3.2
1594,False,inhibitory,5.2,3.9
1595,False,excitatory,0,0
1597,False,excitatory,0,0
1598,False,excitatory,0.9,0.7
1600,False,excitatory,0.1,0
1601,False,inhibitory,4.9,5.6
1602,False,excitatory,2.2,1.6
1603,False,excitatory,0.4,0.5
1604,False,excitatory,0,0
1605,False,excitatory,2.1,1.9
1606,False,excitatory,0.1,0
1607,False,excitatory,0.7,0.6
1608,False,excitatory,2.3,2.2
1609,False,excitatory,2.3,1.6
1610,False,inhibitory,8.5,8.1
1611,False,excitatory,0.1,0.1
1612,False,excitatory,0,0
1613,False,excitatory,0,0
1614,False,excitatory,0,0
1616,False,excitatory,0.2,0.2
1617,False,inhibitory,2.1,2.4
1618,False,inhibitory,9.1,9.8
1619,False,inhibitory,0,0
1620,False,excitatory,0,0
1621,False,excitatory,5.9,6.5
1622,False,excitatory,0.2,0.3
1623,False,inhibitory,0.5,0.1
1624,False,excitatory,0.6,0.4
1625,False,excitatory,9.9,9.9
1626,False,excitatory,0,0
1627,False,excitatory,0.4,0.6
1628,False,excitatory,1.9,2.2
1629,False,excitatory,0.5,0.4
1630,False,excitatory,0.1,0.1
1631,False,excitatory,1.8,1.7
1632,False,excitatory,3.1,3.5
1633,False,excitatory,0.4,0.9
1634,False,inhibitory,7.9,7.7
1635,False,excitatory,0,0
1636,False,excitatory,1.1,1.7
1637,False,excitatory,0,0
1638,False,excitatory,3.1,3.9
1639,False,inhibitory,0,0.1
1640,False,inhibitory,0.1,0
1641,False,inhibitory,3.1,3.7
1642,False,excitatory,0,0
1643,False,inhibitory,2,1.1
1644,False,inhibitory,41.7,35.8
1645,False,excitatory,3.6,3.1
1646,False,inhibitory,16.5,16.3
1648,False,excitatory,0.3,0.1
1649,False,excitatory,0.5,0.4
1650,False,excitatory,0.3,0.5
1651,False,excitatory,0,0
1652,False,excitatory,0,0
1653,False,inhibitory,0.8,1
1656,False,excitatory,1.7,1.4
1657,False,inhibitory,0.3,0.1
1658,False,excitatory,0.1,0
1660,False,excitatory,0.5,0.4
1661,False,inhibitory,1.3,1.7
1662,False,excitatory,0.1,0.1
1663,False,excitatory,0.8,0.8
1664,False,excitatory,1.2,1.5
1665,False,excitatory,0,0.2
1666,False,inhibitory,16.5,15.2
1667,False,excitatory,0.6,0.3
1669,False,excitatory,0.6,0.5
1670,False,inhibitory,2.9,2.2
1671,False,excitatory,1.3,1.3
1672,False,excitatory,8.8,8.9
1673,False,excitatory,0,0
1675,False,excitatory,0.4,0.4
1676,False,excitatory,0,0
1677,False,excitatory,12.5,12
1678,False,excitatory,1,0.8
1679,False,excitatory,0.3,0.3
1680,False,inhibitory,13.4,12.6
1681,False,excitatory,0.7,0.5
1682,False,inhibitory,0,0
1683,False,excitatory,1.4,1.3
1684,False,inhibitory,0.6,0.5
1685,False,excitatory,0,0
1686,False,excitatory,0,0
1687,False,inhibitory,0.4,0.5
1688,False,excitatory,0,0
1689,False,excitatory,0,0
1690,False,excitatory,0,0
1691,False,excitatory,0,0
1692,False,excitatory,4,3.1
1693,False,inhibitory,3.5,2.9
1694,False,inhibitory,7.8,8.2
1695,False,inhibitory,0,0.1
1696,False,excitatory,10.6,10.6
1697,False,excitatory,1.2,0.9
1698,False,excitatory,0,0
1701,False,excitatory,0.1,0
1702,False,excitatory,0,0
1703,False,excitatory,0,0
1704,False,excitatory,0,0
1705,False,excitatory,0,0
1706,False,excitatory,1,0.9
1707,False,excitatory,0,0
1708,False,excitatory,0,0
1709,False,excitatory,0.5,0.3
1710,False,excitatory,0,0
1711,False,excitatory,0.1,0.1
1712,False,excitatory,0,0
1714,False,excitatory,0,0
1715,False,excitatory,0.5,0.3
1717,False,excitatory,18,16.6
1718,False,inhibitory,23.3,21.2
1719,False,excitatory,0.3,0.2
1720,False,inhibitory,1.2,0.7
1721,False,excitatory,0,0
1722,False,excitatory,0,0
1725,False,excitatory,4.4,4.2
1726,False,inhibitory,1.9,2.6
1727,False,excitatory,0,0
1728,False,excitatory,0,0
1729,False,excitatory,11.9,12.3
1730,False,excitatory,1.6,1.1
1731,False,excitatory,0.3,0.2
1732,False,inhibitory,16.1,12
1733,False,excitatory,1.5,1.4
1734,False,excitatory,2.3,1.7
1735,False,excitatory,7.2,8.1
1736,False,excitatory,0.1,0.1
1737,False,excitatory,1.5,1.9
1738,False,inhibitory,3.6,2.9
1739,False,excitatory,0.9,0.4
1740,False,excitatory,0.1,0
1741,False,excitatory,2.5,2.5
1742,False,inhibitory,39.9,37.4
1743,False,excitatory,0.2,0.1
1744,False,excitatory,0,0
1745,False,inhibitory,2,1.6
1746,False,excitatory,23.6,22.2
1747,False,excitatory,0,0
1748,False,excitatory,17.2,16.4
1749,False,excitatory,0.7,0.7
1750,False,inhibitory,40.1,39.6
1752,False,excitatory,0.3,0.1
1753,False,excitatory,0.1,0
1754,False,excitatory,1.9,1.4
1755,False,excitatory,0,0
1756,False,inhibitory,95.6,89.6
1758,False,excitatory,2.2,1.9
1759,False,excitatory,0,0
1760,False,excitatory,0,0
1761,False,excitatory,5.3,4.9
1762,False,excitatory,0,0
1763,False,excitatory,0.1,0
1764,False,excitatory,10.5,10.7
1765,False,excitatory,0,0
1766,False,excitatory,0,0
1767,False,inhibitory,1.3,1.3
1768,False,excitatory,0,0
1769,False,excitatory,1.5,1
1771,False,excitatory,0,0
1772,False,inhibitory,1.1,1.5
1773,False,excitatory,0,0
1774,False,inhibitory,8.4,9.7
1775,False,excitatory,0,0
1776,False,excitatory,0.3,0.5
1777,False,excitatory,0,0
1778,False,excitatory,0,0
1779,False,excitatory,0,0
1780,False,excitatory,1.5,1.5
1781,False,excitatory,0,0
1782,False,excitatory,0.5,0.4
1783,False,excitatory,20.9,20.8
1784,False,excitatory,25.9,24
1785,False,excitatory,1.9,2.3
1786,False,excitatory,5.8,5.5
1787,False,inhibitory,2.3,2.1
1788,False,excitatory,0,0
1789,False,excitatory,0,0
1790,False,excitatory,2.2,1.9
1791,False,excitatory,4.2,4.1
1792,False,excitatory,11.6,11.9
1793,False,excitatory,0,0
1794,False,excitatory,0,0
1795,False,inhibitory,8.5,7.5
1796,False,excitatory,35.6,34.9
1797,False,excitatory,0.1,0
1798,False,excitatory,0,0
1799,False,excitatory,1.3,1
1800,False,excitatory,0.1,0
1801,False,inhibitory,25.3,25.3
1802,False,excitatory,0,0
1805,False,inhibitory,0,0
1806,False,excitatory,0,0
1807,False,excitatory,6.6,6
1808,False,excitatory,15.3,14.6
1809,False,excitatory,18.6,20.4
1810,False,excitatory,0.3,0.3
1811,False,excitatory,1.1,0.7
1812,False,excitatory,1.7,1.7
1813,False,inhibitory,0.2,0
1815,False,excitatory,0,0
1816,False,excitatory,0.1,0.1
1817,False,excitatory,0.2,0.1
1818,False,excitatory,0,0
1819,False,excitatory,0.1,0
1820,False,excitatory,0,0
1821,False,inhibitory,14.3,17.7
1822,False,inhibitory,30.8,30.6
1823,False,inhibitory,34.7,34.7
1824,False,inhibitory,0,0
1825,False,excitatory,2.5,2.8
1826,False,excitatory,0,0
1827,False,excitatory,7.3,6.9
1828,False,excitatory,0.7,0.8
1829,False,excitatory,1.5,1.2
1830,False,excitatory,2.4,2.8
1831,False,excitatory,0,0
1832,False,inhibitory,2.2,3.9
1834,False,excitatory,0,0
1835,False,excitatory,0.6,0.2
1836,False,inhibitory,0,0
1837,False,excitatory,0,0
1838,False,excitatory,2.1,1.2
1839,False,excitatory,2.8,2.7
1840,False,excitatory,0.6,0.5
1841,False,excitatory,0,0
1842,False,excitatory,1.3,0.6
1843,False,excitatory,0,0
1844,False,inhibitory,0,0
1845,False,excitatory,0,0
1846,False,excitatory,0,0
1847,False,inhibitory,1.2,1.4
1848,False,excitatory,2.1,2.7
1849,False,excitatory,0,0
1850,False,excitatory,1.4,2.3
1851,False,excitatory,4.5,5
1852,False,excitatory,0,0
1853,False,excitatory,0,0
1854,False,excitatory,0.5,0.4
1855,False,excitatory,0,0
1856,False,excitatory,0,0
1857,False,excitatory,0,0
1858,False,excitatory,1.5,1.3
1859,False,inhibitory,1.7,1.5
1860,False,inhibitory,3.4,4.2
1861,False,excitatory,3.4,4
1862,False,excitatory,1,0.8
1863,False,excitatory,13.1,13.1
1864,False,excitatory,0,0
1867,False,excitatory,0,0
1868,False,excitatory,0.2,0.2
1869,False,excitatory,0.3,0.2
1870,False,inhibitory,13.2,12.5
1871,False,excitatory,0.1,0.1
1872,False,inhibitory,0.3,0.2
1873,False,excitatory,1.5,1
1875,False,excitatory,0,0
1876,False,excitatory,0,0
1877,False,excitatory,1.9,2.1
1878,False,excitatory,0.7,0.6
1879,False,excitatory,1,0.9
1880,False,inhibitory,0.9,0.7
1881,False,excitatory,0,0
1882,False,excitatory,0.1,0
1883,False,excitatory,0,0
1884,False,inhibitory,41.4,38.2
1885,False,excitatory,0,0
1886,False,excitatory,0,0
1887,False,excitatory,0.7,1
1888,False,excitatory,0,0
1889,False,excitatory,0,0
1892,False,excitatory,0,0
1893,False,excitatory,0.2,0.1
1894,False,excitatory,0,0
1895,False,excitatory,0,0
1896,False,excitatory,0,0
1898,False,excitatory,0,0
1900,False,excitatory,0.5,0.6
1901,False,excitatory,0.3,0.3
1902,False,excitatory,0,0
1903,False,excitatory,0,0
1905,False,excitatory,0,0
1906,False,excitatory,0.2,0.1
1907,False,excitatory,0.2,0.2
1908,False,excitatory,1,0.8
1909,False,excitatory,0,0
1910,False,excitatory,0.1,0.1
1911,False,inhibitory,0.1,0
1912,False,excitatory,1.1,1.2
1914,False,excitatory,0.1,0.1
1915,False,excitatory,1.1,1
1916,False,excitatory,0.3,0.2
1917,False,excitatory,0.1,0.1
1918,False,excitatory,6.5,5.3
1919,False,excitatory,0,0.1
1921,False,excitatory,0.6,0.3
1922,False,excitatory,0,0
1923,False,excitatory,6.6,5.7
1924,False,excitatory,1.3,1.9
1925,False,excitatory,2.4,1.8
1926,False,excitatory,0,0
1927,False,excitatory,0,0
1928,False,excitatory,8.8,8.6
1929,False,excitatory,0,0
1930,False,excitatory,1.7,1.2
1931,False,excitatory,15,16.1
1934,False,excitatory,0,0
1935,False,excitatory,0,0
1936,False,inhibitory,19.3,20.9
1937,False,excitatory,0,0
1939,False,inhibitory,11.8,10.3
1940,False,excitatory,0.5,0.4
1941,False,excitatory,0,0
1943,False,excitatory,0,0
1945,False,excitatory,0.1,0
1946,False,inhibitory,2.2,2.3
1947,False,inhibitory,0.5,0.4
1948,False,inhibitory,1.4,1.8
1949,False,excitatory,0,0.1
1950,False,excitatory,0,0
1951,False,excitatory,0,0
1952,False,excitatory,0,0
1953,False,excitatory,0,0
1954,False,excitatory,0,0
1955,False,inhibitory,23,23.9
1956,False,inhibitory,1.8,1.6
1957,False,excitatory,2.5,2.4
1958,False,excitatory,0.8,0.9
1959,False,excitatory,3.4,3.1
1960,False,inhibitory,5.5,5.2
1961,False,excitatory,2.6,2.2
1962,False,excitatory,0.7,0.9
1963,False,excitatory,0,0
1965,False,excitatory,0,0
1966,False,inhibitory,128.1,119.2
1967,False,excitatory,0,0
1968,False,inhibitory,0.3,0.4
1969,False,excitatory,0,0
1970,False,inhibitory,7.2,5
1971,False,excitatory,0.1,0.2
1972,False,excitatory,3,3.1
1973,False,excitatory,0,0
1974,False,excitatory,0,0
1976,False,inhibitory,4.6,6.5
1977,False,inhibitory,0.5,0.5
1978,False,excitatory,2,2.2
1979,False,excitatory,0,0
1980,False,excitatory,3.5,3.4
1981,False,excitatory,11.1,10.4
1982,False,inhibitory,0.9,0.6
1983,False,excitatory,3,3
1984,False,excitatory,0,0.1
1985,False,inhibitory,5,3.9
1986,False,inhibitory,24.8,23.2
1987,False,inhibitory,4.2,3.1
1988,False,excitatory,0.6,0.6
1989,False,inhibitory,1.2,1.1
1990,False,excitatory,1.4,1.1
1991,False,excitatory,0,0
1992,False,excitatory,2.3,2.5
1993,False,excitatory,4.6,4
1994,False,excitatory,0,0
1995,False,excitatory,0,0
1996,False,excitatory,1.9,1.7
1997,False,excitatory,0,0
1998,False,excitatory,0.1,0.2
1999,False,excitatory,8.2,8.4
2000,False,excitatory,0,0
2001,False,inhibitory,0,0
2002,False,inhibitory,5.5,4.8
2003,False,excitatory,0,0
2004,False,excitatory,0.2,0.2
2005,False,excitatory,0,0
2006,False,excitatory,0,0.1
2007,False,excitatory,0,0
2008,False,excitatory,1.6,1.7
2009,False,excitatory,0,0
2010,False,excitatory,7.3,7.5
2012,False,excitatory,2.9,2.8
2013,False,excitatory,0,0
2014,False,excitatory,0,0
2015,False,excitatory,0,0
2016,False,excitatory,6,5.5
2017,False,excitatory,0,0
2018,False,excitatory,0,0
2019,False,excitatory,0,0.1
2020,False,excitatory,0,0
2021,False,excitatory,1.8,1.9
2022,False,excitatory,5.8,6.3
2023,False,inhibitory,21,19.2
2024,False,inhibitory,68.6,65.1
2025,False,excitatory,6.1,4.5
2026,False,excitatory,27.3,26.7
2027,False,inhibitory,65.3,63.1
2028,False,excitatory,9.7,9.2
2029,False,inhibitory,0.8,0.8
2030,False,excitatory,7.8,8.1
2031,False,excitatory,0.1,0
2032,False,excitatory,36.9,36.8
2033,False,excitatory,0,0
2034,False,inhibitory,120.1,114
2035,False,inhibitory,0.1,0
2036,False,excitatory,0.3,0.2
2037,False,excitatory,0,0
2038,False,excitatory,2.7,3.3
2039,False,excitatory,0,0.1
2040,False,excitatory,0.9,0.7
2041,False,excitatory,1.3,1.4
2042,False,inhibitory,36,34.6
2043,False,excitatory,27.2,27.6
2044,False,excitatory,0.1,0.2
2045,False,excitatory,0,0
2046,False,excitatory,0.4,0.4
2047,False,excitatory,0,0
2048,False,excitatory,0,0
2049,False,excitatory,0,0
2050,False,excitatory,0,0
2051,False,excitatory,0,0.1
2052,False,excitatory,1,1.1
2053,False,excitatory,3.3,3.4
2054,False,excitatory,1.6,1.9
2055,False,inhibitory,1.5,1.9
2056,False,excitatory,0,0
2057,False,excitatory,0.9,0.7
2058,False,excitatory,0,0
2059,False,excitatory,0,0
2060,False,excitatory,0,0
2061,False,excitatory,1.3,1.2
2062,False,excitatory,0,0
2063,False,excitatory,1.4,1.3
2064,False,excitatory,22.8,23.5
2065,False,excitatory,0,0
2067,False,excitatory,0.7,0.6
2068,False,excitatory,1.4,1.6
2069,False,excitatory,0,0
2070,False,inhibitory,0.4,0.3
2071,False,inhibitory,0.4,0.4
2072,False,excitatory,0,0
2073,False,excitatory,21.5,23.6
2074,False,inhibitory,4.2,4.2
2075,False,excitatory,1.9,1.4
2076,False,excitatory,0,0.1
2077,False,excitatory,0.3,0.1
2080,False,inhibitory,59.5,54.8
2081,False,excitatory,3.2,3.6
2082,False,excitatory,4.9,4.7
2083,False,inhibitory,3.5,3.3
2084,False,excitatory,0,0
2085,False,inhibitory,7.3,7.9
2086,False,excitatory,2,1.7
2087,False,excitatory,0,0
2088,False,excitatory,0.2,0.2
2089,False,excitatory,0,0
2090,False,excitatory,14.6,14.5
2091,False,excitatory,0.4,0.4
2092,False,excitatory,0,0
2093,False,excitatory,0.4,0.4
2094,False,excitatory,1.3,1.3
2095,False,excitatory,32.3,31.1
2096,False,inhibitory,4.8,4
2097,False,excitatory,0,0
2098,False,excitatory,0,0
2099,False,excitatory,0,0
2100,False,inhibitory,0.9,0.9
2101,False,inhibitory,51.2,44.1
2103,False,excitatory,0,0
2104,False,inhibitory,9.9,10.1
2106,False,excitatory,12.4,11.3
2108,False,inhibitory,44.4,43
2109,False,excitatory,5.1,4.8
2110,False,excitatory,1,0.5
2111,False,excitatory,0,0
2112,False,excitatory,0.2,0.3
2113,False,excitatory,0,0
2114,False,excitatory,5.8,6.7
2115,False,excitatory,6.4,6.1
2116,False,excitatory,0,0
2117,False,excitatory,0.4,0.4
2118,False,excitatory,4,3.9
2119,False,excitatory,0,0
2121,False,inhibitory,9.2,9
2122,False,excitatory,0,0
2124,False,excitatory,0,0
2125,False,excitatory,0,0
2126,False,inhibitory,0.3,0.4
2127,False,excitatory,0,0
2128,False,excitatory,4.5,4.2
2129,False,excitatory,0,0
2130,False,inhibitory,0,0
2131,False,inhibitory,33.3,31.3
2132,False,excitatory,0,0
2133,False,excitatory,15,14.3
2135,False,inhibitory,10.1,10.2
2136,False,excitatory,0.8,0.5
2138,False,inhibitory,0,0
2139,False,excitatory,61.6,62.4
2140,False,excitatory,0.3,0.7
2141,False,inhibitory,11.3,11.5
2142,False,excitatory,0,0
2143,False,excitatory,2.5,2.4
2145,False,excitatory,0.2,0.2
2146,False,excitatory,0,0
2147,False,excitatory,0.1,0.2
2148,False,excitatory,11.6,12.1
2149,False,inhibitory,15.5,17
2150,False,excitatory,0.1,0.2
2151,False,excitatory,0,0
2152,False,excitatory,0,0
2153,False,inhibitory,4.2,3.9
2154,False,inhibitory,0.5,0.5
2155,False,inhibitory,0.4,0.2
2156,False,inhibitory,36.1,37.6
2157,False,excitatory,0.1,0.1
2159,False,excitatory,2,1.9
2160,False,excitatory,0,0
2161,False,excitatory,0.7,0.4
2162,False,excitatory,0,0
2163,False,inhibitory,0,0
2164,False,excitatory,0.3,0.3
2165,False,excitatory,8.4,8.4
2166,False,excitatory,0,0
2167,False,inhibitory,21.4,21
2168,False,excitatory,13.7,14
2169,False,excitatory,0,0
2170,False,excitatory,0,0
2171,False,excitatory,0,0
2173,False,excitatory,0,0
2174,False,excitatory,0.1,0
2175,False,excitatory,0.2,0.1
2176,False,excitatory,0,0.1
2177,False,excitatory,5.3,5.8
2178,False,excitatory,0,0
2179,False,excitatory,0,0
2180,False,excitatory,0,0
2181,False,excitatory,0.7,0.5
2182,False,excitatory,0,0
2183,False,excitatory,7.1,7.6
2184,False,excitatory,0.1,0.1
2185,False,inhibitory,5,4.2
2186,False,excitatory,0.4,0.3
2187,False,excitatory,0,0.1
2188,False,excitatory,0,0
2189,False,inhibitory,0.2,0.6
2190,False,excitatory,2.2,1.8
2191,False,excitatory,0.7,0.6
2192,False,inhibitory,30.1,27.2
2193,False,excitatory,38.8,37.8
2194,False,inhibitory,0,0
2195,False,excitatory,3.5,3.3
2197,False,inhibitory,0,0
2198,False,excitatory,0,0.1
2199,False,excitatory,0,0
2200,False,inhibitory,0,0
2201,False,excitatory,0,0
2202,False,inhibitory,0,0
2203,False,excitatory,0,0
2204,False,inhibitory,0,0
2205,False,excitatory,0.1,0
2207,False,excitatory,0.1,0.1
2209,False,excitatory,0,0
2210,False,excitatory,8.4,7.9
2211,False,excitatory,0.1,0.1
2212,False,inhibitory,14.4,16
2213,False,excitatory,13.1,13
2215,False,excitatory,0.1,0
2216,False,inhibitory,0.1,0
2217,False,excitatory,2,1.9
2218,False,excitatory,0.2,0.3
2219,False,inhibitory,1.4,2.8
2220,False,excitatory,6.2,6.3
2221,False,excitatory,0,0
2222,False,inhibitory,0.9,0.7
2223,False,excitatory,0,0
2224,False,excitatory,0,0
2225,False,excitatory,0,0
2226,False,excitatory,0,0
2227,False,excitatory,0,0
2228,False,inhibitory,23.8,22.3
2229,False,excitatory,4.2,3.5
2230,False,excitatory,0,0
2231,False,excitatory,0.2,0.2
2232,False,inhibitory,1,0.7
2233,False,excitatory,0,0
2234,False,excitatory,0,0
2235,False,inhibitory,0.5,0.7
2236,False,excitatory,0,0
2238,False,excitatory,0,0
2239,False,excitatory,0,0
2240,False,excitatory,0,0
2241,False,excitatory,0.1,0.3
2242,False,excitatory,0.2,0.1
2243,False,excitatory,0,0
2244,False,excitatory,0.5,0.5
2245,False,excitatory,0,0
2246,False,excitatory,22.6,20.7
2247,False,excitatory,0,0.2
2249,False,excitatory,0,0
2250,False,excitatory,1.1,1
2251,False,excitatory,0,0
2252,False,excitatory,5.7,3.6
2253,False,excitatory,0,0
2254,False,excitatory,0,0
2255,False,excitatory,1.5,1.8
2256,False,excitatory,3.4,2.9
2257,False,excitatory,0,0
2258,False,excitatory,0.5,0.6
2260,False,excitatory,0,0
2261,False,excitatory,0,0
2262,False,inhibitory,1.4,1.8
2263,False,excitatory,0.1,0.1
2264,False,excitatory,0,0
2265,False,excitatory,0.6,0.5
2266,False,inhibitory,16,14.3
2267,False,excitatory,0,0
2269,False,inhibitory,1.9,2.5
2270,False,inhibitory,16,16.3
2271,False,excitatory,0,0
2272,False,excitatory,0,0
2273,False,inhibitory,15.4,16.3
2274,False,excitatory,0,0
2276,False,excitatory,0.1,0
2277,False,excitatory,1.7,1.6
2278,False,excitatory,0,0
2279,False,inhibitory,0.3,0.1
2280,False,excitatory,22.3,21.1
2281,False,excitatory,0.2,0
2282,False,inhibitory,1.2,0.8
2283,False,excitatory,1.5,1.6
2284,False,excitatory,0,0.1
2285,False,excitatory,0.6,0.6
2286,False,excitatory,7.9,8.2
2287,False,excitatory,0,0
2288,False,excitatory,0.5,0.6
2289,False,excitatory,0.8,0.5
2291,False,excitatory,0.2,0.2
2292,False,inhibitory,6.8,5.4
2293,False,inhibitory,0.1,0.2
2294,False,excitatory,0,0
2295,False,excitatory,0,0
2296,False,excitatory,0,0
2297,False,excitatory,1.1,1.1
2298,False,excitatory,2.8,2.5
2299,False,inhibitory,5.5,5.1
2300,False,excitatory,0.8,0.8
2302,False,excitatory,0,0
2303,False,inhibitory,8.6,6.9
2304,False,excitatory,0,0
2305,False,excitatory,1.5,1.3
2306,False,excitatory,3.9,3.9
2307,False,excitatory,0.4,0.6
2308,False,excitatory,0,0
2310,False,excitatory,13.9,15.3
2311,False,excitatory,0,0
2312,False,inhibitory,11.2,8.8
2313,False,excitatory,0.8,0.5
2314,False,excitatory,0,0
2316,False,excitatory,0.3,0.2
2317,False,inhibitory,0,0.1
2318,False,inhibitory,3.2,3.2
2319,False,excitatory,0.4,0.3
2320,False,excitatory,0,0
2321,False,excitatory,0,0
2322,False,excitatory,1.4,1.2
2323,False,excitatory,0,0
2324,False,excitatory,9.9,9.5
2325,False,excitatory,6.4,5.3
2326,False,excitatory,0,0
2327,False,excitatory,0,0
2328,False,excitatory,0,0
2329,False,inhibitory,14.3,12.4
2330,False,excitatory,5.4,4.5
2331,False,excitatory,1.8,1.9
2332,False,excitatory,18.9,18.2
2333,False,excitatory,0.2,0
2334,False,excitatory,0,0
2335,False,excitatory,0.4,0.3
2336,False,inhibitory,13,13.8
2337,False,excitatory,0,0
2339,False,excitatory,0,0
2340,False,excitatory,0.2,0.3
2342,False,excitatory,0,0
2343,False,excitatory,6.1,6.1
2344,False,excitatory,0.1,0
2345,False,excitatory,0,0
2346,False,excitatory,5.9,6.4
2347,False,excitatory,0,0
2348,False,excitatory,0.6,0.7
2349,False,excitatory,0,0
2350,False,inhibitory,5.9,5.3
2351,False,inhibitory,0.3,0.1
2352,False,excitatory,7.6,7.1
2354,False,excitatory,0,0
2355,False,inhibitory,0,0
2356,False,inhibitory,2.7,2.8
2357,False,excitatory,0,0
2358,False,excitatory,0.4,0.4
2359,False,excitatory,0.1,0
2360,False,excitatory,0,0
2361,False,excitatory,0.6,0.4
2362,False,excitatory,0,0
2363,False,excitatory,0.3,0.6
2364,False,excitatory,0,0
2365,False,excitatory,0.1,0.1
2366,False,excitatory,0,0
2367,False,excitatory,0.4,0.3
2368,False,excitatory,0,0
2369,False,excitatory,1,1.1
2370,False,excitatory,0.8,1
2371,False,excitatory,1.9,2
2372,False,excitatory,21,20
2375,False,excitatory,2.8,2.3
2376,False,excitatory,0,0
2377,False,excitatory,0,0
2378,False,excitatory,0.3,0.3
2379,False,excitatory,0.2,0.2
2380,False,excitatory,0,0
2381,False,excitatory,0.4,0.3
2382,False,excitatory,0,0
2383,False,excitatory,3.8,3.8
2384,False,excitatory,0,0.1
2386,False,excitatory,0,0
2387,False,excitatory,0.1,0
2388,False,inhibitory,2.7,2.9
2389,False,excitatory,0,0
2390,False,inhibitory,0.9,1.3
2391,False,excitatory,43.3,42.9
2392,False,excitatory,6.7,7
2393,False,excitatory,0,0
2394,False,excitatory,0,0
2395,False,excitatory,4.7,4.7
2398,False,excitatory,0,0
2399,False,excitatory,38.5,38.7
2400,False,excitatory,0,0
2401,False,excitatory,0,0
2402,False,inhibitory,46.5,54.4
2403,False,excitatory,0.1,0.2
2404,False,excitatory,1.8,1.6
2405,False,excitatory,1.4,1.5
2406,False,inhibitory,0,0.1
2407,False,inhibitory,16.1,14.3
2408,False,excitatory,0.8,1.1
2409,False,excitatory,8,7.5
2410,False,excitatory,62.6,64.5
2411,False,inhibitory,1.3,2.3
2413,False,excitatory,0.4,0.4
2414,False,excitatory,0,0
2415,False,excitatory,0.4,0.3
2416,False,inhibitory,0.2,0.2
2417,False,excitatory,0.7,1
2418,False,excitatory,0,0
2419,False,excitatory,0,0
2420,False,excitatory,1.2,1.3
2421,False,excitatory,0,0
2422,False,excitatory,0,0
2423,False,excitatory,0,0
2424,False,excitatory,0,0
2425,False,excitatory,0,0
2426,False,excitatory,0,0
2428,False,excitatory,0,0
2429,False,excitatory,2,2.6
2431,False,excitatory,0,0
2432,False,excitatory,0,0
2433,False,excitatory,0.8,0.9
2434,False,excitatory,0.2,0.2
2435,False,excitatory,0.4,0.4
2436,False,excitatory,5.3,6
2438,False,excitatory,0,0
2439,False,inhibitory,4.7,5
2440,False,excitatory,0.7,0.8
2441,False,excitatory,0.1,0.2
2442,False,excitatory,0,0.1
2443,False,excitatory,0.2,0.1
2444,False,excitatory,0,0
2445,False,excitatory,0,0
2447,False,excitatory,2.5,3.1
2448,False,inhibitory,108.6,106.2
2449,False,excitatory,1.8,1.8
2450,False,excitatory,8,7.7
2451,False,excitatory,0,0
2452,False,excitatory,0,0
2453,False,excitatory,4.3,3.6
2454,False,excitatory,22.7,22.5
2455,False,inhibitory,0,0
2456,False,excitatory,0,0
2457,False,excitatory,0,0
2458,False,inhibitory,0.3,0.1
2459,False,excitatory,0,0
2460,False,excitatory,0,0
2461,False,excitatory,0,0
2462,False,excitatory,1.6,1.3
2463,False,excitatory,0.5,0.5
2464,False,excitatory,2.6,1.9
2465,False,excitatory,0.5,0.4
2466,False,excitatory,2.1,2.2
2467,False,excitatory,0,0
2469,False,excitatory,0,0
2470,False,excitatory,0.1,0.1
2471,False,excitatory,0,0
2472,False,inhibitory,1.6,2.2
2473,False,inhibitory,13,13.3
2474,False,excitatory,0.3,0.1
2475,False,excitatory,10.7,10.7
2476,False,excitatory,12.3,11
2477,False,excitatory,0,0
2479,False,inhibitory,4.7,3.9
2480,False,inhibitory,0,0
2481,False,excitatory,0,0
2482,False,excitatory,0.8,0.6
2483,False,inhibitory,61.7,56.9
2484,False,excitatory,0,0
2485,False,excitatory,0,0.1
2486,False,excitatory,0,0
2487,False,excitatory,0,0
2488,False,excitatory,30.7,29.4
2489,False,inhibitory,0.1,0
2490,False,excitatory,1.9,1.6
2491,False,excitatory,0.4,0.2
2492,False,excitatory,1.4,1.4
2495,False,excitatory,0,0
2497,False,excitatory,0,0
2498,False,excitatory,0,0
2499,False,excitatory,2.9,3.2
2500,False,excitatory,0,0
2501,False,excitatory,0,0
2502,False,excitatory,0.3,0.3
2503,False,inhibitory,11.3,12.5
2504,False,excitatory,0,0
2505,False,excitatory,0,0
2506,False,excitatory,0,0
2507,False,inhibitory,17.7,17.9
2508,False,inhibitory,0.1,0.1
2509,False,excitatory,0,0
2513,False,excitatory,0,0
2514,False,excitatory,0.3,0.3
2515,False,inhibitory,4.6,5.9
2516,False,excitatory,0.2,0.1
2517,False,excitatory,5.8,3.7
2519,False,excitatory,0,0
2520,False,excitatory,0,0
2521,False,excitatory,0,0
2522,False,excitatory,0,0
2523,False,excitatory,1.1,1.3
2524,False,excitatory,0.5,0.7
2526,False,excitatory,1,1
2527,False,excitatory,0.2,0.1
2528,False,excitatory,0,0
2529,False,excitatory,0,0
2530,False,excitatory,0,0.1
2531,False,excitatory,0.2,0.2
2533,False,excitatory,0,0
2534,False,excitatory,0,0
2535,False,excitatory,0,0
2536,False,excitatory,0.2,0.4
2538,False,inhibitory,4.8,4.5
2539,False,excitatory,0.4,0.4
2540,False,excitatory,0,0
2541,False,inhibitory,0.4,0.5
2542,False,excitatory,0,0
2543,False,inhibitory,1.9,1.9
2544,False,excitatory,1,1.2
2545,False,excitatory,0,0
2546,False,excitatory,2.7,2.9
2547,False,excitatory,6.6,6.8
2548,False,excitatory,0,0
2549,False,inhibitory,0,0
2550,False,excitatory,0,0
2551,False,inhibitory,5.6,5.1
2552,False,excitatory,0,0
2553,False,inhibitory,0.9,0.6
2554,False,excitatory,5.5,5
2555,False,excitatory,0,0
2556,False,excitatory,1.8,2.1
2558,False,excitatory,3.3,3.7
2559,False,inhibitory,23.6,26.2
2560,False,excitatory,2.4,3
2561,False,excitatory,0,0
2562,False,excitatory,0,0
2563,False,excitatory,1.3,1.1
2565,False,excitatory,2.6,2.8
2566,False,inhibitory,0.2,0.1
2568,False,excitatory,0,0
2569,False,excitatory,10.2,9.8
2570,False,excitatory,0,0
2571,False,excitatory,0,0
2572,False,excitatory,45.1,43.8
2573,False,excitatory,0,0.1
2574,False,excitatory,0,0
2575,False,excitatory,0,0
2576,False,excitatory,0,0
2577,False,excitatory,2.2,2.3
2578,False,excitatory,9.8,9.6
2579,False,excitatory,0.4,0.4
2581,False,excitatory,0,0
2582,False,excitatory,0.5,0.6
2583,False,excitatory,0.2,0.3
2584,False,excitatory,0,0
2585,False,inhibitory,0,0
2586,False,inhibitory,7.9,9.1
2588,False,inhibitory,12.5,13
2589,False,excitatory,1.4,1.3
2590,False,excitatory,0.7,0.9
2591,False,excitatory,4.3,4.2
2592,False,excitatory,0,0
2593,False,excitatory,1.1,1.1
2594,False,excitatory,0.9,1.2
2595,False,inhibitory,0.1,0
2596,False,excitatory,0.2,0.2
2597,False,inhibitory,28.4,30
2598,False,excitatory,3,3.1
2599,False,inhibitory,1,1
2600,False,inhibitory,8.9,8.5
2601,False,excitatory,0,0
2602,False,excitatory,0,0
2603,False,inhibitory,6.7,5.9
2604,False,inhibitory,32.8,33.3
2605,False,excitatory,0,0
2606,False,excitatory,7.4,8.2
2607,False,excitatory,0,0
2609,False,inhibitory,0,0
2610,False,excitatory,0,0
2611,False,excitatory,2.6,2.9
2612,False,excitatory,1.8,1.8
2613,False,excitatory,0,0
2614,False,excitatory,5.6,4.2
2615,False,inhibitory,35.1,30.2
2616,False,inhibitory,0.3,0.6
2617,False,excitatory,3.4,3.7
2618,False,excitatory,0,0
2619,False,inhibitory,0.6,0.5
2620,False,excitatory,0,0
2621,False,excitatory,1.5,1.4
2622,False,excitatory,36.1,38.3
2623,False,excitatory,4.6,4.3
2624,False,excitatory,0.4,0.3
2625,False,excitatory,0,0
2626,False,excitatory,1.1,2.6
2627,False,excitatory,0.4,0.6
2628,False,excitatory,0,0
2629,False,excitatory,0.3,0.3
2630,False,excitatory,1.5,0.9
2631,False,excitatory,7.6,7.2
2633,False,excitatory,0.3,0.2
2634,False,excitatory,0.2,0.1
2635,False,excitatory,0,0
2636,False,inhibitory,11.9,10
2638,False,excitatory,0,0
2639,False,inhibitory,17.8,17.2
2640,False,excitatory,0,0
2641,False,excitatory,0.1,0.3
2642,False,excitatory,0,0
2643,False,excitatory,0,0
2644,False,excitatory,7.5,7
2645,False,excitatory,0.5,0.5
2646,False,excitatory,0,0.1
2647,False,excitatory,0.4,0.4
2648,False,excitatory,0,0
2650,False,excitatory,2,1.9
2651,False,excitatory,19.3,19.9
2652,False,excitatory,0,0
2653,False,excitatory,0.7,0.7
2654,False,excitatory,0.2,0.1
2655,False,excitatory,0.1,0.1
2656,False,inhibitory,6.5,6.5
2657,False,excitatory,0,0.1
2658,False,excitatory,0.5,0.7
2659,False,inhibitory,37.4,31.5
2661,False,excitatory,1,0.6
2662,False,excitatory,22.5,22.9
2663,False,excitatory,0,0
2664,False,excitatory,0,0
2665,False,inhibitory,0.3,0.4
2666,False,excitatory,0,0
2667,False,excitatory,0.2,0.1
2668,False,inhibitory,1.8,2
2669,False,excitatory,6.2,5.6
2670,False,excitatory,0,0.1
2671,False,excitatory,0,0
2672,False,excitatory,4.3,5
2673,False,excitatory,0,0.1
2674,False,excitatory,1.1,0.9
2675,False,excitatory,15.6,16.7
2676,False,inhibitory,0.2,0.2
2677,False,excitatory,0.1,0
2678,False,excitatory,11.7,11.9
2679,False,excitatory,0.3,0.3
2680,False,excitatory,0,0.2
2682,False,excitatory,0,0
2683,False,excitatory,0.6,0.3
2684,False,excitatory,0.2,0.2
2686,False,inhibitory,69.3,64.1
2687,False,excitatory,0.2,0.3
2688,False,inhibitory,11.5,10.2
2689,False,excitatory,0.1,0.1
2690,False,excitatory,0.1,0.1
2691,False,excitatory,4.7,4.6
2693,False,inhibitory,0.6,0.3
2694,False,excitatory,11.9,11.8
2695,False,excitatory,0,0
2697,False,excitatory,0,0
2699,False,excitatory,7.2,7
2700,False,excitatory,2,2
2701,False,inhibitory,50.7,50.2
2702,False,excitatory,0.1,0.1
2703,False,excitatory,0,0.1
2704,False,inhibitory,10,8.8
2705,False,excitatory,0.2,0.1
2706,False,excitatory,0.4,0.2
2707,False,excitatory,0,0
2708,False,inhibitory,13.1,12.9
2709,False,inhibitory,0,0
2710,False,excitatory,0,0.1
2711,False,excitatory,0,0
2712,False,excitatory,10.5,11.1
2713,False,excitatory,0.1,0.1
2717,False,excitatory,0,0.1
2718,False,inhibitory,20.3,20.2
2719,False,excitatory,1.5,1.1
2721,False,excitatory,0,0
2722,False,excitatory,0,0
2723,False,excitatory,3.2,3.1
2724,False,excitatory,0,0
2725,False,excitatory,0,0
2726,False,excitatory,8.8,8.7
2728,False,excitatory,0,0
2729,False,excitatory,0,0
2730,False,inhibitory,10.1,8.8
2731,False,excitatory,20,13.7
2732,False,inhibitory,2.3,2.8
2733,False,excitatory,0,0
2734,False,excitatory,0.4,0.4
2735,False,excitatory,0,0
2736,False,excitatory,0,0
2737,False,excitatory,18.9,19.5
2738,False,excitatory,0,0
2739,False,excitatory,1.1,0.9
2740,False,excitatory,0,0
2741,False,excitatory,0.3,0.4
2742,False,excitatory,0.2,0.2
2743,False,excitatory,0,0
2744,False,inhibitory,0.9,0.6
2745,False,excitatory,2.1,1.9
2746,False,excitatory,0.8,0.8
2747,False,excitatory,0,0
2748,False,excitatory,1.7,3
2749,False,inhibitory,0.8,0.4
2750,False,excitatory,6.1,4.9
2751,False,excitatory,0.5,0
2752,False,excitatory,0,0.1
2753,False,excitatory,11.4,11.6
2754,False,excitatory,0.1,0
2755,False,excitatory,0.1,0
2756,False,excitatory,9.9,9.8
2757,False,inhibitory,1.7,2
2758,False,excitatory,0,0
2759,False,inhibitory,143.5,147
2760,False,inhibitory,12.3,10.8
2761,False,excitatory,0,0
2762,False,excitatory,0.2,0.2
2763,False,excitatory,0,0
2764,False,excitatory,0,0
2765,False,excitatory,36.4,37.5
2766,False,excitatory,8.5,8.9
2767,False,excitatory,0,0
2768,False,excitatory,0,0
2769,False,excitatory,0.1,0
2770,False,excitatory,20.8,19.5
2771,False,excitatory,7.6,6.7
2772,False,excitatory,0,0
2773,False,excitatory,0,0
2774,False,excitatory,4.5,4.4
2775,False,excitatory,61.3,63.9
2776,False,inhibitory,0.4,0.2
2777,False,inhibitory,4.3,4.2
2778,False,excitatory,0,0
2779,False,excitatory,0.1,0.1
2780,False,excitatory,0,0
2781,False,inhibitory,0.4,0.4
2782,False,excitatory,6.4,5.5
2783,False,excitatory,0,0.1
2784,False,excitatory,0,0
2785,False,inhibitory,3.2,4
2786,False,excitatory,0.9,1.3
2787,False,excitatory,0.2,0.1
2788,False,excitatory,7.4,8
2789,False,inhibitory,23.4,21.1
2790,False,excitatory,1.6,1.4
2791,False,excitatory,0,0
2792,False,inhibitory,0,0
2793,False,inhibitory,4,4.2
2794,False,excitatory,3,3.4
2795,False,excitatory,1.7,1.5
2796,False,excitatory,0,0
2797,False,excitatory,0,0
2798,False,inhibitory,32.6,28.8
2800,False,excitatory,0,0
2803,False,excitatory,0,0
2804,False,excitatory,0.1,0
2805,False,excitatory,32.2,31.6
2806,False,excitatory,0,0
2808,False,excitatory,60.9,60.5
2809,False,excitatory,0,0
2810,False,excitatory,0,0
2811,False,excitatory,0.1,0.2
2812,False,inhibitory,6.5,6.6
2813,False,excitatory,0,0
2814,False,excitatory,0,0
2816,False,excitatory,0,0
2817,False,excitatory,37.1,40.7
2818,False,excitatory,27.3,25
2819,False,inhibitory,2.1,1.8
2820,False,excitatory,0.7,0.7
2822,False,excitatory,0,0
2823,False,inhibitory,6.2,5.9
2824,False,excitatory,0,0
2825,False,excitatory,0,0
2826,False,excitatory,0,0
2827,False,inhibitory,21,19.6
2829,False,excitatory,14.2,13.6
2830,False,excitatory,0.1,0
2831,False,inhibitory,6.4,6.7
2832,False,excitatory,0,0
2833,False,excitatory,0,0
2834,False,excitatory,0,0
2835,False,excitatory,9.6,9.6
2836,False,excitatory,0.3,0.2
2837,False,excitatory,0,0
2839,False,excitatory,9.4,10.4
2840,False,inhibitory,3.2,2.9
2841,False,excitatory,3.2,3.2
2843,False,excitatory,0,0
2844,False,excitatory,10.7,12.6
2846,False,excitatory,0,0
2847,False,excitatory,2.4,2.2
2848,False,excitatory,0.6,0.7
2849,False,excitatory,0,0
2850,False,excitatory,0,0
2852,False,excitatory,0,0
2853,False,excitatory,0,0
2854,False,excitatory,0.7,0.6
2855,False,excitatory,0,0
2856,False,excitatory,0,0
2857,False,excitatory,1.4,0.9
2858,False,excitatory,0,0
2859,False,excitatory,17.2,16.9
2860,False,inhibitory,6.7,6.9
2861,False,excitatory,0,0
2862,False,excitatory,0,0
2863,False,inhibitory,22.6,24.1
2864,False,excitatory,0.3,0.2
2865,False,excitatory,0,0
2866,False,excitatory,0,0
2867,False,excitatory,0.7,0.8
2868,False,excitatory,0.6,0.8
2869,False,excitatory,0,0
2870,False,excitatory,0,0
2871,False,excitatory,0.6,0.7
2872,False,excitatory,6.3,6.6
2873,False,excitatory,0.1,0.1
2874,False,inhibitory,186.8,177.4
2876,False,inhibitory,0.5,0.6
2877,False,excitatory,0,0
2878,False,inhibitory,12.9,12.6
2879,False,excitatory,0.2,0.3
2880,False,excitatory,2.8,2.9
2881,False,inhibitory,41.8,41.3
2882,False,excitatory,1,1.2
2883,False,excitatory,6.9,7.2
2885,False,excitatory,9.6,9.9
2886,False,excitatory,1.4,1
2887,False,excitatory,0.3,0.3
2888,False,excitatory,0,0
2889,False,excitatory,0,0
2890,False,excitatory,11.7,11.4
2891,False,excitatory,0,0
2892,False,excitatory,3.4,3.5
2893,False,inhibitory,7.6,8.5
2894,False,inhibitory,0,0.1
2895,False,excitatory,0,0
2896,False,excitatory,0,0
2897,False,excitatory,0.4,0.3
2898,False,excitatory,0,0
2899,False,excitatory,8.9,10.8
2900,False,excitatory,3.4,3.4
2901,False,excitatory,2.5,2.5
2902,False,inhibitory,0.2,0
2903,False,excitatory,0.3,0.5
2904,False,excitatory,0.3,0.3
2905,False,excitatory,11.5,12
2906,False,excitatory,5.3,4.8
2907,False,excitatory,0.7,0.7
2908,False,excitatory,0.1,0.1
2909,False,excitatory,1.9,1.9
2910,False,excitatory,0.8,0.8
2911,False,excitatory,0,0
2912,False,excitatory,0.7,0.5
2914,False,excitatory,0,0
2915,False,inhibitory,52.3,50.3
2916,False,excitatory,10,9.1
2917,False,excitatory,1.8,1.9
2918,False,excitatory,3.7,4
2919,False,excitatory,0,0
2920,False,inhibitory,7.3,7.6
2921,False,excitatory,0,0
2922,False,excitatory,0.2,0.3
2923,False,excitatory,3.5,3
2924,False,excitatory,5,5.8
2925,False,excitatory,1.8,2
2926,False,excitatory,0,0
2927,False,excitatory,5.5,5.3
2928,False,excitatory,0,0
2929,False,excitatory,3.6,3.2
2930,False,excitatory,0,0
2931,False,inhibitory,0,0.2
2932,False,inhibitory,53.5,48.6
2933,False,excitatory,0,0
2935,False,inhibitory,15.3,14.5
2936,False,excitatory,0,0
2937,False,excitatory,0,0
2938,False,excitatory,1.3,1.2
2940,False,inhibitory,32.7,36.7
2941,False,inhibitory,16.6,17.6
2942,False,inhibitory,7,8.4
2943,False,excitatory,0.9,0.6
2944,False,excitatory,0,0
2945,False,excitatory,0,0
2946,False,excitatory,0,0
2948,False,excitatory,4.2,4.4
2949,False,excitatory,0,0
2951,False,excitatory,0.7,0.8
2952,False,inhibitory,57.9,56.8
2953,False,excitatory,0.2,0.2
2954,False,excitatory,5.8,6.1
2955,False,excitatory,1.1,1
2956,False,inhibitory,0.7,1
2957,False,excitatory,0.2,0.2
2958,False,excitatory,30.4,31.2
2959,False,excitatory,2.9,2.4
2960,False,inhibitory,7.6,8
2961,False,excitatory,0,0
2962,False,excitatory,0.3,0.2
2963,False,excitatory,0,0
2964,False,excitatory,12.4,12.7
2966,False,excitatory,0.3,0.3
2967,False,excitatory,0.3,0.3
2968,False,excitatory,0.5,0.7
2969,False,excitatory,7.1,7.1
2970,False,excitatory,12.2,13.5
2971,False,excitatory,0,0
2972,False,excitatory,0,0
2974,False,excitatory,12.8,12.1
2975,False,excitatory,0,0
2976,False,excitatory,0,0
2977,False,excitatory,4.2,3.9
2978,False,excitatory,2.3,2.4
2979,False,inhibitory,20.3,24.1
2980,False,excitatory,2.7,2.3
2981,False,excitatory,0,0.1
2984,False,excitatory,1.9,2.3
2985,False,excitatory,0,0
2986,False,excitatory,1.4,0.5
2987,False,inhibitory,6,5.3
2988,False,inhibitory,24.1,24.9
2989,False,excitatory,0.1,0.3
2990,False,inhibitory,1.3,1.3
2991,False,excitatory,0,0
2992,False,excitatory,0,0
2993,False,inhibitory,11.6,11.4
2994,False,excitatory,0,0
2995,False,inhibitory,13.4,12.7
2996,False,excitatory,0,0
2997,False,excitatory,1.7,2
2999,False,excitatory,3.8,3.4
3000,False,excitatory,0,0
3001,False,excitatory,0.1,0.1
3002,False,excitatory,0,0
3004,False,excitatory,0,0
3005,False,excitatory,1,0.8
3006,False,excitatory,18.6,18.5
3007,False,excitatory,12,12.6
3008,False,excitatory,0,0
3009,False,excitatory,0,0
3010,False,excitatory,0,0
3011,False,inhibitory,1.1,1.1
3013,False,excitatory,0,0
3015,False,excitatory,5.7,6.5
3016,False,excitatory,25.5,25.6
3018,False,excitatory,0,0
3019,False,inhibitory,14.9,14.7
3021,False,excitatory,0,0
3022,False,excitatory,0.6,0.8
3024,False,excitatory,4.9,4.9
3025,False,excitatory,0.5,0.5
3027,False,excitatory,0,0
3028,False,excitatory,1.8,2
3029,False,excitatory,0.5,0.4
3030,False,excitatory,1.2,1.1
3031,False,excitatory,0,0
3032,False,excitatory,0,0
3033,False,inhibitory,13.8,12.4
3034,False,excitatory,2.9,3
3035,False,excitatory,1.1,1.1
3036,False,excitatory,1.5,1.5
3037,False,inhibitory,0.5,0.9
3038,False,excitatory,5.1,5.4
3041,False,excitatory,0.7,0.6
3042,False,excitatory,0,0
3043,False,excitatory,6.4,6.4
3044,False,excitatory,0.6,0.5
3045,False,inhibitory,1.2,1.3
3047,False,excitatory,14.2,14.4
3048,False,inhibitory,0.1,0.1
3049,False,excitatory,3.2,3.2
3051,False,excitatory,11.9,11.3
3052,False,excitatory,2.8,3.1
3053,False,excitatory,0,0
3054,False,excitatory,0,0
3055,False,excitatory,0,0
3056,False,excitatory,0.2,0.4
3057,False,excitatory,0.8,1
3058,False,excitatory,1.4,1.3
3059,False,excitatory,0.3,0.2
3060,False,inhibitory,6.4,5.2
3061,False,inhibitory,4.2,4
3062,False,excitatory,1.6,1.4
3063,False,excitatory,0,0
3064,False,excitatory,4,4.6
3065,False,excitatory,0,0
3066,False,excitatory,0,0
3067,False,excitatory,0.7,1
3068,False,excitatory,4.8,5.2
3071,False,excitatory,1.6,1.5
3072,False,excitatory,0.1,0
3073,False,excitatory,0,0
3075,False,inhibitory,10.6,11.4
3076,False,inhibitory,8.2,6.5
3077,False,excitatory,0,0
3078,False,excitatory,12.1,12.2
3079,False,excitatory,0,0
3081,False,excitatory,0,0
3082,False,excitatory,2.3,2.3
3084,False,inhibitory,4.7,3.9
3086,False,inhibitory,0,0
3087,False,inhibitory,0.1,0.2
3088,False,excitatory,0.2,0.2
3089,False,inhibitory,140,140.6
3090,False,excitatory,2.1,1.7
3091,False,excitatory,7,6.6
3092,False,excitatory,0.3,0.5
3093,False,excitatory,0,0
3094,False,excitatory,0,0
3095,False,excitatory,0,0
3097,False,excitatory,0,0
3099,False,inhibitory,11.6,9.4
3100,False,excitatory,0.2,0.2
3101,False,excitatory,0,0
3102,False,excitatory,0.2,0.2
3103,False,excitatory,8.9,8.5
3104,False,excitatory,4.5,3.9
3105,False,excitatory,0,0
3107,False,excitatory,0,0
3108,False,excitatory,0,0
3109,False,excitatory,0,0
3110,False,excitatory,0,0
3111,False,inhibitory,25,21
3112,False,excitatory,16.4,17.4
3113,False,excitatory,0,0.1
3114,False,excitatory,3.1,3.2
3115,False,excitatory,1.7,1.4
3116,False,excitatory,0,0
3117,False,excitatory,2.3,1.9
3118,False,inhibitory,16.7,12.4
3119,False,inhibitory,27.1,28
3120,False,inhibitory,115.6,119.9
3121,False,excitatory,0,0
3122,False,excitatory,0.7,0.6
3123,False,excitatory,0,0
3124,False,excitatory,0.1,0
3125,False,excitatory,0.1,0.5
3126,False,excitatory,0,0
3127,False,excitatory,0,0
3128,False,inhibitory,0.3,0.3
3129,False,excitatory,32.8,31.2
3131,False,excitatory,5,4.8
3132,False,excitatory,0,0
3133,False,excitatory,0.9,0.8
3134,False,excitatory,0.4,0.2
3135,False,excitatory,0,0
3136,False,excitatory,0.5,0.4
3137,False,inhibitory,31.9,31.6
3138,False,excitatory,0,0
3139,False,excitatory,0.1,0.1
3140,False,excitatory,0.6,0.5
3141,False,inhibitory,0.3,0.2
3142,False,inhibitory,33.8,39.5
3143,False,excitatory,0.1,0
3145,False,excitatory,0.7,0.5
3146,False,excitatory,3.5,2.5
3147,False,excitatory,0,0
3148,False,excitatory,3.5,3.3
3149,False,excitatory,0,0
3150,False,inhibitory,0,0
3151,False,excitatory,0,0
3152,False,excitatory,3.3,3.1
3153,False,excitatory,0.2,0.2
3154,False,excitatory,1.9,2.4
3155,False,excitatory,0,0
3156,False,excitatory,0,0
3157,False,excitatory,1.3,0.8
3158,False,excitatory,0,0
3159,False,excitatory,5.4,5.2
3160,False,excitatory,0.8,1
3161,False,excitatory,0,0
3162,False,excitatory,0.1,0.1
3163,False,excitatory,0,0
3164,False,excitatory,0,0
3165,False,excitatory,3.6,3.7
3166,False,excitatory,4.9,4.4
3167,False,excitatory,28.3,27.7
3168,False,excitatory,1.2,0.7
3169,False,excitatory,4.2,4.1
3170,False,excitatory,0.4,1.2
3171,False,excitatory,0,0
3172,False,inhibitory,18.5,20.3
3173,False,excitatory,0,0
3174,False,excitatory,9.8,10.7
3175,False,excitatory,0,0.1
3176,False,excitatory,0,0
3177,False,excitatory,0.3,0.3
3178,False,inhibitory,1.4,2.1
3179,False,excitatory,0.1,0
3180,False,inhibitory,6.7,6.8
3181,False,excitatory,0.4,0.3
3182,False,excitatory,0,0
3183,False,excitatory,0,0
3184,False,excitatory,0.3,0.2
3185,False,excitatory,0,0
3186,False,excitatory,0,0
3187,False,inhibitory,0,0
3188,False,excitatory,0.5,0.5
3189,False,inhibitory,44.5,42.3
3190,False,excitatory,0.3,0.2
3191,False,excitatory,3.4,3.6
3192,False,excitatory,1.4,1.7
3193,False,excitatory,0.1,0
3194,False,excitatory,8.8,9.4
3195,False,inhibitory,8.9,8
3196,False,excitatory,0.2,0.4
3197,False,excitatory,0,0
3199,False,excitatory,2.6,1.9
3200,False,excitatory,1.4,1.4
3201,False,excitatory,22.8,24
3202,False,excitatory,0,0
3203,False,excitatory,3.3,3.1
3204,False,excitatory,134.4,135.3
3205,False,excitatory,0.5,0.4
3206,False,inhibitory,12.7,10.7
3207,False,excitatory,0,0
3208,False,excitatory,7.4,7.5
3209,False,excitatory,0.6,0.9
3210,False,excitatory,2.9,3.2
3211,False,inhibitory,0,0
3212,False,inhibitory,0,0
3213,False,excitatory,0,0
3214,False,excitatory,0,0
3215,False,excitatory,0.2,0.5
3217,False,excitatory,4.6,4.2
3219,False,excitatory,0,0
3220,False,excitatory,0,0
3223,False,excitatory,0.1,0.3
3224,False,excitatory,0,0
3225,False,excitatory,1.2,1.2
3226,False,inhibitory,8.8,9
3227,False,excitatory,0.2,0.1
3228,False,excitatory,0,0
3229,False,inhibitory,4.3,4.4
3230,False,excitatory,0.1,0.1
3231,False,excitatory,0.8,0.3
3232,False,excitatory,0.1,0.1
3233,False,excitatory,0.1,0
3234,False,excitatory,5.1,4.7
3236,False,inhibitory,69,66.4
3237,False,excitatory,2.6,1.8
3238,False,excitatory,0,0
3239,False,excitatory,0,0
3240,False,excitatory,10.1,10
3241,False,excitatory,1.6,2.3
3242,False,excitatory,0,0
3243,False,inhibitory,14.4,13.4
3244,False,inhibitory,0,0
3245,False,excitatory,0.9,0.9
3246,False,excitatory,0.1,0.1
3247,False,inhibitory,0.3,0.1
3249,False,excitatory,0,0
3250,False,excitatory,1,0.9
3251,False,excitatory,0.5,0.4
3252,False,inhibitory,3.5,2.5
3253,False,excitatory,0,0.1
3254,False,inhibitory,1,0.9
3255,False,excitatory,10.2,9.4
3256,False,excitatory,0.1,0.1
3257,False,excitatory,3.7,3.5
3258,False,excitatory,0,0
3259,False,excitatory,0,0
3260,False,excitatory,0,0
3261,False,excitatory,0,0
3262,False,excitatory,0,0
3263,False,excitatory,2.6,3.2
3264,False,excitatory,0,0
3265,False,inhibitory,9.1,7.6
3266,False,inhibitory,13.5,14
3267,False,excitatory,0.3,0.3
3268,False,excitatory,0.2,0.1
3269,False,excitatory,14.8,14.4
3270,False,excitatory,0,0
3272,False,excitatory,5.6,6.4
3273,False,excitatory,0.4,0.5
3274,False,excitatory,0,0
3275,False,excitatory,0.1,0.4
3276,False,inhibitory,1.5,1.4
3278,False,excitatory,1.2,1.5
3279,False,excitatory,0.8,0.8
3280,False,excitatory,3,4.8
3282,False,inhibitory,3.3,4.6
3283,False,excitatory,0,0
3284,False,excitatory,0.2,0.1
3285,False,excitatory,0,0
3286,False,excitatory,0,0
3287,False,inhibitory,0,0
3288,False,excitatory,0.1,0.2
3289,False,inhibitory,10.9,11.3
3290,False,excitatory,0.2,0.2
3291,False,excitatory,0,0
3292,False,excitatory,0.1,0
3293,False,inhibitory,3.8,2.5
3294,False,excitatory,0,0
3297,False,excitatory,0.1,0.1
3298,False,excitatory,1,0.6
3299,False,excitatory,0,0
3300,False,excitatory,1.7,1.9
3301,False,excitatory,16,15.8
3302,False,excitatory,2.4,2.4
3303,False,excitatory,21.7,21.2
3304,False,excitatory,0,0
3305,False,excitatory,0,0
3307,False,inhibitory,27.5,28.6
3308,False,inhibitory,5.1,6.3
3309,False,excitatory,1.6,1.6
3310,False,excitatory,0,0
3311,False,inhibitory,122.3,119.6
3312,False,excitatory,0,0
3314,False,excitatory,0.9,0.6
3315,False,excitatory,0,0
3317,False,excitatory,0.3,0.3
3318,False,excitatory,3.8,3.3
3319,False,excitatory,0,0
3321,False,excitatory,0,0
3322,False,excitatory,0,0
3323,False,excitatory,2.4,2.6
3324,False,excitatory,0.3,0.7
3325,False,excitatory,5.2,4.7
3326,False,inhibitory,104.3,112.3
3327,False,excitatory,0.6,0.7
3328,False,excitatory,0,0
3329,False,excitatory,0.9,1
3330,False,inhibitory,5.9,5.5
3331,False,excitatory,0.4,0.5
3332,False,excitatory,0,0
3333,False,excitatory,0,0
3334,False,inhibitory,0.1,0.1
3335,False,excitatory,0,0
3336,False,excitatory,0,0
3337,False,excitatory,3.7,4
3338,False,excitatory,0.3,0.5
3339,False,excitatory,2.3,3.5
3340,False,excitatory,1.1,1.1
3341,False,excitatory,0.2,0.1
3342,False,inhibitory,0.1,0.1
3343,False,excitatory,0,0
3344,False,excitatory,1.8,1.6
3345,False,excitatory,0,0
3346,False,excitatory,0.1,0.1
3347,False,excitatory,1.7,1.3
3348,False,inhibitory,10.8,10.9
3349,False,excitatory,7.8,7.8
3350,False,excitatory,4.6,5.6
3351,False,inhibitory,76.3,74.6
3352,False,excitatory,0,0
3353,False,excitatory,0.1,0.1
3354,False,excitatory,5,5
3355,False,excitatory,0,0
3356,False,excitatory,0,0
3357,False,excitatory,0,0
3358,False,excitatory,0,0
3359,False,excitatory,0,0
3360,False,excitatory,0,0
3361,False,excitatory,0,0
3362,False,inhibitory,0,0
3363,False,inhibitory,67.8,68.1
3365,False,excitatory,0,0
3366,False,excitatory,0,0
3367,False,inhibitory,16.9,18.6
3368,False,excitatory,0.4,0.4
3369,False,excitatory,0.2,0.1
3370,False,excitatory,0.1,0
3371,False,excitatory,0,0
3372,False,excitatory,8.2,8.6
3373,False,excitatory,0.6,0.7
3375,False,excitatory,2.2,2
3377,False,inhibitory,12.6,13.3
3378,False,inhibitory,8.7,10.7
3379,False,excitatory,0.3,0.3
3380,False,inhibitory,2.5,3
3381,False,excitatory,0,0
3382,False,excitatory,1.1,0.9
3385,False,excitatory,0,0
3386,False,excitatory,2.3,2.1
3387,False,excitatory,6.2,5.8
3388,False,inhibitory,0.1,0.2
3389,False,inhibitory,0.4,0.4
3390,False,excitatory,14,15.2
3393,False,excitatory,0,0
3394,False,excitatory,1.3,1.4
3395,False,excitatory,0,0
3396,False,excitatory,0,0
3397,False,excitatory,7.4,7.7
3398,False,excitatory,1.9,1.8
3399,False,inhibitory,23.2,21
3400,False,excitatory,0.9,0.7
3401,False,excitatory,0,0
3402,False,inhibitory,7.9,9.1
3403,False,inhibitory,0,0
3405,False,inhibitory,0,0
3406,False,excitatory,0,0
3409,False,excitatory,0,0
3410,False,excitatory,0,0
3412,False,excitatory,0,0
3413,False,inhibitory,1,0.4
3414,False,excitatory,0,0
3415,False,excitatory,3.3,3.5
3416,False,excitatory,3.6,2.9
3417,False,excitatory,0,0
3419,False,excitatory,0,0
3420,False,inhibitory,5.8,4.9
3421,False,excitatory,0,0
3422,False,excitatory,0.1,0.1
3423,False,excitatory,1.5,1
3424,False,excitatory,0,0
3425,False,excitatory,2.9,3.1
3426,False,excitatory,0,0
3427,False,excitatory,0,0
3428,False,inhibitory,0.1,0.1
3429,False,excitatory,3,3
3431,False,excitatory,4.8,4.9
3435,False,excitatory,5.6,5
3436,False,excitatory,1.7,1.7
3437,False,excitatory,0,0
3438,False,inhibitory,9,8
3439,False,excitatory,0,0
3440,False,excitatory,0.3,0.1
3441,False,excitatory,1.5,1
3442,False,excitatory,1.2,1.8
3444,False,excitatory,3.4,3.9
3446,False,inhibitory,3.8,3.7
3447,False,inhibitory,0,0
3448,False,excitatory,0,0
3449,False,inhibitory,0.9,0.9
3450,False,inhibitory,5.4,4.4
3451,False,excitatory,0,0
3452,False,excitatory,12.9,13.6
3453,False,excitatory,0.2,0.2
3454,False,excitatory,1.1,1.1
3456,False,excitatory,0,0
3457,False,inhibitory,2.7,2.4
3458,False,excitatory,0,0
3459,False,excitatory,0.7,0.6
3460,False,excitatory,0.1,0.1
3461,False,excitatory,0,0
3462,False,excitatory,1.9,1.8
3463,False,excitatory,0,0
3464,False,inhibitory,8.2,7.7
3465,False,excitatory,2.1,2
3466,False,excitatory,0.2,0.2
3467,False,excitatory,0,0
3468,False,excitatory,0,0
3469,False,excitatory,0,0
3470,False,inhibitory,8.5,8.8
3472,False,excitatory,0.2,0.3
3473,False,excitatory,0.1,0
3474,False,excitatory,0,0
3475,False,excitatory,0.2,0.3
3476,False,excitatory,7.3,7.5
3477,False,inhibitory,3.5,3.7
3478,False,excitatory,0,0
3479,False,excitatory,2.9,2.1
3480,False,excitatory,0.8,0.4
3481,False,excitatory,0.4,0.3
3482,False,excitatory,0,0
3483,False,excitatory,50.4,50.2
3484,False,excitatory,0,0.1
3485,False,excitatory,0.9,1.1
3486,False,excitatory,2,2.2
3487,False,excitatory,0,0
3488,False,excitatory,1.1,1.4
3489,False,inhibitory,0,0
3490,False,excitatory,6.1,6
3492,False,excitatory,6.8,7.2
3493,False,excitatory,0,0
3494,False,inhibitory,106.3,108.2
3495,False,excitatory,0,0
3496,False,excitatory,0,0
3497,False,excitatory,0,0
3498,False,inhibitory,0.5,0.4
3499,False,excitatory,0.4,0.6
3500,False,excitatory,9.5,10
3501,False,excitatory,0,0
3502,False,excitatory,0.1,0.1
3503,False,excitatory,0,0
3504,False,inhibitory,1.1,0.9
3505,False,excitatory,15.1,18.8
3507,False,inhibitory,188.7,194.5
3508,False,excitatory,8.8,9.4
3509,False,excitatory,0,0
3510,False,inhibitory,2.2,2.1
3511,False,excitatory,7.3,8.1
3512,False,excitatory,1.7,1.5
3513,False,excitatory,0.3,0.5
3514,False,excitatory,9.8,8.7
3515,False,inhibitory,118.1,116.9
3516,False,excitatory,0,0
3517,False,excitatory,0,0
3518,False,excitatory,0,0
3519,False,excitatory,4.3,4.8
3521,False,excitatory,10.1,9.8
3522,False,excitatory,3.7,4
3523,False,excitatory,0.3,0.3
3524,False,excitatory,0.3,0.1
3525,False,excitatory,0,0
3526,False,excitatory,0,0
3527,False,excitatory,6.2,5.4
3528,False,excitatory,0.6,0.6
3529,False,excitatory,0,0
3530,False,excitatory,0.1,0.1
3531,False,excitatory,0,0
3532,False,excitatory,0,0
3533,False,excitatory,0.6,0.7
3534,False,inhibitory,3.1,3.4
3535,False,excitatory,0,0
3536,False,excitatory,0,0
3537,False,inhibitory,19.1,17.2
3538,False,excitatory,1.3,1
3539,False,excitatory,0,0
3540,False,excitatory,0.7,0.6
3541,False,excitatory,18.2,19.3
3542,False,excitatory,0,0
3543,False,inhibitory,14.1,16.9
3544,False,excitatory,0,0
3545,False,excitatory,0,0
3547,False,excitatory,4.8,4.6
3548,False,excitatory,0,0
3549,False,excitatory,15.7,15.5
3550,False,excitatory,0,0
3551,False,excitatory,0.2,0.2
3552,False,excitatory,0,0.1
3553,False,excitatory,0,0
3555,False,excitatory,2,2.6
3556,False,excitatory,0,0
3557,False,excitatory,2.4,2.5
3558,False,excitatory,0,0
3559,False,excitatory,0,0
3560,False,excitatory,11.5,11.4
3561,False,excitatory,0.6,0.9
3562,False,excitatory,0.1,0
3563,False,excitatory,0,0
3564,False,excitatory,0.1,0.1
3565,False,excitatory,0.2,0.2
3566,False,excitatory,0.8,0.7
3567,False,excitatory,6.1,6.2
3568,False,excitatory,0,0
3569,False,excitatory,1.1,0.6
3570,False,excitatory,0,0
3571,False,excitatory,0.5,0.5
3572,False,inhibitory,46.9,37.1
3573,False,excitatory,0,0
3574,False,excitatory,0,0
3575,False,excitatory,0,0
3576,False,excitatory,0,0
3578,False,excitatory,0,0
3581,False,excitatory,0.6,1.1
3582,False,excitatory,17.8,17.3
3583,False,excitatory,13.3,13.5
3584,False,excitatory,0.1,0.2
3586,False,excitatory,1.2,1.1
3587,False,excitatory,0,0
3588,False,excitatory,0.1,0.1
3589,False,inhibitory,5.3,5.5
3591,False,inhibitory,3,2.8
3592,False,excitatory,0,0
3593,False,excitatory,0,0
3594,False,excitatory,0,0
3595,False,excitatory,1.4,1.1
3597,False,excitatory,0,0
3598,False,excitatory,0,0
3600,False,excitatory,7.2,7.9
3601,False,excitatory,1.3,1.2
3602,False,excitatory,0,0
3603,False,excitatory,0.1,0.1
3604,False,excitatory,0,0
3605,False,inhibitory,1.6,1.1
3606,False,excitatory,0,0
3607,False,inhibitory,29,24.6
3608,False,excitatory,0,0
3609,False,inhibitory,3.5,2.5
3610,False,excitatory,14.4,14.6
3611,False,excitatory,0,0
3612,False,excitatory,0.8,0.7
3613,False,excitatory,0.1,0.1
3614,False,excitatory,0,0
3616,False,excitatory,0.8,1
3617,False,excitatory,6.7,6.6
3619,False,excitatory,9.2,7.9
3620,False,excitatory,0,0.1
3621,False,excitatory,0,0
3622,False,excitatory,0,0.1
3623,False,excitatory,0,0
3625,False,excitatory,13.9,13.1
3626,False,excitatory,0.3,0.2
3627,False,excitatory,0,0
3628,False,excitatory,4.6,4.3
3629,False,inhibitory,0.4,0.3
3630,False,excitatory,0.3,0.2
3631,False,excitatory,2.3,2
3632,False,excitatory,0,0
3633,False,excitatory,10.5,11.3
3634,False,inhibitory,0.5,0.9
3635,False,excitatory,3.5,2.9
3636,False,excitatory,0,0
3637,False,excitatory,0,0
3638,False,excitatory,0,0
3639,False,inhibitory,4.5,5
3640,False,excitatory,0,0
3641,False,inhibitory,0.2,0.3
3643,False,inhibitory,31.5,33.6
3644,False,excitatory,0,0
3645,False,excitatory,0.1,0.2
3646,False,excitatory,0,0
3647,False,excitatory,0.2,0.2
3648,False,inhibitory,0.2,0.2
3649,False,excitatory,2.9,3.7
3650,False,excitatory,0.2,0.1
3651,False,excitatory,0,0
3652,False,inhibitory,1.4,2.2
3653,False,excitatory,0.3,0.4
3654,False,inhibitory,5.6,7.7
3655,False,excitatory,0.4,0.6
3658,False,excitatory,0.1,0.1
3659,False,inhibitory,28.9,32.4
3660,False,excitatory,0,0
3661,False,excitatory,0,0
3662,False,inhibitory,0,0
3663,False,excitatory,0,0
3664,False,excitatory,0,0
3665,False,excitatory,2.2,2.9
3666,False,excitatory,0,0.2
3667,False,excitatory,0,0
3669,False,excitatory,1.5,1.3
3670,False,excitatory,0.1,0
3671,False,excitatory,0,0
3672,False,excitatory,0,0
3673,False,excitatory,0.2,0.4
3674,False,excitatory,3.3,3.5
3675,False,excitatory,2.4,2
3677,False,excitatory,0.3,0.3
3678,False,excitatory,0,0
3679,False,excitatory,0.2,0.3
3680,False,excitatory,0,0
3681,False,excitatory,0,0.5
3682,False,excitatory,0,0
3683,False,excitatory,0.1,0.2
3684,False,excitatory,4,3.4
3685,False,inhibitory,0,0
3686,False,excitatory,0,0
3688,False,excitatory,0.4,0.4
3689,False,inhibitory,0,0.2
3690,False,excitatory,0.5,0.2
3691,False,excitatory,16.1,14.3
3692,False,excitatory,0,0
3694,False,excitatory,2.4,3.1
3695,False,excitatory,0.6,0.6
3696,False,excitatory,0,0
3698,False,excitatory,1.4,1.5
3699,False,excitatory,0,0
3701,False,excitatory,1,0.7
3702,False,excitatory,0,0
3704,False,inhibitory,0.4,0.2
3705,False,excitatory,0.1,0.1
3706,False,excitatory,1.5,1.5
3707,False,excitatory,1.3,1.1
3708,False,excitatory,3.6,3.6
3709,False,excitatory,0,0.2
3711,False,inhibitory,9,7.1
3712,False,inhibitory,22.2,18.8
3713,False,excitatory,0,0
3714,False,excitatory,6,5.8
3715,False,excitatory,3.7,3.8
3716,False,excitatory,0,0
3717,False,excitatory,0,0
3718,False,excitatory,0,0
3719,False,excitatory,0.1,0.1
3720,False,inhibitory,0.6,0.6
3721,False,excitatory,5,5.2
3722,False,inhibitory,9.6,9.8
3723,False,excitatory,1.9,1.8
3724,False,inhibitory,12.6,11.4
3725,False,excitatory,2.2,2
3726,False,excitatory,0,0
3727,False,excitatory,0.4,0.4
3728,False,excitatory,3.2,2.5
3729,False,excitatory,12.7,13
3730,False,excitatory,1,0.9
3731,False,excitatory,1.4,1.3
3732,False,inhibitory,9.6,8.4
3733,False,excitatory,0,0.1
3734,False,excitatory,2.2,2.1
3735,False,excitatory,0,0
3736,False,inhibitory,13.2,14.7
3737,False,inhibitory,0.8,0.8
3738,False,excitatory,0,0.1
3740,False,excitatory,0.4,0.4
3741,False,excitatory,0.3,0.4
3742,False,inhibitory,0,0
3743,False,excitatory,0.5,0.5
3744,False,excitatory,0,0
3746,False,inhibitory,6.6,9
3747,False,excitatory,6.6,6.2
3748,False,inhibitory,86.7,86.2
3749,False,excitatory,0,0
3750,False,excitatory,0,0
3751,False,excitatory,8.3,7.3
3752,False,excitatory,0,0
3753,False,excitatory,0.6,0.5
3754,False,excitatory,10.2,9.9
3755,False,excitatory,0,0
3756,False,excitatory,0.1,0.1
3757,False,inhibitory,32.6,34.3
3758,False,excitatory,0,0
3759,False,excitatory,0.9,1
3760,False,excitatory,0,0
3761,False,excitatory,12.5,12.3
3762,False,excitatory,5.8,5.2
3763,False,excitatory,0.1,0.3
3764,False,inhibitory,0.4,0.1
3765,False,excitatory,4.2,3.8
3766,False,excitatory,0.2,0.1
3771,False,excitatory,1.1,0.9
3772,False,inhibitory,4.6,4.5
3773,False,inhibitory,31.6,34.9
3774,False,excitatory,13.1,15.5
3776,False,excitatory,0,0
3777,False,excitatory,1,0.9
3778,False,excitatory,1.9,1.6
3779,False,excitatory,1.2,1.3
3780,False,excitatory,0,0
3781,False,excitatory,0,0
3782,False,excitatory,0,0
3784,False,excitatory,0,0
3785,False,excitatory,1.7,1.6
3786,False,excitatory,0,0
3787,False,excitatory,0,0
3788,False,excitatory,0.5,0.6
3790,False,excitatory,23.3,22.4
3791,False,excitatory,2.2,2.7
3792,False,excitatory,1.4,1.5
3793,False,inhibitory,7.5,7.6
3794,False,excitatory,0,0
3795,False,excitatory,0,0
3796,False,excitatory,1.6,1.7
3798,False,excitatory,3.5,3.5
3799,False,excitatory,0,0
3800,False,excitatory,0.5,0.6
3801,False,inhibitory,2,1.9
3802,False,excitatory,0,0
3803,False,excitatory,7.3,7.9
3804,False,excitatory,0.3,0.3
3805,False,excitatory,0.6,0.8
3806,False,excitatory,0,0
3807,False,excitatory,17.8,17
3808,False,excitatory,0,0
3809,False,inhibitory,0.3,0.6
3810,False,excitatory,0.8,0.3
3811,False,excitatory,0.4,0.3
3812,False,inhibitory,0,0
3813,False,excitatory,0.2,0.2
3814,False,excitatory,18.3,18.7
3815,False,excitatory,0,0
3816,False,excitatory,0,0
3817,False,excitatory,2.1,2.1
3818,False,excitatory,0.2,0.2
3819,False,excitatory,0,0.1
3820,False,inhibitory,7.5,7
3821,False,inhibitory,4.7,5.4
3822,False,excitatory,0,0
3823,False,inhibitory,1.3,0.9
3824,False,excitatory,0,0.1
3825,False,excitatory,0.2,0.2
3826,False,excitatory,0.1,0.1
3827,False,excitatory,23.2,22
3828,False,inhibitory,2.5,2.7
3829,False,excitatory,0,0
3830,False,excitatory,3.6,3.2
3831,False,excitatory,9.7,9.9
3832,False,excitatory,0,0
3833,False,excitatory,1.3,1.1
3834,False,excitatory,0.7,0.8
3835,False,excitatory,0,0
3836,False,excitatory,0,0
3837,False,excitatory,5,5
3838,False,excitatory,0.2,0.1
3840,False,excitatory,0.2,0.2
3841,False,excitatory,0.1,0.1
3842,False,excitatory,1,1
3844,False,inhibitory,9.4,10.3
3846,False,excitatory,0,0
3847,False,excitatory,0,0
3848,False,excitatory,0,0
3849,False,inhibitory,5.6,4.5
3850,False,excitatory,3.3,3.8
3851,False,excitatory,0,0
3853,False,excitatory,1.3,1.5
3854,False,excitatory,0,0
3855,False,excitatory,7.5,7
3857,False,excitatory,1.9,2
3858,False,excitatory,0,0
3859,False,inhibitory,8.6,7
3860,False,inhibitory,0.1,0.1
3861,False,excitatory,2.8,3
3862,False,excitatory,1.7,1.5
3863,False,excitatory,0,0
3864,False,inhibitory,4.3,3.5
3865,False,inhibitory,0.9,0.9
3866,False,excitatory,0,0
3867,False,excitatory,0.1,0.1
3868,False,inhibitory,18.5,18.8
3869,False,excitatory,0.7,0.3
3870,False,excitatory,0.2,0.1
3871,False,excitatory,0.1,0
3872,False,excitatory,0,0
3873,False,excitatory,7.4,7.4
3874,False,excitatory,0.4,0.3
3875,False,excitatory,9.3,10
3876,False,excitatory,0,0
3878,False,excitatory,0,0
3879,False,excitatory,0,0
3880,False,excitatory,69.7,67.2
3881,False,excitatory,1.4,1.2
3882,False,excitatory,1,0.8
3883,False,excitatory,6.1,5.8
3885,False,excitatory,4.8,4.1
3886,False,excitatory,4.5,4.6
3887,False,excitatory,0.7,0.8
3888,False,excitatory,0,0
3890,False,excitatory,0,0
3891,False,excitatory,2.3,2.1
3892,False,excitatory,0.2,0
3893,False,excitatory,0,0
3895,False,excitatory,23.4,26.7
3897,False,excitatory,0.3,0.2
3898,False,excitatory,0.1,0
3900,False,excitatory,0.4,0.4
3901,False,excitatory,0,0
3902,False,excitatory,0,0
3903,False,excitatory,2.6,2.7
3904,False,excitatory,0.3,0.1
3905,False,excitatory,0.4,0.4
3906,False,excitatory,1.5,0.7
3907,False,excitatory,0.2,0.1
3908,False,inhibitory,1.2,1.4
3910,False,excitatory,5.6,5.2
3911,False,inhibitory,1.7,2.6
3912,False,excitatory,0,0
3913,False,excitatory,0,0
3914,False,excitatory,0.2,0.1
3915,False,excitatory,0.4,0.4
3916,False,excitatory,0.9,1.6
3917,False,excitatory,0,0
3918,False,excitatory,5.7,5.5
3919,False,excitatory,0,0
3920,False,excitatory,1.7,1.7
3922,False,inhibitory,0.6,1.1
3923,False,excitatory,0,0
3924,False,inhibitory,1,0.5
3925,False,excitatory,0,0
3926,False,excitatory,0.8,0.8
3927,False,inhibitory,7.8,5.6
3928,False,excitatory,0.1,0.2
3929,False,excitatory,0,0
3930,False,excitatory,6.2,6.3
3931,False,excitatory,0.3,0.4
3932,False,excitatory,0,0
3933,False,excitatory,0.4,0.2
3934,False,excitatory,6.1,5.6
3935,False,inhibitory,11.2,12.5
3936,False,excitatory,0,0
3937,False,inhibitory,0.1,0
3938,False,excitatory,1.5,1.8
3939,False,excitatory,0,0
3940,False,excitatory,3.4,3.5
3941,False,excitatory,28.2,27.3
3942,False,excitatory,2.5,2.8
3944,False,inhibitory,16.5,16.2
3945,False,excitatory,4.3,4.9
3946,False,excitatory,4.3,4.2
3947,False,excitatory,2.3,1.9
3948,False,excitatory,5.9,6.1
3949,False,excitatory,0,0
3950,False,excitatory,0,0
3951,False,excitatory,2.9,2.8
3953,False,excitatory,0.4,0.6
3954,False,inhibitory,0,0
3955,False,excitatory,1.5,1.4
3956,False,excitatory,0,0
3957,False,excitatory,0.4,0.4
3959,False,excitatory,0,0.1
3960,False,excitatory,0.6,0.3
3961,False,excitatory,0,0
3962,False,excitatory,6.3,6.2
3963,False,excitatory,4.1,4.7
3964,False,excitatory,0.2,0.3
3965,False,inhibitory,18.9,18.3
3966,False,excitatory,0,0
3967,False,excitatory,0.9,1.3
3968,False,excitatory,6.1,6.6
3969,False,excitatory,0.1,0
3970,False,inhibitory,13,6.7
3972,False,inhibitory,35.3,32
3973,False,excitatory,0,0
3974,False,excitatory,0,0
3975,False,inhibitory,1.7,1.4
3976,False,excitatory,2.8,2.8
3977,False,excitatory,0,0
3978,False,excitatory,6.8,6.9
3979,False,excitatory,0.3,0.4
3980,False,excitatory,0,0
3981,False,excitatory,0.1,0
3982,False,excitatory,0,0
3983,False,inhibitory,18.3,17.2
3984,False,inhibitory,4.3,4.2
3985,False,inhibitory,1.9,2.5
3987,False,excitatory,0.9,0.9
3988,False,excitatory,0,0
3989,False,excitatory,0,0
3991,False,inhibitory,0,0
3992,False,excitatory,0.7,0.7
3993,False,excitatory,0,0
3994,False,excitatory,0.1,0.1
3995,False,excitatory,0.1,0
3996,False,excitatory,0.5,0.3
3997,False,excitatory,0.8,0.7
3998,False,excitatory,0,0
3999,False,excitatory,0,0
4000,False,excitatory,0.1,0.1
4001,False,excitatory,0.1,0.1
4002,False,excitatory,0.5,0.5
4003,False,excitatory,0.3,0.3
4004,False,inhibitory,28.3,30
4005,False,excitatory,0.5,0.5
4006,False,excitatory,0.8,0.4
4007,False,excitatory,19.6,17.3
4008,False,excitatory,1.1,1.2
4009,False,excitatory,0,0
4010,False,excitatory,0,0
4011,False,excitatory,0.4,0.4
4012,False,excitatory,0,0
4013,False,excitatory,0,0
4014,False,excitatory,0,0
4015,False,excitatory,0,0
4016,False,excitatory,0,0
4017,False,excitatory,0.7,0.9
4018,False,excitatory,3.5,2.3
4019,False,excitatory,0,0
4020,False,inhibitory,4.2,4.8
4021,False,inhibitory,0,0.5
4022,False,excitatory,0,0
4023,False,inhibitory,4.4,3.6
4024,False,excitatory,6.1,6.3
4025,False,excitatory,0,0
4026,False,excitatory,0,0
4027,False,excitatory,6.2,5.5
4028,False,excitatory,0,0.2
4030,False,excitatory,0,0
4031,False,excitatory,4.2,3.9
4032,False,inhibitory,4.5,4.6
4033,False,excitatory,0,0
4034,False,excitatory,9.5,9.4
4035,False,excitatory,0,0
4036,False,excitatory,0.3,0.1
4037,False,excitatory,0,0
4038,False,excitatory,0.3,0.2
4039,False,excitatory,14.5,15.6
4040,False,excitatory,0,0
4041,False,excitatory,2.3,2.2
4042,False,excitatory,18,19.1
4043,False,inhibitory,3.1,3.1
4044,False,excitatory,0.3,0.5
4045,False,excitatory,0,0
4047,False,excitatory,0,0
4048,False,excitatory,0,0
4049,False,excitatory,0.4,0.4
4050,False,excitatory,0,0
4052,False,excitatory,0,0
4053,False,excitatory,0.4,0.6
4054,False,inhibitory,0.8,0.8
4055,False,excitatory,12.1,10.9
4056,False,excitatory,0,0
4057,False,excitatory,0.3,0.3
4058,False,inhibitory,1.5,1.7
4060,False,inhibitory,0,0
4061,False,excitatory,0,0
4062,False,excitatory,0,0
4063,False,excitatory,2.7,2.7
4065,False,excitatory,5.7,6
4066,False,excitatory,0.1,0
4067,False,excitatory,4.1,4.5
4068,False,inhibitory,9.2,8.1
4069,False,excitatory,0.3,0.4
4070,False,inhibitory,0,0
4071,False,excitatory,1.8,1.7
4072,False,inhibitory,8.6,8
4074,False,excitatory,0.2,0.1
4075,False,excitatory,0,0
4076,False,excitatory,0,0
4078,False,inhibitory,0.2,0.1
4079,False,excitatory,0,0
4080,False,excitatory,0.4,0.4
4081,False,excitatory,21.3,23.2
4083,False,inhibitory,1.7,2.2
4084,False,inhibitory,0.8,0.6
4085,False,excitatory,0.2,0.1
4086,False,inhibitory,75.4,76.7
4087,False,inhibitory,1.5,1.5
4088,False,inhibitory,7.6,5.7
4089,False,excitatory,0,0
4090,False,excitatory,15.1,14.7
4092,False,excitatory,0.5,1
4093,False,inhibitory,17.6,18
4094,False,excitatory,0.1,0.1
4095,False,excitatory,0,0
4096,False,excitatory,1.5,1.1
4097,False,excitatory,0,0
4098,False,excitatory,0,0
4099,False,excitatory,0.5,0.4
4100,False,excitatory,0.2,0.1
4101,False,inhibitory,0,0
4102,False,excitatory,0,0
4103,False,inhibitory,8.7,9.6
4104,False,inhibitory,0.1,0.3
4105,False,inhibitory,5.5,5.3
4107,False,excitatory,8.5,8.7
4108,False,excitatory,0,0
4109,False,excitatory,0.7,1
4110,False,excitatory,16.3,16.8
4111,False,excitatory,0.3,0.2
4113,False,excitatory,0.4,0.5
4114,False,excitatory,0.8,1
4115,False,excitatory,1.8,1.5
4116,False,excitatory,0.6,0.9
4119,False,excitatory,0.7,0.9
4120,False,excitatory,0.1,0.2
4122,False,excitatory,0.2,0
4123,False,excitatory,2.1,1.7
4125,False,excitatory,0,0
4126,False,excitatory,0.3,0.1
4127,False,excitatory,0,0
4128,False,excitatory,0.5,0.7
4129,False,excitatory,0.3,0.4
4130,False,excitatory,0,0
4131,False,excitatory,0.1,0
4132,False,excitatory,0.1,0.1
4133,False,excitatory,6,7.4
4134,False,excitatory,0,0
4135,False,inhibitory,91.7,85
4136,False,inhibitory,6.4,7.5
4137,False,excitatory,2.1,1.8
4138,False,excitatory,0,0
4139,False,excitatory,0.5,0.4
4140,False,excitatory,0,0
4141,False,excitatory,1.1,0.9
4142,False,excitatory,0.3,0.4
4143,False,excitatory,0,0
4144,False,excitatory,0,0
4145,False,inhibitory,0.7,0.9
4146,False,excitatory,0,0
4147,False,excitatory,0.1,0.2
4148,False,excitatory,0.3,0.4
4149,False,excitatory,1.4,1.2
4150,False,inhibitory,12.3,11
4151,False,excitatory,0,0
4153,False,inhibitory,1.7,1.6
4154,False,inhibitory,6.3,5.8
4155,False,excitatory,0.3,0.2
4156,False,excitatory,0,0
4157,False,inhibitory,0.6,0.6
4158,False,excitatory,0.1,0
4159,False,excitatory,0,0
4160,False,excitatory,0,0
4161,False,excitatory,0.5,0.6
4162,False,inhibitory,3,2.7
4163,False,excitatory,11.9,11.7
4164,False,excitatory,0.2,0.1
4165,False,excitatory,13.3,14.5
4166,False,excitatory,7.6,8.2
4167,False,inhibitory,1.6,1.6
4168,False,excitatory,0,0
4169,False,excitatory,0.2,0.2
4170,False,inhibitory,2.5,2.2
4172,False,excitatory,1.3,1.4
4173,False,excitatory,0.1,0.1
4174,False,inhibitory,8.7,8.6
4175,False,inhibitory,27.9,29
4176,False,excitatory,0,0
4177,False,excitatory,0,0
4178,False,excitatory,4.2,4.8
4179,False,excitatory,8.3,8.2
4181,False,excitatory,3.6,2.8
4182,False,excitatory,0,0
4183,False,excitatory,0,0
4184,False,excitatory,0.4,0.6
4185,False,excitatory,0.7,0.9
4186,False,excitatory,0,0
4187,False,excitatory,8.3,7.5
4189,False,inhibitory,18.4,19.9
4190,False,excitatory,10.9,11.8
4192,False,excitatory,0.1,0
4193,False,inhibitory,14.4,20
4194,False,excitatory,0.1,0.2
4195,False,excitatory,0,0
4196,False,excitatory,0,0
4197,False,excitatory,0,0
4198,False,inhibitory,2.1,1.2
4199,False,excitatory,0.5,0.3
4200,False,excitatory,0,0
4201,False,excitatory,0,0
4202,False,inhibitory,22,22.5
4203,False,excitatory,1.5,1.8
4205,False,excitatory,8,8
4206,False,excitatory,0.2,0.1
4207,False,excitatory,0,0
4208,False,excitatory,0.1,0.1
4209,False,excitatory,3.8,3.9
4210,False,excitatory,0.6,0.5
4211,False,excitatory,2.2,2.2
4212,False,excitatory,0,0
4213,False,excitatory,0.2,0.3
4214,False,excitatory,0,0
4215,False,excitatory,2,1.9
4216,False,inhibitory,1.4,1.1
4217,False,excitatory,3.4,3.8
4218,False,excitatory,32.5,32.2
4219,False,excitatory,0.8,0.8
4220,False,inhibitory,0.8,0.6
4221,False,excitatory,2.9,2.8
4222,False,excitatory,0.1,0
4223,False,inhibitory,0,0
4224,False,excitatory,0.8,0.5
4226,False,inhibitory,52.1,46.9
4227,False,inhibitory,0.1,0.1
4228,False,inhibitory,25.2,24.6
4229,False,excitatory,0.2,0.2
4230,False,excitatory,6.1,6.6
4231,False,excitatory,0.1,0.2
4232,False,inhibitory,37.9,37.3
4233,False,excitatory,0.2,0.1
4234,False,inhibitory,1.9,1
4235,False,inhibitory,98.5,96.5
4236,False,excitatory,0,0
4237,False,excitatory,0,0
4239,False,inhibitory,10.3,11.1
4240,False,excitatory,1.7,1.9
4241,False,excitatory,11.9,14
4242,False,excitatory,0,0
4243,False,excitatory,0,0
4244,False,excitatory,0.9,1
4245,False,excitatory,0,0
4247,False,excitatory,0,0
4248,False,excitatory,0.5,0.6
4249,False,excitatory,0,0
4250,False,inhibitory,0,0
4251,False,excitatory,0.9,0.6
4252,False,excitatory,0,0
4253,False,inhibitory,3.5,3.5
4254,False,excitatory,4.2,3.8
4255,False,excitatory,0.1,0
4256,False,excitatory,0.1,0.1
4257,False,excitatory,4.4,3.1
4258,False,excitatory,2.4,2.3
4259,False,excitatory,1.6,1.8
4260,False,excitatory,4.2,4.3
4261,False,excitatory,0,0
4262,False,excitatory,36.8,42.2
4263,False,excitatory,0,0
4264,False,excitatory,0,0
4265,False,excitatory,8.1,7.4
4266,False,inhibitory,0.1,0.2
4267,False,excitatory,0.1,0.1
4268,False,inhibitory,65.4,65.1
4269,False,excitatory,0,0
4270,False,excitatory,4.5,4.7
4271,False,excitatory,0,0
4272,False,excitatory,0,0
4273,False,excitatory,0.3,0.4
4274,False,excitatory,0.9,0.7
4275,False,excitatory,0.1,0
4276,False,excitatory,0.3,0.3
4277,False,excitatory,0,0
4278,False,excitatory,0.4,0.3
4279,False,inhibitory,15.6,17.6
4280,False,excitatory,0.1,0.1
4281,False,excitatory,0.7,0.5
4282,False,excitatory,0,0
4283,False,excitatory,2.5,2.5
4284,False,excitatory,0.6,0.3
4285,False,excitatory,0,0
4286,False,inhibitory,108.2,101.9
4287,False,excitatory,9.8,8.9
4289,False,excitatory,0.1,0.1
4290,False,excitatory,0,0.1
4291,False,excitatory,11.7,12.5
4292,False,excitatory,1.4,1.6
4293,False,excitatory,0.6,0.6
4294,False,inhibitory,0.1,0
4295,False,excitatory,12.7,11.6
4296,False,excitatory,7.4,6.8
4297,False,excitatory,3.4,3.5
4298,False,excitatory,0,0
4299,False,excitatory,0,0
4300,False,inhibitory,2.2,2.3
4301,False,inhibitory,22.1,17.7
4302,False,excitatory,0,0
4303,False,excitatory,0,0
4304,False,excitatory,1.8,1.6
4305,False,excitatory,0.2,0.2
4306,False,excitatory,0.5,0.6
4307,False,excitatory,27.2,27
4308,False,excitatory,0,0
4309,False,excitatory,0,0
4310,False,excitatory,14,15.3
4311,False,excitatory,0.2,0.1
4312,False,excitatory,0,0
4313,False,excitatory,0.2,0.2
4314,False,excitatory,0,0
4315,False,excitatory,0,0
4316,False,inhibitory,24.5,20.6
4317,False,excitatory,3.8,4.1
4319,False,excitatory,0,0
4320,False,inhibitory,14.5,11.5
4321,False,inhibitory,1,1.2
4322,False,excitatory,0.3,0.3
4323,False,excitatory,4.3,4.3
4324,False,excitatory,0.1,0.1
4325,False,excitatory,1.6,1.1
4326,False,excitatory,8.1,8.1
4327,False,excitatory,0,0
4328,False,excitatory,0.9,0.6
4329,False,excitatory,0.4,0.5
4330,False,inhibitory,1.3,1.3
4331,False,excitatory,32.6,31.1
4332,False,excitatory,0.6,0.3
4333,False,excitatory,0.3,0.3
4334,False,excitatory,0,0
4335,False,excitatory,0,0
4336,False,excitatory,0,0
4337,False,excitatory,0.2,0.3
4338,False,inhibitory,0.1,0.1
4339,False,excitatory,0,0
4340,False,excitatory,3.4,3.1
4341,False,excitatory,2.5,2.4
4342,False,excitatory,0,0
4343,False,excitatory,0,0
4344,False,excitatory,0,0
4345,False,inhibitory,1.3,0.9
4346,False,inhibitory,0.6,0.2
4347,False,excitatory,0,0
4348,False,excitatory,2.5,1.8
4349,False,excitatory,2.5,2.3
4350,False,excitatory,5.2,4.9
4351,False,excitatory,2.4,2.3
4352,False,inhibitory,0.1,0.1
4353,False,excitatory,8.5,7.4
4354,False,inhibitory,2.5,2.2
4355,False,excitatory,5.3,5
4357,False,excitatory,0,0
4358,False,excitatory,0.2,0.1
4361,False,excitatory,0.1,0.1
4362,False,inhibitory,1.4,1.4
4363,False,excitatory,0,0
4364,False,excitatory,0,0
4365,False,excitatory,0,0.1
4366,False,excitatory,0,0
4367,False,excitatory,0,0
4368,False,excitatory,0.8,0.6
4369,False,excitatory,0,0
4370,False,excitatory,46.1,44.1
4371,False,excitatory,0.4,0.3
4372,False,excitatory,0.5,0.3
4373,False,inhibitory,23.4,20.2
4374,False,excitatory,0,0
4375,False,excitatory,0,0
4376,False,excitatory,0,0
4377,False,excitatory,0.1,0
4378,False,excitatory,0,0
4379,False,excitatory,0.1,0.1
4380,False,excitatory,0,0
4381,False,inhibitory,0.1,0
4382,False,inhibitory,4.5,3.3
4383,False,inhibitory,11,11.4
4384,False,excitatory,0,0
4386,False,excitatory,0,0
4387,False,excitatory,0,0
4388,False,inhibitory,0,0
4389,False,excitatory,0,0
4390,False,excitatory,0.2,0.1
4391,False,inhibitory,9.6,9.2
4392,False,excitatory,0.1,0.1
4393,False,excitatory,0,0
4394,False,excitatory,0,0
4395,False,excitatory,0.3,0.2
4396,False,excitatory,0,0
4398,False,inhibitory,0.6,1.7
4399,False,excitatory,9.4,10
4400,False,excitatory,0.4,0.1
4401,False,excitatory,20.5,20
4404,False,excitatory,6.8,6.6
4406,False,excitatory,11.2,10.9
4408,False,excitatory,0,0
4409,False,excitatory,0,0
4410,False,excitatory,3.8,4.7
4411,False,excitatory,9.4,9.5
4412,False,excitatory,16.4,17.2
4413,False,excitatory,6.5,6.2
4415,False,excitatory,1.7,1.8
4416,False,excitatory,0.3,0.4
4418,False,inhibitory,3.4,3.6
4419,False,excitatory,0,0
4420,False,excitatory,5.7,6.1
4421,False,inhibitory,0,0
4422,False,excitatory,2.7,2.6
4423,False,excitatory,19.8,18.2
4424,False,excitatory,0.7,0.5
4425,False,excitatory,7.5,7.7
4426,False,excitatory,0.6,0.4
4427,False,inhibitory,4.8,4.7
4428,False,inhibitory,5.2,4.8
4431,False,excitatory,0,0
4432,False,excitatory,0.1,0
4433,False,excitatory,0,0
4434,False,inhibitory,0.4,0.3
4435,False,excitatory,0.6,0.5
4436,False,excitatory,0.4,0.3
4437,False,inhibitory,2.4,2
4438,False,excitatory,0,0.1
4439,False,excitatory,0,0
4440,False,excitatory,8.1,6.9
4441,False,excitatory,1.6,1.5
4442,False,excitatory,0.1,0.1
4443,False,excitatory,0.9,1.1
4444,False,excitatory,1.7,1.9
4446,False,excitatory,19,18.5
4447,False,excitatory,0,0
4448,False,inhibitory,16,16.4
4449,False,inhibitory,0,0
4451,False,excitatory,0.2,0.2
4452,False,excitatory,0,0
4453,False,excitatory,0.5,0.4
4454,False,excitatory,0,0
4455,False,excitatory,3.5,3.5
4456,False,excitatory,0,0
4457,False,excitatory,5.4,5.9
4459,False,excitatory,0,0
4460,False,excitatory,0.2,0.2
4461,False,excitatory,9.7,10.1
4462,False,inhibitory,2.5,3.3
4463,False,excitatory,1.9,2.2
4464,False,excitatory,0,0
4465,False,excitatory,0,0
4466,False,inhibitory,7.3,7.6
4467,False,excitatory,0.1,0.1
4468,False,excitatory,2.2,1.8
4469,False,excitatory,0.1,0.3
4470,False,excitatory,0,0
4472,False,excitatory,0,0
4473,False,excitatory,0,0
4475,False,excitatory,6.6,6.5
4476,False,excitatory,0.8,0.8
4477,False,inhibitory,0,0
4478,False,excitatory,0,0
4479,False,excitatory,3.4,3.4
4480,False,excitatory,4.4,4.5
4481,False,excitatory,0,0
4482,False,inhibitory,0.4,0.7
4483,False,excitatory,0,0
4484,False,excitatory,0.7,0.7
4485,False,excitatory,0,0
4486,False,inhibitory,0.5,0.5
4487,False,excitatory,5.6,6.2
4488,False,excitatory,0.1,0.1
4490,False,excitatory,0,0
4491,False,excitatory,0.5,0.4
4492,False,excitatory,0,0
4493,False,excitatory,8,8.9
4494,False,excitatory,1.9,1.6
4495,False,excitatory,12.8,13.2
4496,False,excitatory,1.2,1.4
4497,False,inhibitory,0,0
4498,False,inhibitory,10.9,9.7
4499,False,inhibitory,0.7,0.9
4500,False,excitatory,0.9,0.9
4501,False,excitatory,0.2,0.1
4502,False,excitatory,0,0
4504,False,excitatory,0,0
4506,False,inhibitory,0.8,0.7
4507,False,excitatory,0,0
4508,False,excitatory,0,0.1
4509,False,excitatory,0,0.1
4510,False,excitatory,0,0
4511,False,excitatory,19.7,18.8
4512,False,excitatory,0.8,0.5
4513,False,excitatory,0.5,1
4514,False,excitatory,0.1,0
4515,False,excitatory,3.5,3.3
4516,False,excitatory,0,0
4518,False,excitatory,0.1,0.1
4519,False,excitatory,0,0
4520,False,excitatory,0,0
4521,False,excitatory,0,0
4522,False,excitatory,2.2,2.4
4523,False,excitatory,9.7,8.7
4524,False,excitatory,0.1,0.1
4525,False,excitatory,0,0
4526,False,excitatory,0,0
4527,False,excitatory,0.3,0.3
4528,False,excitatory,0,0
4529,False,excitatory,0,0
4530,False,inhibitory,0.2,0.2
4532,False,excitatory,0,0
4534,False,excitatory,0,0
4535,False,excitatory,6.4,6.2
4536,False,excitatory,0,0
4537,False,excitatory,0,0
4538,False,excitatory,0,0
4539,False,excitatory,0,0
4540,False,excitatory,0.3,0.5
4541,False,inhibitory,3.1,2.9
4542,False,inhibitory,5.2,5.5
4543,False,excitatory,2,2
4544,False,inhibitory,0,0.1
4545,False,excitatory,0,0
4546,False,inhibitory,5.1,5
4547,False,inhibitory,2.5,2.4
4548,False,excitatory,0,0
4549,False,excitatory,0.4,0.2
4552,False,excitatory,0.1,0.2
4553,False,excitatory,1.3,1.3
4554,False,excitatory,11.3,11.9
4555,False,inhibitory,2.5,2.3
4556,False,excitatory,2.4,1.7
4557,False,inhibitory,7.2,5.6
4558,False,excitatory,0.4,0.2
4559,False,excitatory,0.1,0.1
4561,False,excitatory,0,0
4563,False,excitatory,0,0
4564,False,excitatory,0.1,0
4565,False,inhibitory,5.4,4.7
4566,False,inhibitory,41.6,40.3
4567,False,excitatory,0,0
4568,False,excitatory,0,0
4569,False,excitatory,1.5,1.5
4570,False,inhibitory,5.1,4.3
4571,False,excitatory,29.8,30.8
4572,False,inhibitory,1.3,1.2
4573,False,inhibitory,0,0
4574,False,excitatory,0,0
4575,False,inhibitory,19.6,19.7
4577,False,inhibitory,2.2,2.7
4578,False,inhibitory,18.2,20.7
4579,False,excitatory,0.1,0.3
4581,False,excitatory,0,0
4582,False,excitatory,0.3,0.2
4583,False,excitatory,0.1,0.1
4584,False,excitatory,33,32.2
4585,False,excitatory,12.9,12.4
4586,False,inhibitory,11.6,11.6
4587,False,excitatory,2.4,2.1
4588,False,excitatory,0,0
4589,False,excitatory,0.1,0.1
4590,False,excitatory,0,0
4591,False,excitatory,1.2,1.3
4592,False,excitatory,0,0
4593,False,excitatory,0,0
4594,False,excitatory,0.1,0.2
4595,False,inhibitory,8,8.7
4596,False,excitatory,0.1,0.2
4598,False,excitatory,25.3,24
4599,False,excitatory,0,0.1
4600,False,excitatory,2.2,2.1
4601,False,inhibitory,0,0
4602,False,inhibitory,0.5,0.6
4603,False,excitatory,0,0
4604,False,excitatory,0,0
4605,False,inhibitory,4.4,4.8
4606,False,excitatory,0,0
4607,False,excitatory,9.3,8.6
4608,False,excitatory,26.4,25
4610,False,inhibitory,1,1.4
4611,False,excitatory,3.9,4
4612,False,inhibitory,15,14.2
4613,False,excitatory,0.2,0.1
4614,False,excitatory,0,0
4615,False,excitatory,1.3,1.4
4616,False,excitatory,0,0
4617,False,excitatory,0,0
4618,False,inhibitory,10.9,12.8
4619,False,excitatory,0.1,0.1
4620,False,excitatory,1,1.1
4621,False,excitatory,0,0
4622,False,inhibitory,5.7,4.5
4623,False,excitatory,0.6,0.3
4624,False,excitatory,1.8,1.6
4625,False,excitatory,0,0
4626,False,inhibitory,23.6,22.5
4627,False,excitatory,2.8,2.5
4628,False,excitatory,0,0
4629,False,inhibitory,7.2,7.1
4630,False,excitatory,0.1,0
4632,False,excitatory,0,0
4633,False,excitatory,0,0
4634,False,excitatory,0.8,0.6
4635,False,inhibitory,0.7,1.2
4637,False,inhibitory,11.9,13
4638,False,excitatory,0,0
4640,False,excitatory,0,0
4641,False,inhibitory,0.1,0
4642,False,inhibitory,35.9,35.4
4643,False,excitatory,31.7,32.1
4644,False,excitatory,0.3,0.2
4645,False,excitatory,0.5,0.5
4646,False,inhibitory,0.8,0.8
4647,False,excitatory,0,0
4648,False,excitatory,0,0
4649,False,excitatory,5,4.7
4651,False,inhibitory,10.2,11.3
4652,False,inhibitory,29.2,25.5
4653,False,inhibitory,1.4,1.4
4654,False,excitatory,1.4,0.9
4655,False,excitatory,0,0
4656,False,excitatory,17.2,15.8
4657,False,inhibitory,1.8,1.3
4658,False,excitatory,0,0
4659,False,inhibitory,0.1,0.1
4660,False,excitatory,1.1,0.9
4661,False,excitatory,0.2,0.2
4662,False,inhibitory,34.2,31.8
4663,False,excitatory,0.3,0.2
4664,False,inhibitory,0,0
4665,False,excitatory,0,0
4666,False,excitatory,0.4,0.3
4667,False,excitatory,0,0
4669,False,excitatory,18.3,17.8
4670,False,excitatory,0.8,0.7
4672,False,excitatory,0,0
4673,False,excitatory,0,0
4675,False,excitatory,0,0
4676,False,excitatory,0.9,0.9
4677,False,excitatory,0,0
4678,False,excitatory,0.9,0.9
4679,False,excitatory,0.1,0
4680,False,excitatory,5.4,5.5
4681,False,excitatory,0.3,0.2
4682,False,inhibitory,0.4,0.7
4683,False,excitatory,0.5,0.4
4684,False,excitatory,72.7,70.8
4685,False,excitatory,0,0
4686,False,excitatory,1.3,1.2
4687,False,excitatory,4.5,3.8
4688,False,excitatory,0,0
4689,False,excitatory,15.4,15.9
4690,False,excitatory,0,0
4691,False,excitatory,0,0
4692,False,excitatory,0,0.1
4693,False,excitatory,0,0
4694,False,excitatory,5.5,5.4
4695,False,inhibitory,90.7,96.9
4696,False,excitatory,0.2,0.1
4697,False,excitatory,0,0
4698,False,excitatory,0,0
4699,False,excitatory,0,0
4700,False,inhibitory,5.6,6.3
4701,False,excitatory,0.5,0.3
4703,False,inhibitory,30.6,31.9
4704,False,inhibitory,1.7,1.7
4705,False,excitatory,0,0
4706,False,excitatory,0,0
4709,False,excitatory,0,0
4710,False,excitatory,0.1,0.2
4711,False,excitatory,0,0.1
4712,False,excitatory,0,0
4713,False,excitatory,3.1,3.1
4714,False,excitatory,0,0
4715,False,excitatory,0.3,0.4
4716,False,excitatory,0,0
4717,False,excitatory,5.7,6.6
4718,False,excitatory,1.6,1.4
4719,False,inhibitory,4.5,5.4
4721,False,inhibitory,10.2,10.9
4722,False,inhibitory,6.7,7.2
4723,False,inhibitory,0.6,0.5
4724,False,excitatory,0,0
4725,False,excitatory,0.1,0
4726,False,excitatory,11.9,9.7
4727,False,inhibitory,2.8,3.2
4728,False,excitatory,0.1,0
4729,False,excitatory,10.6,11.1
4730,False,excitatory,2.6,2.2
4731,False,excitatory,0.2,0.3
4732,False,inhibitory,56.5,47.4
4733,False,excitatory,20.4,20
4734,False,excitatory,0.2,0.2
4736,False,excitatory,2.5,2
4737,False,excitatory,0,0
4738,False,excitatory,0.1,0.1
4739,False,inhibitory,7.7,6
4740,False,excitatory,0.3,0.2
4741,False,excitatory,14,14.2
4742,False,excitatory,0,0
4743,False,excitatory,0.1,0
4744,False,inhibitory,8.2,8.6
4745,False,excitatory,2.8,2.8
4746,False,excitatory,0,0
4747,False,excitatory,0.7,0.7
4748,False,excitatory,10.4,10.8
4750,False,excitatory,2.3,2.4
4751,False,excitatory,10,9.4
4752,False,excitatory,0,0
4753,False,excitatory,0,0
4754,False,excitatory,1.5,1.2
4755,False,inhibitory,4.8,4.4
4756,False,excitatory,0,0
4757,False,excitatory,2.9,2.6
4759,False,excitatory,7.8,7.1
4760,False,excitatory,0,0
4761,False,excitatory,0,0
4762,False,excitatory,1.2,0.8
4763,False,excitatory,0,0
4764,False,excitatory,0,0.2
4765,False,excitatory,0,0
4767,False,excitatory,0,0
4768,False,excitatory,2.8,2.8
4769,False,excitatory,6.8,5.3
4770,False,excitatory,0.5,0.4
4771,False,excitatory,0,0
4772,False,excitatory,0.1,0.1
4773,False,excitatory,0,0
4774,False,excitatory,1.5,2
4775,False,inhibitory,0.8,0.9
4776,False,inhibitory,12.3,11.5
4777,False,excitatory,1,0.6
4778,False,excitatory,1.2,1
4779,False,inhibitory,1,0.9
4780,False,inhibitory,8.7,7.5
4781,False,excitatory,0,0
4782,False,excitatory,0,0
4783,False,excitatory,0,0
4785,False,excitatory,0,0
4786,False,excitatory,12.8,12.7
4787,False,excitatory,0.3,0.4
4788,False,excitatory,4.4,3.6
4789,False,excitatory,10.2,10.9
4790,False,excitatory,0.7,0.9
4791,False,excitatory,0,0
4792,False,excitatory,0.1,0.1
4793,False,excitatory,7.9,7.4
4794,False,excitatory,0.6,0.6
4796,False,excitatory,1.6,1.4
4797,False,excitatory,0,0
4798,False,inhibitory,1.5,1.3
4799,False,inhibitory,0.1,0
4800,False,excitatory,0.9,1.5
4801,False,excitatory,0,0
4802,False,excitatory,0,0
4803,False,excitatory,0.7,0.7
4804,False,excitatory,2.8,2.3
4805,False,excitatory,0,0
4806,False,excitatory,0,0
4807,False,excitatory,0,0
4808,False,excitatory,8.8,7.7
4809,False,excitatory,23.9,25.5
4810,False,inhibitory,24.5,27.3
4811,False,excitatory,0,0
4812,False,excitatory,0,0
4813,False,excitatory,0,0
4814,False,inhibitory,0.2,0.1
4815,False,excitatory,0,0
4816,False,excitatory,2.9,3
4818,False,inhibitory,3.9,4.5
4819,False,excitatory,3.2,3.4
4820,False,inhibitory,4.8,4.2
4821,False,excitatory,0.6,0.6
4822,False,excitatory,0.6,0.4
4823,False,excitatory,0,0
4824,False,excitatory,1,1
4825,False,excitatory,0,0
4826,False,excitatory,0,0
4827,False,excitatory,1.1,1.4
4828,False,excitatory,0,0
4829,False,inhibitory,0,0
4830,False,excitatory,0,0
4831,False,excitatory,0.9,1.1
4832,False,excitatory,0.1,0
4833,False,inhibitory,15.8,14.9
4834,False,excitatory,0.1,0
4836,False,excitatory,0.5,0.3
4837,False,excitatory,2,2
4838,False,excitatory,0.4,0.9
4839,False,excitatory,0,0
4840,False,inhibitory,0,0
4841,False,excitatory,2.6,2.4
4842,False,excitatory,6.9,6
4843,False,excitatory,0.3,0.4
4844,False,excitatory,2.3,2.2
4845,False,excitatory,0,0
4846,False,excitatory,1.3,1.4
4847,False,excitatory,0.5,0.3
4848,False,inhibitory,12.2,12
4849,False,excitatory,0,0
4851,False,excitatory,2.5,1.9
4852,False,excitatory,0,0
4853,False,excitatory,0.1,0.1
4854,False,excitatory,0.6,0.6
4855,False,inhibitory,0.2,0
4856,False,excitatory,0,0
4857,False,excitatory,0.9,0.6
4858,False,excitatory,0,0
4859,False,excitatory,4.4,4.5
4860,False,excitatory,0,0
4861,False,excitatory,0,0
4862,False,excitatory,2.3,1.8
4863,False,excitatory,0.4,0.3
4864,False,excitatory,0.7,0.7
4865,False,excitatory,0.5,0.3
4866,False,excitatory,0,0
4867,False,excitatory,1.5,1.5
4869,False,excitatory,0,0
4870,False,excitatory,2.3,2.3
4871,False,inhibitory,0,0.1
4872,False,inhibitory,0.9,0.4
4873,False,inhibitory,3,2.8
4874,False,inhibitory,78.2,87
4875,False,excitatory,0,0
4877,False,inhibitory,18.8,19.3
4878,False,excitatory,0,0
4879,False,excitatory,0.1,0.3
4880,False,excitatory,0,0
4881,False,excitatory,0.1,0.2
4884,False,excitatory,14.9,14.1
4885,False,excitatory,0,0
4886,False,inhibitory,0.3,0.1
4887,False,inhibitory,46.7,45.9
4888,False,inhibitory,3.6,3.9
4889,False,inhibitory,0,0
4890,False,excitatory,0,0
4891,False,excitatory,0,0.1
4892,False,excitatory,8.9,8.7
4893,False,excitatory,0.4,0.2
4894,False,excitatory,0.1,0.1
4895,False,excitatory,0.6,0.8
4896,False,inhibitory,0.3,0.2
4897,False,excitatory,0,0
4898,False,inhibitory,2.9,2.9
4899,False,excitatory,6.4,6.4
4900,False,inhibitory,13.4,16
4901,False,inhibitory,0.1,0.1
4902,False,excitatory,0,0
4903,False,excitatory,0,0
4904,False,inhibitory,1.2,1
4905,False,excitatory,0,0
4906,False,excitatory,0.8,0.7
4907,False,excitatory,0.7,0.8
4908,False,excitatory,5.7,6.6
4909,False,inhibitory,0,0
4910,False,excitatory,10.3,9.9
4911,False,excitatory,0,0
4912,False,excitatory,0,0
4913,False,inhibitory,14.8,16.2
4914,False,inhibitory,0,0.2
4915,False,excitatory,0,0
4916,False,inhibitory,11.8,11.1
4917,False,excitatory,0,0.1
4918,False,inhibitory,52.8,57.3
4919,False,excitatory,0,0
4921,False,excitatory,0,0
4922,False,excitatory,11.2,11.1
4923,False,excitatory,0,0
4924,False,inhibitory,0,0.3
4925,False,inhibitory,32.1,35
4926,False,excitatory,0,0
4927,False,excitatory,18.6,17.4
4928,False,excitatory,0,0
4929,False,excitatory,0,0
4930,False,excitatory,1.8,1.9
4931,False,inhibitory,13.3,9.5
4932,False,excitatory,0.1,0.1
4933,False,excitatory,1.8,1.7
4934,False,excitatory,0.1,0.1
4936,False,excitatory,1.4,1.8
4937,False,excitatory,11.3,11.3
4938,False,excitatory,3.6,3.6
4939,False,excitatory,0.4,0.8
4940,False,excitatory,0.2,0
4942,False,excitatory,0,0
4943,False,excitatory,3.6,4
4944,False,excitatory,0,0
4945,False,excitatory,0.5,0.5
4946,False,excitatory,0.5,0.3
4947,False,excitatory,0,0
4948,False,excitatory,0,0
4949,False,inhibitory,0.4,0.2
4950,False,excitatory,0,0
4951,False,excitatory,0,0
4952,False,excitatory,0,0
4953,False,excitatory,1.3,1.1
4954,False,excitatory,0,0
4955,False,excitatory,0,0
4956,False,excitatory,0,0
4957,False,excitatory,0,0
4958,False,inhibitory,7.6,7.6
4959,False,inhibitory,0.9,1
4960,False,inhibitory,8.1,6.3
4962,False,excitatory,0.2,0.4
4963,False,excitatory,0,0
4964,False,excitatory,1.4,2
4965,False,excitatory,0,0
4966,False,excitatory,0.2,0.2
4967,False,inhibitory,0,0
4968,False,excitatory,0.7,0.9
4969,False,inhibitory,5.7,3
4970,False,inhibitory,8.2,7
4971,False,excitatory,0,0
4972,False,excitatory,0,0
4973,False,inhibitory,0.2,0.2
4974,False,excitatory,0,0
4975,False,excitatory,0.1,0.1
4976,False,inhibitory,8.1,8
4978,False,excitatory,0.1,0.1
4979,False,excitatory,0,0.1
4980,False,excitatory,3.3,2.4
4981,False,inhibitory,30.7,29.4
4982,False,excitatory,0,0
4983,False,excitatory,0.8,1
4984,False,excitatory,0.7,0.6
4985,False,excitatory,0,0
4986,False,inhibitory,0,0
4987,False,excitatory,0,0
4988,False,excitatory,0,0
4989,False,excitatory,2.7,3.2
4990,False,inhibitory,0.4,0.3
4991,False,inhibitory,4.4,3.8
4992,False,excitatory,2.7,2.6
4993,False,excitatory,1.2,1.5
4994,False,excitatory,0.2,0.2
4995,False,excitatory,0,0
4996,False,excitatory,2.8,2.2
4997,False,excitatory,0.2,0.3
4998,False,excitatory,0.4,0.2
4999,False,excitatory,2.5,2.2
