observed,cell_type,teacher_rate_hz,student_rate_hz
True,excitatory,0.2,0.1
True,excitatory,0,0
True,excitatory,0.2,0.3
True,inhibitory,0.7,0
True,excitatory,2.9,0
True,inhibitory,0,0
True,excitatory,23.9,20
True,excitatory,0.1,0
True,excitatory,8,5.5
True,excitatory,0.9,0
True,excitatory,72.8,62.8
True,excitatory,0,0
True,excitatory,0,0
True,inhibitory,0.1,0.1
True,excitatory,0,0
True,excitatory,0,0
True,excitatory,0,0
True,excitatory,0,0
True,excitatory,0,0
True,inhibitory,13.4,10.4
True,inhibitory,37.9,43.6
True,excitatory,0,0
True,excitatory,4.3,0
True,inhibitory,1.2,0
True,excitatory,0,0
True,excitatory,1.9,2
True,excitatory,0.3,0
True,inhibitory,1.7,3.1
True,excitatory,0.1,0
True,excitatory,1,0.7
True,excitatory,0,0
True,excitatory,1.2,0
True,inhibitory,3.7,6.1
True,excitatory,1.5,0
True,excitatory,0,0
True,inhibitory,0.4,0.6
True,inhibitory,210.7,200.5
True,excitatory,0,0
True,excitatory,0.4,0
True,inhibitory,0,0
True,excitatory,13.4,13.6
True,excitatory,0,0
True,inhibitory,2.3,0
True,excitatory,0,0
True,excitatory,1,0
True,excitatory,5,0
True,excitatory,0,0
True,excitatory,0.5,0
True,excitatory,0,0
True,excitatory,4.2,0
True,excitatory,0,0
True,excitatory,0.1,0
True,excitatory,74.4,54.7
True,excitatory,13.5,21.9
True,excitatory,3.4,0
True,excitatory,0,0
True,excitatory,0,0
True,excitatory,2.4,0.1
True,excitatory,0.2,0
True,excitatory,0.1,1.9
True,excitatory,0.5,0
True,excitatory,0.2,0
True,inhibitory,1.3,0.1
True,inhibitory,6.8,0
True,excitatory,1,0
True,excitatory,0,0
True,excitatory,0.5,0
True,excitatory,4.3,0
True,excitatory,72.4,59.3
True,inhibitory,2.5,0.1
True,excitatory,0.1,0
True,excitatory,1.2,0
True,excitatory,0,0
True,excitatory,0.3,0
True,excitatory,0.8,0
True,excitatory,0,0
True,excitatory,3.5,0
True,excitatory,0.1,0
True,excitatory,0.1,0
True,excitatory,0.2,0
True,excitatory,1.2,0
True,excitatory,7.2,5.4
True,excitatory,0,0
True,excitatory,0,0
True,excitatory,0.2,0
True,excitatory,5.6,0
True,excitatory,0,0
True,excitatory,67.3,68.9
True,excitatory,0.1,0
True,excitatory,0.5,0
True,inhibitory,2.5,0
True,excitatory,0.3,0
True,excitatory,12.2,7
True,excitatory,1.3,0
True,inhibitory,3.3,2
True,inhibitory,0.2,0.2
True,excitatory,0,0
True,excitatory,0,0
True,excitatory,0,0.1
True,excitatory,0,0
True,excitatory,0.8,1.2
True,inhibitory,5,1.2
True,excitatory,0,0
True,excitatory,0,0
True,inhibitory,20.1,10.9
True,excitatory,0,0
True,excitatory,11.2,8.4
True,excitatory,0.1,0
True,excitatory,0.7,0.1
True,inhibitory,31.3,16.8
True,inhibitory,23.1,27.9
True,excitatory,0,0
True,excitatory,8,7.5
True,inhibitory,0,0
True,excitatory,0,0
True,excitatory,0,0
True,excitatory,6,0
True,inhibitory,18.6,21.8
True,excitatory,1.4,0
True,excitatory,2.2,1.3
True,excitatory,1.6,0
True,inhibitory,0.3,0.1
True,excitatory,4.2,1.6
True,inhibitory,18.7,18.1
True,excitatory,0,0
True,excitatory,0,0
True,excitatory,0,0
True,excitatory,0,0
True,inhibitory,12.5,9.6
True,excitatory,0.2,0
True,excitatory,0,0
True,excitatory,0,0
True,excitatory,0.2,0
True,excitatory,0,0
True,inhibitory,0.1,0
True,excitatory,0,0
True,inhibitory,4.6,1.7
True,excitatory,1.1,0
True,inhibitory,233.9,225.4
True,excitatory,0,0
True,excitatory,2.7,0
True,excitatory,0,0
True,excitatory,2.8,0
True,inhibitory,5.1,0
True,excitatory,0,0
True,excitatory,0,0
True,excitatory,0,0
True,excitatory,0.3,0
True,excitatory,0.3,0.2
True,excitatory,0,0
True,excitatory,0,0
True,inhibitory,0.2,0
True,excitatory,0.8,0
True,excitatory,8.6,0
True,inhibitory,0.6,0.1
True,excitatory,5.9,0
True,excitatory,0,0
True,excitatory,2.5,0
True,excitatory,0,0
True,excitatory,0,0
True,excitatory,0.1,0
True,excitatory,3.5,0
True,excitatory,1.1,0.8
True,excitatory,0,0
True,excitatory,0,0
True,inhibitory,252.7,277.7
True,excitatory,0,0
True,excitatory,0,0
True,excitatory,2.1,3.9
True,excitatory,0,0
True,excitatory,0,0
True,excitatory,1.6,0
True,excitatory,5.3,0
True,inhibitory,4.4,4.6
True,excitatory,0.9,0
True,excitatory,0.5,0
True,inhibitory,0,0
True,excitatory,0,0
True,inhibitory,1,0
True,excitatory,0,0
True,excitatory,1.6,0
True,inhibitory,34.6,13.7
True,excitatory,0,0
True,excitatory,0.2,0
True,excitatory,0,0
True,excitatory,0,0
True,excitatory,0.3,0
True,excitatory,0,0
True,excitatory,1.5,1.5
True,excitatory,12.7,0
True,inhibitory,150.2,149.3
True,excitatory,0.1,0
True,excitatory,0,0
True,excitatory,2.7,0
True,inhibitory,57.1,49.1
True,excitatory,0.9,0.1
True,excitatory,0.7,0.3
True,excitatory,0,0
True,excitatory,0,0
True,excitatory,2.3,0
True,excitatory,0,0
True,excitatory,0,0
True,inhibitory,0.1,0
True,excitatory,9.4,0
True,inhibitory,58.1,36.2
True,excitatory,0,0
True,inhibitory,0.5,1.5
True,excitatory,0,0
True,inhibitory,11.7,10.8
True,excitatory,0,0
True,excitatory,3.7,1.6
True,inhibitory,0.2,0.4
True,excitatory,0,0
True,excitatory,0,0
True,excitatory,0,0
True,inhibitory,0.3,0
True,excitatory,4.7,0
True,excitatory,0.2,0.3
True,excitatory,0.1,0
True,excitatory,0,0
True,excitatory,0,0
True,excitatory,3.9,0.7
True,excitatory,0,0
True,excitatory,12.5,1
True,excitatory,0.1,0
True,excitatory,0,0
True,excitatory,0.1,0
True,excitatory,0,0
True,inhibitory,1.7,2.2
True,excitatory,30,21
True,inhibitory,57.9,37.5
True,excitatory,0,0
True,excitatory,6,3.9
True,excitatory,0,0
True,excitatory,10.1,6.5
True,inhibitory,0,0
True,excitatory,0,0
True,excitatory,0,0
True,excitatory,0.3,0
True,excitatory,0.2,0
True,excitatory,31.4,30
True,excitatory,0,0
True,excitatory,0.1,0
True,excitatory,0.4,0
True,inhibitory,39.1,26.8
True,excitatory,2.2,0
True,excitatory,0,0
True,excitatory,0,0
True,excitatory,0.1,0
True,excitatory,0,0
True,inhibitory,23.5,19.1
True,excitatory,0,0
True,excitatory,1.2,0
True,excitatory,0,0
True,excitatory,19.8,0
True,excitatory,131.1,112.5
True,excitatory,1.5,0
True,inhibitory,0.8,0
True,inhibitory,12.7,10.1
True,inhibitory,0.7,1.1
True,excitatory,0,0
True,excitatory,9.4,8.2
True,excitatory,4.5,0.7
True,inhibitory,1.5,0.6
True,excitatory,0,0
True,excitatory,0.2,0.1
True,inhibitory,0.5,0.3
True,excitatory,0,0
True,inhibitory,0,0
True,excitatory,5.8,3.8
True,excitatory,10.1,11.2
True,excitatory,0,0
True,excitatory,0.6,0
True,excitatory,1.5,0
True,excitatory,2.7,0
True,inhibitory,0.7,0
True,excitatory,0,0
True,inhibitory,51.5,42.7
True,inhibitory,100.5,84.2
True,excitatory,0.2,0
True,excitatory,0,0
True,excitatory,0,0
True,excitatory,0,0
True,excitatory,0.2,0
True,excitatory,1.2,0
True,excitatory,0,0
True,excitatory,0,0
True,excitatory,0.1,0
True,inhibitory,14.2,10.9
True,excitatory,0,0
True,excitatory,0,0
True,excitatory,13.8,6.7
True,inhibitory,0,0
True,excitatory,0,0
True,excitatory,0,0
True,inhibitory,0,0
True,excitatory,1,1.6
True,excitatory,0.1,0
True,excitatory,0,0
True,inhibitory,3.7,0
True,excitatory,0.2,5.5
True,excitatory,0,0
True,excitatory,0,0
True,excitatory,35,41.3
True,excitatory,0.3,0
True,excitatory,9.3,0
True,excitatory,5.1,14
True,excitatory,1.1,0.5
True,excitatory,1.8,1.2
True,excitatory,0,0
True,excitatory,0,0
True,excitatory,13.3,10.2
True,inhibitory,1.5,1.4
True,inhibitory,3.2,1.5
True,excitatory,0,0
True,inhibitory,112.4,103.8
True,excitatory,0,0
True,excitatory,14.8,14
True,excitatory,0,0
True,excitatory,0,0
True,excitatory,11.9,10.6
True,excitatory,0,0
True,inhibitory,3,0.8
True,excitatory,0.2,0
True,inhibitory,28.3,19.3
True,excitatory,1.3,0
True,excitatory,0.6,13.6
True,excitatory,0,0
True,excitatory,0.2,0
True,inhibitory,189,171.5
True,excitatory,0,0
True,excitatory,0,0
True,excitatory,0,0
True,excitatory,0,0
True,excitatory,0,0
True,excitatory,0,0
True,excitatory,0,0
True,excitatory,0,0
True,inhibitory,13.4,3.6
True,excitatory,0,0
True,excitatory,0,0
True,excitatory,0.1,0
True,excitatory,0.1,0
True,excitatory,0,0
True,inhibitory,1.2,1.9
True,inhibitory,0.3,0
True,excitatory,0.1,0
True,excitatory,0.1,0
True,excitatory,0,0
True,inhibitory,0,0.2
True,excitatory,1.1,0
True,excitatory,0,0
True,excitatory,0,0
True,excitatory,10.9,6.5
True,inhibitory,16.1,15
True,excitatory,1.6,0
True,excitatory,0,0
True,excitatory,7,3.3
True,excitatory,0.9,0.3
True,excitatory,0,0
True,excitatory,0.3,0
True,excitatory,11.5,9.7
True,excitatory,0.2,0
True,excitatory,0,0
True,excitatory,0.7,3.1
True,excitatory,9.7,6.7
True,excitatory,0,0
True,inhibitory,0.2,0
True,excitatory,0,0
True,excitatory,3.9,0
True,excitatory,7.1,6.5
True,excitatory,0,0
True,excitatory,13.2,11.9
True,excitatory,15.2,0
True,excitatory,0,0
True,excitatory,0,0
True,excitatory,0,0
True,excitatory,0,0
True,excitatory,3.8,0
True,inhibitory,0.9,0
True,excitatory,0,0
True,excitatory,3.2,4.2
True,excitatory,0,0
True,excitatory,0,0
True,excitatory,0,0
True,excitatory,9.8,8.3
True,excitatory,0.1,0
True,excitatory,0,0
True,excitatory,7,0.6
True,excitatory,18.1,25.6
True,excitatory,0,0
True,excitatory,6.8,0
True,excitatory,0.1,0
True,inhibitory,10.7,11.2
True,excitatory,0,0
True,excitatory,0.4,0
True,excitatory,3,4.9
True,excitatory,0.1,0
True,inhibitory,48.3,41.5
True,excitatory,60.2,55
True,excitatory,0,0
True,excitatory,0.1,0
True,excitatory,1.1,0
True,excitatory,0,0
True,excitatory,2.3,0
True,excitatory,6.3,6.1
True,excitatory,2.2,1.8
True,inhibitory,0.4,0.6
True,excitatory,2.9,3.4
True,inhibitory,0.2,0
True,excitatory,7.8,0
True,excitatory,0,0
True,inhibitory,2.2,0
True,excitatory,0,0
True,excitatory,26.9,25.2
True,excitatory,0.9,0
True,excitatory,0.1,0.1
True,excitatory,0,0
True,excitatory,0,0
True,excitatory,1.7,0
True,excitatory,0.3,0
True,excitatory,1.1,0
True,inhibitory,3.4,1.5
True,excitatory,0.8,0
True,excitatory,2.3,0.9
True,excitatory,0,0.2
True,inhibitory,0,0
True,excitatory,0,0
True,excitatory,0,0
True,excitatory,0,0
True,excitatory,11,0.2
True,inhibitory,7.8,14.7
True,excitatory,2.2,0
True,excitatory,0,0
True,excitatory,0,0
True,excitatory,0,0
True,excitatory,0,0
True,excitatory,5.2,3.1
True,excitatory,0.8,0
True,excitatory,0.6,0
True,excitatory,12.9,11
True,excitatory,0,0
True,excitatory,0,0
True,excitatory,0,0
True,excitatory,7,5.5
True,excitatory,1.4,0.4
True,excitatory,1.3,0
True,excitatory,0.5,1.3
True,excitatory,0,0
True,excitatory,1,0
True,inhibitory,0.1,0
True,inhibitory,0.1,0
True,excitatory,0.1,0.2
True,excitatory,0.1,0.4
True,inhibitory,91,97
True,excitatory,0,0
True,inhibitory,5.2,1.6
True,excitatory,0,0
True,inhibitory,0,0
True,excitatory,0,0
True,excitatory,21.9,21
True,excitatory,0,0
True,excitatory,1.1,0
True,inhibitory,0.1,0
True,excitatory,0,0
True,inhibitory,0.1,0
True,excitatory,0,0
True,inhibitory,0,0
True,excitatory,5.7,0.3
True,excitatory,0,0
True,excitatory,0.1,0
True,excitatory,11.7,0
True,excitatory,2.7,0
True,excitatory,10.6,11.3
True,inhibitory,22.7,8.9
True,excitatory,0,0
True,inhibitory,0,0
True,inhibitory,13.7,15.3
True,inhibitory,0.1,0
True,excitatory,0,0
True,excitatory,0.6,0
True,excitatory,0,0
True,excitatory,1.2,0
True,excitatory,1.6,0.4
True,excitatory,0,0
True,excitatory,0.5,0
True,excitatory,3.1,4.6
True,excitatory,3.2,10.5
True,inhibitory,0.5,0
True,excitatory,13.9,11.4
True,excitatory,0,0
True,excitatory,0,0
True,excitatory,0.6,0
True,excitatory,4.1,0
True,excitatory,0.2,0.1
True,excitatory,0.3,0
True,inhibitory,5.1,4.5
True,inhibitory,45.3,42.1
True,excitatory,0,0
True,excitatory,0,0
True,excitatory,4.5,0
True,inhibitory,31.3,28.6
True,excitatory,0,0
True,excitatory,0.1,0
True,excitatory,0.1,0
True,inhibitory,5.2,5.7
True,excitatory,1.3,0.7
True,excitatory,5.3,3.4
True,inhibitory,0.7,0
True,excitatory,0,0
True,excitatory,0.6,0
True,excitatory,0,0
True,excitatory,0,0
True,excitatory,0,0
True,excitatory,0,0
True,excitatory,0.3,0
True,excitatory,8.8,7.9
True,inhibitory,48.7,42
True,excitatory,0,0
True,excitatory,0,0
True,excitatory,1,0
True,excitatory,7,14.4
True,inhibitory,0,0.4
True,excitatory,0,0
True,excitatory,3.9,2.5
True,excitatory,0,0
True,inhibitory,0,0
True,excitatory,0.3,0.8
True,excitatory,0.1,0
True,excitatory,0.1,0
True,inhibitory,1.6,0
True,inhibitory,1.3,0.1
True,inhibitory,6.5,7.4
True,inhibitory,0.1,0
True,excitatory,0,0
True,excitatory,0,0
True,inhibitory,2.6,2
True,excitatory,1.8,0
True,inhibitory,3.4,2.3
True,excitatory,0,0
True,excitatory,0,0
True,excitatory,0,0
True,excitatory,0,0
True,excitatory,0,0
True,excitatory,1.7,0
True,excitatory,0.3,0
True,excitatory,1.2,2.1
True,excitatory,0.4,0
True,excitatory,0,0
True,excitatory,2.7,0
True,excitatory,0.1,0
True,excitatory,0,0
True,excitatory,0.1,0
True,excitatory,0.3,0
True,excitatory,0,0
True,inhibitory,11.3,6.7
True,excitatory,0.1,0
True,excitatory,0,0
True,excitatory,7.7,0
True,excitatory,0.9,1.6
True,inhibitory,3.4,0.8
True,excitatory,1.1,0.9
True,excitatory,0.5,0.2
True,excitatory,0,0
True,excitatory,30.5,28.6
True,inhibitory,0,0
True,excitatory,0.3,0
True,inhibitory,0.9,0.8
True,excitatory,0.2,0
True,excitatory,9.6,0
True,excitatory,8.8,8.8
True,excitatory,3.3,2.6
True,excitatory,2.3,0.1
True,excitatory,0.2,0
True,inhibitory,5.5,0.1
True,excitatory,10.3,5.4
True,excitatory,0,0
True,excitatory,0.6,0.2
True,excitatory,0,0
True,excitatory,2.5,0
True,excitatory,5.1,0
True,excitatory,0,0
True,excitatory,7.3,8.5
True,excitatory,0,0
True,inhibitory,20.8,22.6
True,excitatory,0,0
True,inhibitory,2.2,0
True,excitatory,2.3,0
True,excitatory,0.4,0
True,excitatory,0.7,0
True,inhibitory,0.7,0
True,excitatory,0,0
True,inhibitory,36.7,36.4
True,inhibitory,2.3,1.1
True,excitatory,0.1,0
True,excitatory,0,0
True,inhibitory,5.9,4.8
True,inhibitory,0,0
True,excitatory,0,0
True,excitatory,2.8,0
True,excitatory,0,0
True,excitatory,5.3,2.8
True,inhibitory,0,0
True,excitatory,25.7,31.8
True,excitatory,0.1,0
True,inhibitory,40,39.8
True,inhibitory,0,0
True,excitatory,0.6,0
True,inhibitory,10.5,11.3
True,excitatory,1.1,0
True,inhibitory,0.1,0
True,excitatory,0,0
True,excitatory,12.7,0.3
True,excitatory,0,0
True,excitatory,0,0
True,excitatory,0,0
True,excitatory,0,0
True,excitatory,0,0
True,excitatory,25,24.1
True,excitatory,0.4,0
True,excitatory,0,0
True,excitatory,0,0
True,excitatory,0,0
True,excitatory,0.1,0.1
True,excitatory,6.7,4.8
True,excitatory,3.1,0.7
True,excitatory,0,0
True,inhibitory,120.2,105.9
True,inhibitory,0,0
True,excitatory,0.1,0
True,excitatory,19.4,17.3
True,inhibitory,2.1,0.8
True,inhibitory,7.2,5.5
True,excitatory,0,0
True,excitatory,0.1,0.2
True,excitatory,9.6,0
True,excitatory,0,0
True,excitatory,1.5,0
True,excitatory,4.3,0
True,excitatory,64.7,59
True,excitatory,0,0
True,inhibitory,1.2,1.3
True,excitatory,0,0
True,inhibitory,0,0
True,excitatory,0.7,0
True,excitatory,1,0
True,excitatory,0,0
True,excitatory,0.5,0
True,inhibitory,0,0
True,inhibitory,13.3,7.9
True,inhibitory,0.4,4
True,excitatory,3.2,0
True,excitatory,0,0
True,excitatory,0,0
True,excitatory,0.1,0
True,inhibitory,2.1,0
True,excitatory,0,0
True,excitatory,1.1,0
True,excitatory,0,0
True,excitatory,0,0
True,excitatory,0,0
True,excitatory,0,0
True,excitatory,0.1,0.1
True,excitatory,0.2,0
True,excitatory,0,0
True,inhibitory,29.5,28.2
True,excitatory,0,0
True,excitatory,0,0
True,excitatory,4.5,2.1
True,excitatory,0,0
True,inhibitory,0.8,0
True,excitatory,0,0
True,excitatory,15,18
True,excitatory,0,0
True,excitatory,0,0
True,excitatory,1,0.1
True,excitatory,0,0
True,inhibitory,4.8,5.3
True,excitatory,0,0
True,inhibitory,0.1,0
True,excitatory,0.1,0
True,excitatory,7.9,4
True,excitatory,0,0
True,inhibitory,3.2,4.2
True,excitatory,0.2,0
True,excitatory,0,0
True,excitatory,2.1,0
True,excitatory,0.2,0
True,excitatory,0,0
True,excitatory,0,0
True,excitatory,2.1,0
True,excitatory,0,0
True,excitatory,0.3,0
True,excitatory,0,0
True,excitatory,0,0
True,excitatory,0,0
True,excitatory,13,3.8
True,inhibitory,4.8,7.7
True,excitatory,0,0
True,excitatory,0,0
True,excitatory,7.1,5.4
True,excitatory,0,0
True,excitatory,1.3,0
True,excitatory,0,0
True,excitatory,0,0
True,excitatory,0,0
True,inhibitory,1.4,0.3
True,inhibitory,22,16.2
True,excitatory,0.5,0
True,excitatory,0.3,0
True,excitatory,0.8,1.7
True,inhibitory,1.3,0
True,excitatory,0.5,0
True,excitatory,1.1,0.5
True,excitatory,15.2,7.3
True,inhibitory,0.6,0.5
True,excitatory,0.4,0
True,excitatory,0.8,0
True,excitatory,0.9,0
True,excitatory,3.3,0
True,excitatory,1.2,0.1
True,excitatory,8.7,11
True,excitatory,0,0
True,excitatory,0,0
True,excitatory,0.3,0
True,excitatory,0.1,0
True,excitatory,2.1,0
True,excitatory,2.4,0
True,excitatory,0,0
True,inhibitory,3.2,0
True,excitatory,0,0
True,excitatory,0,0
True,inhibitory,9.2,3.6
True,inhibitory,31.6,31.3
True,excitatory,0,0
True,excitatory,0.1,1
True,excitatory,35.5,36.5
True,inhibitory,4.6,0
True,inhibitory,27.1,29.7
True,inhibitory,0.6,0.8
True,excitatory,0,0
True,excitatory,0,0
True,excitatory,0.1,0
True,inhibitory,0.1,0.2
True,excitatory,0,0
True,excitatory,0.4,0
True,excitatory,2,0
True,excitatory,0,0
True,excitatory,2.1,1.6
True,excitatory,0.1,0
True,inhibitory,2.9,0
True,excitatory,0,0
True,excitatory,0,0
True,excitatory,1.4,0.9
True,inhibitory,1.1,0
True,inhibitory,1.5,2.8
True,excitatory,0.6,0
True,excitatory,0,0
True,excitatory,23.3,21.6
True,excitatory,0,0
True,excitatory,5.9,0.1
True,excitatory,3.6,0
True,excitatory,1.8,0.6
True,excitatory,0.5,0.1
True,excitatory,8,6.9
True,excitatory,6.1,0
True,excitatory,1.4,0
True,inhibitory,0.6,0.2
True,excitatory,0,0
True,excitatory,0.3,0
True,excitatory,0.4,0.3
True,excitatory,0,0
True,excitatory,2.8,0
True,excitatory,0.2,0
True,excitatory,0,0
True,excitatory,0,0
True,excitatory,0,0
True,excitatory,11.1,0
True,inhibitory,1.4,0.5
True,excitatory,0.1,0
True,excitatory,0.1,0
True,inhibitory,131.8,88.6
True,excitatory,0,0
True,inhibitory,6.6,5.2
True,excitatory,0,0
True,excitatory,0.4,0
True,excitatory,0,0
True,excitatory,0.8,0
True,excitatory,0,0
True,excitatory,12,9.6
True,excitatory,0,0
True,excitatory,4.9,0.3
True,inhibitory,0.1,0
True,excitatory,2.5,0
True,inhibitory,3,1.7
True,excitatory,0,0
True,inhibitory,11.2,7.2
True,excitatory,33.7,35
True,inhibitory,7.1,6
True,excitatory,1.9,0
True,excitatory,4.6,0
True,excitatory,0.2,0.1
True,excitatory,49.2,43.3
True,inhibitory,6.5,0
True,excitatory,0,0
True,excitatory,0,0
True,excitatory,0,0
True,excitatory,6.6,4.9
True,excitatory,9.3,8.5
True,excitatory,0,0
True,excitatory,1.1,0
True,excitatory,0,0
True,excitatory,1.3,0.2
True,excitatory,0,0
True,inhibitory,15.1,16.2
True,excitatory,0.4,0
True,inhibitory,3.6,0.1
True,inhibitory,5.4,0.7
True,excitatory,0.6,0
True,excitatory,3.7,3.1
True,excitatory,0,0
True,excitatory,0,0
True,excitatory,0.2,0
True,excitatory,0.8,0
True,excitatory,9.8,9.9
True,inhibitory,0,0
True,excitatory,0,0
True,excitatory,0,0
True,excitatory,0,0
True,excitatory,0,0
True,excitatory,1.5,0.1
True,inhibitory,12.1,11.4
True,excitatory,1.4,0
True,excitatory,0.1,0
True,excitatory,14.3,10.8
True,excitatory,0.4,0
True,excitatory,0,0
True,excitatory,0.1,0
True,inhibitory,30,32.4
True,excitatory,3,0
True,excitatory,0.5,0
True,excitatory,0,0
True,excitatory,0,0
True,inhibitory,0.7,0.3
True,excitatory,35.8,31.8
True,excitatory,0,0
True,inhibitory,3.2,0.1
True,excitatory,9.5,8.2
True,excitatory,0,0.1
True,excitatory,0,0
True,excitatory,7.3,5.8
True,excitatory,0,0
True,excitatory,0,0
True,excitatory,0.5,0
True,excitatory,0,0
True,excitatory,0.2,0
True,excitatory,0,0
True,excitatory,0,0
True,excitatory,2.6,0.7
True,excitatory,0,0
True,excitatory,13.9,16.3
True,excitatory,0,0
True,excitatory,0,0
True,excitatory,0.3,0
True,excitatory,23.6,28.7
True,excitatory,1.5,0
True,excitatory,1.8,0
True,excitatory,0,0
True,excitatory,0.8,0
True,excitatory,0,0
True,inhibitory,1.4,0.7
True,excitatory,3.2,0
True,inhibitory,16.3,10.8
True,excitatory,0,0
True,inhibitory,3.4,2.3
True,inhibitory,7,4.5
True,excitatory,2,0
True,excitatory,0.5,0.1
True,inhibitory,9.2,10.9
True,excitatory,0,0
True,excitatory,24.6,21.8
True,excitatory,0,0
True,excitatory,0.4,0.2
True,excitatory,1.4,0.1
True,excitatory,4.9,2.7
True,excitatory,0.2,0
True,excitatory,1.3,0
True,inhibitory,0,0
True,excitatory,0,0
True,excitatory,0,0
True,excitatory,0.6,0
True,inhibitory,2.2,1
True,excitatory,0.1,0
True,excitatory,0,0
True,excitatory,0.5,0.4
True,inhibitory,6.2,3.1
True,excitatory,80,71.9
True,excitatory,22.3,11
True,excitatory,2.9,0
True,excitatory,1.4,2.4
True,excitatory,0,0
True,excitatory,0,0
True,excitatory,28.3,27.6
True,excitatory,0,0
True,excitatory,0.1,0.1
True,excitatory,0.4,0
True,inhibitory,80.3,83.8
True,excitatory,0,0
True,excitatory,0,0
True,inhibitory,1,1.3
True,excitatory,0,0
True,excitatory,2.9,0
True,excitatory,0,0
True,excitatory,0,0
True,excitatory,1.6,0
True,inhibitory,2,1.6
True,excitatory,6.5,0
True,excitatory,9.8,7.2
True,excitatory,0,0
True,excitatory,0,0
True,excitatory,1.8,0
True,excitatory,0.7,0
True,excitatory,0.1,0
True,excitatory,0,0
True,inhibitory,84.4,86.9
True,excitatory,0,0
True,excitatory,9.8,0
True,excitatory,0.3,0
True,excitatory,2.1,0
True,inhibitory,22.6,20.7
True,inhibitory,2.4,0.5
True,excitatory,0.4,0
True,inhibitory,0,0
True,excitatory,53.6,43.3
True,excitatory,0,0
True,excitatory,0.5,0
True,excitatory,2.8,3.5
True,excitatory,0,0
True,excitatory,0,0
True,excitatory,0,0
True,inhibitory,96.6,99.3
True,excitatory,0.3,0
True,excitatory,0,0
True,excitatory,0,0
True,excitatory,0.2,0
True,inhibitory,11.6,14.8
True,excitatory,0,0
True,excitatory,0.2,0
True,inhibitory,3.1,1
True,excitatory,0,0
True,excitatory,2.2,0
True,excitatory,4.6,0
True,excitatory,0,0
True,excitatory,0,0
True,excitatory,0.2,0
True,excitatory,12.1,0
True,excitatory,0,0
True,inhibitory,0.6,0.5
True,inhibitory,0.6,0
True,excitatory,0.3,0
True,inhibitory,11.6,11
True,inhibitory,53.9,50.9
True,excitatory,0,0
True,excitatory,4.9,0
True,excitatory,0,0
True,excitatory,0.6,0
True,excitatory,25.5,23.8
True,excitatory,21.5,19.8
True,inhibitory,119.9,106.1
True,excitatory,0,0
True,inhibitory,22.8,10.6
True,excitatory,0,0
True,inhibitory,3.1,1.1
True,excitatory,0,0
True,inhibitory,5.5,1.7
True,excitatory,1.8,0
True,excitatory,0,0
True,excitatory,0,0
True,excitatory,1.1,0
True,excitatory,0,0
True,excitatory,0,0
True,excitatory,4.7,0
True,excitatory,17.4,15.3
True,excitatory,0,0
True,excitatory,0.1,0
True,excitatory,0,0
True,excitatory,0,0
True,excitatory,0,0
True,inhibitory,5.7,8.7
True,excitatory,0.4,0
True,excitatory,0,0
True,inhibitory,21.5,27.1
True,inhibitory,5.6,3.5
True,excitatory,0.2,0
True,excitatory,2.1,0.4
True,excitatory,0.2,0
True,excitatory,0,0
True,inhibitory,0.1,0
True,excitatory,0.6,0
True,excitatory,0.7,0
True,inhibitory,0.5,0
True,excitatory,2.6,0
True,excitatory,0,0
True,excitatory,0.1,0
True,excitatory,0,0
True,excitatory,0.7,0
True,excitatory,0.1,0
True,excitatory,0,0
True,excitatory,12.4,8.3
True,excitatory,0,0
True,inhibitory,0,0
True,excitatory,0.5,0
True,excitatory,1.7,0.6
True,excitatory,8.4,17.1
True,excitatory,6.7,0.7
True,excitatory,0.1,0
True,excitatory,0,0
True,excitatory,0,0
True,excitatory,10.3,6.3
True,excitatory,0.4,0.1
True,excitatory,15.5,0
True,excitatory,0.2,0
True,excitatory,0,0
True,inhibitory,2,0.3
True,excitatory,0,0
True,excitatory,0.1,0
True,excitatory,4,0.6
True,excitatory,6.8,7.1
True,excitatory,0.9,0
True,inhibitory,0,0
True,excitatory,7.8,5.3
True,excitatory,2.6,2.3
True,excitatory,5.7,3.7
True,excitatory,16.4,0
True,excitatory,2,1
True,excitatory,4.5,0
True,excitatory,0,0
True,excitatory,1.3,0
True,excitatory,15.8,8.2
True,excitatory,0,0
True,excitatory,0.2,0
True,excitatory,12,0
True,inhibitory,16.6,0
True,excitatory,0.1,0
True,excitatory,0,0
True,excitatory,3.5,2.1
True,excitatory,0,0
True,inhibitory,0.1,0.5
True,inhibitory,0.4,0
True,excitatory,6.1,4.8
True,excitatory,0.2,0.1
True,excitatory,0,0
True,excitatory,49,52.7
True,excitatory,0,0
True,excitatory,5.5,0
True,excitatory,0.2,0
True,inhibitory,99.5,90.2
True,inhibitory,10,6.5
True,excitatory,0,0
True,excitatory,0.7,0
True,excitatory,46.4,0
True,excitatory,0,0
True,excitatory,14.1,14.1
True,excitatory,0.1,0
True,inhibitory,0.2,0.2
True,inhibitory,0.1,0
True,inhibitory,0.1,0
True,excitatory,0,0
True,excitatory,31.4,11
True,excitatory,0.3,0
True,excitatory,0.1,0
True,excitatory,0,0
True,excitatory,1.2,0.5
True,excitatory,4.2,0.1
True,excitatory,17.7,18
True,excitatory,0,0
True,excitatory,5.4,0.9
True,excitatory,0,0
True,excitatory,0,0
True,excitatory,2,0
True,excitatory,3.1,0
True,excitatory,0,0.4
True,inhibitory,0.5,0
True,inhibitory,0.4,0
True,excitatory,8.1,4.5
True,excitatory,1,0.1
True,excitatory,0.2,0
True,excitatory,0,0
True,excitatory,0.1,0
True,excitatory,0.2,0
True,inhibitory,16.1,16.9
True,excitatory,3.4,0
True,excitatory,3.7,5.9
True,excitatory,11,0
True,excitatory,0.2,0
True,excitatory,0,0
True,excitatory,3.8,0
True,excitatory,0,0
True,excitatory,0.2,0
True,excitatory,0,0
True,inhibitory,81.8,72.5
True,excitatory,0.2,0
True,excitatory,1.4,0.1
True,excitatory,7.9,0
True,excitatory,1.6,0
True,excitatory,0.1,0
True,excitatory,0,0
True,excitatory,0,0
True,excitatory,0,0
True,excitatory,0.2,0.2
True,excitatory,0,0
True,excitatory,0.4,0
True,excitatory,0.9,0
True,excitatory,3.9,0
True,inhibitory,90.2,67.1
True,excitatory,0,0
True,excitatory,0,0
True,excitatory,0,0
True,excitatory,1.1,0
True,excitatory,0,0
True,excitatory,0.1,0
True,excitatory,9.5,0
True,excitatory,0.2,0
True,excitatory,0,0
True,excitatory,3.5,1.5
True,inhibitory,66.3,30.3
True,inhibitory,0.2,0
True,excitatory,0.1,0
True,excitatory,0.2,0
True,excitatory,0.2,0
True,inhibitory,2.2,1.3
True,excitatory,0,0
True,excitatory,0,0
True,excitatory,0,0
True,inhibitory,75.9,35.2
True,excitatory,18.9,18.6
True,excitatory,0.1,0
True,excitatory,0.6,0
True,excitatory,0,0
True,excitatory,7.5,0
True,inhibitory,0,0
True,excitatory,6.1,0
True,excitatory,0,0
True,excitatory,0.1,0.1
True,excitatory,0.5,0.2
True,inhibitory,48.7,47.5
True,excitatory,6.7,0
True,excitatory,18.1,16.9
True,excitatory,0,0
True,inhibitory,0.2,2.6
True,excitatory,0,0
True,excitatory,0,0
True,excitatory,0,0
True,inhibitory,32.5,30.7
True,excitatory,1.4,0
True,excitatory,0,0
True,inhibitory,0.3,0
True,excitatory,25.4,16.7
True,excitatory,5.7,3
True,excitatory,0.1,0
True,excitatory,0,0
True,excitatory,0,0
True,excitatory,9.6,0
True,excitatory,0,0
True,excitatory,0,0
True,excitatory,0.9,0
True,excitatory,0.2,0
True,excitatory,0,0
True,excitatory,0.6,0
True,excitatory,7.1,3.6
True,excitatory,0,0
True,excitatory,0.6,0.1
True,excitatory,0,0
True,excitatory,1.2,0
True,excitatory,54.5,45.6
True,excitatory,0,0
True,inhibitory,2.6,4.3
True,inhibitory,0,0
True,excitatory,0.5,0.1
True,inhibitory,0,0
True,excitatory,34.6,0
True,inhibitory,10.3,8
True,excitatory,3.9,3.6
True,excitatory,0.3,0
True,excitatory,0.1,0
True,excitatory,0,0
True,excitatory,0,0
True,excitatory,0.6,0
True,excitatory,0,0
True,excitatory,2.5,0
True,excitatory,0,0
True,excitatory,0,0
True,excitatory,10,0.3
True,inhibitory,7.7,2.1
True,excitatory,0,0
True,excitatory,6.1,0
True,excitatory,0.4,0.4
True,excitatory,0.1,0
True,excitatory,0,0
True,excitatory,15,12.2
True,excitatory,0,0
True,excitatory,2.9,3.6
True,excitatory,0.9,0.2
True,excitatory,0.4,0
True,excitatory,0.9,0
True,excitatory,0.8,0
True,excitatory,2.1,0
True,excitatory,16.1,17.3
True,excitatory,0,0
True,excitatory,1.6,0
True,excitatory,0,0
True,excitatory,0,0
True,excitatory,6.6,0
True,excitatory,0,0
True,excitatory,0,0
True,inhibitory,5.4,0
True,excitatory,0,0
True,inhibitory,64.4,61.5
True,excitatory,0,0
True,excitatory,0.4,0
True,excitatory,5.4,0
True,inhibitory,1,0.2
True,excitatory,0.3,0
True,excitatory,2.4,0
True,excitatory,2.8,1
True,excitatory,0,0
True,inhibitory,27,20.9
True,inhibitory,7.1,0
True,inhibitory,2.6,2.2
True,excitatory,0.8,0
True,excitatory,0,0
True,inhibitory,6,0
True,excitatory,0.3,1.2
True,excitatory,0,0
True,excitatory,0.1,0
True,excitatory,0,0
True,excitatory,0.5,0
True,excitatory,0,0
True,inhibitory,2.7,1.4
True,excitatory,25.8,0
True,excitatory,0,0
True,excitatory,0,0
True,excitatory,0,0
True,excitatory,0,0
True,inhibitory,12.3,18.1
True,excitatory,0.3,0
True,excitatory,0.3,0
True,excitatory,1.2,0.8
True,excitatory,0.1,0
True,inhibitory,15.7,17.2
True,excitatory,0,0
True,inhibitory,57.4,68.7
True,excitatory,0.3,0
True,excitatory,0.4,0
True,excitatory,0,0
True,excitatory,1.8,0
True,excitatory,4.2,0
True,excitatory,0,0
True,excitatory,0,0
True,excitatory,0.7,0
True,excitatory,2.2,0
True,inhibitory,10.9,0
True,excitatory,5.6,0
True,excitatory,0.5,0
True,inhibitory,3.3,3.8
True,excitatory,6,0
True,excitatory,0,0
True,inhibitory,146.7,137.4
True,inhibitory,0,0
True,excitatory,0,0
True,excitatory,3,1.2
True,excitatory,1.8,0
True,excitatory,0,0
True,excitatory,6.4,0
True,excitatory,0.1,0.1
True,excitatory,11.2,0
True,excitatory,0.3,0
True,excitatory,7.2,10.7
True,excitatory,0,0.1
True,inhibitory,0,0
True,excitatory,0,0
True,inhibitory,4.6,2.8
True,excitatory,1.6,0.1
True,inhibitory,126.1,125.9
True,excitatory,0,0
True,excitatory,1.2,0
True,excitatory,1,0
True,excitatory,0,0
True,excitatory,0.1,0
True,excitatory,0,0
True,excitatory,0,0
True,excitatory,0,0
True,excitatory,0,0
True,excitatory,0.3,0
True,excitatory,0.1,0
True,inhibitory,4.7,0
True,excitatory,18.8,0
True,excitatory,1.4,0
True,excitatory,0.3,0
True,inhibitory,1,0
True,inhibitory,5,4.3
True,excitatory,0,0
True,excitatory,3.1,3.1
True,excitatory,0.4,0
True,excitatory,0.4,0
True,inhibitory,0,0
True,excitatory,2.4,0.8
True,inhibitory,19,10
True,excitatory,0.6,0
True,excitatory,0,0
True,excitatory,0,0
True,excitatory,11.9,0
True,excitatory,0,0
True,excitatory,29.1,19.9
True,excitatory,0,0
True,excitatory,0,0
True,inhibitory,1.1,0
True,excitatory,0,0
True,excitatory,0,0
True,excitatory,15.4,10.2
True,excitatory,15.4,11.4
True,inhibitory,0.3,0
True,excitatory,4.2,0
True,excitatory,3.3,0.1
True,excitatory,0,0
True,excitatory,16.8,8.5
True,excitatory,0,0
True,excitatory,11.1,15
True,excitatory,0.1,0
True,excitatory,0,0
True,excitatory,16.4,11.9
True,excitatory,0,0
True,excitatory,0.4,0
True,excitatory,1.7,1.2
True,excitatory,0,0
True,excitatory,13.3,0
True,excitatory,0.1,0
True,excitatory,1.3,0
True,excitatory,0,0
True,excitatory,7.4,0
True,excitatory,0,0
True,excitatory,12.2,0
True,excitatory,32,0
True,excitatory,41.8,41.9
True,excitatory,0,0
True,excitatory,0,0
True,excitatory,1,0
True,excitatory,0.1,0
True,excitatory,0.1,0
True,excitatory,0,0
True,excitatory,0,0
True,excitatory,0,0
True,excitatory,0,0
True,inhibitory,70.8,59.3
True,excitatory,5.9,0
True,excitatory,0.3,0
True,inhibitory,1.5,3.5
True,inhibitory,0,0
True,excitatory,4.6,2.4
True,inhibitory,22.6,32.6
True,inhibitory,0,0
True,excitatory,2.1,0
True,excitatory,0,0
True,excitatory,2.1,0
True,excitatory,2.2,0
True,excitatory,10.6,11.6
True,excitatory,0.1,0
True,excitatory,2.1,0
True,excitatory,1.9,0.1
True,excitatory,0,0
True,inhibitory,0,0
True,excitatory,4.4,2
True,excitatory,0,0
True,excitatory,11.2,0
True,excitatory,0,0
True,excitatory,9.5,0
True,excitatory,0,0
True,excitatory,0,0
True,excitatory,1.2,0.1
True,excitatory,1,0
True,inhibitory,0.1,0
True,inhibitory,11.6,14.1
True,excitatory,0,0
True,excitatory,0,0
True,inhibitory,1.9,0
True,excitatory,0,0
True,excitatory,1,0
True,excitatory,0,0
True,excitatory,10.5,0
True,excitatory,56.4,50.5
True,excitatory,0,0
True,excitatory,0,0
True,excitatory,0,0
True,excitatory,0.1,0
True,excitatory,1.8,1.2
True,excitatory,1.7,0
True,excitatory,18.9,17.1
True,excitatory,76,64.6
True,excitatory,0,0
True,inhibitory,0.1,0
True,excitatory,1.3,0
True,excitatory,0,0
True,inhibitory,0,0
True,inhibitory,0,0
True,inhibitory,8.1,8.8
True,excitatory,0,0
True,excitatory,0,0
True,excitatory,0.1,0
True,excitatory,39.5,51.6
True,excitatory,0,0
True,excitatory,0,0
True,excitatory,1.1,0.1
True,excitatory,0,0
True,excitatory,0.5,0.1
True,excitatory,0,0
True,excitatory,0,0
True,excitatory,1.6,0
True,excitatory,0,0
True,inhibitory,5.9,4.3
True,excitatory,0,0
True,excitatory,0,0
True,excitatory,0.2,0
True,excitatory,1,0
True,excitatory,2.8,9.2
True,excitatory,3.3,1.6
True,excitatory,0.2,0
True,excitatory,0,0
True,excitatory,0,0
True,excitatory,22.2,12.4
True,excitatory,1,0
True,excitatory,0.2,0
True,excitatory,0,0
True,excitatory,5.1,4.8
True,excitatory,0,0
True,excitatory,0.1,0
True,excitatory,0,0
True,excitatory,0,0
True,excitatory,0.1,0
True,excitatory,0.4,0
True,excitatory,0.2,0
True,excitatory,0.6,0
True,excitatory,1.7,1.5
True,excitatory,2.3,5.2
True,excitatory,8.5,0
True,excitatory,0,0
True,excitatory,1.6,0.1
True,excitatory,3.8,6.2
True,inhibitory,30.7,35.3
True,excitatory,0.1,0
True,excitatory,0.1,0
True,excitatory,0,0
True,inhibitory,65.7,51.5
True,inhibitory,0.6,0.2
True,excitatory,0.1,0
True,excitatory,45,46.8
True,excitatory,2.2,0
True,excitatory,77.5,75.4
True,excitatory,9.3,5.6
True,excitatory,2.4,0
True,excitatory,2.4,0
True,excitatory,17.4,15.4
True,inhibitory,12.6,6.6
True,inhibitory,0.2,0
True,excitatory,2.4,2.5
True,excitatory,0,0
True,excitatory,0,0
True,excitatory,2.5,1
True,excitatory,0,0
True,inhibitory,3.6,3.4
True,excitatory,0,0
True,excitatory,0.2,0
True,inhibitory,32.3,26.7
True,excitatory,1.5,0
True,excitatory,1.6,0.8
True,excitatory,0.4,0
True,excitatory,0,0
True,excitatory,1.1,0
True,excitatory,0,0
True,excitatory,4.3,0
True,excitatory,0.3,0
True,excitatory,0,0
True,inhibitory,64.2,64.2
True,inhibitory,104.6,95.8
True,excitatory,0,0
True,excitatory,0,0
True,excitatory,0,0
True,excitatory,18.3,14.1
True,excitatory,3,0
True,excitatory,0,0
True,inhibitory,0,0
True,excitatory,0,0
True,excitatory,4.3,0
True,excitatory,0.9,0
True,inhibitory,12.6,15.7
True,inhibitory,11.3,2.5
True,excitatory,0.2,0
True,excitatory,0.1,0
True,inhibitory,0,0.1
True,excitatory,1.4,0
True,excitatory,0.1,0.1
True,excitatory,0.1,0
True,excitatory,0,0
True,excitatory,0.8,1.4
True,excitatory,0.3,0
True,excitatory,0,0
True,excitatory,0.4,0
True,excitatory,0,0
True,inhibitory,4.7,0.3
True,inhibitory,1.3,0.5
True,excitatory,0,0
True,excitatory,0.3,0
True,inhibitory,0,0
True,excitatory,0.6,0.1
True,excitatory,0,0
True,excitatory,0,0
True,excitatory,3.1,0.2
True,excitatory,0.2,0
True,inhibitory,4.9,3.7
True,excitatory,0,0
True,excitatory,3.2,0
True,excitatory,0,0
True,excitatory,5.3,5.6
True,excitatory,0,0
True,excitatory,5.6,0
True,excitatory,0.5,0
True,excitatory,4.4,2.8
True,inhibitory,71.2,62.2
True,excitatory,25.4,23.3
True,excitatory,0,0
True,excitatory,5.5,5.1
True,excitatory,0,0
True,excitatory,2.8,1.5
True,excitatory,3.7,3
True,inhibitory,2.6,3.2
True,excitatory,0,0
True,excitatory,0,0
True,excitatory,0.1,0
True,excitatory,27.1,0
True,excitatory,0,0
True,inhibitory,0.1,0.1
True,inhibitory,5.4,1.5
True,excitatory,0.7,0.2
True,excitatory,0.1,0.1
True,excitatory,0.4,0
True,excitatory,0,0
True,inhibitory,79.6,96.2
True,inhibitory,0,0
True,excitatory,0.3,0.1
True,excitatory,1.3,0.2
True,excitatory,0.7,0
True,excitatory,0,0
True,inhibitory,1.9,0
True,inhibitory,0.3,0
True,excitatory,0,0
True,inhibitory,0,0
True,excitatory,0,0
True,excitatory,0,0
True,excitatory,0,0
True,excitatory,0,0
True,inhibitory,156,133.6
True,excitatory,0,0
True,excitatory,0,0
True,excitatory,0,0
True,excitatory,2.6,0
True,excitatory,0.5,0
True,inhibitory,0.6,0
True,excitatory,6.2,4.7
True,excitatory,0,0
True,excitatory,4.7,1.1
True,excitatory,0.8,1.3
True,inhibitory,0,0
True,inhibitory,267.2,239.3
True,inhibitory,15.6,23.4
True,excitatory,0,0
True,excitatory,0.1,0
True,excitatory,0,0
True,inhibitory,3,0.1
True,excitatory,52,51.4
True,excitatory,10.6,9.9
True,inhibitory,0,0
True,excitatory,0,0
True,excitatory,9,6.3
True,excitatory,0.1,0
True,excitatory,3,2.6
True,excitatory,68.5,48.1
True,excitatory,6.4,4.8
True,excitatory,0.2,0
True,excitatory,4.4,5.4
True,excitatory,0,0
True,excitatory,0.7,0
True,inhibitory,6,0
True,excitatory,0.8,0
True,excitatory,0,0
True,excitatory,3.2,0
True,inhibitory,50.5,42.1
True,excitatory,0,0
True,excitatory,0.1,0
True,excitatory,0,0
True,excitatory,0.2,0
True,excitatory,0.1,0
True,excitatory,0.1,0
True,excitatory,10,0
True,excitatory,0,0
True,excitatory,0,0
True,excitatory,3.1,2.8
True,inhibitory,0.1,0
True,excitatory,0,0
True,excitatory,6.2,5.1
True,excitatory,0,0
True,excitatory,24.8,0
True,excitatory,0,0
True,excitatory,0,0
True,excitatory,0.6,0
True,excitatory,1.1,0
True,excitatory,0.4,0
True,excitatory,0,0
True,excitatory,0,0
True,inhibitory,26,32.9
True,excitatory,13.5,9.8
True,excitatory,0.1,0.1
True,inhibitory,0.5,0.3
True,excitatory,1,0
True,excitatory,0,0
True,excitatory,0.4,0.4
True,excitatory,0,0
True,excitatory,0,0
True,excitatory,0,0
True,excitatory,0,0
True,excitatory,49.9,49.2
True,excitatory,0.1,0
True,excitatory,0,0
True,excitatory,1.5,0
True,excitatory,0.2,0
True,inhibitory,2,0
True,excitatory,0,0
True,excitatory,0.1,0
True,excitatory,0,0
True,excitatory,0,0
True,inhibitory,1.8,0.3
True,excitatory,0.3,0
True,excitatory,0,0
True,excitatory,0,0
True,excitatory,0.1,0
True,excitatory,0,0
True,excitatory,1.1,0
True,excitatory,0,0
True,inhibitory,1.4,0
True,excitatory,11.5,12.7
True,excitatory,0,0
True,excitatory,53.2,45.7
True,excitatory,9.1,9.5
True,excitatory,2.9,0
True,excitatory,0.4,0.5
True,excitatory,0.1,0
True,excitatory,1.3,0.1
True,excitatory,0,0
True,excitatory,0,0
True,inhibitory,38,30.7
True,excitatory,0,0
True,excitatory,0,0
True,excitatory,0,0
True,excitatory,0,0
True,inhibitory,0,0
True,inhibitory,0,0
True,excitatory,0,0
True,excitatory,1.9,0
True,excitatory,3.7,0
True,excitatory,5.9,0
True,excitatory,0,0
True,inhibitory,0.1,0
True,excitatory,0,0
True,inhibitory,39,48.2
True,excitatory,0.9,0
True,excitatory,34.6,35
True,excitatory,0.2,0
True,excitatory,0.7,0
True,excitatory,0.1,0
True,excitatory,0,0
True,excitatory,0.7,0
True,excitatory,0,0
True,excitatory,10.8,13.3
True,excitatory,0,0
True,excitatory,0,0
True,excitatory,0,0
True,excitatory,0.2,0
True,excitatory,9,5.6
True,excitatory,1.2,0
True,inhibitory,3.8,3.3
True,excitatory,25.4,25.5
True,excitatory,3.8,0
True,excitatory,3.8,0
True,inhibitory,22.5,24.2
True,excitatory,1.8,0
True,inhibitory,0,0
True,excitatory,0.7,0.1
True,excitatory,0,0
True,inhibitory,7.6,1.7
True,excitatory,0,0
True,inhibitory,0.5,0
True,excitatory,3.9,0.5
True,excitatory,0.1,0
True,excitatory,0,0
True,excitatory,0.3,0
True,excitatory,0,0
True,inhibitory,26.4,22
True,excitatory,1.5,1.2
True,excitatory,0,0
True,excitatory,0,0
True,excitatory,0,0
True,inhibitory,7.2,2.8
True,excitatory,2.1,1
True,excitatory,0,0
True,excitatory,0.1,0
True,inhibitory,10.6,6.7
True,excitatory,0,0
True,excitatory,0.1,0
True,excitatory,0,0
True,excitatory,1,0
True,excitatory,0,0
True,excitatory,5.1,4.6
True,excitatory,0,0
True,excitatory,5.5,2.5
True,excitatory,0,0
True,excitatory,5.9,6.6
True,excitatory,0,0
True,excitatory,0.2,0
True,excitatory,2.7,0.6
True,excitatory,15.6,12.4
True,excitatory,11.5,8.8
True,excitatory,0,0
True,excitatory,0,0
True,excitatory,0,0
True,excitatory,34.2,33.2
True,excitatory,3.9,1.2
True,inhibitory,5.3,1.4
True,excitatory,7.1,0
True,excitatory,0,0
True,excitatory,15.8,15.1
True,excitatory,2.9,0
True,excitatory,13,10.9
True,excitatory,1.1,0
True,excitatory,0.7,0.3
True,excitatory,3.4,2
True,excitatory,0,0
True,excitatory,0,0
True,inhibitory,0,0
True,excitatory,0.3,0.2
True,excitatory,0,0
True,excitatory,6.9,4.7
True,excitatory,1.6,0
True,excitatory,0,0
True,excitatory,0,0
True,excitatory,0,0
True,inhibitory,19.5,14.9
True,excitatory,0,0
True,excitatory,0.4,0
True,inhibitory,6.8,9.2
True,excitatory,0,0
True,excitatory,0,0
True,excitatory,0,0
True,excitatory,0,0
True,excitatory,0,0
True,inhibitory,66.3,57
True,excitatory,0,0.3
True,excitatory,1.7,0.4
True,inhibitory,20.5,21.8
True,excitatory,17.8,13
True,inhibitory,2.3,0
True,excitatory,1.6,0
True,excitatory,0,0
True,excitatory,0,0
True,excitatory,0,0
True,excitatory,1.7,0
True,excitatory,0,0
True,excitatory,3,0
True,excitatory,0.1,0
True,excitatory,0.2,0
True,excitatory,6.2,6.5
True,excitatory,5.1,0.1
True,excitatory,0,0.7
True,excitatory,0.1,0
True,excitatory,66.3,62.2
True,excitatory,12.5,9.6
True,excitatory,0.3,0
True,excitatory,1.1,0.5
True,excitatory,0,0
True,inhibitory,0,0
True,excitatory,0.1,0
True,excitatory,0,0
True,excitatory,2.2,0
True,excitatory,0,0
True,excitatory,0,0
True,excitatory,2.8,1
True,inhibitory,9.8,12.8
True,inhibitory,5.2,1.8
True,excitatory,1.7,0
True,excitatory,0,0
True,inhibitory,1,5.4
True,excitatory,31.3,26
True,excitatory,0.7,0
True,excitatory,1.2,1.2
True,excitatory,0.2,0
True,excitatory,1.3,0
True,excitatory,0,0
True,excitatory,0.8,0
True,inhibitory,21.3,10.3
True,excitatory,0,0
True,excitatory,0,0
True,excitatory,0,0
True,excitatory,0,0
True,excitatory,0,0
True,excitatory,0,0
True,excitatory,14.6,14.1
True,inhibitory,0,0
True,inhibitory,0,0
True,excitatory,2.3,0.9
True,excitatory,1.1,0
True,excitatory,0,0
True,inhibitory,0,0
True,excitatory,3.6,0
True,excitatory,1,1.3
True,excitatory,0,0
True,excitatory,24.3,25.3
True,excitatory,14.7,0
True,excitatory,0.1,0
True,excitatory,0,0
True,inhibitory,0,0
True,excitatory,2.8,0
True,excitatory,0.4,0
True,excitatory,1.6,3.6
True,excitatory,2.6,0
True,excitatory,0,0
True,excitatory,0.1,0
True,excitatory,0,0
True,inhibitory,62.7,58.5
True,excitatory,28.3,19.2
True,inhibitory,0,0
True,excitatory,5.3,0.6
True,excitatory,0,0
True,excitatory,0,0
True,inhibitory,26.3,19.2
True,excitatory,0,0
True,excitatory,0,0
True,excitatory,0.7,0
True,excitatory,7.7,4.3
True,inhibitory,13,9.7
True,excitatory,0,0
True,excitatory,0,0
True,inhibitory,0.5,0
True,excitatory,0.4,0
True,excitatory,6,0
True,excitatory,27.1,17.3
True,excitatory,0,0
True,excitatory,0.3,0
True,inhibitory,0,0
True,excitatory,0,0
True,excitatory,0,0
True,excitatory,0,0
True,excitatory,0,0
True,inhibitory,2.2,0.6
True,excitatory,0,0
True,excitatory,0.4,0
True,excitatory,12,0
True,excitatory,0,0
True,excitatory,3.1,0
True,excitatory,0.1,0
True,excitatory,2.5,0.4
True,inhibitory,62.7,67
True,inhibitory,0.7,0.3
True,inhibitory,2.5,0
True,excitatory,0.2,0
True,excitatory,0.9,0
True,excitatory,24.5,13.1
True,excitatory,0,0
True,excitatory,0.4,0
True,excitatory,0.1,0
True,excitatory,0,0
True,excitatory,0.1,0
True,excitatory,0,0
True,excitatory,0,0
True,excitatory,0,0
True,inhibitory,30.8,19.1
True,excitatory,48.5,46.5
True,excitatory,0,0
True,excitatory,0.3,0
True,excitatory,5.6,0
True,excitatory,13.7,14.4
True,excitatory,0,0
True,inhibitory,1.9,0.7
True,excitatory,8.4,0.8
True,inhibitory,23,21.2
True,excitatory,0,0
True,excitatory,0,0
True,excitatory,0,0
True,excitatory,0,0
True,inhibitory,221.9,208.9
True,excitatory,0.5,0
True,inhibitory,0.1,0
True,excitatory,0.3,0
True,excitatory,0.6,0
True,inhibitory,0.3,0.8
True,excitatory,0,0
True,excitatory,1.1,0.2
True,excitatory,72.5,67.9
True,excitatory,0,0
True,excitatory,0.2,0
True,excitatory,0,0
True,excitatory,2.9,3.2
True,inhibitory,45.8,35.8
True,excitatory,0.2,0.1
True,excitatory,0,0
True,excitatory,1,0
True,excitatory,5.7,0
True,excitatory,1.3,0
True,excitatory,15.5,12
True,inhibitory,0.2,0
True,excitatory,0.8,0
True,excitatory,0,0
True,excitatory,30.1,28.9
True,excitatory,0,0
True,excitatory,0.1,0
True,excitatory,0.1,0
True,excitatory,2.8,0
True,excitatory,8.9,8.2
True,excitatory,15.5,12.4
True,excitatory,0,0
True,excitatory,0.2,0
True,inhibitory,0,0
True,excitatory,0,0
True,excitatory,1.9,0.6
True,inhibitory,8.4,7.9
True,excitatory,0,0
True,inhibitory,0,0
True,excitatory,0,0
True,inhibitory,59.4,48.6
True,excitatory,0,0
True,inhibitory,11.6,10.4
True,inhibitory,0.9,1.7
True,excitatory,0,0
True,excitatory,0,0
True,excitatory,1.8,0
True,excitatory,0.9,0
True,excitatory,27.2,0
True,excitatory,0.2,0
True,excitatory,1.1,0
True,excitatory,4.4,0
True,inhibitory,9.8,18.8
True,excitatory,0,0
True,excitatory,0,0
True,excitatory,1.4,0
True,excitatory,10.9,17.3
True,excitatory,0,0
True,excitatory,0,0
True,excitatory,26.1,21.1
True,excitatory,0,0
True,excitatory,1.2,0
True,inhibitory,2.2,2
True,excitatory,0,0
True,excitatory,0.4,0
True,inhibitory,10,6.5
True,excitatory,0,0
True,excitatory,36.7,36.2
True,excitatory,0,0
True,excitatory,0.2,0
True,excitatory,0.9,1.3
True,excitatory,0,0
True,excitatory,0.5,0
True,inhibitory,4.9,2.1
True,excitatory,6.7,0
True,inhibitory,0,0
True,excitatory,0,0
True,excitatory,0.1,0
True,excitatory,0,0
True,excitatory,0.8,0
True,excitatory,2.3,2.1
True,inhibitory,1,0.3
True,excitatory,0,0
True,excitatory,0.1,0
True,excitatory,0,0
True,excitatory,3,0
True,excitatory,10,0
True,excitatory,0,0
True,excitatory,0,0
True,inhibitory,59.1,62.1
True,excitatory,41.9,42.5
True,excitatory,0,0
True,excitatory,0.2,0
True,inhibitory,33.8,15.2
True,inhibitory,23.6,18.9
True,excitatory,0.6,0
True,excitatory,0.2,0
True,excitatory,0.3,0
True,excitatory,0,0
True,excitatory,1.2,0.1
True,inhibitory,204.1,185.4
True,excitatory,4,0
True,excitatory,8.1,0
True,inhibitory,54.8,58.2
True,excitatory,0,0
True,excitatory,4.7,2.4
True,excitatory,0.3,0
True,excitatory,5.2,0
True,excitatory,0,0
True,inhibitory,0,0
True,inhibitory,0.6,1.6
True,excitatory,0,0
True,inhibitory,1.2,0
True,excitatory,2.6,3.2
True,inhibitory,15.5,17.5
True,excitatory,0,0
True,inhibitory,14.1,10
True,inhibitory,20.1,15
True,inhibitory,4.4,0.1
True,excitatory,0,0
True,excitatory,0,0
True,excitatory,0,0
True,excitatory,0,0.9
True,excitatory,2.2,1
True,excitatory,0,0
True,inhibitory,0,0
True,inhibitory,0.2,0
True,excitatory,7.6,5.1
True,excitatory,0,0
True,excitatory,0,0
True,excitatory,0,0
True,inhibitory,3.6,2.6
True,excitatory,6.6,0
True,excitatory,0.2,0
True,excitatory,47.8,48.9
True,inhibitory,4.9,0.7
True,excitatory,0,0.1
True,inhibitory,5.5,7
True,excitatory,0,0
True,excitatory,20.1,16.5
True,inhibitory,0.5,0
True,excitatory,114.6,107
True,excitatory,0,0
True,excitatory,0.2,0
True,excitatory,13,15.6
True,excitatory,0,0
True,excitatory,2.2,0
True,excitatory,119.1,105.1
True,inhibitory,66.6,52.4
True,inhibitory,0,0
True,inhibitory,135.9,113.1
True,excitatory,30.9,10.7
True,inhibitory,0,0
True,inhibitory,1.8,0
True,excitatory,0.1,0.1
True,excitatory,0,0
True,excitatory,0,0
True,excitatory,3.5,0
True,excitatory,0.3,0
True,excitatory,6.2,0
True,excitatory,7.5,0
True,excitatory,2,0
True,excitatory,0,0
True,excitatory,5.4,3.8
True,excitatory,0,0
True,excitatory,0,0.2
True,excitatory,1,0.6
True,inhibitory,0.2,0.2
True,excitatory,0,0
True,inhibitory,71.2,56.2
True,excitatory,0.5,0
True,inhibitory,28.3,17.1
True,excitatory,0,0
True,excitatory,0,0
True,excitatory,10.7,5
True,inhibitory,17.6,16
True,excitatory,67.3,65.1
True,excitatory,0.4,0
True,excitatory,1.6,0
True,inhibitory,6,9.7
True,excitatory,0,0
True,excitatory,0.5,0
True,inhibitory,0.6,0.4
True,excitatory,0,0
True,excitatory,0.4,0
True,excitatory,0.2,0
True,excitatory,9.3,5.1
True,excitatory,1,0
True,inhibitory,16.1,9.8
True,inhibitory,2,1.5
True,excitatory,8.2,0
True,inhibitory,31.8,19.6
True,excitatory,13.9,18.7
True,excitatory,0.2,0
True,excitatory,7.9,0.4
True,excitatory,14,0
True,excitatory,0,0
True,inhibitory,0,0
True,excitatory,0.4,0
True,inhibitory,0.2,0
True,excitatory,0,0
True,inhibitory,88.1,91.7
True,excitatory,0,0
True,excitatory,0.3,0
True,excitatory,0.2,0
True,excitatory,182.1,171.3
True,excitatory,0.7,0
True,inhibitory,11.9,8.1
True,excitatory,0,0
True,excitatory,0,0
True,inhibitory,4.8,4.2
True,excitatory,1.6,0
True,inhibitory,0.5,0.1
True,inhibitory,2.5,0
True,excitatory,0.2,0.3
True,inhibitory,7.3,7.5
True,excitatory,7.3,7.1
True,excitatory,2.7,0
True,inhibitory,13,0
True,excitatory,2.3,0
True,excitatory,0,0
True,excitatory,0.5,0
True,excitatory,0,0
True,excitatory,0,0.1
True,excitatory,58.4,45.3
True,excitatory,3.2,0
True,excitatory,5,0
True,excitatory,13.1,0.1
True,excitatory,0.6,0.8
True,excitatory,0,0
True,excitatory,8.5,0
True,excitatory,0,0
True,inhibitory,1.3,2.9
True,excitatory,0,0
True,excitatory,0,0
True,excitatory,1.8,0.3
True,excitatory,0,0
True,excitatory,0,0
True,excitatory,0,0
True,inhibitory,22.5,20.3
True,inhibitory,86.1,102
True,excitatory,0,0
True,excitatory,0.3,0.2
True,inhibitory,0.1,0
True,excitatory,0.9,0.4
True,excitatory,17.8,10.5
True,excitatory,0.3,0
True,inhibitory,18.1,14.1
True,excitatory,0,0
True,excitatory,0.9,0
True,excitatory,0,0
True,excitatory,0.8,0
True,excitatory,0,0
True,excitatory,0.4,0.1
True,excitatory,1.5,0
True,excitatory,0.1,0
True,excitatory,0,0
True,excitatory,4,2.3
True,inhibitory,1.7,0
True,inhibitory,25.1,0
True,excitatory,4.1,6.4
True,excitatory,10.9,0.5
True,excitatory,19.9,16.3
True,excitatory,0.1,0
True,excitatory,5.9,1.6
True,excitatory,0,0
True,excitatory,0,0
True,excitatory,0.1,0
True,excitatory,0,0
True,excitatory,0,0
True,excitatory,7.9,0
True,excitatory,7.5,5.9
True,excitatory,0.2,0
True,excitatory,0,0
True,excitatory,1.4,0.1
True,excitatory,0.4,0
True,excitatory,0,0
True,excitatory,0.2,0
True,inhibitory,237.7,188
True,excitatory,5.7,1.3
True,excitatory,0,0
True,excitatory,5,0
True,excitatory,3.8,0
True,inhibitory,0.6,0
True,excitatory,0.2,0
True,excitatory,20.5,0
True,excitatory,0,0
True,inhibitory,37.6,22.7
True,excitatory,0.1,0
True,excitatory,0.2,0.2
True,excitatory,0,0
True,excitatory,5.6,0
True,excitatory,11.3,0
True,excitatory,0,0
True,excitatory,0,0
True,excitatory,0,0
True,excitatory,0,0
True,excitatory,0,0
True,excitatory,0,0
True,inhibitory,5.8,0
True,excitatory,8.2,3.1
True,excitatory,0,0
True,excitatory,0,0
True,inhibitory,1.2,0
True,inhibitory,0,0.2
True,excitatory,0,0
True,excitatory,1.2,0
True,excitatory,0,0
True,excitatory,0,0
True,inhibitory,0,0
True,excitatory,0,0
True,inhibitory,3,0
True,excitatory,0,0
True,inhibitory,29.3,20.6
True,inhibitory,7.6,6.1
True,excitatory,0,0
True,inhibitory,7.3,9.5
True,excitatory,0,0
True,excitatory,2.3,0
True,excitatory,0,0
True,excitatory,0.1,0
True,inhibitory,3.9,1.5
True,excitatory,0,0
True,inhibitory,14.6,17.3
True,excitatory,0,0
True,inhibitory,0.6,3
True,excitatory,0.3,0
True,excitatory,0,0
True,excitatory,14.7,0
True,excitatory,0.1,0
True,excitatory,7.1,2.9
True,excitatory,0.2,0
True,excitatory,1.5,0
True,excitatory,1.6,0
True,excitatory,17.6,0
True,inhibitory,33.9,24.2
True,excitatory,0,0
True,excitatory,0,0
True,excitatory,0.1,0
True,excitatory,0,0
True,excitatory,0,0
True,inhibitory,8.9,4.9
True,excitatory,0.2,0
True,inhibitory,2.2,0.8
True,excitatory,0,0
True,excitatory,0,0
True,excitatory,0,0
True,excitatory,0,0
True,excitatory,11.6,0
True,excitatory,0.5,0
True,inhibitory,6.9,3.3
True,excitatory,0.1,0
True,excitatory,0.6,0
True,excitatory,0,0
True,excitatory,0.1,0
True,excitatory,0,0
False,inhibitory,8.4,26.3
False,inhibitory,15.6,30.2
False,excitatory,0.1,0
False,inhibitory,2.2,2.1
False,excitatory,13.8,50.7
False,excitatory,23.7,20
False,excitatory,7.5,85.2
False,excitatory,5.9,0
False,inhibitory,21.8,4.8
False,excitatory,32.3,24.4
False,excitatory,0,0
False,excitatory,0,0
False,inhibitory,0,0
False,excitatory,0,0
False,excitatory,4.5,30.7
False,excitatory,2.6,0
False,excitatory,0,0
False,excitatory,2.5,0
False,excitatory,0,0
False,excitatory,0.1,0
False,excitatory,4.1,0
False,excitatory,0.1,0
False,excitatory,13,0.2
False,excitatory,0,0
False,inhibitory,0.1,29.3
False,excitatory,0,0
False,excitatory,3.6,6.8
False,excitatory,0.1,0
False,excitatory,0,0
False,excitatory,0,0
False,excitatory,12.1,0
False,excitatory,2.2,0.3
False,inhibitory,0,0
False,excitatory,0.1,0
False,excitatory,0,0
False,excitatory,0.4,0
False,inhibitory,2,1
False,excitatory,0,0
False,excitatory,3.3,1.4
False,excitatory,0,0
False,excitatory,0.1,0
False,excitatory,6.7,0
False,excitatory,20.2,0
False,excitatory,0,0
False,excitatory,0,0
False,excitatory,0,0
False,inhibitory,1.4,0
False,excitatory,1.4,0.1
False,excitatory,0,0
False,inhibitory,0.1,0
False,excitatory,0.2,0
False,inhibitory,0.4,0
False,inhibitory,0.1,1.8
False,excitatory,0,0
False,excitatory,0,0
False,excitatory,2.8,0
False,excitatory,0,0
False,excitatory,0,0
False,inhibitory,112.8,0
False,excitatory,0,0
False,excitatory,0.1,0
False,excitatory,2.3,0
False,inhibitory,1.2,0
False,excitatory,0.4,0
False,excitatory,3.1,0
False,inhibitory,50.5,55.4
False,excitatory,0.3,0.3
False,excitatory,32.8,8.6
False,excitatory,0.3,0
False,excitatory,2.2,0
False,excitatory,0,0
False,inhibitory,10.3,0
False,excitatory,0,0
False,excitatory,1.5,0
False,excitatory,0.4,0
False,excitatory,0,0
False,excitatory,0.2,0
False,excitatory,11,0
False,excitatory,1,0
False,inhibitory,1,0
False,excitatory,0,0
False,excitatory,0.9,0.3
False,excitatory,8.4,0
False,excitatory,0.2,0
False,excitatory,0.1,0
False,excitatory,0,0
False,excitatory,0.2,0
False,excitatory,0,0
False,excitatory,6,0
False,excitatory,0,0
False,excitatory,25,28.9
False,excitatory,0,0
False,excitatory,0,0
False,excitatory,27,11
False,excitatory,0.5,0
False,inhibitory,1.2,0
False,excitatory,0,0
False,excitatory,0.2,0.1
False,excitatory,0.1,0
False,inhibitory,23.4,0.2
False,excitatory,8.3,0
False,inhibitory,7.2,0
False,excitatory,3,0
False,excitatory,0,0
False,excitatory,0,0
False,excitatory,1.6,0
False,excitatory,9.8,0
False,excitatory,1.5,0
False,excitatory,11.2,0.6
False,inhibitory,10.3,19.5
False,inhibitory,2.1,7.3
False,excitatory,0,0
False,inhibitory,13.2,9.6
False,excitatory,0,0
False,excitatory,0,0
False,excitatory,0,0
False,inhibitory,0.1,0.7
False,inhibitory,8.8,15
False,excitatory,0.1,0
False,excitatory,14.6,10.7
False,excitatory,17.6,17.5
False,excitatory,0,0
False,excitatory,0,0
False,excitatory,15.6,20.2
False,excitatory,27.2,25.7
False,inhibitory,6.6,11
False,excitatory,0,0
False,excitatory,0.1,0
False,excitatory,0,0
False,inhibitory,2.1,2.5
False,excitatory,0,0
False,excitatory,0,0
False,excitatory,0,0
False,excitatory,0.1,0
False,excitatory,0.1,0
False,excitatory,0,0
False,excitatory,4.2,44.3
False,inhibitory,11.6,15.6
False,excitatory,34.2,22.5
False,excitatory,7.9,0
False,excitatory,0,0
False,excitatory,13.6,44
False,excitatory,0,0
False,excitatory,4.6,0
False,excitatory,0,0
False,inhibitory,0,0
False,excitatory,0.4,0
False,excitatory,12.1,0
False,excitatory,0.2,0
False,excitatory,0,0
False,excitatory,54.8,0
False,inhibitory,3.1,6.3
False,excitatory,0,0
False,excitatory,0,0
False,excitatory,0,0
False,excitatory,1.5,0
False,excitatory,0.2,0
False,excitatory,0,0
False,inhibitory,16.8,0
False,excitatory,0.3,0
False,inhibitory,0,1.5
False,inhibitory,3.9,0.3
False,excitatory,0,0
False,excitatory,1.5,0
False,excitatory,2.1,0
False,excitatory,0.8,0.6
False,excitatory,0.4,0
False,excitatory,0.4,0
False,excitatory,0,0
False,excitatory,0,0
False,excitatory,0,0
False,excitatory,0,0
False,excitatory,1.8,1.2
False,excitatory,5.5,0.1
False,excitatory,0,0
False,excitatory,0,0
False,inhibitory,3.7,0
False,inhibitory,0.2,0
False,excitatory,0,0
False,excitatory,0,0
False,inhibitory,43.5,7.6
False,excitatory,1.9,0.5
False,excitatory,1.3,0
False,excitatory,0.7,0.3
False,excitatory,0.1,0.4
False,inhibitory,0,0
False,excitatory,7.5,0.1
False,excitatory,0,0
False,excitatory,0.5,0
False,excitatory,0,0
False,excitatory,0,0
False,excitatory,0,0
False,excitatory,0,0
False,excitatory,2.4,0
False,excitatory,0,0
False,inhibitory,4.6,0
False,excitatory,25.5,44.9
False,excitatory,0,0
False,excitatory,0,0
False,excitatory,0,0
False,inhibitory,26.8,19.1
False,inhibitory,16.7,0.6
False,excitatory,0,0
False,excitatory,0.1,0
False,excitatory,0.1,0
False,excitatory,0,0
False,inhibitory,1.4,8
False,excitatory,3.2,1
False,excitatory,25.7,41.7
False,excitatory,1.2,4.1
False,excitatory,0,0
False,excitatory,0.2,0
False,excitatory,8.2,1.3
False,excitatory,3.7,0.6
False,excitatory,2.6,0
False,excitatory,0.6,0.1
False,excitatory,29,26
False,excitatory,0.7,0
False,excitatory,0.1,0
False,excitatory,0,0
False,excitatory,0,0
False,excitatory,1.6,2.4
False,excitatory,2,0
False,excitatory,0.3,0
False,excitatory,10.2,0.2
False,excitatory,0.3,0
False,excitatory,0.1,0.8
False,excitatory,0,0
False,excitatory,1.7,0
False,excitatory,0,0
False,inhibitory,17.7,0
False,inhibitory,180.3,247.8
False,excitatory,0.7,0
False,excitatory,0,0
False,excitatory,0,0
False,excitatory,0,0
False,excitatory,0,0
False,inhibitory,0,0
False,inhibitory,130.5,164.4
False,inhibitory,0.6,0.3
False,excitatory,0,0
False,excitatory,17.7,0.4
False,excitatory,5.6,0
False,excitatory,0,0
False,excitatory,0,0
False,excitatory,0.2,0
False,inhibitory,0.4,0.2
False,excitatory,29.9,0
False,excitatory,0.2,0
False,inhibitory,0.2,0
False,excitatory,20.8,0
False,inhibitory,0.1,0.2
False,excitatory,12.7,0
False,excitatory,0.1,0
False,inhibitory,43.3,0.9
False,excitatory,0.6,0
False,excitatory,0,0
False,inhibitory,150.7,172.5
False,excitatory,0.5,0
False,excitatory,1.2,0
False,excitatory,3.1,2.4
False,excitatory,3.3,0
False,inhibitory,12.2,0
False,excitatory,0,0
False,inhibitory,0,0
False,excitatory,2.7,0
False,excitatory,0.2,0
False,excitatory,0,0
False,excitatory,0,0
False,excitatory,0,0
False,excitatory,0,0
False,excitatory,0.1,0
False,excitatory,1.3,0
False,excitatory,0.3,0
False,excitatory,0,0
False,excitatory,3.4,0
False,excitatory,0.8,0
False,excitatory,0,0
False,excitatory,0,0
False,inhibitory,0,0
False,excitatory,0,0.2
False,inhibitory,0,0
False,excitatory,0,0
False,excitatory,0,0
False,excitatory,0.2,0
False,excitatory,0,0
False,excitatory,0,0
False,inhibitory,14.8,14.2
False,inhibitory,0.2,0.1
False,excitatory,18.6,9.3
False,excitatory,0,0
False,excitatory,0,0
False,excitatory,0,0
False,excitatory,0,0
False,inhibitory,44.1,131.9
False,excitatory,0,0
False,excitatory,0.6,0.1
False,inhibitory,6.9,4.9
False,excitatory,0,0
False,excitatory,0.6,0
False,inhibitory,12.7,1.7
False,excitatory,3.2,0
False,excitatory,16.7,0
False,inhibitory,0,0
False,excitatory,0,0
False,inhibitory,1.3,0.1
False,inhibitory,7.2,0.8
False,inhibitory,16.5,17.5
False,excitatory,0,0
False,excitatory,0.1,0
False,excitatory,2.3,0.6
False,inhibitory,52.5,44.1
False,excitatory,0.1,0
False,excitatory,0,0
False,excitatory,0.6,0
False,inhibitory,12.4,0.3
False,excitatory,0,0
False,inhibitory,1.5,4.1
False,excitatory,0,0
False,excitatory,4.7,7.7
False,excitatory,31.5,36.6
False,excitatory,0,0
False,excitatory,0,0
False,inhibitory,5.5,0.6
False,excitatory,5.7,0.5
False,excitatory,1.3,0
False,excitatory,0.2,0
False,excitatory,2.1,0.6
False,excitatory,1.5,0
False,excitatory,3.8,1.4
False,inhibitory,118.8,71.4
False,excitatory,0,0
False,excitatory,56,0
False,excitatory,0.4,0
False,excitatory,0.9,0
False,excitatory,0.7,0
False,excitatory,1.5,0
False,excitatory,0,0
False,excitatory,0.2,0
False,inhibitory,11.2,0
False,excitatory,0.6,0
False,excitatory,0,0
False,excitatory,0.5,0
False,inhibitory,107.3,5.4
False,excitatory,0.4,0
False,excitatory,39.4,0.1
False,excitatory,0,0
False,inhibitory,34.8,80
False,excitatory,0.2,0
False,excitatory,0.2,0
False,inhibitory,16.1,17
False,excitatory,1.7,0
False,inhibitory,11.9,55.1
False,excitatory,28.2,30.1
False,excitatory,0.2,0
False,inhibitory,19.9,34.3
False,excitatory,0,0
False,inhibitory,2.5,0
False,excitatory,3.8,0
False,excitatory,0.1,0
False,excitatory,19,0.4
False,excitatory,0.7,0
False,excitatory,0,0
False,excitatory,0,0
False,excitatory,0,0
False,excitatory,0,0
False,excitatory,9.5,1.7
False,excitatory,0,0
False,excitatory,14.7,18.3
False,excitatory,12.7,34.3
False,excitatory,0.2,0
False,excitatory,2.8,0
False,inhibitory,1.9,0
False,excitatory,0.4,0.4
False,excitatory,0,0
False,inhibitory,13,0.2
False,excitatory,0.4,0
False,excitatory,0,0
False,excitatory,0,0
False,excitatory,0,0
False,excitatory,0,0
False,inhibitory,0,0
False,excitatory,0,0
False,excitatory,0,0
False,excitatory,0,0
False,excitatory,0,0
False,excitatory,0,0
False,excitatory,2,0
False,excitatory,0.2,0
False,excitatory,29.4,0
False,excitatory,2,0.7
False,inhibitory,37.2,0
False,excitatory,1.2,0.2
False,excitatory,0,0
False,excitatory,5,2.4
False,excitatory,33.9,24.7
False,excitatory,0,0
False,excitatory,1.6,0
False,excitatory,0,0
False,excitatory,26.3,0
False,excitatory,0,0
False,excitatory,0,0
False,inhibitory,12.8,19.2
False,excitatory,0.5,0
False,excitatory,11.8,0
False,excitatory,0,0
False,excitatory,0.4,0
False,excitatory,4.4,0
False,excitatory,5.8,0
False,excitatory,0,0
False,excitatory,0,0
False,excitatory,0,0
False,excitatory,0,0
False,excitatory,3.7,0
False,excitatory,0,0
False,inhibitory,71.5,17.8
False,excitatory,0,0
False,excitatory,0,0
False,excitatory,0,0
False,excitatory,0.2,0
False,excitatory,0,0
False,inhibitory,3.3,20.9
False,excitatory,4.9,0
False,excitatory,0,0
False,excitatory,23.1,0
False,excitatory,0.7,0
False,inhibitory,86.9,30.9
False,inhibitory,5.4,0
False,excitatory,4.9,0.7
False,excitatory,1.8,0
False,inhibitory,0.4,0
False,excitatory,0,0
False,excitatory,66.9,66.7
False,excitatory,0.9,2.5
False,inhibitory,40.4,31.7
False,inhibitory,0.3,0.1
False,excitatory,0.2,0
False,inhibitory,0.4,50
False,excitatory,0,0
False,excitatory,27,1.2
False,excitatory,2,0
False,excitatory,0,0
False,excitatory,0,0
False,excitatory,0,0
False,excitatory,0,0
False,excitatory,0.3,0
False,excitatory,8.6,0
False,excitatory,0.2,0
False,inhibitory,1.6,5.4
False,inhibitory,84.5,0.2
False,inhibitory,8.3,1.1
False,excitatory,2.2,0.1
False,inhibitory,0.4,0
False,excitatory,1.9,0
False,excitatory,0,0
False,excitatory,2.3,24.8
False,inhibitory,0.1,0.4
False,inhibitory,14.7,0.4
False,excitatory,0.9,0
False,excitatory,1.7,0.8
False,excitatory,0,0
False,excitatory,0,0
False,excitatory,0,0
False,excitatory,0,0
False,excitatory,0,0
False,excitatory,0,0
False,excitatory,0,0
False,excitatory,0,0
False,excitatory,52.9,0
False,excitatory,0.1,0
False,inhibitory,19.2,220.2
False,excitatory,0.1,0
False,excitatory,0,0
False,excitatory,2.9,0
False,excitatory,0,0
False,excitatory,8.5,20.7
False,inhibitory,56,82.3
False,excitatory,0,0
False,excitatory,8.7,6.8
False,excitatory,0.1,0
False,excitatory,0,0
False,excitatory,4.9,0
False,excitatory,17.6,62.8
False,excitatory,0,0
False,excitatory,0.1,0
False,excitatory,0.1,0
False,excitatory,54,35.4
False,inhibitory,0.9,0.4
False,inhibitory,28.7,5.2
False,excitatory,0,0
False,excitatory,0,0
False,excitatory,0.2,0
False,excitatory,0.1,0
False,excitatory,1.3,0
False,inhibitory,8,6.7
False,excitatory,10.3,31.2
False,excitatory,11.6,0.3
False,excitatory,0,0
False,excitatory,3.4,1.3
False,excitatory,15.7,3.8
False,excitatory,0,0
False,excitatory,0.2,2.7
False,excitatory,0,0.1
False,excitatory,0,0
False,excitatory,0,0
False,excitatory,0,0
False,excitatory,0,0
False,inhibitory,9.1,2.6
False,excitatory,1.1,0
False,excitatory,7,0
False,inhibitory,1.9,0.2
False,excitatory,0,0
False,excitatory,0,0
False,inhibitory,5.3,0
False,excitatory,0.9,0
False,excitatory,0.7,0
False,excitatory,0,0
False,excitatory,0,0
False,excitatory,0.3,0
False,excitatory,0,0
False,excitatory,0,0.5
False,excitatory,0,0
False,inhibitory,0.4,0
False,inhibitory,0,0
False,excitatory,0,0
False,excitatory,0.3,0
False,excitatory,2.9,0
False,inhibitory,12.9,1.2
False,excitatory,0.3,0
False,excitatory,0.8,1.5
False,excitatory,8.6,0
False,excitatory,1.4,1.5
False,inhibitory,0.5,0
False,excitatory,0,0
False,inhibitory,16.7,9.3
False,excitatory,0,0
False,excitatory,0,0
False,excitatory,2.2,0
False,excitatory,0,0
False,excitatory,0.1,0
False,excitatory,0,0
False,excitatory,7.5,0
False,excitatory,0,0
False,inhibitory,2.1,28.9
False,excitatory,7.5,6.7
False,excitatory,0.4,0
False,excitatory,2.4,0
False,excitatory,0,0
False,excitatory,0.8,0
False,excitatory,3.3,0
False,excitatory,11.4,0
False,excitatory,0,0
False,excitatory,0.1,0
False,excitatory,18.3,4.2
False,excitatory,0.2,0.1
False,excitatory,0.4,0
False,excitatory,1.7,0
False,excitatory,0,0
False,excitatory,0,0
False,inhibitory,10.9,66.5
False,inhibitory,199.2,110.9
False,excitatory,0,0
False,excitatory,1.4,0
False,excitatory,0,0
False,excitatory,0.3,0
False,excitatory,0,0
False,excitatory,1.9,0.1
False,excitatory,0,0
False,inhibitory,2.6,0
False,excitatory,2.1,1
False,excitatory,27.9,23.1
False,inhibitory,5.9,0.2
False,inhibitory,0.9,0.2
False,excitatory,5.5,12.8
False,excitatory,7.5,1.3
False,excitatory,0,0
False,excitatory,0,0
False,excitatory,0,0
False,inhibitory,13.3,6
False,excitatory,12.2,0
False,excitatory,0,0
False,inhibitory,0,14.9
False,excitatory,1.6,0.1
False,excitatory,10.6,0
False,excitatory,0,0
False,excitatory,0,0
False,excitatory,0,0
False,excitatory,0,0
False,inhibitory,0,0.1
False,inhibitory,2.4,47
False,excitatory,0,0
False,excitatory,40.6,58.9
False,excitatory,0,0
False,excitatory,4.5,6.9
False,excitatory,0,0
False,inhibitory,10.9,7.9
False,excitatory,0,0
False,inhibitory,8.4,3.5
False,inhibitory,1.9,0.1
False,excitatory,0,0
False,excitatory,0,0
False,excitatory,3.7,0.5
False,excitatory,0,0
False,excitatory,0,0
False,inhibitory,0,0
False,excitatory,0,0
False,excitatory,0,0
False,excitatory,0,0
False,excitatory,0.1,0
False,excitatory,0,0
False,excitatory,0,0
False,excitatory,0.7,1
False,excitatory,0,0
False,excitatory,0,0
False,excitatory,18.1,26
False,inhibitory,14.2,9.6
False,excitatory,0,0
False,excitatory,4.5,0
False,excitatory,0.4,0
False,excitatory,2.5,7
False,excitatory,0.1,0
False,excitatory,22.5,44.4
False,excitatory,1.3,0
False,excitatory,0,0
False,inhibitory,14.8,21.1
False,excitatory,0,0
False,excitatory,0.4,0
False,excitatory,0,0
False,inhibitory,2.9,1.3
False,excitatory,0,0
False,excitatory,6,0.3
False,excitatory,0.1,0
False,excitatory,1.8,0
False,excitatory,0,0
False,excitatory,0.8,31.3
False,excitatory,0,0
False,excitatory,0,0
False,excitatory,1.3,0
False,excitatory,2.6,0
False,excitatory,1.3,0
False,excitatory,0,0
False,excitatory,1.4,0.1
False,excitatory,0,0
False,excitatory,25.9,6.1
False,excitatory,6.7,0
False,excitatory,0.7,0
False,inhibitory,32.9,8.9
False,excitatory,0.4,0
False,excitatory,0,0
False,excitatory,0,0
False,excitatory,0,0
False,excitatory,1,0.2
False,excitatory,0,0
False,excitatory,11.1,0.4
False,excitatory,0,0
False,inhibitory,20.1,12.6
False,inhibitory,11.1,2
False,inhibitory,4.3,13.6
False,excitatory,1.6,0.7
False,excitatory,0,0
False,excitatory,0.2,0.4
False,excitatory,0,0
False,inhibitory,21.3,16.4
False,excitatory,32,19.3
False,excitatory,1.4,0.2
False,excitatory,14.6,15.9
False,excitatory,7.1,36
False,excitatory,7.4,1.9
False,inhibitory,25.7,132.7
False,excitatory,4.9,0
False,excitatory,0.4,0
False,excitatory,1.5,3.6
False,inhibitory,0.2,0
False,excitatory,9.9,0
False,excitatory,0.5,0
False,excitatory,7.6,0
False,excitatory,0,0
False,excitatory,7.5,0
False,excitatory,0,0
False,excitatory,59.3,0.4
False,excitatory,1.8,0
False,inhibitory,14.4,0.7
False,excitatory,0,0
False,excitatory,0.1,0
False,excitatory,0,0
False,excitatory,0,0
False,excitatory,0.3,0.2
False,excitatory,0.3,0
False,inhibitory,24.5,3.8
False,excitatory,2.7,0
False,inhibitory,28.2,54.4
False,excitatory,0.8,0
False,excitatory,11,1
False,excitatory,4.1,0.6
False,excitatory,0.1,0
False,excitatory,0.2,0
False,inhibitory,31.9,39.6
False,excitatory,0,0
False,excitatory,0,0
False,excitatory,0.7,0
False,excitatory,13.3,5.3
False,inhibitory,12.6,0
False,excitatory,0.4,0
False,excitatory,0.8,0.2
False,excitatory,4.9,0
False,inhibitory,9.8,0
False,excitatory,0.2,0
False,excitatory,0,0
False,excitatory,4,0
False,inhibitory,94.9,83
False,excitatory,0,0
False,inhibitory,0.8,0.2
False,excitatory,44.3,10.5
False,excitatory,5,0
False,excitatory,0,0
False,excitatory,0.3,0.6
False,excitatory,1.2,0
False,excitatory,0,0
False,excitatory,0,0
False,excitatory,0.1,0
False,excitatory,16.6,0
False,excitatory,0,0
False,excitatory,0,0
False,inhibitory,2.5,0.5
False,excitatory,0,0
False,excitatory,1,3
False,excitatory,0,0
False,inhibitory,12.5,0
False,inhibitory,41.5,25.2
False,inhibitory,0.4,29.2
False,excitatory,0,0
False,excitatory,0,0
False,excitatory,0,0
False,excitatory,0,0
False,excitatory,0.8,0
False,excitatory,0,0
False,inhibitory,10.1,4
False,excitatory,11.8,0
False,inhibitory,12,0.1
False,inhibitory,2.1,0.6
False,excitatory,0,0
False,excitatory,5.8,0
False,excitatory,0,0
False,excitatory,0.7,0
False,excitatory,0,0
False,excitatory,0.4,0.3
False,inhibitory,0.7,0
False,excitatory,0,0
False,excitatory,1.5,20.6
False,excitatory,0.9,0
False,excitatory,1.3,0
False,inhibitory,30.9,0
False,excitatory,0,0
False,excitatory,0,0.4
False,excitatory,0,0
False,excitatory,0.1,0
False,inhibitory,36.4,0
False,inhibitory,27.3,20.7
False,excitatory,0,0
False,excitatory,0,0
False,excitatory,0,0
False,excitatory,1.1,0
False,excitatory,0,0
False,excitatory,0,0
False,excitatory,0.1,0
False,excitatory,4.8,0
False,excitatory,5.4,0
False,excitatory,0,0
False,excitatory,0,0
False,excitatory,1,0
False,inhibitory,4.4,0
False,inhibitory,1.6,0.3
False,excitatory,0,0
False,excitatory,0.1,0
False,excitatory,0,0
False,inhibitory,0.1,0
False,excitatory,18.8,0
False,excitatory,0.1,0
False,inhibitory,52.4,184.3
False,inhibitory,3.8,0
False,excitatory,0,0
False,excitatory,0,0
False,excitatory,31.1,2.2
False,inhibitory,38,0
False,excitatory,0,0
False,inhibitory,26.8,0
False,excitatory,0,0
False,excitatory,0,0
False,excitatory,0.8,0
False,excitatory,0,0
False,excitatory,0,0
False,excitatory,0.6,0
False,excitatory,0.7,0
False,excitatory,0.4,0
False,excitatory,0,0
False,excitatory,11.8,0
False,excitatory,0,0
False,excitatory,0,0
False,excitatory,0.8,0
False,excitatory,1.2,0
False,excitatory,34.4,18.5
False,excitatory,0,0
False,inhibitory,1.4,13.7
False,excitatory,20.2,48.3
False,excitatory,4.1,4
False,inhibitory,54.9,36.6
False,inhibitory,15.4,0
False,excitatory,4,41.4
False,excitatory,15.3,14.7
False,excitatory,0.6,0.5
False,excitatory,9.7,0.2
False,excitatory,0,0
False,excitatory,1.3,0
False,excitatory,3.8,1
False,excitatory,0.2,0
False,excitatory,19.3,0
False,inhibitory,0.6,0
False,inhibitory,9.8,5.7
False,excitatory,0.1,0
False,excitatory,0.4,0
False,excitatory,0,0
False,inhibitory,4.5,0
False,excitatory,4.2,0
False,excitatory,0,0
False,excitatory,0.3,0.1
False,excitatory,0.4,0
False,excitatory,5.9,0
False,excitatory,0,0
False,excitatory,4.2,3.2
False,excitatory,0.1,0
False,excitatory,0.7,0
False,excitatory,1.6,0
False,inhibitory,0,0
False,excitatory,0,0
False,inhibitory,9,13.2
False,excitatory,0,0
False,inhibitory,19,51.3
False,excitatory,1.7,0
False,excitatory,19,2.9
False,excitatory,0,0
False,excitatory,0.2,0
False,excitatory,0.7,0
False,excitatory,0,0.6
False,excitatory,0.5,0
False,excitatory,0,0
False,excitatory,14.2,0
False,excitatory,3.6,0
False,excitatory,0,0
False,excitatory,0.4,0
False,excitatory,1.8,0
False,excitatory,1.4,0
False,excitatory,0,0
False,excitatory,23.8,29.1
False,excitatory,0.1,0.1
False,excitatory,0.1,0
False,excitatory,0,0
False,excitatory,1.7,0
False,excitatory,3.6,0
False,excitatory,0.4,0
False,excitatory,0,0
False,excitatory,4,0
False,excitatory,0.2,0
False,excitatory,1.5,0
False,excitatory,0,0
False,excitatory,1.5,0
False,inhibitory,0.3,0.3
False,excitatory,0.5,0
False,excitatory,6.8,0
False,inhibitory,1.2,170
False,excitatory,7.3,0
False,inhibitory,0.2,0
False,excitatory,0,0
False,excitatory,0,0
False,excitatory,0,0
False,excitatory,14.7,23.2
False,excitatory,5.9,0
False,inhibitory,34,24.6
False,excitatory,0.3,0
False,excitatory,0.9,0
False,inhibitory,1.3,1.2
False,excitatory,0,0
False,excitatory,0.3,0
False,inhibitory,3.4,1.2
False,excitatory,6.7,0.3
False,excitatory,0.3,0
False,inhibitory,7.4,0
False,inhibitory,0.5,0.1
False,inhibitory,11.9,7.3
False,excitatory,0,0
False,excitatory,5.6,5.8
False,excitatory,1.9,0
False,excitatory,5.2,34.3
False,excitatory,0.1,0
False,excitatory,0.3,0
False,excitatory,0,0
False,excitatory,3.3,0.1
False,excitatory,0.2,0
False,excitatory,0,0
False,excitatory,0,0
False,excitatory,24.4,14
False,excitatory,83.2,74.4
False,excitatory,0,0
False,inhibitory,0,0
False,excitatory,0,0
False,inhibitory,3.2,33.6
False,excitatory,0.5,0
False,excitatory,0.1,0
False,excitatory,2.8,0.2
False,excitatory,0.3,0
False,excitatory,0.4,0
False,excitatory,0,0
False,excitatory,0.3,0
False,excitatory,0,0.1
False,excitatory,0,0
False,excitatory,7.7,0.1
False,excitatory,0,0
False,excitatory,0,0
False,excitatory,0.1,0
False,excitatory,0.1,0
False,excitatory,4.7,0
False,excitatory,0.1,0
False,excitatory,10.9,0
False,excitatory,0,0
False,excitatory,0,0
False,inhibitory,2.1,0
False,inhibitory,2.1,74.6
False,excitatory,0.6,0
False,inhibitory,0.4,0
False,excitatory,1.1,0
False,inhibitory,7.9,1.1
False,excitatory,0.5,0
False,excitatory,0,0
False,excitatory,23.2,73.7
False,excitatory,0,0
False,inhibitory,0.7,0
False,inhibitory,2.9,0
False,excitatory,0,0
False,excitatory,18.4,0.2
False,excitatory,7.3,0
False,excitatory,0,0
False,excitatory,0.1,0
False,excitatory,1.1,0
False,excitatory,0,0
False,excitatory,0,0
False,inhibitory,21.9,14.3
False,excitatory,0.5,0
False,excitatory,0,0.1
False,inhibitory,0,0
False,excitatory,0.1,0
False,excitatory,20.1,0
False,excitatory,10.4,0.1
False,excitatory,0.1,0
False,inhibitory,173.1,0.4
False,inhibitory,34.2,0.4
False,excitatory,0,0
False,inhibitory,0,0
False,excitatory,4.9,50.6
False,excitatory,0,0
False,inhibitory,0,28
False,inhibitory,1.3,75.2
False,excitatory,0.8,0
False,excitatory,0,0
False,excitatory,1.2,0
False,excitatory,2.9,12.7
False,inhibitory,32.2,93.2
False,excitatory,1.1,0
False,excitatory,0.7,0
False,excitatory,0.1,0
False,excitatory,0,0
False,excitatory,0.2,0
False,excitatory,0,0
False,excitatory,0,0
False,inhibitory,1.3,0.5
False,excitatory,3.6,0
False,inhibitory,49.8,87
False,excitatory,0,0
False,excitatory,29.2,50.3
False,inhibitory,3.7,0.2
False,excitatory,1.9,0.5
False,inhibitory,15,1.2
False,excitatory,5.6,7.4
False,excitatory,12,0.2
False,inhibitory,65.3,25.3
False,excitatory,7.8,26.2
False,excitatory,0.1,0
False,inhibitory,1,0
False,excitatory,0,0
False,excitatory,2.3,0
False,inhibitory,2,4.4
False,excitatory,0.4,0
False,excitatory,7.8,12
False,inhibitory,5.9,0
False,excitatory,0,0
False,inhibitory,0.8,0
False,excitatory,0.3,0
False,inhibitory,0.2,0
False,excitatory,31,22.2
False,excitatory,0,0
False,excitatory,0.6,0
False,inhibitory,4.1,14.4
False,excitatory,90.3,54.7
False,excitatory,1,0
False,excitatory,0.1,0
False,excitatory,0.1,0
False,excitatory,12.7,0.7
False,excitatory,0.5,0
False,excitatory,0.3,0
False,excitatory,0.1,0
False,inhibitory,24.5,12
False,inhibitory,0.1,0
False,excitatory,0,0
False,inhibitory,46.6,13.2
False,excitatory,0,0
False,excitatory,1.1,0
False,inhibitory,45.3,151.5
False,excitatory,12.2,0
False,excitatory,21.2,0
False,excitatory,1.8,0
False,inhibitory,0.5,0
False,inhibitory,0.1,0
False,excitatory,0.2,0
False,excitatory,0,0
False,excitatory,0,0
False,inhibitory,0,0
False,excitatory,1.2,0
False,inhibitory,0,0
False,excitatory,22.8,16.3
False,excitatory,0,0
False,excitatory,0.6,0
False,excitatory,6.8,0
False,excitatory,0,0
False,excitatory,39.4,18.3
False,excitatory,0,0
False,excitatory,31.2,0
False,excitatory,0.9,0
False,inhibitory,26.1,96
False,excitatory,0.3,0.2
False,excitatory,0,0
False,excitatory,0.3,0
False,inhibitory,3.8,8.9
False,excitatory,1.8,0
False,excitatory,0,0
False,excitatory,3.4,0
False,excitatory,0,0
False,excitatory,0,0
False,excitatory,29.8,33.4
False,inhibitory,6.4,0.6
False,excitatory,7,1.8
False,excitatory,0.9,0
False,excitatory,0,0
False,excitatory,0.2,0
False,excitatory,0.2,0
False,excitatory,0.6,1.1
False,excitatory,0,0
False,excitatory,1,0
False,excitatory,0,0
False,excitatory,0,0
False,excitatory,0.6,0
False,excitatory,0,0
False,excitatory,3.1,0
False,excitatory,2.7,0
False,excitatory,0,0
False,excitatory,0.7,1.1
False,excitatory,0,0
False,excitatory,1.6,0
False,excitatory,12,43.7
False,inhibitory,8.8,5.8
False,excitatory,0,0
False,excitatory,1.3,0.6
False,inhibitory,20.9,16.5
False,excitatory,0.6,0
False,excitatory,0,0
False,excitatory,0.2,0
False,excitatory,20.3,24.3
False,excitatory,0,0
False,excitatory,0,0
False,excitatory,0.4,0
False,excitatory,0,0
False,excitatory,0,0
False,inhibitory,0.2,0
False,excitatory,22.5,59.2
False,excitatory,0.1,0
False,excitatory,0,0
False,inhibitory,65.5,44.2
False,inhibitory,3.3,1.4
False,excitatory,13.7,0
False,excitatory,0.4,0.1
False,excitatory,1,0
False,inhibitory,26.7,22
False,excitatory,24.6,1.3
False,excitatory,0.3,51.2
False,excitatory,0.4,0
False,excitatory,1,0
False,inhibitory,12.3,35.5
False,inhibitory,24.9,0
False,excitatory,8.2,0
False,excitatory,0,0
False,excitatory,2.5,0
False,excitatory,0,0
False,inhibitory,2.8,3.8
False,excitatory,33.8,0
False,excitatory,4.4,28.4
False,excitatory,0.2,0
False,excitatory,22.7,2
False,excitatory,0.5,0.8
False,excitatory,0,0
False,excitatory,1.3,0
False,excitatory,0,0
False,excitatory,16.7,0
False,excitatory,16.9,6.8
False,inhibitory,3.4,0
False,inhibitory,26.1,96.1
False,excitatory,0.3,0
False,excitatory,0,0
False,excitatory,16.3,0.1
False,excitatory,32.9,0
False,excitatory,26.9,0
False,excitatory,0,0
False,excitatory,0.3,0
False,excitatory,1.7,1.3
False,excitatory,15.1,7.9
False,excitatory,0.1,0
False,excitatory,2,0
False,excitatory,4.8,0.8
False,excitatory,0,0
False,excitatory,7.8,0.6
False,excitatory,0,0
False,inhibitory,0,0
False,excitatory,0.9,0
False,inhibitory,6.1,9.7
False,inhibitory,10.3,13.8
False,inhibitory,2.8,1.3
False,excitatory,0,0
False,excitatory,4,5.2
False,inhibitory,28,19.4
False,excitatory,0.1,0
False,excitatory,12.1,21
False,excitatory,112.6,0
False,inhibitory,95.3,78
False,excitatory,0,0
False,excitatory,33.7,42.2
False,excitatory,1.3,12.6
False,excitatory,0,0.4
False,excitatory,0.1,0
False,excitatory,1.6,0.7
False,excitatory,23.5,38.6
False,excitatory,5.7,0
False,excitatory,11.3,0
False,inhibitory,38.6,1
False,inhibitory,25.5,24.6
False,inhibitory,40.4,2
False,excitatory,0.1,0.1
False,excitatory,0,0
False,excitatory,0.2,0
False,inhibitory,5.4,0.9
False,excitatory,0.2,0
False,excitatory,0,0
False,inhibitory,24.6,1.1
False,excitatory,0,0
False,excitatory,1.9,1
False,excitatory,0,0
False,inhibitory,1.6,0.3
False,excitatory,0,0
False,excitatory,30.6,3
False,excitatory,0.4,0
False,excitatory,0,0
False,excitatory,0.1,0.4
False,inhibitory,5.2,4.8
False,excitatory,1,0
False,excitatory,68.3,7.4
False,excitatory,0.2,0
False,excitatory,0,0
False,excitatory,0,0
False,excitatory,0,0
False,inhibitory,0,0
False,excitatory,17.3,43.9
False,excitatory,5.5,0
False,excitatory,4.2,19.9
False,excitatory,0,0
False,excitatory,0,0
False,excitatory,0,0
False,excitatory,0,0
False,inhibitory,1.1,14.7
False,inhibitory,0.3,0
False,excitatory,0,0
False,excitatory,1.1,0
False,excitatory,8.9,2.3
False,excitatory,0,0
False,inhibitory,121.7,89.3
False,excitatory,0,0
False,excitatory,3.7,26.7
False,excitatory,19.3,44.3
False,excitatory,0,0
False,inhibitory,4.7,6.5
False,excitatory,0,0
False,excitatory,0,0
False,excitatory,18.1,40
False,excitatory,0.8,0
False,excitatory,0.2,0
False,excitatory,0.1,0
False,excitatory,0,0
False,inhibitory,0.9,0
False,excitatory,13.6,0
False,excitatory,0,0
False,excitatory,0.1,0
False,excitatory,0.8,0
False,excitatory,24.5,26.7
False,excitatory,0,0
False,excitatory,0,0
False,excitatory,3.7,0.2
False,excitatory,0,0
False,excitatory,4.8,0
False,excitatory,0.2,0
False,excitatory,0,0
False,inhibitory,14.6,23.1
False,excitatory,0,0
False,excitatory,24.7,0
False,excitatory,14,45.6
False,excitatory,0,0
False,excitatory,0,0
False,excitatory,0.4,0
False,excitatory,0,0
False,inhibitory,0.3,0.5
False,excitatory,0.4,0
False,excitatory,0,0
False,excitatory,28.6,47.4
False,inhibitory,123.1,166.8
False,excitatory,0,0
False,excitatory,1.5,0
False,excitatory,0.1,0
False,excitatory,0.2,0
False,inhibitory,77.1,185.9
False,excitatory,0.4,0
False,excitatory,0,0
False,excitatory,0,0
False,excitatory,0,0
False,inhibitory,0.8,5.3
False,excitatory,0,0
False,inhibitory,1.6,0.2
False,excitatory,1.4,0
False,excitatory,5.6,1.7
False,excitatory,1.1,0
False,excitatory,0.4,0
False,excitatory,6.9,8.4
False,excitatory,0.7,1.4
False,excitatory,0,0
False,excitatory,1.3,40.2
False,excitatory,0.6,1.9
False,excitatory,0.7,0
False,excitatory,0,0
False,excitatory,0,0
False,excitatory,2.2,0.7
False,excitatory,0,0
False,excitatory,5,5
False,excitatory,12.4,29.4
False,excitatory,5.4,0
False,inhibitory,35.9,2.1
False,excitatory,0.8,0.9
False,excitatory,0,0
False,excitatory,0,0
False,inhibitory,0.1,0.1
False,excitatory,0.4,0
False,excitatory,3.2,0
False,excitatory,0,0
False,excitatory,29.3,27.1
False,excitatory,0.5,0
False,excitatory,0,0
False,excitatory,0.2,0
False,excitatory,1.4,0.7
False,excitatory,0,0
False,excitatory,0.1,0
False,excitatory,7.5,0
False,excitatory,0.6,0
False,excitatory,0,0
False,excitatory,7.9,0
False,inhibitory,152,67.5
False,excitatory,5,4.2
False,inhibitory,7.2,0.1
False,excitatory,0,0
False,excitatory,0,0
False,excitatory,0,0
False,excitatory,0.1,0
False,excitatory,3.9,17.1
False,inhibitory,0.2,0
False,excitatory,43,50.5
False,excitatory,36.6,0.3
False,excitatory,0.2,0
False,excitatory,3.4,0
False,excitatory,0,0.1
False,excitatory,13.8,0
False,excitatory,0,0
False,excitatory,0,0
False,excitatory,0,0
False,excitatory,0.2,0
False,excitatory,38.6,38.5
False,excitatory,0.5,0.8
False,inhibitory,8.2,38.7
False,excitatory,2.9,0
False,excitatory,0,0
False,excitatory,0,0
False,inhibitory,66,0.7
False,inhibitory,17.1,21
False,excitatory,32.7,0
False,excitatory,6.8,0
False,inhibitory,40.8,50.4
False,excitatory,0,0
False,inhibitory,3.9,0.4
False,inhibitory,4.2,6.2
False,excitatory,0,0
False,excitatory,0,0
False,excitatory,0.6,0.2
False,excitatory,0,0
False,excitatory,0,0
False,excitatory,1.4,0.2
False,excitatory,0,0
False,excitatory,0,0
False,excitatory,15.8,2.1
False,excitatory,0,0
False,excitatory,2.5,0.7
False,excitatory,0.2,0
False,inhibitory,11.5,31.3
False,excitatory,0,0
False,excitatory,0,0
False,excitatory,0,0
False,inhibitory,0,0
False,excitatory,0,0
False,excitatory,0,0
False,excitatory,0,0
False,inhibitory,0,0
False,excitatory,21.8,38.4
False,inhibitory,4,1.3
False,excitatory,0.3,0
False,excitatory,15,0.2
False,excitatory,0,0
False,excitatory,1,0.6
False,inhibitory,268.1,197.8
False,excitatory,35.6,41.6
False,excitatory,0.9,0
False,excitatory,14.9,8.1
False,excitatory,0,0
False,inhibitory,30.6,1.7
False,excitatory,0.2,0.1
False,excitatory,0,0
False,excitatory,12.2,17.2
False,excitatory,40.8,17.5
False,excitatory,4.9,0
False,excitatory,0,0
False,inhibitory,9.8,11
False,inhibitory,9.6,0.5
False,excitatory,0,0
False,excitatory,0,0
False,excitatory,0.6,0.3
False,inhibitory,0,0
False,inhibitory,30.5,46.2
False,excitatory,0,0
False,excitatory,1,0.2
False,excitatory,0.1,0
False,excitatory,0,0
False,excitatory,0,0
False,inhibitory,40.7,23.4
False,excitatory,0,0
False,excitatory,2.5,0.4
False,excitatory,1.2,0
False,excitatory,0,0
False,inhibitory,26.4,0
False,excitatory,0.8,0
False,inhibitory,8.2,0.4
False,excitatory,0,0.8
False,excitatory,2.2,0
False,excitatory,0,0
False,excitatory,0.6,0
False,excitatory,0.7,0
False,excitatory,0,0
False,excitatory,0,0
False,excitatory,0,0
False,excitatory,0,0.7
False,inhibitory,0,0
False,excitatory,2.5,0
False,excitatory,0,0
False,excitatory,27.3,0.4
False,inhibitory,13.7,48.2
False,inhibitory,123.9,53.3
False,excitatory,2,0
False,excitatory,14.2,43.4
False,excitatory,1.3,0
False,excitatory,0,0
False,excitatory,7.6,0
False,excitatory,0.2,0
False,excitatory,163.7,107.8
False,inhibitory,3.5,12.4
False,excitatory,1.2,0
False,inhibitory,0.2,0
False,inhibitory,4.9,0
False,excitatory,0.5,0
False,excitatory,0.2,0
False,excitatory,14.4,24.8
False,excitatory,26.7,29.4
False,inhibitory,30.9,3
False,excitatory,0.8,0
False,excitatory,19.5,0
False,excitatory,0,0
False,excitatory,0.6,0
False,excitatory,0,0
False,excitatory,0,0
False,excitatory,0.6,0
False,excitatory,19.1,8.3
False,excitatory,0.3,0
False,inhibitory,0,0
False,excitatory,8.1,0.2
False,inhibitory,22.7,12.1
False,excitatory,6.1,0
False,excitatory,66.8,60
False,excitatory,1.3,0
False,excitatory,0.5,0
False,excitatory,0,0
False,excitatory,0,0
False,excitatory,1.1,24.5
False,excitatory,0.5,0
False,excitatory,0.1,0
False,excitatory,0,0
False,excitatory,0,0
False,excitatory,6.1,0
False,inhibitory,0.1,0
False,excitatory,0.7,0
False,excitatory,0.1,0.2
False,excitatory,0,0
False,excitatory,0.3,0
False,excitatory,0.2,0
False,excitatory,7,49
False,excitatory,0,0
False,inhibitory,25.4,97.6
False,excitatory,0,0
False,excitatory,4.4,32.7
False,excitatory,0,0
False,excitatory,0,0
False,excitatory,0.8,0
False,excitatory,0,0
False,excitatory,0.5,0
False,excitatory,0,0
False,excitatory,0,0
False,excitatory,11.6,0
False,excitatory,0.3,0
False,inhibitory,1.9,35.6
False,inhibitory,7.9,21.9
False,inhibitory,2.6,0.1
False,excitatory,6.1,0
False,excitatory,0,0
False,excitatory,0,0
False,excitatory,17.2,0
False,excitatory,37.5,23.2
False,inhibitory,0.3,0
False,excitatory,1.7,0
False,excitatory,0.2,0
False,excitatory,0,0
False,excitatory,0.2,0
False,excitatory,2,0
False,excitatory,0.2,0
False,inhibitory,16.5,9.6
False,excitatory,0.1,0
False,excitatory,0,0
False,excitatory,0,0
False,excitatory,10.2,0
False,excitatory,22.2,0
False,excitatory,0.2,0
False,excitatory,1.2,0
False,inhibitory,0.1,0.2
False,inhibitory,35.3,64.9
False,excitatory,0,0
False,excitatory,50.3,52
False,excitatory,1,0
False,excitatory,0.7,0
False,inhibitory,14.2,13.6
False,excitatory,38.1,38.5
False,excitatory,0.5,0
False,inhibitory,19.4,5.2
False,excitatory,0,0
False,inhibitory,0,0
False,excitatory,0.1,0
False,excitatory,42.8,34.8
False,inhibitory,0.8,1.7
False,excitatory,0,0
False,inhibitory,4.8,0.9
False,excitatory,0.2,0
False,excitatory,0,0
False,excitatory,13.6,6.6
False,excitatory,0.1,0
False,excitatory,0,0
False,inhibitory,7.9,0
False,excitatory,0,0
False,excitatory,92.3,97.8
False,excitatory,0,0
False,excitatory,0,0
False,excitatory,0,0
False,excitatory,10.9,9.8
False,excitatory,0.5,0
False,inhibitory,0,0
False,excitatory,0,0
False,excitatory,1,0
False,excitatory,0,0
False,excitatory,0.1,0
False,excitatory,0,0.1
False,excitatory,15.4,16.3
False,excitatory,0.1,0
False,excitatory,0,0
False,excitatory,0,0
False,excitatory,0,0
False,inhibitory,5.7,4
False,excitatory,0,0
False,excitatory,0,0
False,excitatory,0.3,0
False,excitatory,0.4,0
False,excitatory,4.9,1.6
False,inhibitory,16.7,14.9
False,excitatory,38.2,2.7
False,excitatory,0,0
False,excitatory,1.5,0
False,excitatory,1.9,3.4
False,inhibitory,9.1,0
False,excitatory,0,0
False,excitatory,13.5,37.2
False,excitatory,1.7,0
False,excitatory,0,0
False,excitatory,6.7,1.4
False,inhibitory,1.2,0
False,excitatory,0.7,0
False,excitatory,0.3,0
False,excitatory,7.9,2
False,inhibitory,25.5,21.3
False,excitatory,8.8,0
False,excitatory,0.2,0
False,excitatory,1.6,0
False,inhibitory,8,0.9
False,excitatory,0,0
False,excitatory,0,0
False,excitatory,0,0
False,excitatory,0,0
False,excitatory,0,0
False,excitatory,0,0
False,excitatory,0.5,0
False,excitatory,0.4,0
False,excitatory,0,0
False,excitatory,1.3,0
False,excitatory,1,0
False,excitatory,13.5,0
False,inhibitory,11.6,13.8
False,excitatory,0,0
False,excitatory,4.6,3
False,excitatory,0,0
False,excitatory,0.2,0
False,inhibitory,4.8,0
False,excitatory,0,0
False,excitatory,6.9,0
False,excitatory,0,0
False,inhibitory,23.4,22.8
False,excitatory,0.5,0.1
False,excitatory,1.7,0
False,excitatory,0,0
False,excitatory,0.2,0
False,excitatory,0,0
False,excitatory,0,0
False,excitatory,0,0
False,excitatory,0,0
False,excitatory,0,0
False,inhibitory,4.3,1.5
False,excitatory,0,0
False,excitatory,0,0
False,excitatory,0,0
False,inhibitory,27.4,22.8
False,excitatory,0,0
False,excitatory,2.9,0.5
False,excitatory,0,0
False,excitatory,2,0
False,excitatory,18.6,39.9
False,excitatory,0,0
False,excitatory,0.4,0
False,excitatory,0,0
False,excitatory,0.3,0
False,excitatory,0,0
False,excitatory,0,0
False,excitatory,0,0
False,excitatory,0,0
False,excitatory,0,0
False,excitatory,14.8,0
False,excitatory,1.8,0
False,inhibitory,10.3,29.4
False,excitatory,0,0
False,excitatory,0,0
False,excitatory,0,0
False,excitatory,4.7,1.1
False,excitatory,0.3,0
False,excitatory,1.7,0.2
False,inhibitory,0.2,0
False,inhibitory,98.2,54.6
False,excitatory,0,0
False,excitatory,0,0
False,excitatory,1.7,0
False,excitatory,3.8,2.8
False,excitatory,26.2,38.4
False,excitatory,1.1,0
False,inhibitory,1,0
False,excitatory,0.4,1.4
False,inhibitory,31.8,34.2
False,excitatory,1.3,0
False,excitatory,1.5,0
False,excitatory,0,0
False,excitatory,0,0
False,excitatory,0.8,0.2
False,excitatory,0.1,0
False,inhibitory,2.3,35
False,excitatory,0.8,0
False,inhibitory,0,0
False,excitatory,0.2,0
False,excitatory,0,0
False,inhibitory,0,0
False,excitatory,0.6,0
False,excitatory,0,0
False,excitatory,0,0
False,inhibitory,0,0.3
False,excitatory,0.1,0
False,inhibitory,38.2,0.8
False,excitatory,1.2,0.2
False,excitatory,0.1,0
False,excitatory,0,0
False,inhibitory,6,0.1
False,excitatory,0.1,0
False,excitatory,0,0
False,excitatory,0.2,0
False,excitatory,5.9,0
False,excitatory,22.9,0
False,excitatory,14.4,0
False,excitatory,9,63.4
False,inhibitory,22.1,70
False,excitatory,0,0
False,inhibitory,0,0
False,excitatory,0.2,0
False,excitatory,44.6,0
False,excitatory,0.2,0
False,excitatory,0.1,0.2
False,excitatory,19.4,0
False,excitatory,14.3,57.4
False,excitatory,0,0
False,inhibitory,10.4,4.8
False,excitatory,0.5,0
False,excitatory,0,0
False,excitatory,7.9,8.6
False,excitatory,0,0
False,inhibitory,0,0
False,excitatory,0,0
False,excitatory,0.5,0
False,excitatory,0,0
False,excitatory,0,0
False,inhibitory,22.4,16.8
False,excitatory,1.9,0
False,excitatory,1.6,0
False,excitatory,0,0
False,excitatory,100,77.8
False,excitatory,25.9,24.8
False,excitatory,0,0
False,excitatory,1.6,22.9
False,excitatory,4.6,12.2
False,inhibitory,34.6,5.3
False,inhibitory,18.6,7.2
False,excitatory,0,0
False,excitatory,0,0
False,inhibitory,9.9,0
False,excitatory,0.7,0
False,excitatory,0,0
False,excitatory,3.9,0
False,excitatory,16.7,5.8
False,excitatory,0.3,0
False,excitatory,0.3,0.5
False,excitatory,31.7,35.5
False,inhibitory,99.6,3
False,excitatory,1.5,0
False,inhibitory,60.6,130.2
False,inhibitory,15,20
False,excitatory,0,0
False,excitatory,0,0
False,excitatory,0.1,0
False,excitatory,0.1,0
False,excitatory,0,0
False,excitatory,0.3,0
False,excitatory,0,0
False,excitatory,0.1,0
False,excitatory,22.9,24.1
False,inhibitory,33.6,31.8
False,excitatory,0,0
False,excitatory,1,0.5
False,excitatory,16.9,0
False,excitatory,8.2,0.1
False,excitatory,12.8,10.2
False,inhibitory,105.5,55.5
False,excitatory,0.2,0
False,inhibitory,0,0
False,excitatory,0,0
False,excitatory,0.1,0
False,excitatory,0.3,0
False,excitatory,0.2,0
False,excitatory,9.9,0.1
False,excitatory,1.5,0
False,excitatory,0,0
False,excitatory,1,0
False,inhibitory,0.8,0
False,excitatory,4.2,0
False,excitatory,0,0
False,inhibitory,0.3,0
False,excitatory,0,0
False,excitatory,4.6,9.7
False,inhibitory,15.3,33.7
False,excitatory,0.1,0
False,excitatory,0,0
False,excitatory,0.1,0
False,excitatory,0,0
False,excitatory,0.1,0
False,excitatory,40.6,36
False,excitatory,22.3,0.8
False,excitatory,0.1,0
False,excitatory,4.7,17.4
False,excitatory,33.3,23.8
False,excitatory,0,0
False,excitatory,8.5,2.4
False,excitatory,0.1,0.3
False,excitatory,0,0
False,excitatory,0,0
False,excitatory,14.1,0
False,excitatory,0,0
False,excitatory,30.2,9.6
False,inhibitory,0.2,11.2
False,excitatory,1.1,0
False,excitatory,0.4,0
False,excitatory,0.3,0
False,excitatory,0.2,0
False,excitatory,0,0.4
False,excitatory,0,0
False,inhibitory,0,0
False,excitatory,0.8,34.1
False,excitatory,17.9,0.1
False,excitatory,0,0
False,excitatory,3.4,1.4
False,excitatory,7.5,75
False,excitatory,0.9,0.3
False,inhibitory,180.8,134.6
False,excitatory,0,0
False,excitatory,0,0
False,excitatory,1.7,0
False,inhibitory,5.7,0.9
False,excitatory,0.4,0
False,excitatory,0,0
False,excitatory,0,0
False,excitatory,31,31.5
False,excitatory,0.4,0
False,excitatory,14.9,22
False,inhibitory,0,0.8
False,excitatory,0,0
False,excitatory,3.8,1.1
False,excitatory,0.1,0
False,excitatory,0,0
False,excitatory,1,0
False,excitatory,1.4,0
False,excitatory,42.7,27
False,excitatory,0,0
False,inhibitory,1.1,0.4
False,inhibitory,12.9,3.4
False,excitatory,1,0
False,excitatory,0.1,0
False,excitatory,16.3,0
False,excitatory,0,0
False,excitatory,0,0
False,excitatory,0.3,0
False,excitatory,1.2,0.1
False,excitatory,0.3,0
False,excitatory,0,0
False,excitatory,0,0
False,excitatory,2.8,0
False,excitatory,2.5,0
False,excitatory,0.7,0
False,excitatory,0,0
False,excitatory,0.8,0
False,excitatory,0,0
False,inhibitory,93.8,89.2
False,excitatory,0,0
False,excitatory,0.1,0
False,excitatory,0,0
False,excitatory,0,0
False,excitatory,0,0
False,excitatory,0.6,0
False,excitatory,0,0
False,excitatory,3.7,0.9
False,excitatory,1.2,3.8
False,excitatory,0.6,0
False,excitatory,0,0
False,excitatory,0,0
False,inhibitory,17.6,21.9
False,excitatory,3.7,2.2
False,excitatory,0.4,0
False,excitatory,0.4,0
False,excitatory,0,0
False,inhibitory,0,0
False,excitatory,0.2,0
False,excitatory,0.7,0
False,inhibitory,5.9,0
False,inhibitory,6.6,10
False,excitatory,0,0
False,inhibitory,10,0
False,excitatory,0,0
False,inhibitory,12.8,0
False,excitatory,0,0
False,inhibitory,38,28.7
False,excitatory,0,0
False,excitatory,0.3,0
False,inhibitory,4.1,3.7
False,inhibitory,50.5,80.1
False,excitatory,0,0
False,inhibitory,0.6,0
False,inhibitory,9.6,8.8
False,excitatory,0,0
False,excitatory,0.1,0
False,inhibitory,35.2,0.5
False,excitatory,0,0
False,excitatory,0.1,0
False,excitatory,0.1,0
False,inhibitory,0,0
False,excitatory,0,0
False,excitatory,0,0
False,excitatory,0,0
False,excitatory,0,0
False,excitatory,1.3,0
False,excitatory,8.5,42.1
False,excitatory,3.6,0
False,excitatory,0,0
False,excitatory,3.7,0
False,excitatory,0,0
False,excitatory,13.4,0.1
False,excitatory,0,0
False,excitatory,0,0
False,excitatory,1.4,0
False,excitatory,0,0
False,inhibitory,19.2,15.3
False,excitatory,6.2,0
False,excitatory,13.1,5.7
False,excitatory,23.6,12.4
False,inhibitory,31,21.2
False,excitatory,2.5,0
False,inhibitory,0,0
False,inhibitory,2.6,0
False,excitatory,0,0
False,excitatory,0,0
False,excitatory,1.4,0
False,excitatory,0,0
False,inhibitory,6.1,0.9
False,excitatory,0,0
False,excitatory,0,0
False,inhibitory,0.2,0
False,excitatory,7.9,0
False,excitatory,0,0
False,excitatory,0.8,0
False,excitatory,0.3,0
False,excitatory,0.1,0
False,excitatory,0,0
False,inhibitory,45.4,30.6
False,excitatory,0,0
False,excitatory,42.4,44.2
False,excitatory,0,0
False,excitatory,20.7,0
False,inhibitory,0.1,0
False,excitatory,0.2,0
False,excitatory,0,0
False,excitatory,0.9,0.1
False,excitatory,0.3,0
False,inhibitory,48.3,141.7
False,excitatory,2,0
False,inhibitory,4.1,0.6
False,inhibitory,0,0
False,inhibitory,0,0.1
False,excitatory,0,0
False,excitatory,2,0
False,excitatory,1.2,0
False,excitatory,0,0
False,excitatory,0,0
False,excitatory,0,0
False,excitatory,0.1,0
False,excitatory,0,0
False,excitatory,0.9,0.7
False,inhibitory,1.6,0
False,excitatory,0.2,0
False,excitatory,0.4,0.1
False,excitatory,0,0
False,excitatory,6,4.7
False,excitatory,0,0
False,excitatory,0,0
False,inhibitory,59.8,51.7
False,excitatory,2.7,3.7
False,excitatory,0.1,0
False,excitatory,0,0
False,excitatory,0,0
False,excitatory,1.7,0
False,inhibitory,5.4,0
False,excitatory,36.3,39.6
False,excitatory,0,0
False,excitatory,4.8,2.8
False,excitatory,0.3,0
False,excitatory,2.1,12.1
False,excitatory,11.5,18.5
False,inhibitory,2.9,52.3
False,excitatory,0.5,0
False,excitatory,1.1,1.8
False,excitatory,0,0
False,inhibitory,5.7,5.3
False,excitatory,0,0
False,excitatory,0,0
False,excitatory,0,0
False,excitatory,35,24.5
False,excitatory,0,0
False,excitatory,14.3,1.3
False,excitatory,0,0
False,inhibitory,27.5,14.9
False,excitatory,1.8,0
False,excitatory,0,0
False,excitatory,3,0
False,excitatory,0,0
False,excitatory,0,0
False,excitatory,11.6,7.4
False,excitatory,0.5,0
False,excitatory,0,0
False,inhibitory,46.9,76.3
False,excitatory,1.8,0
False,excitatory,9.9,0
False,excitatory,4.7,0
False,excitatory,0.2,0
False,excitatory,30.3,19.8
False,excitatory,0.2,0
False,excitatory,0.5,0
False,inhibitory,7,9.5
False,excitatory,0,0
False,excitatory,0.9,0
False,excitatory,0.1,0
False,excitatory,0.2,0
False,excitatory,0,0
False,excitatory,0,0
False,excitatory,0,0
False,excitatory,0.6,0
False,excitatory,0,0
False,excitatory,0.2,29.2
False,excitatory,2,1.4
False,inhibitory,10.2,1.7
False,inhibitory,0,0
False,excitatory,4.6,0
False,excitatory,0,0
False,inhibitory,0,0
False,excitatory,0,0
False,excitatory,0,0
False,inhibitory,0,0
False,excitatory,0,0
False,excitatory,0,0
False,excitatory,0,0
False,excitatory,0,0
False,excitatory,35.9,3.6
False,excitatory,0.2,0
False,excitatory,2.3,0
False,excitatory,0,0
False,excitatory,19.9,39.1
False,excitatory,0,0
False,excitatory,0,0
False,excitatory,0.5,0.2
False,inhibitory,50.3,128.7
False,inhibitory,0.9,0
False,excitatory,1.7,0.6
False,excitatory,0,0
False,excitatory,0,0
False,excitatory,0,0
False,inhibitory,1.7,5.4
False,excitatory,0.2,0
False,excitatory,0.3,0
False,inhibitory,19.5,0
False,excitatory,0,0
False,excitatory,2.7,0
False,excitatory,5.2,0.6
False,excitatory,45.7,52.7
False,excitatory,0,0
False,excitatory,12.3,0
False,excitatory,0.3,0
False,excitatory,0,0
False,excitatory,0.1,0
False,excitatory,0.5,0
False,excitatory,0.1,0.1
False,excitatory,0,0
False,excitatory,15.4,0
False,inhibitory,9.1,68
False,excitatory,0,0
False,excitatory,0.6,0
False,excitatory,0.1,0
False,excitatory,0.4,0
False,excitatory,0,0
False,excitatory,1.4,0
False,excitatory,0,0
False,inhibitory,45.9,57.6
False,excitatory,0.3,0
False,excitatory,0.1,0
False,excitatory,0,0
False,excitatory,0,0
False,excitatory,0.2,0
False,excitatory,1.4,0
False,excitatory,0,0
False,excitatory,0.1,0
False,excitatory,31.4,5.9
False,excitatory,4.2,0
False,excitatory,6.9,0
False,excitatory,5.1,0
False,excitatory,0.7,0
False,excitatory,0.6,0
False,excitatory,0.1,0
False,excitatory,1.1,15
False,excitatory,0.4,0
False,excitatory,0.1,0
False,excitatory,0,0
False,excitatory,1.5,0
False,excitatory,0,0
False,inhibitory,105.9,87.9
False,inhibitory,0.9,0.4
False,excitatory,0,0
False,excitatory,0.1,0.3
False,excitatory,5.1,6.8
False,excitatory,0.2,0
False,inhibitory,0.9,3.1
False,inhibitory,7,1.8
False,excitatory,7.3,0
False,inhibitory,0,0
False,inhibitory,7.6,0
False,inhibitory,0.7,0.2
False,excitatory,0.3,0
False,excitatory,0.1,0
False,excitatory,0,0
False,excitatory,0,0
False,excitatory,0.5,0
False,excitatory,19.6,0
False,excitatory,0,0
False,inhibitory,2.5,0
False,excitatory,0.2,0
False,inhibitory,21.5,0
False,inhibitory,28.2,35.1
False,inhibitory,10.7,2.8
False,inhibitory,7.5,17.6
False,inhibitory,5.3,2.5
False,excitatory,0,0
False,excitatory,0.9,0.7
False,excitatory,11.5,0
False,excitatory,0.5,0
False,excitatory,0.4,0.2
False,excitatory,0.7,0
False,excitatory,0,0
False,excitatory,0.2,0
False,excitatory,0.9,0.1
False,excitatory,0,0
False,inhibitory,0,0
False,excitatory,0.1,0
False,excitatory,0.3,0
False,inhibitory,2.8,0.3
False,excitatory,0.1,0
False,excitatory,0,0
False,inhibitory,0.4,0
False,inhibitory,3.3,35.6
False,excitatory,2.2,0
False,excitatory,0,0
False,excitatory,8.1,0
False,excitatory,0,0
False,inhibitory,18.9,1.6
False,excitatory,0.1,0
False,inhibitory,0.1,0
False,excitatory,1.3,0.4
False,excitatory,4.5,0
False,excitatory,0,0
False,excitatory,0,0
False,excitatory,0,0
False,excitatory,0,0
False,excitatory,0,0
False,inhibitory,14.3,0.3
False,inhibitory,5.2,0.9
False,inhibitory,0,0
False,excitatory,0,0
False,excitatory,1.5,0
False,excitatory,0,0
False,inhibitory,0.4,0
False,excitatory,0.1,0
False,excitatory,3.5,0.4
False,excitatory,0,0
False,inhibitory,1.4,0
False,excitatory,1.8,0
False,excitatory,0.5,0
False,excitatory,0,0
False,excitatory,0,0
False,excitatory,0,0
False,excitatory,0,0
False,inhibitory,74.6,59
False,excitatory,3.5,0.1
False,excitatory,1.4,0.1
False,excitatory,21.9,0.1
False,excitatory,0,0
False,excitatory,3.8,0
False,inhibitory,1.2,0
False,excitatory,26.1,24.2
False,excitatory,0,0
False,inhibitory,2,0.2
False,excitatory,16.4,0
False,inhibitory,1.6,0.2
False,excitatory,1,0
False,excitatory,0,0
False,excitatory,0,0
False,excitatory,9.8,1.3
False,excitatory,7.3,41.9
False,excitatory,22.3,26.1
False,excitatory,0.3,0
False,inhibitory,3.4,3.9
False,inhibitory,0.7,0
False,inhibitory,3.9,0.2
False,excitatory,0.3,0
False,excitatory,0.2,1.3
False,excitatory,3.8,0
False,inhibitory,0,0.2
False,excitatory,111.2,0
False,excitatory,8.9,0
False,excitatory,61.3,50.4
False,excitatory,0,0
False,excitatory,0.4,0
False,excitatory,0,0
False,inhibitory,0,0
False,excitatory,0,0
False,excitatory,1.2,0
False,excitatory,0,0
False,excitatory,2.2,1.8
False,excitatory,0,0
False,inhibitory,0.4,0.1
False,excitatory,4.9,0
False,excitatory,0.4,0
False,excitatory,10.3,0
False,excitatory,2.1,0.1
False,excitatory,0,0
False,excitatory,0.7,0
False,excitatory,0,0
False,excitatory,0.2,4
False,excitatory,15.7,0
False,excitatory,20.9,29.1
False,excitatory,0,0
False,excitatory,0.3,0.1
False,inhibitory,5.6,0
False,inhibitory,26.3,23.1
False,excitatory,0,0
False,excitatory,0,0
False,excitatory,8.5,7.1
False,excitatory,0,0
False,excitatory,0,0
False,inhibitory,25.4,6.5
False,inhibitory,3.3,0.3
False,excitatory,0,0
False,excitatory,2.7,0
False,excitatory,2.5,0.2
False,inhibitory,0.3,119.3
False,excitatory,0.2,0
False,excitatory,0,0
False,excitatory,0,0
False,inhibitory,0.7,2.7
False,excitatory,3.9,0
False,inhibitory,0.6,0
False,excitatory,1.7,48.6
False,excitatory,25.6,0
False,excitatory,0.6,0
False,excitatory,0,0
False,excitatory,1.3,1.4
False,excitatory,0.3,0
False,excitatory,7.5,0
False,excitatory,1.7,0
False,excitatory,9.9,0
False,excitatory,0,0
False,inhibitory,3.7,2.6
False,excitatory,0,0
False,excitatory,12.6,11.5
False,excitatory,0.7,0
False,inhibitory,0,0
False,excitatory,0,0
False,excitatory,0.3,0
False,excitatory,1.4,1.9
False,excitatory,0,0
False,excitatory,7.1,0
False,excitatory,16.7,15.2
False,inhibitory,22.7,0.4
False,excitatory,0,0
False,inhibitory,3.8,0
False,inhibitory,0,0.3
False,excitatory,0.3,0
False,excitatory,3.7,0
False,inhibitory,0.6,0
False,excitatory,0.1,0
False,excitatory,0.1,0
False,inhibitory,5.5,28.1
False,inhibitory,8.9,4.5
False,inhibitory,18.2,34.9
False,excitatory,0,0
False,excitatory,0.1,0
False,excitatory,0,0
False,inhibitory,0,0
False,excitatory,136.3,0
False,excitatory,0,0
False,inhibitory,2,0.9
False,inhibitory,0.1,0.4
False,excitatory,0,0
False,inhibitory,12.4,0
False,excitatory,1.7,0
False,excitatory,0,0
False,excitatory,0,0
False,excitatory,3.3,0.1
False,excitatory,0.1,0
False,inhibitory,32.5,1.1
False,excitatory,0.3,0
False,excitatory,24.5,0
False,excitatory,0.1,0
False,excitatory,0,0
False,excitatory,0,0
False,excitatory,3.1,0.1
False,excitatory,0,0
False,excitatory,5.9,1.1
False,excitatory,0,0
False,excitatory,0,0
False,excitatory,0.1,0
False,excitatory,0.8,0
False,excitatory,0.2,0
False,excitatory,0,0
False,excitatory,0,0
False,excitatory,0,0
False,excitatory,0,0
False,inhibitory,0.1,0
False,inhibitory,0.1,0
False,inhibitory,0,0
False,excitatory,0,0
False,excitatory,0,0
False,inhibitory,15.1,35.8
False,excitatory,21.4,30.1
False,inhibitory,13.6,0
False,excitatory,0,0
False,inhibitory,229,62.7
False,excitatory,0,0
False,inhibitory,4.6,27.3
False,excitatory,15.5,9.2
False,excitatory,0,0
False,excitatory,0,0
False,excitatory,0,0
False,inhibitory,18.7,7.4
False,inhibitory,3.6,0.7
False,excitatory,0,0
False,excitatory,0.3,0.6
False,excitatory,0,0
False,excitatory,2.1,0
