neuron_id,cell_type,assembly,odour_hz,odour_repeat_hz,baseline_hz
0,inhibitory,0,29.0,18.222221,14.777778
1,excitatory,0,0.6666667,0.33333334,0.22222222
2,inhibitory,0,16.555555,14.0,20.666666
3,excitatory,0,2.1111112,1.2222222,0.0
4,excitatory,0,0.0,0.0,0.0
5,inhibitory,0,3.6666667,2.2222223,1.7777778
6,excitatory,0,17.777779,21.666666,6.0
7,excitatory,0,2.6666667,4.0,0.7777778
8,excitatory,0,50.444443,57.666668,20.333334
9,excitatory,0,4.4444447,0.44444445,2.1111112
10,excitatory,0,15.0,16.88889,18.666666
11,excitatory,0,5.888889,8.444445,7.3333335
12,inhibitory,0,0.7777778,2.1111112,0.0
13,inhibitory,0,19.666666,21.88889,26.88889
14,excitatory,0,21.333334,22.777779,18.88889
15,excitatory,0,0.0,1.2222222,0.0
16,excitatory,0,7.7777777,8.111111,1.0
17,excitatory,0,4.5555553,7.4444447,5.7777777
18,excitatory,0,0.0,0.0,0.0
19,inhibitory,0,0.0,0.5555556,0.0
20,excitatory,0,29.666666,36.333332,18.0
21,excitatory,0,0.0,0.11111111,0.0
22,excitatory,0,9.777778,8.444445,11.444445
23,excitatory,0,0.0,1.1111112,0.44444445
24,inhibitory,0,1.4444444,4.111111,3.1111112
25,excitatory,0,146.66667,145.11111,57.0
26,inhibitory,0,0.0,0.0,0.0
27,excitatory,0,0.44444445,0.33333334,0.22222222
28,excitatory,0,0.0,0.0,0.0
29,excitatory,0,0.0,0.11111111,0.0
30,excitatory,0,8.111111,8.444445,5.3333335
31,excitatory,0,1.5555556,2.8888888,0.44444445
32,inhibitory,0,2.0,3.0,0.0
33,excitatory,0,0.0,0.0,0.0
34,excitatory,0,0.0,0.0,0.0
35,excitatory,0,12.333333,7.4444447,3.2222223
36,excitatory,0,0.0,0.0,0.0
37,excitatory,0,0.0,0.0,0.0
38,excitatory,0,0.0,0.0,0.0
39,excitatory,0,0.0,0.0,0.0
40,excitatory,0,6.5555553,6.888889,2.3333333
41,excitatory,0,1.8888888,1.5555556,0.22222222
42,excitatory,0,11.0,10.777778,8.444445
43,excitatory,0,22.0,25.333334,5.888889
44,excitatory,0,0.0,0.0,0.11111111
45,inhibitory,0,0.8888889,0.8888889,0.11111111
46,excitatory,0,0.0,0.5555556,0.0
47,excitatory,0,0.0,0.0,0.0
48,excitatory,0,9.555555,7.5555553,14.333333
49,excitatory,0,0.0,0.0,0.0
50,excitatory,0,0.44444445,0.22222222,0.0
51,inhibitory,0,37.666668,22.11111,9.333333
52,excitatory,0,0.0,0.0,0.0
53,excitatory,0,0.0,0.0,0.0
54,excitatory,0,35.11111,25.333334,15.333333
55,excitatory,0,14.444445,11.333333,1.2222222
56,inhibitory,0,0.0,0.0,0.0
57,inhibitory,0,31.11111,41.22222,32.333332
58,excitatory,0,0.0,0.0,0.0
59,excitatory,0,18.222221,16.88889,3.4444444
60,inhibitory,0,1.4444444,2.2222223,0.8888889
61,excitatory,0,0.0,0.0,0.0
62,excitatory,0,23.777779,18.666666,3.2222223
63,excitatory,0,3.3333333,6.5555553,1.1111112
64,excitatory,0,0.0,0.0,0.0
65,excitatory,0,2.7777777,3.5555556,3.5555556
66,excitatory,0,6.2222223,5.6666665,0.7777778
67,inhibitory,0,1.7777778,0.44444445,0.7777778
68,excitatory,0,0.11111111,0.44444445,0.0
69,excitatory,0,2.6666667,1.7777778,0.33333334
70,inhibitory,0,3.3333333,4.888889,7.111111
71,excitatory,0,3.1111112,1.7777778,5.0
72,excitatory,0,5.0,2.1111112,5.5555553
73,excitatory,0,0.0,0.0,0.0
74,excitatory,0,1.0,0.5555556,0.0
75,excitatory,0,2.4444444,1.0,1.4444444
76,excitatory,0,0.0,0.0,0.0
77,excitatory,0,0.6666667,0.7777778,1.3333334
78,inhibitory,0,8.444445,12.666667,7.0
79,excitatory,0,1.1111112,1.5555556,0.0
80,excitatory,0,2.3333333,2.3333333,4.0
81,excitatory,0,23.11111,23.88889,7.6666665
82,excitatory,0,1.3333334,1.1111112,0.33333334
83,excitatory,0,0.33333334,0.0,0.0
84,excitatory,0,0.0,0.0,0.0
85,excitatory,0,0.22222222,0.22222222,0.0
86,inhibitory,0,8.222222,2.7777777,3.2222223
87,excitatory,0,0.5555556,1.1111112,1.3333334
88,excitatory,0,0.22222222,0.8888889,0.0
89,excitatory,0,0.0,0.0,0.0
90,inhibitory,0,1.4444444,1.2222222,1.3333334
91,inhibitory,0,3.0,0.8888889,0.22222222
92,inhibitory,0,190.33333,201.66667,228.0
93,excitatory,0,1.1111112,1.7777778,0.0
94,excitatory,0,0.0,0.0,0.44444445
95,excitatory,0,2.2222223,4.111111,0.11111111
96,inhibitory,0,0.0,0.0,0.0
97,excitatory,0,3.1111112,4.2222223,11.0
98,excitatory,0,0.0,0.0,0.0
99,inhibitory,0,5.7777777,4.4444447,0.11111111
100,inhibitory,0,0.0,0.0,0.11111111
101,inhibitory,0,4.5555553,3.5555556,0.8888889
102,excitatory,0,0.0,0.0,0.0
103,excitatory,0,1.6666666,2.1111112,0.5555556
104,excitatory,0,0.0,0.0,0.0
105,excitatory,0,0.0,0.0,0.0
106,excitatory,0,13.444445,14.111111,2.3333333
107,excitatory,0,4.3333335,4.0,2.6666667
108,excitatory,0,0.0,0.0,0.0
109,excitatory,0,0.0,0.0,0.0
110,excitatory,0,0.0,0.0,0.0
111,inhibitory,0,101.22222,63.666668,83.22222
112,excitatory,0,1.4444444,3.3333333,0.8888889
113,excitatory,0,0.0,0.0,0.0
114,excitatory,0,4.2222223,5.888889,1.1111112
115,excitatory,0,0.11111111,0.11111111,0.11111111
116,excitatory,0,11.222222,8.444445,1.1111112
117,excitatory,0,0.0,0.11111111,0.0
118,excitatory,0,0.11111111,0.0,0.0
119,inhibitory,0,0.11111111,0.33333334,0.44444445
120,excitatory,0,0.0,0.0,0.0
121,inhibitory,0,2.4444444,3.5555556,1.2222222
122,excitatory,0,0.22222222,0.0,0.44444445
123,excitatory,0,0.33333334,1.3333334,0.11111111
124,excitatory,0,60.0,59.22222,38.666668
125,excitatory,0,9.0,23.666666,37.555557
126,excitatory,0,1.0,4.2222223,4.111111
127,excitatory,0,7.0,4.2222223,1.8888888
128,inhibitory,0,69.666664,64.44444,15.333333
129,excitatory,0,1.3333334,0.44444445,0.0
130,excitatory,0,0.0,0.0,0.0
131,excitatory,0,4.4444447,4.888889,2.7777777
132,excitatory,0,1.1111112,1.8888888,4.111111
133,excitatory,0,0.6666667,0.8888889,2.1111112
134,excitatory,0,1.6666666,3.3333333,0.11111111
135,excitatory,0,0.11111111,0.11111111,0.33333334
136,excitatory,0,0.0,0.11111111,0.0
137,excitatory,0,91.666664,94.22222,29.222221
138,excitatory,0,1.4444444,0.11111111,0.0
139,excitatory,0,1.0,1.0,0.44444445
140,inhibitory,0,3.4444444,5.2222223,0.33333334
141,inhibitory,0,3.4444444,2.8888888,2.4444444
142,excitatory,0,7.7777777,8.333333,1.1111112
143,excitatory,0,5.7777777,7.6666665,2.2222223
144,excitatory,0,0.0,0.0,0.0
145,excitatory,0,1.7777778,1.2222222,0.0
146,excitatory,0,0.22222222,0.11111111,0.11111111
147,inhibitory,0,9.111111,5.2222223,10.555555
148,excitatory,0,15.111111,13.555555,2.8888888
149,excitatory,0,52.22222,62.22222,77.111115
150,excitatory,0,0.22222222,0.6666667,0.33333334
151,excitatory,0,8.111111,4.7777777,2.4444444
152,inhibitory,0,4.0,4.111111,3.0
153,excitatory,0,0.0,0.0,0.0
154,excitatory,0,0.0,0.0,0.0
155,excitatory,0,0.11111111,0.0,0.44444445
156,excitatory,0,0.11111111,0.0,0.0
157,excitatory,0,1.2222222,3.0,1.7777778
158,excitatory,0,1.4444444,2.1111112,0.44444445
159,excitatory,0,0.0,0.0,0.0
160,excitatory,0,0.22222222,0.22222222,0.0
161,excitatory,0,0.0,0.0,0.0
162,excitatory,0,26.444445,27.444445,10.111111
163,excitatory,0,1.8888888,0.44444445,0.33333334
164,excitatory,0,0.0,0.22222222,0.0
165,excitatory,0,0.6666667,1.3333334,0.22222222
166,excitatory,0,9.222222,12.555555,2.3333333
167,excitatory,0,6.5555553,9.777778,7.2222223
168,inhibitory,0,2.0,2.6666667,0.6666667
169,excitatory,0,0.0,0.0,0.0
170,excitatory,0,2.5555556,2.7777777,1.5555556
171,excitatory,0,0.0,1.1111112,0.0
172,excitatory,0,0.0,0.11111111,0.0
173,excitatory,0,0.11111111,0.7777778,0.11111111
174,inhibitory,0,20.444445,26.333334,9.111111
175,excitatory,0,7.6666665,7.3333335,4.2222223
176,excitatory,0,16.88889,12.333333,3.3333333
177,excitatory,0,1.3333334,2.2222223,0.22222222
178,excitatory,0,0.6666667,0.33333334,0.0
179,excitatory,0,17.444445,12.444445,16.333334
180,excitatory,0,0.33333334,0.22222222,0.0
181,excitatory,0,0.0,0.0,0.0
182,excitatory,0,0.0,0.0,0.0
183,excitatory,0,28.333334,26.444445,5.3333335
184,excitatory,0,4.6666665,3.2222223,0.0
185,excitatory,0,0.6666667,0.8888889,0.11111111
186,excitatory,0,1.5555556,1.3333334,0.0
187,excitatory,0,0.0,0.0,0.0
188,excitatory,0,0.11111111,0.22222222,0.0
189,excitatory,0,0.11111111,0.0,0.0
190,excitatory,0,9.777778,13.666667,0.33333334
191,excitatory,0,0.0,0.33333334,0.0
192,excitatory,0,0.0,0.0,0.0
193,excitatory,0,3.3333333,4.4444447,2.1111112
194,excitatory,0,0.0,0.11111111,0.11111111
195,inhibitory,0,7.888889,10.555555,20.222221
196,excitatory,0,28.0,37.444443,33.88889
197,excitatory,0,29.222221,22.777779,23.555555
198,excitatory,0,0.11111111,0.11111111,0.0
199,excitatory,0,3.7777777,3.3333333,0.11111111
200,excitatory,0,17.11111,20.222221,10.555555
201,excitatory,0,0.44444445,0.44444445,0.0
202,excitatory,0,2.2222223,1.3333334,0.0
203,excitatory,0,0.11111111,0.0,0.0
204,inhibitory,0,3.5555556,5.3333335,4.5555553
205,excitatory,0,0.11111111,0.33333334,0.11111111
206,excitatory,0,29.555555,20.0,14.777778
207,excitatory,0,10.666667,8.222222,7.6666665
208,excitatory,0,0.7777778,0.33333334,0.11111111
209,inhibitory,0,14.333333,6.0,5.3333335
210,inhibitory,0,1.0,15.0,23.88889
211,excitatory,0,1.7777778,2.5555556,0.33333334
212,excitatory,0,0.0,0.0,0.0
213,inhibitory,0,5.7777777,5.2222223,1.3333334
214,excitatory,0,0.0,0.0,0.0
215,excitatory,0,0.0,0.44444445,0.0
216,excitatory,0,0.0,0.33333334,0.0
217,excitatory,0,8.666667,13.333333,5.2222223
218,excitatory,0,0.11111111,0.22222222,0.0
219,excitatory,0,0.0,0.0,0.44444445
220,excitatory,0,0.0,0.0,0.0
221,inhibitory,0,20.222221,21.777779,26.555555
222,excitatory,0,20.444445,19.777779,3.2222223
223,excitatory,0,0.5555556,1.0,0.22222222
224,inhibitory,0,4.0,3.2222223,13.0
225,excitatory,0,0.33333334,0.11111111,1.4444444
226,excitatory,0,0.44444445,1.2222222,0.11111111
227,excitatory,0,0.0,0.0,0.11111111
228,inhibitory,0,37.333332,32.11111,15.555555
229,inhibitory,0,6.888889,8.777778,14.333333
230,excitatory,0,7.6666665,10.333333,3.3333333
231,excitatory,0,0.0,0.0,0.0
232,excitatory,0,0.0,0.6666667,0.0
233,excitatory,0,0.0,0.22222222,0.0
234,excitatory,0,0.6666667,0.11111111,0.22222222
235,excitatory,0,2.5555556,5.2222223,8.111111
236,excitatory,0,0.6666667,0.5555556,0.0
237,excitatory,0,0.11111111,0.7777778,0.33333334
238,excitatory,0,2.1111112,3.5555556,0.5555556
239,inhibitory,0,31.444445,35.333332,19.555555
240,inhibitory,0,9.333333,13.222222,24.88889
241,excitatory,0,0.0,0.0,0.0
242,excitatory,0,21.333334,24.88889,9.555555
243,excitatory,0,12.888889,12.333333,4.111111
244,inhibitory,0,0.33333334,0.0,0.33333334
245,excitatory,0,2.3333333,4.0,0.0
246,excitatory,0,13.444445,13.0,7.7777777
247,excitatory,0,0.0,0.22222222,0.0
248,excitatory,0,0.0,0.0,0.0
249,excitatory,0,18.666666,16.88889,9.111111
250,inhibitory,1,2.1111112,1.6666666,4.111111
251,inhibitory,1,19.777779,15.555555,9.444445
252,inhibitory,1,2.8888888,10.555555,1.1111112
253,excitatory,1,0.0,0.0,0.0
254,inhibitory,1,6.5555553,12.0,1.7777778
255,excitatory,1,0.44444445,0.7777778,8.222222
256,excitatory,1,0.0,0.0,0.22222222
257,excitatory,1,0.33333334,0.11111111,0.22222222
258,excitatory,1,0.0,0.0,0.11111111
259,excitatory,1,0.0,0.0,0.0
260,excitatory,1,0.0,0.0,0.0
261,excitatory,1,1.3333334,2.1111112,2.1111112
262,inhibitory,1,6.5555553,1.7777778,1.6666666
263,inhibitory,1,3.8888888,10.333333,5.111111
264,inhibitory,1,1.0,0.33333334,0.0
265,excitatory,1,1.2222222,8.555555,0.0
266,excitatory,1,0.11111111,0.0,0.0
267,excitatory,1,0.22222222,0.7777778,0.33333334
268,inhibitory,1,19.0,11.222222,29.222221
269,excitatory,1,6.888889,19.777779,1.7777778
270,excitatory,1,0.0,0.0,0.0
271,excitatory,1,0.6666667,0.11111111,0.11111111
272,excitatory,1,0.44444445,0.44444445,0.44444445
273,excitatory,1,21.222221,18.666666,18.555555
274,excitatory,1,0.0,0.33333334,0.0
275,excitatory,1,0.11111111,0.0,0.0
276,excitatory,1,0.0,0.0,0.0
277,excitatory,1,6.111111,13.333333,19.777779
278,excitatory,1,0.0,0.0,0.0
279,inhibitory,1,19.666666,8.888889,7.111111
280,excitatory,1,2.3333333,5.7777777,1.2222222
281,excitatory,1,0.0,0.0,0.0
282,excitatory,1,0.0,0.0,0.0
283,excitatory,1,31.333334,31.88889,35.88889
284,inhibitory,1,1.5555556,3.5555556,4.6666665
285,excitatory,1,0.0,0.33333334,0.33333334
286,excitatory,1,0.11111111,0.11111111,0.22222222
287,excitatory,1,0.0,0.0,0.0
288,excitatory,1,3.8888888,1.7777778,0.0
289,inhibitory,1,0.22222222,0.0,0.7777778
290,excitatory,1,0.33333334,1.6666666,1.2222222
291,excitatory,1,0.0,0.0,0.0
292,inhibitory,1,3.5555556,2.6666667,4.7777777
293,inhibitory,1,9.666667,14.777778,17.333334
294,excitatory,1,0.0,0.33333334,0.0
295,excitatory,1,3.7777777,4.4444447,0.7777778
296,inhibitory,1,260.44446,221.88889,245.77777
297,excitatory,1,0.0,0.11111111,0.0
298,excitatory,1,0.0,0.0,0.0
299,excitatory,1,0.0,0.0,0.0
300,excitatory,1,0.33333334,0.11111111,0.0
301,excitatory,1,5.0,0.8888889,1.3333334
302,excitatory,1,0.0,0.0,0.0
303,excitatory,1,0.0,0.11111111,0.0
304,excitatory,1,3.5555556,2.5555556,2.1111112
305,excitatory,1,0.5555556,0.6666667,0.11111111
306,excitatory,1,0.0,0.44444445,0.0
307,inhibitory,1,4.3333335,4.6666665,4.7777777
308,excitatory,1,0.11111111,0.22222222,0.0
309,excitatory,1,0.0,0.11111111,0.0
310,excitatory,1,0.0,0.0,0.0
311,excitatory,1,11.555555,10.333333,11.333333
312,inhibitory,1,24.11111,21.444445,23.11111
313,excitatory,1,28.88889,35.88889,44.666668
314,excitatory,1,15.888889,18.666666,5.5555553
315,excitatory,1,0.22222222,0.44444445,0.0
316,excitatory,1,0.11111111,0.0,0.11111111
317,excitatory,1,0.11111111,0.0,0.0
318,excitatory,1,6.7777777,8.0,7.3333335
319,excitatory,1,0.0,0.0,0.0
320,excitatory,1,0.6666667,1.2222222,3.2222223
321,excitatory,1,0.11111111,0.6666667,0.0
322,excitatory,1,0.0,0.22222222,0.0
323,excitatory,1,6.3333335,4.4444447,6.888889
324,excitatory,1,0.0,0.0,0.0
325,inhibitory,1,0.0,0.44444445,0.22222222
326,excitatory,1,1.7777778,2.7777777,0.22222222
327,inhibitory,1,15.555555,14.777778,13.666667
328,excitatory,1,14.222222,11.0,17.88889
329,excitatory,1,2.3333333,2.4444444,0.44444445
330,inhibitory,1,0.0,0.5555556,0.22222222
331,excitatory,1,0.0,0.0,0.0
332,excitatory,1,0.0,0.0,0.0
333,excitatory,1,0.33333334,0.6666667,0.0
334,excitatory,1,4.6666665,6.5555553,2.3333333
335,excitatory,1,21.777779,20.333334,39.333332
336,inhibitory,1,5.2222223,5.5555553,0.7777778
337,excitatory,1,0.0,1.8888888,0.0
338,inhibitory,1,3.1111112,0.7777778,1.1111112
339,excitatory,1,14.888889,17.0,6.888889
340,excitatory,1,0.0,0.11111111,0.0
341,excitatory,1,0.0,0.0,0.0
342,excitatory,1,0.0,0.0,0.0
343,excitatory,1,0.0,0.0,0.0
344,excitatory,1,1.8888888,0.7777778,1.7777778
345,excitatory,1,3.8888888,3.3333333,3.0
346,excitatory,1,3.4444444,4.0,1.7777778
347,excitatory,1,0.0,0.11111111,0.0
348,excitatory,1,0.0,0.0,0.11111111
349,excitatory,1,0.22222222,0.5555556,0.0
350,excitatory,1,0.22222222,0.33333334,0.11111111
351,excitatory,1,0.0,0.0,0.0
352,inhibitory,1,17.88889,19.444445,4.7777777
353,excitatory,1,5.0,2.3333333,5.4444447
354,excitatory,1,0.0,0.0,0.0
355,excitatory,1,1.1111112,1.3333334,3.2222223
356,excitatory,1,0.33333334,0.22222222,0.0
357,excitatory,1,1.3333334,1.3333334,1.2222222
358,excitatory,1,0.22222222,0.33333334,0.11111111
359,inhibitory,1,243.0,196.11111,241.44444
360,inhibitory,1,67.111115,74.333336,128.0
361,excitatory,1,0.0,0.5555556,0.0
362,excitatory,1,0.0,0.0,0.0
363,excitatory,1,0.0,0.11111111,0.0
364,inhibitory,1,0.11111111,0.0,0.0
365,excitatory,1,2.5555556,2.6666667,0.5555556
366,inhibitory,1,11.222222,16.333334,2.2222223
367,excitatory,1,0.0,0.0,0.6666667
368,excitatory,1,4.2222223,8.888889,11.777778
369,excitatory,1,0.0,0.0,0.11111111
370,excitatory,1,0.0,0.0,0.0
371,excitatory,1,0.11111111,0.11111111,0.0
372,excitatory,1,0.5555556,2.2222223,1.1111112
373,excitatory,1,1.0,1.7777778,2.5555556
374,excitatory,1,0.7777778,2.0,1.2222222
375,excitatory,1,1.3333334,2.0,0.22222222
376,excitatory,1,1.3333334,0.8888889,4.7777777
377,inhibitory,1,4.5555553,5.6666665,11.0
378,excitatory,1,1.3333334,0.8888889,0.8888889
379,excitatory,1,0.7777778,0.44444445,1.2222222
380,excitatory,1,0.6666667,0.22222222,1.0
381,excitatory,1,0.0,0.0,0.0
382,excitatory,1,1.3333334,0.0,2.3333333
383,inhibitory,1,0.11111111,0.0,0.0
384,inhibitory,1,1.1111112,3.8888888,1.5555556
385,excitatory,1,0.0,0.0,0.0
386,excitatory,1,0.0,0.0,0.0
387,excitatory,1,0.0,0.0,0.0
388,excitatory,1,0.0,1.3333334,0.44444445
389,excitatory,1,0.33333334,0.11111111,0.22222222
390,excitatory,1,7.5555553,11.666667,3.5555556
391,excitatory,1,0.0,0.11111111,0.0
392,excitatory,1,0.0,0.0,0.0
393,inhibitory,1,12.666667,2.5555556,1.2222222
394,excitatory,1,0.11111111,0.22222222,0.11111111
395,inhibitory,1,5.2222223,4.3333335,5.4444447
396,excitatory,1,1.4444444,2.7777777,2.8888888
397,inhibitory,1,0.11111111,0.22222222,0.5555556
398,excitatory,1,0.0,0.22222222,0.0
399,excitatory,1,0.0,0.0,0.0
400,inhibitory,1,51.333332,28.555555,37.444443
401,inhibitory,1,20.88889,28.444445,24.11111
402,excitatory,1,1.2222222,1.6666666,3.1111112
403,excitatory,1,0.0,0.0,0.0
404,excitatory,1,0.22222222,0.0,0.0
405,excitatory,1,0.11111111,0.44444445,0.22222222
406,excitatory,1,0.11111111,0.0,0.0
407,excitatory,1,0.0,0.0,0.0
408,excitatory,1,0.6666667,0.5555556,3.6666667
409,excitatory,1,0.7777778,1.8888888,1.4444444
410,excitatory,1,0.11111111,0.0,0.22222222
411,excitatory,1,0.0,0.0,0.11111111
412,excitatory,1,1.6666666,0.11111111,0.5555556
413,excitatory,1,0.11111111,0.11111111,1.3333334
414,excitatory,1,0.0,0.11111111,0.0
415,excitatory,1,7.7777777,7.888889,15.444445
416,inhibitory,1,51.666668,67.55556,127.55556
417,excitatory,1,0.0,1.1111112,0.0
418,excitatory,1,0.0,0.0,0.0
419,inhibitory,1,0.0,0.0,0.0
420,excitatory,1,1.1111112,0.33333334,1.5555556
421,excitatory,1,10.111111,9.555555,8.444445
422,inhibitory,1,71.44444,92.0,75.111115
423,excitatory,1,0.8888889,1.1111112,2.5555556
424,excitatory,1,0.44444445,2.8888888,1.8888888
425,excitatory,1,1.0,1.5555556,0.5555556
426,inhibitory,1,0.11111111,0.0,1.3333334
427,excitatory,1,0.0,0.0,0.0
428,excitatory,1,9.0,7.5555553,4.111111
429,excitatory,1,0.0,0.0,0.0
430,excitatory,1,5.6666665,4.111111,7.7777777
431,excitatory,1,0.0,0.0,0.0
432,excitatory,1,0.0,1.5555556,0.0
433,excitatory,1,0.6666667,0.5555556,0.11111111
434,inhibitory,1,0.44444445,0.22222222,0.11111111
435,excitatory,1,0.0,0.0,0.0
436,excitatory,1,0.44444445,0.5555556,1.4444444
437,excitatory,1,0.5555556,0.8888889,0.11111111
438,inhibitory,1,0.0,0.0,0.0
439,excitatory,1,0.0,0.0,0.0
440,excitatory,1,0.0,0.0,0.0
441,excitatory,1,0.0,0.0,0.0
442,excitatory,1,8.222222,2.2222223,7.888889
443,excitatory,1,0.0,0.0,0.0
444,inhibitory,1,57.0,67.55556,19.555555
445,excitatory,1,0.0,0.0,0.0
446,inhibitory,1,3.1111112,8.333333,1.0
447,excitatory,1,0.11111111,0.11111111,0.0
448,excitatory,1,0.0,0.0,0.0
449,inhibitory,1,18.11111,24.0,9.888889
450,excitatory,1,9.111111,3.7777777,0.8888889
451,excitatory,1,0.0,0.11111111,0.0
452,excitatory,1,1.1111112,0.44444445,2.7777777
453,inhibitory,1,7.4444447,7.4444447,4.6666665
454,excitatory,1,1.3333334,2.1111112,4.7777777
455,inhibitory,1,0.11111111,0.44444445,0.33333334
456,excitatory,1,0.0,0.6666667,0.0
457,excitatory,1,0.0,0.0,0.0
458,excitatory,1,0.6666667,1.3333334,0.0
459,excitatory,1,22.0,18.0,38.666668
460,excitatory,1,0.0,0.0,0.22222222
461,excitatory,1,0.0,0.0,0.0
462,excitatory,1,0.0,0.0,0.0
463,inhibitory,1,0.11111111,1.7777778,0.44444445
464,excitatory,1,5.2222223,5.3333335,6.7777777
465,excitatory,1,0.8888889,0.6666667,1.4444444
466,excitatory,1,0.0,0.22222222,0.0
467,excitatory,1,0.0,0.0,0.0
468,excitatory,1,0.0,0.0,0.0
469,excitatory,1,0.0,0.11111111,0.8888889
470,inhibitory,1,31.88889,19.0,25.555555
471,excitatory,1,0.22222222,0.44444445,0.0
472,excitatory,1,0.22222222,1.3333334,0.0
473,inhibitory,1,19.777779,15.888889,11.333333
474,excitatory,1,0.0,0.0,0.0
475,excitatory,1,0.0,0.0,0.0
476,excitatory,1,2.4444444,12.0,4.111111
477,excitatory,1,4.888889,1.7777778,0.11111111
478,excitatory,1,0.0,0.11111111,0.0
479,excitatory,1,0.0,0.0,0.0
480,excitatory,1,0.0,0.0,0.6666667
481,excitatory,1,0.0,0.0,0.0
482,excitatory,1,0.22222222,1.7777778,0.44444445
483,inhibitory,1,2.6666667,0.8888889,1.6666666
484,excitatory,1,0.8888889,1.2222222,0.7777778
485,excitatory,1,0.0,0.0,0.0
486,excitatory,1,16.11111,14.666667,26.222221
487,inhibitory,1,1.8888888,1.7777778,0.7777778
488,excitatory,1,13.777778,16.11111,32.88889
489,excitatory,1,2.8888888,1.7777778,2.1111112
490,inhibitory,1,15.222222,22.444445,51.333332
491,excitatory,1,0.0,0.0,0.0
492,excitatory,1,9.666667,8.888889,9.333333
493,excitatory,1,0.0,0.0,0.0
494,excitatory,1,0.0,0.0,0.0
495,inhibitory,1,1.0,0.6666667,2.7777777
496,excitatory,1,8.555555,9.222222,7.4444447
497,excitatory,1,0.0,0.0,0.22222222
498,excitatory,1,18.11111,12.222222,5.2222223
499,excitatory,1,6.6666665,6.5555553,1.6666666
500,inhibitory,2,0.0,0.0,0.0
501,excitatory,2,2.0,3.0,4.111111
502,excitatory,2,0.22222222,0.22222222,0.11111111
503,excitatory,2,1.5555556,0.8888889,0.5555556
504,excitatory,2,0.0,0.0,0.0
505,excitatory,2,0.33333334,1.8888888,0.8888889
506,excitatory,2,0.33333334,0.22222222,0.11111111
507,excitatory,2,18.333334,41.11111,20.88889
508,excitatory,2,2.5555556,1.7777778,1.8888888
509,excitatory,2,0.0,0.0,0.0
510,excitatory,2,0.0,0.0,0.0
511,excitatory,2,0.22222222,0.33333334,0.44444445
512,excitatory,2,18.444445,23.222221,26.666666
513,excitatory,2,3.5555556,4.2222223,9.222222
514,excitatory,2,0.11111111,0.5555556,0.6666667
515,excitatory,2,0.7777778,0.8888889,0.0
516,inhibitory,2,39.88889,32.11111,26.0
517,excitatory,2,0.11111111,0.11111111,0.7777778
518,excitatory,2,2.2222223,2.3333333,2.5555556
519,excitatory,2,0.0,0.0,0.0
520,excitatory,2,0.0,0.0,0.0
521,excitatory,2,0.0,0.0,0.0
522,excitatory,2,0.0,0.0,0.0
523,inhibitory,2,28.11111,24.555555,8.444445
524,excitatory,2,2.8888888,3.5555556,5.4444447
525,excitatory,2,1.8888888,4.3333335,8.444445
526,excitatory,2,0.22222222,0.0,0.22222222
527,excitatory,2,0.0,0.0,0.0
528,inhibitory,2,2.2222223,7.111111,0.7777778
529,inhibitory,2,21.11111,17.333334,14.333333
530,excitatory,2,0.0,0.0,0.33333334
531,excitatory,2,7.5555553,4.111111,13.222222
532,excitatory,2,2.8888888,4.111111,2.3333333
533,inhibitory,2,21.333334,23.555555,12.777778
534,excitatory,2,0.0,0.0,0.11111111
535,excitatory,2,0.0,0.0,0.0
536,excitatory,2,0.11111111,0.44444445,0.5555556
537,excitatory,2,0.0,0.0,0.0
538,excitatory,2,0.0,0.0,0.0
539,excitatory,2,7.6666665,8.444445,7.3333335
540,excitatory,2,1.2222222,2.3333333,1.8888888
541,excitatory,2,0.44444445,0.11111111,0.5555556
542,excitatory,2,4.111111,3.3333333,0.44444445
543,excitatory,2,0.11111111,0.33333334,0.0
544,excitatory,2,133.11111,101.0,126.55556
545,inhibitory,2,43.333332,56.22222,9.222222
546,excitatory,2,1.6666666,2.0,1.0
547,inhibitory,2,3.2222223,1.6666666,0.0
548,inhibitory,2,204.33333,151.44444,186.22223
549,inhibitory,2,10.222222,9.888889,10.333333
550,inhibitory,2,2.8888888,7.111111,0.6666667
551,excitatory,2,0.0,0.11111111,0.0
552,excitatory,2,0.0,0.0,0.0
553,excitatory,2,21.0,26.222221,13.333333
554,excitatory,2,2.5555556,2.4444444,2.3333333
555,excitatory,2,1.7777778,3.0,3.7777777
556,excitatory,2,0.33333334,0.33333334,0.6666667
557,inhibitory,2,5.0,6.3333335,6.111111
558,excitatory,2,0.0,0.0,0.0
559,excitatory,2,0.0,0.0,0.0
560,excitatory,2,0.22222222,0.8888889,2.3333333
561,excitatory,2,0.5555556,1.5555556,0.6666667
562,inhibitory,2,0.5555556,0.22222222,0.22222222
563,excitatory,2,0.0,0.0,0.0
564,excitatory,2,0.0,0.0,0.0
565,inhibitory,2,0.0,0.0,0.0
566,excitatory,2,5.7777777,3.5555556,5.111111
567,excitatory,2,0.0,0.0,0.0
568,excitatory,2,0.0,0.0,0.11111111
569,inhibitory,2,0.0,0.0,0.0
570,inhibitory,2,142.44444,173.33333,63.22222
571,excitatory,2,27.333334,22.222221,22.11111
572,inhibitory,2,4.0,0.44444445,7.4444447
573,excitatory,2,0.0,0.0,0.0
574,excitatory,2,0.0,0.0,0.0
575,excitatory,2,17.333334,17.88889,14.444445
576,excitatory,2,0.8888889,1.0,0.5555556
577,excitatory,2,3.7777777,4.111111,5.111111
578,excitatory,2,0.0,0.0,0.0
579,excitatory,2,0.0,0.0,0.0
580,excitatory,2,0.0,0.0,0.0
581,excitatory,2,0.33333334,1.2222222,2.2222223
582,excitatory,2,0.33333334,2.3333333,1.6666666
583,inhibitory,2,4.2222223,3.0,5.111111
584,excitatory,2,0.0,0.0,0.0
585,excitatory,2,0.0,0.0,0.5555556
586,inhibitory,2,65.44444,66.888885,110.22222
587,inhibitory,2,0.11111111,0.44444445,0.0
588,inhibitory,2,97.22222,90.0,75.333336
589,excitatory,2,37.77778,39.555557,38.88889
590,excitatory,2,0.0,0.0,0.11111111
591,excitatory,2,0.0,0.0,0.0
592,inhibitory,2,0.11111111,1.3333334,1.0
593,excitatory,2,49.22222,43.666668,18.222221
594,excitatory,2,0.0,0.0,0.0
595,inhibitory,2,1.3333334,1.5555556,1.3333334
596,excitatory,2,0.11111111,0.0,0.0
597,excitatory,2,12.444445,12.333333,13.555555
598,excitatory,2,0.0,0.0,0.0
599,excitatory,2,1.1111112,0.44444445,0.7777778
600,excitatory,2,0.8888889,0.6666667,0.7777778
601,excitatory,2,1.6666666,2.8888888,8.222222
602,excitatory,2,0.0,0.0,0.0
603,inhibitory,2,51.11111,37.88889,21.444445
604,excitatory,2,0.44444445,0.7777778,0.5555556
605,excitatory,2,1.0,0.44444445,0.5555556
606,inhibitory,2,92.888885,85.77778,131.22223
607,excitatory,2,0.0,0.0,0.0
608,excitatory,2,0.44444445,0.22222222,0.7777778
609,inhibitory,2,18.333334,20.333334,36.22222
610,excitatory,2,0.33333334,1.1111112,0.22222222
611,excitatory,2,0.0,0.11111111,0.0
612,excitatory,2,0.6666667,1.6666666,1.0
613,excitatory,2,2.4444444,3.1111112,0.6666667
614,excitatory,2,1.0,0.5555556,0.0
615,excitatory,2,3.4444444,3.2222223,1.5555556
616,inhibitory,2,18.222221,16.333334,18.333334
617,excitatory,2,0.0,0.0,0.0
618,inhibitory,2,0.0,0.0,0.0
619,excitatory,2,3.4444444,9.777778,17.555555
620,inhibitory,2,0.6666667,0.11111111,0.7777778
621,excitatory,2,1.3333334,0.7777778,0.0
622,excitatory,2,3.5555556,2.6666667,3.7777777
623,excitatory,2,0.0,0.11111111,0.0
624,excitatory,2,0.11111111,0.0,0.0
625,excitatory,2,5.111111,5.0,6.2222223
626,excitatory,2,0.0,0.0,0.11111111
627,excitatory,2,0.11111111,0.0,0.0
628,inhibitory,2,0.22222222,1.8888888,0.0
629,excitatory,2,1.1111112,1.2222222,0.33333334
630,excitatory,2,0.0,0.11111111,0.22222222
631,excitatory,2,0.0,0.33333334,0.0
632,excitatory,2,0.0,0.0,0.0
633,inhibitory,2,0.8888889,1.0,2.6666667
634,excitatory,2,0.0,0.11111111,0.0
635,excitatory,2,0.0,0.5555556,0.0
636,excitatory,2,0.0,0.0,0.0
637,excitatory,2,1.0,0.5555556,2.3333333
638,excitatory,2,0.44444445,0.22222222,0.0
639,excitatory,2,3.5555556,1.3333334,2.6666667
640,excitatory,2,0.0,0.0,0.11111111
641,excitatory,2,2.3333333,1.8888888,2.2222223
642,excitatory,2,0.0,0.0,0.0
643,excitatory,2,0.0,0.0,0.0
644,inhibitory,2,2.0,1.6666666,3.7777777
645,excitatory,2,27.11111,32.11111,52.555557
646,excitatory,2,0.22222222,0.0,1.0
647,excitatory,2,0.6666667,0.44444445,0.5555556
648,excitatory,2,2.1111112,1.5555556,1.5555556
649,excitatory,2,0.0,0.0,0.0
650,excitatory,2,6.888889,9.0,10.111111
651,excitatory,2,5.6666665,9.555555,5.7777777
652,excitatory,2,2.1111112,0.44444445,5.3333335
653,excitatory,2,4.5555553,5.3333335,6.3333335
654,excitatory,2,0.0,0.0,0.0
655,excitatory,2,0.5555556,0.0,0.0
656,inhibitory,2,0.0,0.0,0.0
657,inhibitory,2,12.888889,2.1111112,14.222222
658,excitatory,2,0.0,0.33333334,0.0
659,excitatory,2,0.11111111,0.11111111,0.0
660,inhibitory,2,0.0,0.0,0.0
661,excitatory,2,24.555555,18.666666,5.3333335
662,excitatory,2,0.0,0.0,0.0
663,excitatory,2,0.0,0.11111111,0.0
664,inhibitory,2,3.0,2.8888888,1.4444444
665,excitatory,2,0.0,0.0,0.0
666,excitatory,2,0.33333334,1.1111112,0.44444445
667,excitatory,2,0.11111111,0.0,0.0
668,inhibitory,2,1.3333334,2.0,1.1111112
669,excitatory,2,0.33333334,0.0,0.0
670,excitatory,2,0.0,0.0,0.22222222
671,inhibitory,2,92.888885,83.55556,62.333332
672,excitatory,2,0.11111111,0.11111111,0.0
673,excitatory,2,10.555555,8.0,21.88889
674,inhibitory,2,25.222221,22.444445,19.333334
675,excitatory,2,12.888889,11.222222,5.0
676,excitatory,2,0.0,0.0,0.0
677,inhibitory,2,0.33333334,0.44444445,0.7777778
678,excitatory,2,0.0,0.0,0.0
679,excitatory,2,0.44444445,0.7777778,0.22222222
680,excitatory,2,12.777778,13.111111,6.2222223
681,excitatory,2,0.0,0.0,0.0
682,inhibitory,2,2.5555556,4.0,7.111111
683,excitatory,2,1.8888888,2.8888888,0.0
684,inhibitory,2,34.11111,39.11111,23.333334
685,excitatory,2,1.4444444,0.6666667,2.2222223
686,inhibitory,2,0.22222222,0.6666667,1.5555556
687,excitatory,2,0.5555556,4.4444447,1.4444444
688,excitatory,2,26.222221,25.666666,15.777778
689,excitatory,2,0.0,0.0,0.0
690,excitatory,2,1.1111112,1.5555556,0.44444445
691,excitatory,2,0.11111111,0.0,0.11111111
692,excitatory,2,0.0,0.0,0.0
693,excitatory,2,0.0,0.44444445,0.0
694,inhibitory,2,141.33333,173.11111,194.33333
695,excitatory,2,0.0,0.0,0.0
696,excitatory,2,0.33333334,1.2222222,0.11111111
697,excitatory,2,0.0,0.22222222,0.33333334
698,inhibitory,2,29.666666,24.222221,24.555555
699,excitatory,2,0.0,0.0,0.0
700,inhibitory,2,0.7777778,10.444445,1.1111112
701,excitatory,2,0.0,0.0,0.0
702,excitatory,2,0.0,0.22222222,0.0
703,excitatory,2,0.7777778,0.5555556,1.0
704,excitatory,2,0.0,0.0,0.0
705,excitatory,2,0.0,0.0,0.0
706,excitatory,2,0.0,0.22222222,0.0
707,excitatory,2,0.0,0.11111111,0.6666667
708,inhibitory,2,3.2222223,6.4444447,1.1111112
709,excitatory,2,0.0,0.0,0.0
710,inhibitory,2,17.0,15.444445,20.11111
711,excitatory,2,0.11111111,0.11111111,0.0
712,excitatory,2,2.6666667,1.7777778,0.7777778
713,excitatory,2,0.0,0.0,0.0
714,excitatory,2,0.0,0.0,0.0
715,excitatory,2,0.0,0.0,0.11111111
716,inhibitory,2,8.444445,9.111111,14.333333
717,excitatory,2,4.7777777,5.6666665,3.5555556
718,excitatory,2,0.11111111,0.11111111,0.33333334
719,excitatory,2,0.0,0.0,0.0
720,excitatory,2,10.777778,17.88889,15.222222
721,inhibitory,2,0.0,0.0,0.0
722,excitatory,2,0.0,0.0,0.0
723,excitatory,2,0.0,0.0,0.0
724,excitatory,2,0.33333334,0.0,0.0
725,inhibitory,2,0.0,2.4444444,0.8888889
726,inhibitory,2,3.0,5.3333335,2.7777777
727,inhibitory,2,0.11111111,0.11111111,0.0
728,excitatory,2,0.44444445,2.7777777,0.33333334
729,inhibitory,2,11.555555,19.555555,22.777779
730,inhibitory,2,10.0,2.3333333,64.0
731,excitatory,2,0.0,0.0,0.0
732,excitatory,2,0.0,0.0,0.0
733,excitatory,2,0.0,0.11111111,0.11111111
734,excitatory,2,0.0,0.0,0.6666667
735,excitatory,2,0.0,0.0,0.0
736,inhibitory,2,0.11111111,0.6666667,0.22222222
737,excitatory,2,0.7777778,0.33333334,2.0
738,excitatory,2,4.2222223,2.5555556,5.0
739,excitatory,2,0.0,0.0,0.0
740,inhibitory,2,60.666668,51.11111,39.77778
741,excitatory,2,0.0,0.0,0.0
742,excitatory,2,8.444445,4.0,9.444445
743,excitatory,2,0.33333334,0.0,0.44444445
744,excitatory,2,0.0,0.0,0.0
745,excitatory,2,0.33333334,0.11111111,0.8888889
746,inhibitory,2,13.333333,13.222222,24.555555
747,inhibitory,2,16.666666,14.777778,15.111111
748,excitatory,2,0.0,0.11111111,0.0
749,inhibitory,2,2.5555556,2.5555556,3.8888888
750,excitatory,3,0.22222222,0.44444445,0.11111111
751,excitatory,3,4.4444447,2.3333333,1.6666666
752,excitatory,3,0.22222222,0.11111111,0.0
753,excitatory,3,0.5555556,0.22222222,0.0
754,excitatory,3,3.7777777,3.5555556,0.11111111
755,excitatory,3,0.22222222,0.0,0.33333334
756,excitatory,3,46.333332,52.666668,43.0
757,excitatory,3,0.0,0.0,0.0
758,excitatory,3,4.4444447,6.111111,7.4444447
759,excitatory,3,0.0,0.0,0.0
760,inhibitory,3,5.5555553,9.666667,8.777778
761,excitatory,3,2.2222223,4.7777777,6.888889
762,excitatory,3,1.3333334,0.8888889,3.0
763,excitatory,3,0.33333334,0.5555556,2.1111112
764,excitatory,3,0.0,0.0,0.0
765,excitatory,3,1.2222222,0.8888889,0.44444445
766,excitatory,3,0.11111111,0.0,0.0
767,excitatory,3,0.7777778,1.0,0.5555556
768,excitatory,3,2.0,3.2222223,0.22222222
769,excitatory,3,5.6666665,6.6666665,2.6666667
770,inhibitory,3,148.33333,123.22222,157.44444
771,excitatory,3,0.0,0.0,0.0
772,excitatory,3,39.77778,49.333332,44.22222
773,excitatory,3,0.44444445,0.0,1.8888888
774,excitatory,3,0.0,0.33333334,0.22222222
775,excitatory,3,0.33333334,0.11111111,1.5555556
776,excitatory,3,1.2222222,1.7777778,2.0
777,excitatory,3,9.333333,10.666667,7.0
778,excitatory,3,0.0,0.0,0.0
779,excitatory,3,0.0,0.22222222,0.0
780,excitatory,3,0.22222222,0.0,0.11111111
781,excitatory,3,0.0,0.0,0.0
782,excitatory,3,0.22222222,0.6666667,0.8888889
783,excitatory,3,0.0,0.0,0.0
784,inhibitory,3,69.0,49.555557,8.333333
785,excitatory,3,0.0,0.0,0.0
786,excitatory,3,0.7777778,0.44444445,6.888889
787,excitatory,3,0.33333334,0.0,0.11111111
788,excitatory,3,18.88889,11.888889,10.222222
789,excitatory,3,0.44444445,0.33333334,0.0
790,excitatory,3,0.11111111,0.0,0.11111111
791,excitatory,3,0.0,0.0,0.0
792,excitatory,3,0.33333334,0.7777778,0.33333334
793,excitatory,3,1.1111112,0.33333334,0.8888889
794,inhibitory,3,88.888885,82.888885,115.111115
795,excitatory,3,0.11111111,0.33333334,0.0
796,inhibitory,3,2.6666667,0.44444445,12.555555
797,excitatory,3,0.0,1.0,0.22222222
798,excitatory,3,6.4444447,5.0,6.4444447
799,excitatory,3,50.22222,50.22222,21.333334
800,excitatory,3,21.222221,24.333334,5.0
801,excitatory,3,0.0,0.0,0.0
802,excitatory,3,0.0,0.0,0.0
803,inhibitory,3,35.444443,9.555555,58.444443
804,excitatory,3,17.222221,17.88889,14.0
805,excitatory,3,24.11111,33.666668,11.333333
806,excitatory,3,0.11111111,0.33333334,0.5555556
807,excitatory,3,0.0,0.0,0.0
808,excitatory,3,0.0,0.0,0.0
809,inhibitory,3,3.6666667,4.5555553,26.666666
810,excitatory,3,1.2222222,0.5555556,0.44444445
811,excitatory,3,0.0,0.0,0.0
812,excitatory,3,0.0,0.11111111,0.0
813,excitatory,3,1.2222222,1.1111112,2.2222223
814,inhibitory,3,15.333333,14.222222,6.111111
815,excitatory,3,28.88889,24.0,27.444445
816,excitatory,3,0.0,0.0,0.11111111
817,excitatory,3,0.0,0.0,0.0
818,excitatory,3,4.0,3.5555556,3.4444444
819,inhibitory,3,2.2222223,8.0,4.4444447
820,inhibitory,3,4.6666665,14.0,35.555557
821,excitatory,3,0.0,0.11111111,0.0
822,inhibitory,3,3.4444444,0.5555556,0.6666667
823,excitatory,3,0.0,0.0,0.0
824,excitatory,3,1.3333334,1.8888888,1.2222222
825,excitatory,3,0.0,0.0,0.0
826,excitatory,3,0.0,0.0,0.0
827,excitatory,3,0.0,0.44444445,0.0
828,excitatory,3,4.5555553,3.1111112,5.888889
829,excitatory,3,19.666666,18.666666,5.4444447
830,excitatory,3,0.11111111,0.7777778,0.0
831,excitatory,3,22.0,16.333334,15.0
832,excitatory,3,0.8888889,0.6666667,0.11111111
833,excitatory,3,0.0,0.0,0.8888889
834,excitatory,3,0.33333334,0.5555556,0.0
835,excitatory,3,0.0,0.0,0.0
836,excitatory,3,0.0,0.0,0.0
837,inhibitory,3,6.111111,4.6666665,13.222222
838,excitatory,3,0.11111111,0.0,0.0
839,excitatory,3,0.0,0.0,0.0
840,excitatory,3,17.88889,16.666666,8.666667
841,excitatory,3,4.5555553,7.111111,6.0
842,excitatory,3,10.444445,8.222222,22.444445
843,excitatory,3,0.33333334,0.0,0.22222222
844,excitatory,3,11.555555,12.111111,13.666667
845,excitatory,3,0.0,0.11111111,0.0
846,excitatory,3,11.0,13.222222,6.4444447
847,excitatory,3,29.555555,33.666668,11.333333
848,excitatory,3,0.0,0.8888889,0.33333334
849,excitatory,3,0.33333334,0.11111111,0.5555556
850,inhibitory,3,10.444445,13.888889,9.111111
851,excitatory,3,0.0,0.0,0.0
852,excitatory,3,2.0,2.3333333,5.0
853,excitatory,3,0.44444445,1.0,1.7777778
854,excitatory,3,2.3333333,1.8888888,3.7777777
855,inhibitory,3,1.0,0.7777778,2.5555556
856,excitatory,3,2.6666667,13.111111,6.5555553
857,excitatory,3,0.0,0.0,0.0
858,inhibitory,3,22.666666,37.22222,15.444445
859,excitatory,3,3.5555556,4.111111,3.2222223
860,excitatory,3,8.333333,9.111111,8.888889
861,excitatory,3,0.0,0.0,0.22222222
862,excitatory,3,5.888889,6.3333335,2.3333333
863,excitatory,3,0.0,0.22222222,0.0
864,excitatory,3,25.88889,32.11111,24.88889
865,excitatory,3,0.0,0.0,0.0
866,excitatory,3,0.0,0.0,0.0
867,excitatory,3,1.1111112,7.3333335,9.888889
868,inhibitory,3,26.88889,36.333332,40.77778
869,excitatory,3,0.0,0.0,0.0
870,inhibitory,3,0.0,0.22222222,0.22222222
871,excitatory,3,51.333332,31.666666,40.666668
872,excitatory,3,0.0,0.0,0.0
873,excitatory,3,0.0,0.0,0.0
874,excitatory,3,0.0,0.0,0.11111111
875,excitatory,3,0.0,0.0,0.0
876,excitatory,3,0.0,0.11111111,0.0
877,excitatory,3,0.0,0.0,0.11111111
878,excitatory,3,0.44444445,0.44444445,1.2222222
879,excitatory,3,0.0,0.0,0.0
880,excitatory,3,0.0,0.0,0.0
881,excitatory,3,0.0,0.33333334,0.0
882,excitatory,3,4.6666665,5.5555553,1.0
883,excitatory,3,0.7777778,2.6666667,2.2222223
884,excitatory,3,0.5555556,2.6666667,3.8888888
885,excitatory,3,0.44444445,0.33333334,0.7777778
886,excitatory,3,0.5555556,1.4444444,1.3333334
887,excitatory,3,39.666668,42.666668,13.444445
888,excitatory,3,2.4444444,4.111111,2.2222223
889,inhibitory,3,35.0,50.0,40.333332
890,excitatory,3,0.6666667,1.2222222,0.8888889
891,excitatory,3,29.333334,32.11111,27.0
892,inhibitory,3,0.7777778,7.111111,3.8888888
893,excitatory,3,5.0,2.6666667,3.4444444
894,excitatory,3,0.0,0.0,0.0
895,inhibitory,3,0.33333334,1.3333334,0.33333334
896,excitatory,3,0.7777778,0.8888889,1.4444444
897,excitatory,3,5.4444447,4.2222223,2.8888888
898,excitatory,3,31.0,27.333334,51.11111
899,excitatory,3,0.0,0.22222222,0.22222222
900,inhibitory,3,36.88889,43.77778,36.22222
901,excitatory,3,0.0,0.0,0.0
902,inhibitory,3,1.8888888,3.3333333,5.5555553
903,excitatory,3,0.0,0.11111111,0.0
904,excitatory,3,0.0,0.11111111,0.0
905,excitatory,3,0.11111111,0.33333334,0.0
906,excitatory,3,2.1111112,1.1111112,0.44444445
907,excitatory,3,8.333333,11.888889,25.444445
908,excitatory,3,0.0,0.0,0.0
909,excitatory,3,0.0,0.0,0.11111111
910,excitatory,3,0.0,0.0,0.0
911,excitatory,3,0.0,0.0,0.0
912,inhibitory,3,13.111111,6.5555553,14.333333
913,excitatory,3,56.0,58.555557,26.555555
914,excitatory,3,0.44444445,0.11111111,0.0
915,excitatory,3,2.7777777,2.4444444,0.6666667
916,excitatory,3,8.222222,8.0,10.222222
917,excitatory,3,0.0,0.0,0.0
918,excitatory,3,0.5555556,1.2222222,0.11111111
919,excitatory,3,1.7777778,3.2222223,2.1111112
920,excitatory,3,0.11111111,0.11111111,0.0
921,excitatory,3,0.0,0.0,0.0
922,excitatory,3,0.0,0.0,0.0
923,excitatory,3,5.888889,3.0,0.0
924,excitatory,3,0.44444445,1.5555556,0.0
925,excitatory,3,13.444445,9.333333,10.0
926,excitatory,3,0.0,0.0,0.0
927,excitatory,3,1.1111112,1.1111112,1.0
928,excitatory,3,0.0,0.0,0.0
929,excitatory,3,0.44444445,2.2222223,2.0
930,excitatory,3,0.0,0.0,0.0
931,excitatory,3,0.0,0.0,0.0
932,excitatory,3,0.0,0.0,0.0
933,excitatory,3,2.2222223,3.7777777,3.8888888
934,excitatory,3,0.0,0.0,0.0
935,inhibitory,3,81.333336,76.22222,53.666668
936,excitatory,3,0.0,0.22222222,0.0
937,excitatory,3,0.0,0.0,0.0
938,inhibitory,3,5.6666665,10.555555,6.0
939,excitatory,3,0.0,0.0,0.0
940,excitatory,3,2.3333333,1.0,0.11111111
941,excitatory,3,0.0,0.11111111,0.11111111
942,excitatory,3,0.0,0.0,0.0
943,inhibitory,3,3.1111112,0.8888889,4.0
944,excitatory,3,4.2222223,4.6666665,5.4444447
945,excitatory,3,0.11111111,0.0,0.22222222
946,excitatory,3,0.11111111,0.0,0.0
947,excitatory,3,4.888889,5.111111,1.6666666
948,excitatory,3,11.222222,11.222222,14.111111
949,excitatory,3,1.2222222,0.8888889,1.5555556
950,inhibitory,3,116.333336,106.888885,100.55556
951,inhibitory,3,3.2222223,8.222222,5.3333335
952,excitatory,3,0.0,0.0,0.33333334
953,excitatory,3,2.7777777,2.2222223,2.4444444
954,inhibitory,3,0.0,0.22222222,0.0
955,excitatory,3,2.0,3.6666667,0.6666667
956,excitatory,3,0.0,0.0,0.0
957,inhibitory,3,0.6666667,4.4444447,1.0
958,excitatory,3,0.0,0.0,0.0
959,excitatory,3,44.444443,45.666668,74.0
960,excitatory,3,0.11111111,0.0,0.0
961,inhibitory,3,110.666664,111.22222,17.11111
962,excitatory,3,0.0,0.0,0.0
963,inhibitory,3,0.11111111,0.22222222,1.3333334
964,excitatory,3,0.0,0.0,0.0
965,excitatory,3,0.11111111,0.11111111,0.22222222
966,inhibitory,3,2.7777777,5.111111,4.888889
967,excitatory,3,0.0,0.11111111,0.0
968,excitatory,3,17.88889,20.666666,21.666666
969,excitatory,3,8.333333,8.444445,25.222221
970,inhibitory,3,7.0,7.4444447,9.888889
971,excitatory,3,4.6666665,6.7777777,4.5555553
972,excitatory,3,0.11111111,0.0,0.11111111
973,excitatory,3,0.0,0.0,0.0
974,excitatory,3,0.11111111,0.0,0.0
975,excitatory,3,0.0,0.33333334,1.5555556
976,excitatory,3,2.1111112,1.5555556,3.2222223
977,excitatory,3,198.66667,201.0,116.44444
978,excitatory,3,0.0,0.0,0.0
979,excitatory,3,0.0,0.0,0.0
980,excitatory,3,0.0,3.1111112,0.11111111
981,excitatory,3,0.0,0.0,0.0
982,excitatory,3,10.333333,13.333333,3.0
983,excitatory,3,0.11111111,0.0,0.0
984,excitatory,3,0.0,0.0,0.0
985,excitatory,3,1.2222222,0.11111111,0.33333334
986,excitatory,3,0.33333334,0.0,0.5555556
987,excitatory,3,0.44444445,0.44444445,0.11111111
988,excitatory,3,10.666667,14.777778,16.444445
989,excitatory,3,0.11111111,0.11111111,0.44444445
990,excitatory,3,17.88889,12.555555,24.88889
991,excitatory,3,0.0,0.0,0.0
992,excitatory,3,0.0,0.6666667,0.0
993,excitatory,3,0.0,0.0,0.0
994,excitatory,3,8.888889,7.5555553,5.111111
995,inhibitory,3,2.1111112,0.0,2.1111112
996,excitatory,3,0.0,0.22222222,0.11111111
997,inhibitory,3,39.444443,40.444443,84.333336
998,inhibitory,3,27.0,29.666666,12.777778
999,excitatory,3,1.7777778,2.8888888,0.8888889
1000,excitatory,4,0.8888889,0.6666667,3.4444444
1001,excitatory,4,0.44444445,0.7777778,0.11111111
1002,excitatory,4,16.88889,23.666666,25.333334
1003,inhibitory,4,4.7777777,2.0,5.888889
1004,excitatory,4,6.0,6.5555553,1.0
1005,inhibitory,4,0.0,0.0,0.5555556
1006,excitatory,4,2.1111112,4.0,2.0
1007,excitatory,4,4.4444447,3.1111112,2.1111112
1008,inhibitory,4,2.0,1.0,0.11111111
1009,excitatory,4,0.0,0.0,0.0
1010,inhibitory,4,0.6666667,0.5555556,1.8888888
1011,excitatory,4,0.5555556,0.11111111,0.0
1012,excitatory,4,3.3333333,4.4444447,9.555555
1013,inhibitory,4,1.5555556,1.1111112,2.2222223
1014,excitatory,4,0.5555556,0.33333334,0.6666667
1015,inhibitory,4,61.11111,56.555557,90.333336
1016,inhibitory,4,11.333333,6.0,19.88889
1017,excitatory,4,0.0,0.0,0.0
1018,inhibitory,4,1.4444444,1.7777778,4.6666665
1019,excitatory,4,0.0,0.0,0.0
1020,excitatory,4,0.11111111,2.6666667,1.0
1021,excitatory,4,1.1111112,0.7777778,1.0
1022,inhibitory,4,0.0,0.0,0.0
1023,excitatory,4,0.0,0.0,0.0
1024,excitatory,4,20.88889,16.333334,15.444445
1025,excitatory,4,0.0,0.11111111,0.0
1026,excitatory,4,0.8888889,0.0,0.6666667
1027,inhibitory,4,0.6666667,0.44444445,0.0
1028,excitatory,4,0.22222222,0.0,0.22222222
1029,excitatory,4,0.0,0.0,0.22222222
1030,excitatory,4,0.44444445,0.8888889,0.8888889
1031,excitatory,4,0.0,0.0,0.0
1032,inhibitory,4,1.1111112,2.0,2.6666667
1033,excitatory,4,0.0,0.0,0.0
1034,excitatory,4,0.0,0.0,0.33333334
1035,excitatory,4,0.0,0.0,0.0
1036,excitatory,4,0.0,0.33333334,0.0
1037,inhibitory,4,0.5555556,0.33333334,0.0
1038,excitatory,4,0.11111111,0.0,0.0
1039,excitatory,4,0.0,0.0,0.0
1040,excitatory,4,10.444445,8.222222,8.888889
1041,excitatory,4,0.0,0.11111111,0.0
1042,excitatory,4,58.77778,50.444443,35.77778
1043,excitatory,4,0.22222222,0.11111111,0.33333334
1044,inhibitory,4,25.0,39.77778,83.22222
1045,excitatory,4,0.0,0.0,0.0
1046,excitatory,4,0.0,0.0,0.0
1047,excitatory,4,2.2222223,0.7777778,9.666667
1048,excitatory,4,2.0,0.7777778,2.2222223
1049,excitatory,4,0.6666667,0.44444445,0.0
1050,excitatory,4,0.0,0.0,0.0
1051,excitatory,4,1.1111112,1.6666666,3.3333333
1052,excitatory,4,0.0,0.0,0.0
1053,excitatory,4,0.0,0.0,0.7777778
1054,excitatory,4,0.0,0.0,0.0
1055,excitatory,4,19.666666,24.777779,10.666667
1056,excitatory,4,21.333334,15.555555,15.777778
1057,inhibitory,4,71.77778,108.111115,124.888885
1058,excitatory,4,0.0,0.0,0.0
1059,inhibitory,4,28.666666,19.88889,10.888889
1060,excitatory,4,5.3333335,4.4444447,6.6666665
1061,excitatory,4,0.0,0.11111111,0.0
1062,excitatory,4,0.0,0.0,0.0
1063,excitatory,4,0.0,0.0,0.0
1064,excitatory,4,0.0,0.11111111,0.0
1065,excitatory,4,1.1111112,4.6666665,0.44444445
1066,inhibitory,4,0.0,0.0,0.0
1067,inhibitory,4,24.333334,21.88889,11.777778
1068,inhibitory,4,0.11111111,0.33333334,0.0
1069,excitatory,4,0.0,0.11111111,0.0
1070,excitatory,4,0.0,0.22222222,0.0
1071,excitatory,4,0.0,0.0,0.0
1072,excitatory,4,54.0,51.555557,15.888889
1073,excitatory,4,0.44444445,0.44444445,0.8888889
1074,excitatory,4,0.11111111,0.0,0.0
1075,excitatory,4,1.3333334,0.6666667,2.3333333
1076,excitatory,4,0.0,0.0,0.0
1077,excitatory,4,0.11111111,0.0,0.8888889
1078,excitatory,4,0.11111111,0.0,0.0
1079,excitatory,4,0.0,0.0,0.11111111
1080,excitatory,4,0.0,1.0,1.4444444
1081,excitatory,4,0.0,0.0,0.0
1082,excitatory,4,0.0,0.0,0.0
1083,excitatory,4,0.11111111,0.11111111,0.44444445
1084,excitatory,4,0.0,0.22222222,0.44444445
1085,excitatory,4,0.8888889,0.6666667,4.0
1086,excitatory,4,0.11111111,0.22222222,0.11111111
1087,excitatory,4,6.111111,8.222222,6.6666665
1088,inhibitory,4,0.44444445,0.33333334,0.22222222
1089,excitatory,4,38.555557,31.333334,49.444443
1090,excitatory,4,3.5555556,6.7777777,4.2222223
1091,inhibitory,4,0.5555556,2.2222223,5.111111
1092,inhibitory,4,24.11111,18.11111,2.3333333
1093,excitatory,4,0.44444445,0.44444445,0.22222222
1094,excitatory,4,0.0,0.0,0.0
1095,excitatory,4,0.0,0.0,0.0
1096,excitatory,4,0.22222222,0.11111111,0.44444445
1097,excitatory,4,0.0,0.0,0.0
1098,excitatory,4,3.6666667,2.0,13.111111
1099,excitatory,4,0.11111111,0.0,2.6666667
1100,excitatory,4,2.4444444,1.8888888,0.22222222
1101,excitatory,4,2.1111112,2.2222223,2.7777777
1102,excitatory,4,0.8888889,2.5555556,1.0
1103,excitatory,4,9.0,17.88889,0.44444445
1104,excitatory,4,0.5555556,0.22222222,0.7777778
1105,excitatory,4,0.11111111,0.11111111,0.33333334
1106,inhibitory,4,7.111111,43.0,11.111111
1107,inhibitory,4,127.55556,116.666664,43.333332
1108,inhibitory,4,6.2222223,8.0,5.6666665
1109,excitatory,4,3.5555556,5.2222223,19.444445
1110,excitatory,4,0.0,0.0,0.0
1111,excitatory,4,0.0,0.0,0.0
1112,excitatory,4,0.0,0.33333334,0.0
1113,excitatory,4,5.888889,6.888889,6.3333335
1114,excitatory,4,10.555555,11.888889,41.11111
1115,inhibitory,4,19.88889,20.0,37.555557
1116,excitatory,4,0.0,0.0,0.0
1117,excitatory,4,1.4444444,3.2222223,6.5555553
1118,excitatory,4,0.5555556,0.33333334,0.0
1119,excitatory,4,18.11111,19.444445,40.77778
1120,excitatory,4,0.22222222,0.11111111,0.33333334
1121,excitatory,4,0.0,0.0,0.0
1122,inhibitory,4,7.3333335,4.7777777,2.1111112
1123,excitatory,4,0.11111111,0.11111111,0.0
1124,excitatory,4,2.2222223,1.0,5.5555553
1125,excitatory,4,3.5555556,1.8888888,7.4444447
1126,excitatory,4,2.5555556,1.0,1.1111112
1127,inhibitory,4,1.0,1.5555556,2.3333333
1128,excitatory,4,0.5555556,0.0,0.11111111
1129,excitatory,4,0.0,0.0,0.0
1130,excitatory,4,6.5555553,1.2222222,4.7777777
1131,excitatory,4,0.0,0.0,0.0
1132,excitatory,4,0.33333334,0.22222222,0.0
1133,excitatory,4,0.0,0.0,0.0
1134,excitatory,4,0.0,0.0,0.0
1135,excitatory,4,0.0,0.11111111,0.0
1136,excitatory,4,0.11111111,0.5555556,0.6666667
1137,excitatory,4,0.0,0.0,0.0
1138,excitatory,4,0.44444445,1.1111112,0.0
1139,excitatory,4,6.888889,10.444445,32.77778
1140,excitatory,4,0.0,0.11111111,0.0
1141,excitatory,4,0.0,0.0,0.0
1142,inhibitory,4,0.44444445,1.3333334,20.444445
1143,inhibitory,4,16.333334,14.0,51.22222
1144,excitatory,4,0.0,0.0,0.0
1145,excitatory,4,0.0,0.0,0.0
1146,excitatory,4,0.6666667,0.7777778,0.11111111
1147,excitatory,4,0.44444445,1.3333334,2.3333333
1148,inhibitory,4,83.111115,51.0,19.444445
1149,excitatory,4,14.444445,13.0,22.777779
1150,excitatory,4,4.4444447,3.1111112,7.111111
1151,inhibitory,4,3.5555556,4.4444447,7.3333335
1152,inhibitory,4,2.1111112,13.222222,2.5555556
1153,excitatory,4,0.0,0.0,0.0
1154,excitatory,4,0.0,0.7777778,0.0
1155,inhibitory,4,15.222222,13.888889,1.1111112
1156,inhibitory,4,2.2222223,0.6666667,3.4444444
1157,excitatory,4,4.111111,2.5555556,0.11111111
1158,excitatory,4,0.0,0.0,0.0
1159,excitatory,4,1.0,0.8888889,0.7777778
1160,excitatory,4,0.11111111,0.22222222,0.0
1161,excitatory,4,3.2222223,2.2222223,1.2222222
1162,excitatory,4,0.0,0.0,0.0
1163,excitatory,4,0.0,0.0,0.0
1164,excitatory,4,0.0,0.0,0.0
1165,inhibitory,4,56.77778,48.22222,92.888885
1166,excitatory,4,0.0,0.33333334,0.0
1167,excitatory,4,0.0,0.0,0.0
1168,excitatory,4,0.0,0.0,0.0
1169,excitatory,4,0.0,0.0,0.0
1170,inhibitory,4,0.0,0.33333334,0.0
1171,excitatory,4,0.44444445,0.5555556,2.8888888
1172,excitatory,4,0.0,0.0,0.0
1173,excitatory,4,0.0,0.7777778,2.0
1174,inhibitory,4,5.3333335,4.6666665,2.5555556
1175,inhibitory,4,0.33333334,1.6666666,13.444445
1176,inhibitory,4,0.0,0.44444445,2.3333333
1177,excitatory,4,10.555555,10.888889,11.444445
1178,inhibitory,4,0.22222222,0.5555556,0.8888889
1179,inhibitory,4,6.4444447,9.333333,6.4444447
1180,excitatory,4,0.0,0.0,0.0
1181,excitatory,4,0.11111111,0.0,0.44444445
1182,excitatory,4,2.1111112,2.7777777,2.1111112
1183,inhibitory,4,0.0,0.0,0.22222222
1184,inhibitory,4,17.222221,19.666666,14.222222
1185,excitatory,4,0.6666667,0.6666667,0.33333334
1186,excitatory,4,0.6666667,4.2222223,0.11111111
1187,excitatory,4,0.11111111,0.44444445,0.6666667
1188,excitatory,4,11.777778,11.111111,14.0
1189,excitatory,4,0.0,0.0,0.0
1190,excitatory,4,0.0,0.0,0.0
1191,excitatory,4,1.4444444,0.33333334,1.2222222
1192,inhibitory,4,0.0,0.44444445,0.0
1193,inhibitory,4,1.7777778,5.5555553,4.4444447
1194,inhibitory,4,1.0,1.2222222,0.11111111
1195,excitatory,4,0.0,0.0,0.0
1196,excitatory,4,7.0,3.5555556,2.2222223
1197,inhibitory,4,5.4444447,6.888889,3.8888888
1198,excitatory,4,0.22222222,2.0,4.4444447
1199,excitatory,4,0.0,0.0,0.0
1200,excitatory,4,0.0,0.0,0.0
1201,excitatory,4,0.0,0.0,0.0
1202,excitatory,4,0.44444445,0.33333334,0.33333334
1203,excitatory,4,0.22222222,0.0,0.0
1204,excitatory,4,2.5555556,2.7777777,2.6666667
1205,inhibitory,4,47.88889,29.444445,27.333334
1206,excitatory,4,0.0,0.11111111,0.44444445
1207,excitatory,4,4.2222223,2.0,1.3333334
1208,excitatory,4,1.5555556,0.8888889,0.5555556
1209,inhibitory,4,0.0,0.0,0.11111111
1210,excitatory,4,0.0,0.0,0.0
1211,excitatory,4,0.0,0.0,0.11111111
1212,inhibitory,4,70.0,65.111115,14.666667
1213,excitatory,4,0.0,0.0,0.0
1214,excitatory,4,1.3333334,0.7777778,1.4444444
1215,excitatory,4,1.8888888,1.6666666,3.6666667
1216,excitatory,4,0.0,0.22222222,0.0
1217,excitatory,4,0.11111111,0.33333334,0.11111111
1218,excitatory,4,0.0,1.2222222,0.0
1219,excitatory,4,0.0,0.0,0.0
1220,excitatory,4,0.0,2.4444444,0.0
1221,excitatory,4,0.33333334,0.5555556,0.0
1222,excitatory,4,0.33333334,0.22222222,0.0
1223,excitatory,4,0.0,0.0,0.0
1224,excitatory,4,5.111111,5.3333335,6.2222223
1225,inhibitory,4,5.6666665,5.111111,5.6666665
1226,excitatory,4,0.0,0.33333334,0.0
1227,inhibitory,4,0.11111111,2.3333333,6.5555553
1228,excitatory,4,0.0,0.0,0.0
1229,excitatory,4,1.3333334,9.0,17.666666
1230,inhibitory,4,3.8888888,8.444445,4.0
1231,excitatory,4,0.11111111,0.0,1.1111112
1232,excitatory,4,0.44444445,6.2222223,0.22222222
1233,excitatory,4,0.0,0.0,0.0
1234,excitatory,4,6.7777777,5.888889,6.888889
1235,excitatory,4,0.6666667,0.8888889,1.6666666
1236,inhibitory,4,35.333332,47.333332,49.333332
1237,excitatory,4,0.11111111,0.0,2.5555556
1238,inhibitory,4,12.333333,8.0,11.0
1239,excitatory,4,0.0,0.0,0.33333334
1240,inhibitory,4,13.888889,20.0,20.555555
1241,excitatory,4,2.7777777,3.3333333,0.11111111
1242,excitatory,4,0.44444445,0.33333334,0.0
1243,excitatory,4,0.0,0.0,0.0
1244,excitatory,4,3.7777777,6.888889,2.1111112
1245,excitatory,4,4.4444447,4.7777777,2.1111112
1246,excitatory,4,6.7777777,10.222222,9.222222
1247,excitatory,4,0.11111111,0.11111111,0.0
1248,excitatory,4,34.11111,33.444443,28.222221
1249,excitatory,4,0.0,0.22222222,0.0
1250,inhibitory,5,1.0,0.33333334,0.11111111
1251,excitatory,5,5.0,8.333333,9.333333
1252,excitatory,5,0.5555556,1.6666666,0.33333334
1253,excitatory,5,0.22222222,0.22222222,0.44444445
1254,excitatory,5,0.0,0.0,0.0
1255,excitatory,5,0.11111111,0.0,0.44444445
1256,inhibitory,5,0.11111111,0.0,5.3333335
1257,excitatory,5,0.33333334,0.44444445,1.1111112
1258,excitatory,5,10.0,12.555555,12.888889
1259,excitatory,5,4.6666665,2.8888888,0.8888889
1260,excitatory,5,0.0,0.0,0.0
1261,excitatory,5,0.0,0.0,0.0
1262,excitatory,5,11.444445,10.666667,11.444445
1263,inhibitory,5,14.444445,35.22222,14.777778
1264,inhibitory,5,187.44444,170.88889,167.66667
1265,excitatory,5,0.11111111,0.0,0.0
1266,excitatory,5,6.6666665,9.222222,5.111111
1267,excitatory,5,2.5555556,1.5555556,4.4444447
1268,excitatory,5,0.0,0.0,0.0
1269,excitatory,5,0.11111111,0.33333334,0.5555556
1270,excitatory,5,0.0,0.0,0.0
1271,excitatory,5,0.44444445,0.11111111,0.5555556
1272,excitatory,5,2.6666667,0.5555556,0.0
1273,inhibitory,5,11.0,7.7777777,4.6666665
1274,excitatory,5,7.0,8.777778,6.3333335
1275,excitatory,5,2.5555556,2.4444444,0.6666667
1276,excitatory,5,0.5555556,0.0,0.33333334
1277,inhibitory,5,2.3333333,1.5555556,1.8888888
1278,excitatory,5,0.11111111,0.0,0.0
1279,excitatory,5,8.777778,15.333333,15.333333
1280,excitatory,5,0.6666667,0.7777778,0.33333334
1281,excitatory,5,14.666667,18.0,33.444443
1282,excitatory,5,0.0,0.33333334,1.3333334
1283,excitatory,5,1.7777778,0.6666667,2.5555556
1284,excitatory,5,9.111111,12.0,10.777778
1285,inhibitory,5,3.0,3.7777777,3.3333333
1286,inhibitory,5,4.7777777,5.0,1.4444444
1287,excitatory,5,4.0,4.0,5.111111
1288,excitatory,5,0.0,0.0,0.0
1289,excitatory,5,21.333334,17.555555,18.222221
1290,excitatory,5,0.0,0.0,0.0
1291,excitatory,5,17.222221,16.555555,5.7777777
1292,excitatory,5,0.0,0.0,0.0
1293,excitatory,5,0.11111111,0.11111111,0.5555556
1294,excitatory,5,0.0,0.0,0.0
1295,inhibitory,5,41.0,45.0,19.333334
1296,inhibitory,5,9.777778,13.888889,7.888889
1297,excitatory,5,0.0,0.0,0.0
1298,inhibitory,5,27.222221,25.88889,20.666666
1299,inhibitory,5,112.666664,103.55556,97.888885
1300,inhibitory,5,4.0,4.111111,2.8888888
1301,excitatory,5,21.222221,7.2222223,2.7777777
1302,excitatory,5,0.0,0.0,0.0
1303,inhibitory,5,0.0,0.22222222,0.22222222
1304,excitatory,5,0.0,0.11111111,0.0
1305,excitatory,5,0.7777778,1.2222222,1.1111112
1306,excitatory,5,14.777778,13.111111,10.555555
1307,excitatory,5,1.3333334,1.3333334,1.7777778
1308,excitatory,5,2.3333333,2.6666667,1.6666666
1309,excitatory,5,1.2222222,0.7777778,0.5555556
1310,excitatory,5,0.0,0.0,0.0
1311,excitatory,5,0.0,0.0,0.0
1312,inhibitory,5,0.5555556,0.7777778,2.7777777
1313,excitatory,5,0.0,0.0,0.0
1314,inhibitory,5,7.0,6.6666665,10.111111
1315,excitatory,5,0.11111111,0.44444445,0.0
1316,inhibitory,5,21.88889,29.777779,35.666668
1317,excitatory,5,0.0,0.0,0.0
1318,excitatory,5,0.0,0.44444445,0.0
1319,inhibitory,5,0.33333334,0.7777778,0.22222222
1320,excitatory,5,0.33333334,0.22222222,0.6666667
1321,inhibitory,5,1.6666666,4.3333335,0.22222222
1322,inhibitory,5,0.6666667,2.8888888,1.5555556
1323,excitatory,5,0.0,0.0,0.0
1324,excitatory,5,18.0,23.555555,30.777779
1325,excitatory,5,0.0,0.0,0.0
1326,excitatory,5,0.0,0.0,0.0
1327,excitatory,5,1.0,2.1111112,3.7777777
1328,excitatory,5,0.0,0.0,0.22222222
1329,excitatory,5,0.0,0.0,0.11111111
1330,inhibitory,5,16.11111,12.333333,17.444445
1331,inhibitory,5,13.0,2.5555556,9.0
1332,excitatory,5,0.0,0.0,0.0
1333,inhibitory,5,0.0,0.0,0.0
1334,excitatory,5,2.5555556,1.6666666,4.2222223
1335,excitatory,5,0.11111111,0.0,0.0
1336,inhibitory,5,2.2222223,4.111111,9.222222
1337,inhibitory,5,0.22222222,0.8888889,2.1111112
1338,excitatory,5,0.0,0.11111111,0.0
1339,excitatory,5,0.0,0.0,0.0
1340,excitatory,5,0.0,0.0,0.0
1341,excitatory,5,22.555555,23.333334,1.2222222
1342,excitatory,5,0.0,0.0,0.0
1343,excitatory,5,0.33333334,1.5555556,2.1111112
1344,excitatory,5,0.0,0.0,0.0
1345,excitatory,5,0.0,0.0,0.0
1346,excitatory,5,0.6666667,0.6666667,0.44444445
1347,excitatory,5,0.0,0.0,0.11111111
1348,excitatory,5,2.6666667,1.3333334,1.6666666
1349,inhibitory,5,0.0,0.0,0.0
1350,excitatory,5,23.555555,22.333334,38.333332
1351,inhibitory,5,0.0,0.0,0.0
1352,excitatory,5,0.0,0.0,0.0
1353,excitatory,5,0.0,0.0,0.0
1354,excitatory,5,0.0,0.33333334,0.0
1355,inhibitory,5,23.777779,33.77778,62.444443
1356,excitatory,5,0.0,0.11111111,0.44444445
1357,excitatory,5,0.6666667,0.33333334,0.33333334
1358,inhibitory,5,0.22222222,0.22222222,0.0
1359,excitatory,5,0.11111111,0.0,0.0
1360,excitatory,5,0.0,0.0,0.0
1361,excitatory,5,0.11111111,1.0,0.0
1362,inhibitory,5,2.1111112,2.6666667,8.111111
1363,inhibitory,5,10.555555,7.4444447,10.0
1364,excitatory,5,0.11111111,0.11111111,1.4444444
1365,inhibitory,5,0.22222222,0.5555556,0.7777778
1366,excitatory,5,1.1111112,0.33333334,0.7777778
1367,excitatory,5,0.0,0.0,0.0
1368,excitatory,5,9.777778,8.444445,8.222222
1369,excitatory,5,0.0,0.0,0.0
1370,excitatory,5,0.0,0.0,0.0
1371,excitatory,5,0.0,0.11111111,0.33333334
1372,excitatory,5,8.222222,9.666667,22.777779
1373,excitatory,5,0.0,0.0,0.0
1374,excitatory,5,0.0,0.0,0.0
1375,inhibitory,5,17.444445,23.666666,21.88889
1376,excitatory,5,0.0,0.0,0.0
1377,excitatory,5,0.0,0.0,0.0
1378,excitatory,5,1.8888888,2.8888888,2.5555556
1379,excitatory,5,1.0,0.33333334,0.6666667
1380,excitatory,5,2.5555556,0.22222222,3.4444444
1381,excitatory,5,0.0,0.0,0.0
1382,excitatory,5,0.0,0.0,0.11111111
1383,excitatory,5,24.222221,21.555555,25.11111
1384,excitatory,5,0.22222222,0.33333334,1.7777778
1385,excitatory,5,0.0,0.0,0.22222222
1386,excitatory,5,0.0,0.22222222,0.0
1387,excitatory,5,0.0,0.0,0.0
1388,excitatory,5,0.0,0.0,0.0
1389,excitatory,5,26.222221,39.0,8.333333
1390,excitatory,5,3.4444444,1.7777778,1.2222222
1391,excitatory,5,0.11111111,0.0,0.22222222
1392,excitatory,5,1.0,1.3333334,0.11111111
1393,inhibitory,5,24.555555,18.444445,5.4444447
1394,excitatory,5,0.0,0.0,0.0
1395,excitatory,5,5.7777777,4.7777777,9.444445
1396,excitatory,5,0.8888889,0.7777778,0.0
1397,excitatory,5,0.44444445,0.22222222,0.5555556
1398,excitatory,5,0.0,0.0,0.0
1399,inhibitory,5,52.666668,76.77778,97.888885
1400,excitatory,5,0.33333334,0.8888889,0.22222222
1401,inhibitory,5,0.0,0.0,0.0
1402,excitatory,5,0.0,0.11111111,0.22222222
1403,inhibitory,5,1.6666666,2.7777777,0.7777778
1404,excitatory,5,0.0,0.0,0.0
1405,excitatory,5,14.777778,10.333333,17.333334
1406,inhibitory,5,2.3333333,3.8888888,1.0
1407,inhibitory,5,6.5555553,10.0,11.222222
1408,excitatory,5,0.0,0.0,0.0
1409,excitatory,5,0.22222222,1.6666666,0.0
1410,excitatory,5,4.7777777,16.0,13.444445
1411,excitatory,5,25.555555,26.333334,18.444445
1412,excitatory,5,2.3333333,2.2222223,0.0
1413,excitatory,5,0.11111111,0.22222222,0.0
1414,excitatory,5,0.33333334,0.7777778,1.2222222
1415,excitatory,5,1.4444444,0.7777778,2.3333333
1416,excitatory,5,55.333332,60.88889,51.22222
1417,excitatory,5,0.11111111,0.0,0.11111111
1418,excitatory,5,3.2222223,4.888889,1.2222222
1419,excitatory,5,0.0,0.22222222,0.0
1420,excitatory,5,0.0,0.0,0.0
1421,inhibitory,5,2.3333333,0.7777778,3.2222223
1422,excitatory,5,0.33333334,0.33333334,0.11111111
1423,excitatory,5,0.6666667,1.0,2.6666667
1424,inhibitory,5,0.11111111,0.0,0.11111111
1425,excitatory,5,0.0,0.0,0.0
1426,excitatory,5,0.0,0.0,0.0
1427,excitatory,5,1.6666666,1.3333334,1.3333334
1428,excitatory,5,3.1111112,3.2222223,3.4444444
1429,excitatory,5,0.5555556,1.4444444,0.22222222
1430,excitatory,5,1.2222222,0.11111111,0.11111111
1431,excitatory,5,0.0,0.0,0.0
1432,excitatory,5,0.0,0.0,0.0
1433,excitatory,5,0.0,0.7777778,0.5555556
1434,excitatory,5,7.3333335,3.2222223,5.5555553
1435,excitatory,5,0.0,0.0,0.0
1436,excitatory,5,48.77778,39.444443,18.333334
1437,excitatory,5,0.0,0.0,0.0
1438,inhibitory,5,10.0,6.0,13.333333
1439,excitatory,5,0.8888889,1.1111112,0.11111111
1440,excitatory,5,0.11111111,0.11111111,0.0
1441,excitatory,5,1.6666666,7.111111,5.6666665
1442,inhibitory,5,0.0,0.5555556,0.44444445
1443,inhibitory,5,4.0,17.11111,16.88889
1444,excitatory,5,0.11111111,0.7777778,0.22222222
1445,inhibitory,5,20.11111,12.555555,24.333334
1446,inhibitory,5,4.6666665,7.4444447,1.4444444
1447,excitatory,5,5.111111,5.5555553,3.8888888
1448,excitatory,5,0.0,0.0,0.5555556
1449,excitatory,5,0.0,0.6666667,0.0
1450,excitatory,5,0.11111111,0.0,0.0
1451,excitatory,5,0.11111111,2.3333333,0.0
1452,excitatory,5,0.44444445,0.5555556,0.0
1453,inhibitory,5,6.5555553,9.666667,2.1111112
1454,excitatory,5,0.33333334,0.0,0.0
1455,excitatory,5,1.5555556,3.0,2.8888888
1456,excitatory,5,0.0,0.0,0.0
1457,excitatory,5,0.0,0.11111111,2.0
1458,excitatory,5,0.7777778,1.4444444,2.2222223
1459,excitatory,5,0.0,0.11111111,0.0
1460,excitatory,5,0.0,0.0,0.0
1461,excitatory,5,16.666666,9.888889,4.5555553
1462,excitatory,5,0.0,0.0,0.0
1463,excitatory,5,0.0,0.0,0.0
1464,excitatory,5,0.0,0.11111111,0.0
1465,excitatory,5,0.0,0.22222222,0.0
1466,inhibitory,5,19.444445,26.444445,20.333334
1467,inhibitory,5,25.666666,17.666666,24.555555
1468,excitatory,5,0.0,0.0,0.0
1469,inhibitory,5,7.888889,6.0,5.111111
1470,excitatory,5,0.22222222,0.0,0.8888889
1471,excitatory,5,0.5555556,1.0,0.44444445
1472,excitatory,5,0.0,0.0,0.0
1473,excitatory,5,0.0,0.0,0.0
1474,excitatory,5,0.0,0.0,0.0
1475,excitatory,5,0.11111111,0.5555556,0.0
1476,inhibitory,5,44.555557,48.77778,19.444445
1477,excitatory,5,0.0,0.0,0.0
1478,excitatory,5,0.0,0.0,0.0
1479,excitatory,5,24.222221,54.77778,31.555555
1480,excitatory,5,0.7777778,0.44444445,0.0
1481,excitatory,5,6.7777777,4.4444447,12.111111
1482,excitatory,5,1.2222222,0.7777778,11.111111
1483,excitatory,5,0.22222222,0.44444445,0.0
1484,excitatory,5,0.0,0.0,0.0
1485,inhibitory,5,1.5555556,1.0,2.2222223
1486,inhibitory,5,28.0,26.0,31.666666
1487,excitatory,5,0.0,0.0,0.0
1488,excitatory,5,15.666667,21.222221,16.666666
1489,excitatory,5,41.555557,44.77778,79.77778
1490,excitatory,5,0.22222222,0.7777778,0.7777778
1491,excitatory,5,0.0,0.0,0.0
1492,excitatory,5,0.0,0.0,0.0
1493,excitatory,5,1.4444444,1.1111112,0.5555556
1494,excitatory,5,8.0,12.666667,23.666666
1495,excitatory,5,0.0,0.0,0.0
1496,excitatory,5,6.111111,2.3333333,6.111111
1497,inhibitory,5,9.777778,7.5555553,15.555555
1498,excitatory,5,0.0,0.0,0.0
1499,excitatory,5,2.2222223,9.0,7.2222223
1500,inhibitory,6,0.0,0.0,1.0
1501,inhibitory,6,6.3333335,10.333333,10.666667
1502,excitatory,6,4.7777777,5.4444447,6.7777777
1503,excitatory,6,0.11111111,0.44444445,0.44444445
1504,excitatory,6,14.666667,14.666667,3.6666667
1505,excitatory,6,3.1111112,7.0,0.22222222
1506,excitatory,6,0.33333334,2.0,2.1111112
1507,inhibitory,6,0.11111111,1.1111112,0.6666667
1508,excitatory,6,3.5555556,4.4444447,6.888889
1509,excitatory,6,0.22222222,0.6666667,0.6666667
1510,excitatory,6,10.444445,8.333333,12.777778
1511,excitatory,6,0.0,0.0,0.0
1512,excitatory,6,18.666666,15.777778,17.666666
1513,excitatory,6,0.0,0.0,0.0
1514,excitatory,6,0.0,0.0,0.0
1515,inhibitory,6,0.7777778,4.3333335,7.4444447
1516,excitatory,6,96.888885,108.333336,46.0
1517,excitatory,6,0.0,0.33333334,0.0
1518,excitatory,6,0.11111111,0.0,0.33333334
1519,excitatory,6,0.0,0.0,0.0
1520,excitatory,6,0.22222222,0.33333334,0.0
1521,excitatory,6,0.5555556,1.3333334,0.8888889
1522,excitatory,6,0.0,0.0,0.0
1523,excitatory,6,0.11111111,0.0,2.3333333
1524,inhibitory,6,21.666666,8.555555,28.11111
1525,excitatory,6,0.0,0.0,0.0
1526,excitatory,6,0.6666667,0.0,0.22222222
1527,excitatory,6,1.4444444,0.22222222,2.7777777
1528,excitatory,6,0.33333334,0.6666667,0.7777778
1529,excitatory,6,0.11111111,0.0,0.44444445
1530,excitatory,6,0.0,0.0,0.0
1531,excitatory,6,0.0,0.6666667,0.0
1532,inhibitory,6,77.77778,70.111115,33.77778
1533,excitatory,6,0.0,0.0,0.0
1534,excitatory,6,11.777778,7.888889,5.0
1535,excitatory,6,0.0,0.0,0.0
1536,excitatory,6,4.4444447,6.4444447,3.0
1537,excitatory,6,1.3333334,0.7777778,1.4444444
1538,excitatory,6,0.0,0.0,0.0
1539,excitatory,6,0.6666667,0.11111111,1.2222222
1540,excitatory,6,0.0,0.11111111,0.11111111
1541,inhibitory,6,26.333334,20.88889,10.444445
1542,excitatory,6,0.0,0.0,0.0
1543,excitatory,6,1.7777778,2.0,1.0
1544,excitatory,6,0.0,0.0,0.0
1545,inhibitory,6,48.88889,36.22222,35.666668
1546,excitatory,6,0.22222222,0.33333334,1.0
1547,excitatory,6,7.7777777,7.6666665,10.222222
1548,excitatory,6,0.0,0.0,0.0
1549,excitatory,6,0.0,0.0,0.0
1550,excitatory,6,16.333334,14.0,8.888889
1551,excitatory,6,10.444445,4.0,9.555555
1552,inhibitory,6,13.111111,18.11111,5.2222223
1553,excitatory,6,0.11111111,0.33333334,0.5555556
1554,excitatory,6,0.22222222,0.0,4.111111
1555,excitatory,6,0.0,0.0,0.0
1556,excitatory,6,0.0,0.0,0.0
1557,inhibitory,6,40.11111,33.555557,33.666668
1558,excitatory,6,1.8888888,1.6666666,0.0
1559,excitatory,6,13.777778,9.444445,12.555555
1560,excitatory,6,0.0,0.0,0.0
1561,excitatory,6,0.0,0.0,0.0
1562,excitatory,6,0.0,0.0,0.0
1563,excitatory,6,2.4444444,1.1111112,1.8888888
1564,excitatory,6,1.4444444,0.8888889,3.2222223
1565,excitatory,6,0.33333334,0.22222222,0.0
1566,excitatory,6,13.222222,12.333333,16.88889
1567,excitatory,6,0.0,0.0,0.0
1568,inhibitory,6,10.333333,8.777778,19.11111
1569,excitatory,6,0.11111111,0.0,0.11111111
1570,excitatory,6,1.3333334,1.3333334,2.5555556
1571,excitatory,6,7.888889,3.5555556,9.777778
1572,excitatory,6,0.0,0.0,0.0
1573,excitatory,6,15.444445,8.222222,14.222222
1574,inhibitory,6,6.5555553,9.333333,14.666667
1575,inhibitory,6,5.6666665,3.3333333,11.0
1576,inhibitory,6,37.444443,34.0,17.333334
1577,excitatory,6,0.11111111,0.11111111,0.0
1578,excitatory,6,0.0,0.0,0.0
1579,excitatory,6,1.7777778,3.3333333,4.111111
1580,excitatory,6,0.0,0.0,0.0
1581,inhibitory,6,40.555557,49.88889,76.333336
1582,excitatory,6,0.0,0.0,0.0
1583,excitatory,6,0.5555556,0.22222222,0.11111111
1584,excitatory,6,0.0,0.0,0.0
1585,excitatory,6,0.8888889,1.8888888,2.8888888
1586,inhibitory,6,0.0,0.11111111,0.0
1587,excitatory,6,0.11111111,0.44444445,3.5555556
1588,inhibitory,6,2.7777777,2.4444444,1.5555556
1589,excitatory,6,48.22222,57.0,54.77778
1590,inhibitory,6,3.1111112,1.1111112,0.44444445
1591,excitatory,6,4.2222223,5.111111,2.0
1592,excitatory,6,6.888889,6.5555553,7.111111
1593,excitatory,6,0.22222222,0.0,0.0
1594,inhibitory,6,20.88889,29.11111,13.333333
1595,excitatory,6,0.22222222,1.0,0.0
1596,excitatory,6,0.5555556,0.0,0.7777778
1597,excitatory,6,8.0,11.444445,4.888889
1598,excitatory,6,0.0,0.0,0.0
1599,excitatory,6,0.0,0.0,0.0
1600,excitatory,6,20.444445,26.666666,7.888889
1601,inhibitory,6,0.8888889,0.8888889,3.1111112
1602,excitatory,6,0.33333334,0.44444445,0.0
1603,excitatory,6,0.33333334,0.33333334,0.22222222
1604,excitatory,6,0.0,0.0,0.0
1605,excitatory,6,15.777778,15.222222,17.222221
1606,excitatory,6,1.2222222,0.7777778,2.8888888
1607,excitatory,6,0.0,0.11111111,0.6666667
1608,excitatory,6,0.33333334,1.0,1.3333334
1609,excitatory,6,0.0,0.0,0.0
1610,inhibitory,6,0.8888889,2.2222223,1.3333334
1611,excitatory,6,0.0,0.0,0.0
1612,excitatory,6,2.8888888,1.0,2.6666667
1613,excitatory,6,5.6666665,3.4444444,5.888889
1614,excitatory,6,0.0,0.0,0.0
1615,excitatory,6,18.666666,22.333334,24.0
1616,excitatory,6,0.0,0.11111111,0.11111111
1617,inhibitory,6,25.0,20.444445,5.7777777
1618,inhibitory,6,29.555555,18.555555,17.444445
1619,inhibitory,6,42.0,44.555557,63.88889
1620,excitatory,6,10.222222,14.111111,12.777778
1621,excitatory,6,0.0,0.11111111,0.0
1622,excitatory,6,1.2222222,0.7777778,0.7777778
1623,inhibitory,6,1.4444444,1.0,3.7777777
1624,excitatory,6,0.0,0.0,0.0
1625,excitatory,6,0.0,0.0,0.0
1626,excitatory,6,0.11111111,0.0,0.22222222
1627,excitatory,6,0.8888889,1.6666666,1.3333334
1628,excitatory,6,1.7777778,1.3333334,1.7777778
1629,excitatory,6,0.0,0.0,0.0
1630,excitatory,6,0.0,0.0,0.0
1631,excitatory,6,0.0,0.11111111,0.11111111
1632,excitatory,6,0.0,0.0,0.0
1633,excitatory,6,0.0,0.0,0.0
1634,inhibitory,6,5.7777777,0.5555556,1.3333334
1635,excitatory,6,0.0,0.0,0.0
1636,excitatory,6,0.0,0.0,0.0
1637,excitatory,6,0.22222222,0.5555556,1.8888888
1638,excitatory,6,0.0,0.0,0.0
1639,inhibitory,6,2.7777777,7.2222223,5.6666665
1640,inhibitory,6,13.0,15.666667,30.666666
1641,inhibitory,6,19.555555,20.11111,6.0
1642,excitatory,6,8.777778,10.0,12.888889
1643,inhibitory,6,32.666668,12.888889,12.222222
1644,inhibitory,6,19.88889,1.6666666,11.0
1645,excitatory,6,0.0,0.0,0.0
1646,inhibitory,6,24.11111,31.88889,30.88889
1647,excitatory,6,0.0,0.0,0.0
1648,excitatory,6,0.0,0.0,0.0
1649,excitatory,6,12.333333,8.111111,4.5555553
1650,excitatory,6,0.0,0.22222222,0.44444445
1651,excitatory,6,0.0,0.0,0.0
1652,excitatory,6,17.0,24.444445,30.222221
1653,inhibitory,6,1.3333334,0.7777778,14.777778
1654,inhibitory,6,31.0,39.77778,34.22222
1655,inhibitory,6,14.0,25.88889,33.555557
1656,excitatory,6,0.11111111,0.11111111,1.3333334
1657,inhibitory,6,1.7777778,0.44444445,2.3333333
1658,excitatory,6,0.0,0.11111111,0.0
1659,excitatory,6,0.11111111,0.33333334,5.5555553
1660,excitatory,6,0.0,0.0,0.0
1661,inhibitory,6,0.33333334,0.22222222,0.44444445
1662,excitatory,6,1.1111112,2.0,0.0
1663,excitatory,6,0.0,0.0,0.0
1664,excitatory,6,3.0,3.5555556,3.5555556
1665,excitatory,6,1.4444444,1.4444444,0.7777778
1666,inhibitory,6,0.0,0.11111111,0.33333334
1667,excitatory,6,0.0,0.0,0.0
1668,excitatory,6,0.6666667,1.0,0.33333334
1669,excitatory,6,1.4444444,0.8888889,1.0
1670,inhibitory,6,33.666668,22.222221,35.11111
1671,excitatory,6,0.22222222,0.0,1.1111112
1672,excitatory,6,5.2222223,9.0,7.2222223
1673,excitatory,6,0.11111111,0.11111111,0.0
1674,excitatory,6,0.0,0.0,0.0
1675,excitatory,6,1.1111112,3.2222223,4.111111
1676,excitatory,6,0.0,0.11111111,0.0
1677,excitatory,6,0.0,0.0,0.22222222
1678,excitatory,6,8.555555,6.6666665,5.0
1679,excitatory,6,0.0,0.0,0.0
1680,inhibitory,6,2.6666667,7.0,2.5555556
1681,excitatory,6,0.0,0.0,0.0
1682,inhibitory,6,67.333336,70.888885,74.666664
1683,excitatory,6,0.0,0.0,0.0
1684,inhibitory,6,15.444445,13.0,25.88889
1685,excitatory,6,0.11111111,1.6666666,2.7777777
1686,excitatory,6,0.0,0.0,0.0
1687,inhibitory,6,16.444445,24.333334,46.444443
1688,excitatory,6,0.0,0.0,0.0
1689,excitatory,6,0.44444445,0.22222222,0.0
1690,excitatory,6,0.0,0.11111111,0.0
1691,excitatory,6,0.22222222,0.7777778,0.0
1692,excitatory,6,4.111111,7.888889,8.888889
1693,inhibitory,6,1.1111112,1.5555556,0.33333334
1694,inhibitory,6,35.0,27.222221,36.0
1695,inhibitory,6,8.444445,5.111111,2.7777777
1696,excitatory,6,0.33333334,0.6666667,0.22222222
1697,excitatory,6,2.1111112,0.7777778,5.0
1698,excitatory,6,0.11111111,0.0,0.11111111
1699,excitatory,6,0.0,0.0,0.7777778
1700,excitatory,6,0.0,0.0,0.0
1701,excitatory,6,0.0,0.0,0.0
1702,excitatory,6,38.444443,35.666668,51.555557
1703,excitatory,6,0.11111111,0.11111111,0.0
1704,excitatory,6,0.33333334,1.2222222,2.2222223
1705,excitatory,6,10.888889,7.4444447,2.7777777
1706,excitatory,6,10.777778,9.888889,5.6666665
1707,excitatory,6,13.222222,12.222222,9.555555
1708,excitatory,6,0.0,0.0,0.0
1709,excitatory,6,0.0,0.0,0.0
1710,excitatory,6,0.7777778,1.4444444,7.888889
1711,excitatory,6,2.1111112,3.6666667,4.7777777
1712,excitatory,6,0.33333334,0.44444445,3.8888888
1713,excitatory,6,9.777778,15.444445,23.777779
1714,excitatory,6,1.1111112,0.0,3.3333333
1715,excitatory,6,6.2222223,9.888889,3.2222223
1716,inhibitory,6,2.2222223,2.6666667,3.8888888
1717,excitatory,6,0.22222222,0.22222222,1.1111112
1718,inhibitory,6,1.5555556,1.2222222,1.4444444
1719,excitatory,6,0.0,0.0,0.0
1720,inhibitory,6,0.8888889,0.0,0.0
1721,excitatory,6,0.0,0.0,0.0
1722,excitatory,6,0.0,0.8888889,1.7777778
1723,excitatory,6,0.0,0.11111111,0.0
1724,excitatory,6,0.0,0.0,0.0
1725,excitatory,6,0.0,0.0,0.22222222
1726,inhibitory,6,2.6666667,1.2222222,0.8888889
1727,excitatory,6,0.0,0.11111111,0.0
1728,excitatory,6,0.8888889,2.2222223,0.5555556
1729,excitatory,6,41.444443,37.333332,28.444445
1730,excitatory,6,0.0,0.33333334,0.0
1731,excitatory,6,0.0,0.11111111,0.0
1732,inhibitory,6,103.111115,142.22223,20.666666
1733,excitatory,6,0.0,0.0,0.0
1734,excitatory,6,0.5555556,0.0,0.0
1735,excitatory,6,0.0,0.0,0.0
1736,excitatory,6,0.0,0.0,0.22222222
1737,excitatory,6,0.0,0.0,1.2222222
1738,inhibitory,6,0.44444445,1.1111112,2.2222223
1739,excitatory,6,0.0,0.0,0.0
1740,excitatory,6,0.0,0.0,0.0
1741,excitatory,6,8.0,5.3333335,9.333333
1742,inhibitory,6,0.6666667,0.33333334,0.11111111
1743,excitatory,6,0.0,0.11111111,0.22222222
1744,excitatory,6,0.11111111,0.0,0.0
1745,inhibitory,6,66.888885,83.333336,74.111115
1746,excitatory,6,0.0,0.22222222,0.11111111
1747,excitatory,6,21.333334,26.0,35.666668
1748,excitatory,6,0.0,0.0,0.0
1749,excitatory,6,0.0,0.0,0.0
1750,inhibitory,7,49.0,58.11111,51.444443
1751,inhibitory,7,5.4444447,10.222222,5.111111
1752,excitatory,7,0.0,0.0,0.0
1753,excitatory,7,0.22222222,0.11111111,0.22222222
1754,excitatory,7,0.8888889,2.2222223,6.0
1755,excitatory,7,0.0,0.0,0.0
1756,inhibitory,7,11.555555,10.555555,27.666666
1757,excitatory,7,0.5555556,0.22222222,0.44444445
1758,excitatory,7,0.22222222,0.0,0.5555556
1759,excitatory,7,0.33333334,0.11111111,0.0
1760,excitatory,7,7.4444447,10.0,10.666667
1761,excitatory,7,0.0,0.0,0.44444445
1762,excitatory,7,0.0,0.0,0.0
1763,excitatory,7,0.6666667,1.8888888,6.3333335
1764,excitatory,7,0.0,0.0,0.11111111
1765,excitatory,7,0.0,0.0,0.0
1766,excitatory,7,2.7777777,2.1111112,3.8888888
1767,inhibitory,7,0.44444445,1.0,0.11111111
1768,excitatory,7,0.33333334,0.33333334,0.0
1769,excitatory,7,2.4444444,1.3333334,1.2222222
1770,inhibitory,7,12.777778,22.777779,11.111111
1771,excitatory,7,0.33333334,0.0,0.0
1772,inhibitory,7,23.666666,34.77778,11.555555
1773,excitatory,7,18.777779,23.444445,33.666668
1774,inhibitory,7,15.666667,18.777779,8.333333
1775,excitatory,7,0.11111111,0.0,0.44444445
1776,excitatory,7,0.33333334,0.11111111,0.33333334
1777,excitatory,7,0.0,0.11111111,0.0
1778,excitatory,7,5.3333335,3.0,3.3333333
1779,excitatory,7,0.22222222,0.0,0.0
1780,excitatory,7,0.0,0.0,0.0
1781,excitatory,7,8.888889,9.666667,10.444445
1782,excitatory,7,0.22222222,0.0,2.5555556
1783,excitatory,7,0.44444445,0.33333334,0.11111111
1784,excitatory,7,0.0,0.0,0.0
1785,excitatory,7,56.333332,64.333336,48.88889
1786,excitatory,7,2.5555556,2.2222223,2.6666667
1787,inhibitory,7,10.888889,15.666667,10.888889
1788,excitatory,7,6.888889,5.5555553,1.4444444
1789,excitatory,7,1.2222222,1.4444444,0.22222222
1790,excitatory,7,26.11111,13.555555,30.88889
1791,excitatory,7,0.0,0.0,0.0
1792,excitatory,7,0.0,0.0,0.0
1793,excitatory,7,0.0,0.0,0.0
1794,excitatory,7,0.11111111,0.6666667,0.0
1795,inhibitory,7,1.2222222,1.2222222,2.8888888
1796,excitatory,7,0.0,0.0,0.0
1797,excitatory,7,2.0,4.7777777,9.444445
1798,excitatory,7,10.888889,13.555555,12.444445
1799,excitatory,7,11.333333,10.666667,8.888889
1800,excitatory,7,6.6666665,9.888889,1.0
1801,inhibitory,7,52.77778,63.0,40.0
1802,excitatory,7,20.555555,18.0,17.555555
1803,excitatory,7,0.0,0.33333334,0.11111111
1804,excitatory,7,0.11111111,2.7777777,0.0
1805,inhibitory,7,14.444445,15.444445,10.111111
1806,excitatory,7,5.6666665,4.888889,6.5555553
1807,excitatory,7,0.0,0.0,2.5555556
1808,excitatory,7,23.777779,21.88889,37.77778
1809,excitatory,7,1.5555556,1.7777778,4.5555553
1810,excitatory,7,0.11111111,1.8888888,0.0
1811,excitatory,7,0.0,0.0,0.0
1812,excitatory,7,4.0,3.1111112,11.111111
1813,inhibitory,7,18.666666,42.22222,11.444445
1814,excitatory,7,0.11111111,0.0,0.0
1815,excitatory,7,0.6666667,0.33333334,5.5555553
1816,excitatory,7,3.1111112,1.4444444,4.7777777
1817,excitatory,7,0.33333334,0.11111111,0.7777778
1818,excitatory,7,0.11111111,0.11111111,0.33333334
1819,excitatory,7,16.0,17.11111,19.0
1820,excitatory,7,1.0,1.3333334,1.4444444
1821,inhibitory,7,2.1111112,2.2222223,0.22222222
1822,inhibitory,7,0.6666667,1.4444444,4.0
1823,inhibitory,7,6.3333335,4.2222223,2.8888888
1824,inhibitory,7,14.444445,19.777779,16.333334
1825,excitatory,7,0.0,0.0,0.22222222
1826,excitatory,7,0.6666667,0.22222222,0.0
1827,excitatory,7,7.6666665,5.888889,0.44444445
1828,excitatory,7,6.5555553,13.555555,6.4444447
1829,excitatory,7,0.8888889,0.5555556,4.4444447
1830,excitatory,7,1.2222222,1.3333334,0.22222222
1831,excitatory,7,0.0,0.0,0.0
1832,inhibitory,7,23.444445,19.222221,21.444445
1833,excitatory,7,0.0,0.11111111,0.11111111
1834,excitatory,7,0.22222222,0.0,0.0
1835,excitatory,7,1.0,0.44444445,3.3333333
1836,inhibitory,7,33.77778,43.444443,2.4444444
1837,excitatory,7,14.888889,17.222221,5.4444447
1838,excitatory,7,5.111111,5.0,2.2222223
1839,excitatory,7,0.33333334,0.0,0.22222222
1840,excitatory,7,0.0,0.0,0.0
1841,excitatory,7,7.111111,10.222222,7.111111
1842,excitatory,7,1.2222222,1.1111112,1.0
1843,excitatory,7,12.777778,8.333333,10.333333
1844,inhibitory,7,0.0,0.0,0.0
1845,excitatory,7,0.33333334,0.44444445,0.0
1846,excitatory,7,5.6666665,3.1111112,6.7777777
1847,inhibitory,7,7.0,5.2222223,11.666667
1848,excitatory,7,1.1111112,1.6666666,0.11111111
1849,excitatory,7,0.0,0.0,0.0
1850,excitatory,7,0.0,0.0,0.0
1851,excitatory,7,0.0,0.0,0.0
1852,excitatory,7,3.8888888,2.6666667,6.7777777
1853,excitatory,7,0.0,0.0,0.0
1854,excitatory,7,0.33333334,1.5555556,0.22222222
1855,excitatory,7,0.0,0.11111111,1.0
1856,excitatory,7,0.22222222,1.2222222,1.2222222
1857,excitatory,7,0.44444445,1.0,0.0
1858,excitatory,7,2.4444444,2.4444444,0.0
1859,inhibitory,7,8.333333,8.888889,8.444445
1860,inhibitory,7,0.0,0.0,0.11111111
1861,excitatory,7,0.8888889,1.0,0.22222222
1862,excitatory,7,1.5555556,3.6666667,0.0
1863,excitatory,7,0.0,0.0,0.0
1864,excitatory,7,7.7777777,6.7777777,9.111111
1865,inhibitory,7,9.111111,7.5555553,8.888889
1866,excitatory,7,0.7777778,1.8888888,0.8888889
1867,excitatory,7,0.11111111,0.6666667,0.11111111
1868,excitatory,7,0.22222222,0.0,0.0
1869,excitatory,7,0.44444445,0.33333334,0.11111111
1870,inhibitory,7,37.444443,46.444443,30.0
1871,excitatory,7,5.0,4.6666665,2.5555556
1872,inhibitory,7,9.222222,12.666667,25.666666
1873,excitatory,7,0.8888889,0.5555556,1.4444444
1874,excitatory,7,17.11111,15.111111,18.333334
1875,excitatory,7,0.0,0.0,0.0
1876,excitatory,7,0.33333334,0.22222222,1.0
1877,excitatory,7,0.0,0.0,0.11111111
1878,excitatory,7,0.33333334,0.11111111,0.11111111
1879,excitatory,7,0.0,0.0,0.0
1880,inhibitory,7,3.8888888,2.2222223,0.7777778
1881,excitatory,7,55.0,56.666668,66.77778
1882,excitatory,7,0.6666667,0.8888889,11.333333
1883,excitatory,7,0.0,0.0,0.0
1884,inhibitory,7,13.111111,12.555555,6.2222223
1885,excitatory,7,18.0,11.0,10.888889
1886,excitatory,7,0.11111111,0.22222222,0.33333334
1887,excitatory,7,0.11111111,0.0,0.0
1888,excitatory,7,0.0,0.0,0.0
1889,excitatory,7,5.111111,10.0,7.7777777
1890,excitatory,7,0.0,0.0,0.0
1891,excitatory,7,20.0,18.222221,13.666667
1892,excitatory,7,3.2222223,6.0,16.88889
1893,excitatory,7,7.6666665,9.333333,6.0
1894,excitatory,7,0.0,0.11111111,0.11111111
1895,excitatory,7,0.11111111,0.11111111,0.0
1896,excitatory,7,4.7777777,3.3333333,6.111111
1897,excitatory,7,0.0,0.0,0.8888889
1898,excitatory,7,5.7777777,5.2222223,6.4444447
1899,excitatory,7,7.4444447,7.6666665,1.2222222
1900,excitatory,7,0.0,0.0,0.0
1901,excitatory,7,0.22222222,0.22222222,0.6666667
1902,excitatory,7,0.0,0.0,0.0
1903,excitatory,7,0.0,0.11111111,0.0
1904,excitatory,7,27.88889,15.777778,24.0
1905,excitatory,7,0.0,0.0,0.0
1906,excitatory,7,0.8888889,0.5555556,2.6666667
1907,excitatory,7,0.0,0.0,0.11111111
1908,excitatory,7,0.11111111,0.11111111,0.0
1909,excitatory,7,0.0,0.44444445,3.3333333
1910,excitatory,7,0.44444445,0.5555556,0.44444445
1911,inhibitory,7,2.4444444,0.5555556,3.4444444
1912,excitatory,7,3.2222223,2.5555556,3.2222223
1913,excitatory,7,0.11111111,0.11111111,0.11111111
1914,excitatory,7,0.0,0.0,0.0
1915,excitatory,7,0.11111111,1.6666666,0.22222222
1916,excitatory,7,0.0,0.0,0.0
1917,excitatory,7,0.22222222,0.33333334,0.0
1918,excitatory,7,2.4444444,2.8888888,1.2222222
1919,excitatory,7,0.0,0.0,0.0
1920,excitatory,7,0.7777778,0.6666667,3.8888888
1921,excitatory,7,22.88889,22.11111,30.444445
1922,excitatory,7,0.0,0.0,0.0
1923,excitatory,7,0.0,0.0,0.33333334
1924,excitatory,7,0.0,0.11111111,0.33333334
1925,excitatory,7,0.0,0.0,0.11111111
1926,excitatory,7,0.8888889,1.3333334,1.0
1927,excitatory,7,9.0,9.0,7.2222223
1928,excitatory,7,31.444445,31.0,54.666668
1929,excitatory,7,0.8888889,0.7777778,1.6666666
1930,excitatory,7,2.1111112,2.6666667,1.8888888
1931,excitatory,7,0.22222222,0.0,0.0
1932,excitatory,7,0.33333334,0.33333334,0.22222222
1933,excitatory,7,0.0,0.0,0.0
1934,excitatory,7,0.0,0.0,0.11111111
1935,excitatory,7,4.6666665,4.2222223,3.7777777
1936,inhibitory,7,0.6666667,1.0,8.222222
1937,excitatory,7,8.0,7.3333335,2.0
1938,inhibitory,7,10.222222,11.888889,9.0
1939,inhibitory,7,0.11111111,0.11111111,0.33333334
1940,excitatory,7,4.7777777,2.8888888,11.222222
1941,excitatory,7,0.8888889,0.44444445,0.6666667
1942,excitatory,7,0.0,0.0,0.0
1943,excitatory,7,4.5555553,5.2222223,3.3333333
1944,inhibitory,7,3.3333333,8.0,13.666667
1945,excitatory,7,14.777778,15.222222,9.666667
1946,inhibitory,7,0.11111111,0.5555556,0.6666667
1947,inhibitory,7,6.2222223,3.6666667,4.111111
1948,inhibitory,7,7.4444447,11.888889,15.0
1949,excitatory,7,0.0,0.0,0.0
1950,excitatory,7,1.1111112,0.0,0.11111111
1951,excitatory,7,0.0,0.0,0.0
1952,excitatory,7,21.222221,28.333334,39.444443
1953,excitatory,7,0.7777778,1.6666666,1.2222222
1954,excitatory,7,3.5555556,1.5555556,0.11111111
1955,inhibitory,7,2.2222223,5.111111,3.2222223
1956,inhibitory,7,14.111111,15.333333,24.444445
1957,excitatory,7,0.0,0.0,0.0
1958,excitatory,7,26.777779,43.77778,43.88889
1959,excitatory,7,4.0,8.555555,21.88889
1960,inhibitory,7,10.333333,2.1111112,38.666668
1961,excitatory,7,0.0,0.0,0.0
1962,excitatory,7,2.3333333,0.44444445,7.6666665
1963,excitatory,7,5.2222223,6.3333335,0.8888889
1964,excitatory,7,0.33333334,3.2222223,0.33333334
1965,excitatory,7,0.22222222,0.22222222,0.44444445
1966,inhibitory,7,29.333334,23.555555,45.11111
1967,excitatory,7,0.0,0.11111111,0.0
1968,inhibitory,7,3.1111112,4.3333335,0.7777778
1969,excitatory,7,1.5555556,1.4444444,0.5555556
1970,inhibitory,7,0.8888889,0.6666667,11.111111
1971,excitatory,7,11.111111,8.111111,4.7777777
1972,excitatory,7,0.33333334,0.0,0.8888889
1973,excitatory,7,0.11111111,0.11111111,0.0
1974,excitatory,7,2.3333333,3.7777777,1.0
1975,excitatory,7,0.0,0.11111111,0.11111111
1976,inhibitory,7,0.0,0.0,0.44444445
1977,inhibitory,7,22.222221,16.11111,5.888889
1978,excitatory,7,5.6666665,6.3333335,11.0
1979,excitatory,7,0.11111111,0.11111111,0.11111111
1980,excitatory,7,0.0,0.5555556,0.0
1981,excitatory,7,0.0,0.0,0.11111111
1982,inhibitory,7,27.666666,26.555555,11.888889
1983,excitatory,7,0.0,0.11111111,0.0
1984,excitatory,7,1.3333334,1.3333334,0.22222222
1985,inhibitory,7,1.0,1.2222222,0.22222222
1986,inhibitory,7,5.111111,3.6666667,4.111111
1987,inhibitory,7,4.2222223,7.6666665,25.555555
1988,excitatory,7,0.0,0.0,0.0
1989,inhibitory,7,1.2222222,4.5555553,1.6666666
1990,excitatory,7,0.0,0.0,0.0
1991,excitatory,7,2.1111112,1.7777778,1.8888888
1992,excitatory,7,0.44444445,0.22222222,0.6666667
1993,excitatory,7,0.0,0.11111111,0.11111111
1994,excitatory,7,3.3333333,6.111111,21.88889
1995,excitatory,7,2.5555556,4.111111,1.6666666
1996,excitatory,7,0.0,0.11111111,0.7777778
1997,excitatory,7,5.6666665,14.111111,11.666667
1998,excitatory,7,0.11111111,0.22222222,0.5555556
1999,excitatory,7,0.7777778,2.6666667,5.111111
2000,excitatory,8,0.0,0.0,0.22222222
2001,inhibitory,8,0.33333334,2.1111112,2.7777777
2002,inhibitory,8,4.888889,1.0,2.4444444
2003,excitatory,8,91.77778,73.111115,70.44444
2004,excitatory,8,0.0,0.22222222,0.8888889
2005,excitatory,8,26.88889,27.666666,28.444445
2006,excitatory,8,0.0,0.0,0.33333334
2007,excitatory,8,0.0,0.0,0.0
2008,excitatory,8,5.0,3.5555556,0.5555556
2009,excitatory,8,16.444445,9.444445,0.8888889
2010,excitatory,8,0.11111111,0.22222222,0.5555556
2011,excitatory,8,0.0,0.0,0.0
2012,excitatory,8,4.0,4.3333335,5.7777777
2013,excitatory,8,0.0,0.0,0.0
2014,excitatory,8,0.0,0.0,0.0
2015,excitatory,8,0.0,0.0,0.0
2016,excitatory,8,4.0,10.333333,10.555555
2017,excitatory,8,79.77778,76.44444,75.22222
2018,excitatory,8,29.0,33.444443,23.222221
2019,excitatory,8,0.0,0.0,0.0
2020,excitatory,8,0.11111111,0.33333334,0.6666667
2021,excitatory,8,0.0,0.0,0.0
2022,excitatory,8,0.0,0.11111111,0.0
2023,inhibitory,8,25.222221,28.222221,39.666668
2024,inhibitory,8,0.11111111,0.33333334,0.0
2025,excitatory,8,0.6666667,0.44444445,0.7777778
2026,excitatory,8,0.0,0.0,0.0
2027,inhibitory,8,3.4444444,7.6666665,2.1111112
2028,excitatory,8,0.0,0.11111111,0.44444445
2029,inhibitory,8,136.0,107.55556,74.77778
2030,excitatory,8,0.0,0.0,0.0
2031,excitatory,8,0.0,0.0,0.11111111
2032,excitatory,8,1.5555556,2.2222223,3.7777777
2033,excitatory,8,0.22222222,0.0,0.0
2034,inhibitory,8,7.5555553,7.7777777,0.8888889
2035,inhibitory,8,0.22222222,1.2222222,0.33333334
2036,excitatory,8,0.0,0.0,0.0
2037,excitatory,8,0.8888889,9.666667,2.4444444
2038,excitatory,8,2.0,1.6666666,0.0
2039,excitatory,8,0.0,0.0,0.0
2040,excitatory,8,6.111111,4.3333335,0.0
2041,excitatory,8,0.0,0.0,0.0
2042,inhibitory,8,1.0,0.8888889,4.2222223
2043,excitatory,8,0.11111111,0.11111111,0.8888889
2044,excitatory,8,0.0,0.0,0.22222222
2045,excitatory,8,0.11111111,0.0,0.0
2046,excitatory,8,0.0,0.0,0.0
2047,excitatory,8,9.888889,10.777778,3.3333333
2048,excitatory,8,10.222222,5.5555553,4.0
2049,excitatory,8,0.11111111,0.0,0.44444445
2050,excitatory,8,0.0,0.0,0.0
2051,excitatory,8,0.0,0.0,0.0
2052,excitatory,8,3.0,2.8888888,4.888889
2053,excitatory,8,0.5555556,0.22222222,0.33333334
2054,excitatory,8,4.7777777,4.5555553,6.888889
2055,inhibitory,8,1.8888888,1.1111112,1.7777778
2056,excitatory,8,0.6666667,0.11111111,0.0
2057,excitatory,8,5.111111,5.6666665,5.888889
2058,excitatory,8,23.11111,19.666666,4.7777777
2059,excitatory,8,0.0,0.0,0.0
2060,excitatory,8,2.0,3.5555556,2.0
2061,excitatory,8,0.11111111,0.33333334,0.22222222
2062,excitatory,8,0.0,0.0,0.0
2063,excitatory,8,12.222222,9.111111,13.666667
2064,excitatory,8,0.0,0.0,0.0
2065,excitatory,8,1.7777778,3.3333333,1.2222222
2066,excitatory,8,1.6666666,1.4444444,0.11111111
2067,excitatory,8,0.22222222,0.0,0.0
2068,excitatory,8,0.0,0.0,0.11111111
2069,excitatory,8,0.0,0.33333334,0.0
2070,inhibitory,8,82.55556,73.333336,95.77778
2071,inhibitory,8,0.5555556,1.5555556,5.2222223
2072,excitatory,8,0.0,0.0,0.0
2073,excitatory,8,12.555555,9.666667,12.666667
2074,inhibitory,8,0.7777778,3.3333333,1.8888888
2075,excitatory,8,0.22222222,0.22222222,0.11111111
2076,excitatory,8,0.0,0.0,1.1111112
2077,excitatory,8,1.7777778,1.6666666,2.7777777
2078,inhibitory,8,4.4444447,9.333333,17.666666
2079,inhibitory,8,10.555555,12.666667,5.6666665
2080,inhibitory,8,0.7777778,0.44444445,0.7777778
2081,excitatory,8,0.0,0.0,0.0
2082,excitatory,8,0.33333334,1.1111112,0.44444445
2083,inhibitory,8,0.11111111,10.222222,0.0
2084,excitatory,8,56.22222,67.22222,31.333334
2085,inhibitory,8,17.11111,16.444445,5.888889
2086,excitatory,8,0.0,0.0,0.0
2087,excitatory,8,1.1111112,1.4444444,3.4444444
2088,excitatory,8,1.2222222,1.8888888,0.22222222
2089,excitatory,8,12.333333,10.888889,16.777779
2090,excitatory,8,0.0,0.0,0.0
2091,excitatory,8,30.444445,31.666666,39.11111
2092,excitatory,8,0.0,0.33333334,0.0
2093,excitatory,8,0.0,0.0,0.0
2094,excitatory,8,0.0,0.0,0.0
2095,excitatory,8,0.0,0.0,0.0
2096,inhibitory,8,104.44444,93.22222,136.22223
2097,excitatory,8,0.5555556,0.6666667,0.44444445
2098,excitatory,8,0.0,0.0,0.0
2099,excitatory,8,0.0,0.11111111,0.0
2100,inhibitory,8,0.22222222,0.22222222,1.2222222
2101,inhibitory,8,1.2222222,1.0,1.0
2102,excitatory,8,0.0,0.0,0.0
2103,excitatory,8,0.0,0.0,0.0
2104,inhibitory,8,13.888889,18.666666,28.0
2105,excitatory,8,0.0,0.11111111,0.0
2106,excitatory,8,34.444443,40.11111,14.888889
2107,excitatory,8,1.3333334,0.5555556,0.7777778
2108,inhibitory,8,3.3333333,5.111111,4.4444447
2109,excitatory,8,0.0,0.11111111,0.22222222
2110,excitatory,8,1.3333334,1.6666666,2.4444444
2111,excitatory,8,0.0,0.0,0.0
2112,excitatory,8,0.0,0.44444445,0.6666667
2113,excitatory,8,0.0,0.7777778,2.8888888
2114,excitatory,8,0.0,0.0,0.0
2115,excitatory,8,0.6666667,2.1111112,0.0
2116,excitatory,8,5.7777777,7.7777777,6.2222223
2117,excitatory,8,2.0,1.1111112,1.5555556
2118,excitatory,8,0.0,0.0,0.0
2119,excitatory,8,0.0,0.0,0.0
2120,excitatory,8,0.22222222,0.0,0.0
2121,inhibitory,8,25.555555,34.77778,8.555555
2122,excitatory,8,1.2222222,0.33333334,1.7777778
2123,excitatory,8,0.0,0.0,0.0
2124,excitatory,8,9.111111,9.555555,3.1111112
2125,excitatory,8,0.11111111,0.11111111,0.0
2126,inhibitory,8,0.0,0.0,0.0
2127,excitatory,8,0.0,0.22222222,0.11111111
2128,excitatory,8,12.777778,13.666667,17.666666
2129,excitatory,8,0.0,0.0,0.0
2130,inhibitory,8,2.3333333,1.1111112,0.0
2131,inhibitory,8,0.8888889,0.11111111,0.22222222
2132,excitatory,8,7.2222223,4.4444447,18.222221
2133,excitatory,8,0.0,0.0,0.22222222
2134,inhibitory,8,14.222222,5.7777777,11.111111
2135,inhibitory,8,38.88889,24.11111,40.444443
2136,excitatory,8,0.33333334,0.11111111,0.0
2137,excitatory,8,0.7777778,0.0,0.8888889
2138,inhibitory,8,229.22223,248.55556,117.666664
2139,excitatory,8,3.0,3.5555556,3.6666667
2140,excitatory,8,0.0,0.0,0.0
2141,inhibitory,8,41.666668,74.22222,26.555555
2142,excitatory,8,0.0,0.0,0.0
2143,excitatory,8,0.0,0.0,0.0
2144,inhibitory,8,0.0,0.11111111,0.0
2145,excitatory,8,0.22222222,0.11111111,0.0
2146,excitatory,8,26.0,14.333333,17.555555
2147,excitatory,8,1.1111112,1.2222222,5.3333335
2148,excitatory,8,20.555555,16.222221,17.666666
2149,inhibitory,8,42.333332,51.666668,42.77778
2150,excitatory,8,0.0,0.0,0.0
2151,excitatory,8,0.0,0.0,0.0
2152,excitatory,8,2.3333333,4.2222223,5.2222223
2153,inhibitory,8,0.0,0.0,0.0
2154,inhibitory,8,0.11111111,0.22222222,0.0
2155,inhibitory,8,8.555555,6.111111,21.11111
2156,inhibitory,8,6.4444447,3.3333333,9.555555
2157,excitatory,8,0.0,0.0,0.0
2158,inhibitory,8,3.7777777,2.1111112,4.7777777
2159,excitatory,8,0.0,0.11111111,0.0
2160,excitatory,8,0.7777778,0.8888889,1.6666666
2161,excitatory,8,0.44444445,0.44444445,0.0
2162,excitatory,8,0.0,0.0,0.0
2163,inhibitory,8,29.0,12.444445,19.444445
2164,excitatory,8,4.4444447,8.444445,15.888889
2165,excitatory,8,2.0,0.6666667,2.0
2166,excitatory,8,0.6666667,0.6666667,15.555555
2167,inhibitory,8,25.11111,30.333334,24.11111
2168,excitatory,8,0.33333334,0.33333334,0.6666667
2169,excitatory,8,0.0,0.0,0.0
2170,excitatory,8,0.0,0.0,0.11111111
2171,excitatory,8,0.5555556,0.8888889,0.0
2172,excitatory,8,0.0,0.22222222,0.33333334
2173,excitatory,8,0.6666667,1.5555556,2.1111112
2174,excitatory,8,0.33333334,0.22222222,0.0
2175,excitatory,8,0.0,0.0,0.0
2176,excitatory,8,1.7777778,9.444445,9.444445
2177,excitatory,8,16.555555,19.222221,43.555557
2178,excitatory,8,0.0,0.0,0.0
2179,excitatory,8,0.0,0.0,0.0
2180,excitatory,8,0.0,0.0,0.11111111
2181,excitatory,8,3.5555556,2.6666667,3.5555556
2182,excitatory,8,34.666668,26.11111,36.666668
2183,excitatory,8,0.33333334,0.22222222,0.7777778
2184,excitatory,8,0.0,0.0,0.0
2185,inhibitory,8,5.888889,6.888889,3.1111112
2186,excitatory,8,0.0,0.22222222,0.22222222
2187,excitatory,8,1.0,2.1111112,4.0
2188,excitatory,8,0.22222222,0.6666667,0.22222222
2189,inhibitory,8,52.77778,77.888885,50.666668
2190,excitatory,8,0.0,0.0,0.0
2191,excitatory,8,32.0,37.555557,31.444445
2192,inhibitory,8,29.0,20.88889,21.444445
2193,excitatory,8,0.0,0.0,0.0
2194,inhibitory,8,10.555555,3.5555556,4.4444447
2195,excitatory,8,0.0,0.0,0.0
2196,excitatory,8,15.666667,16.777779,1.4444444
2197,inhibitory,8,11.333333,31.11111,48.444443
2198,excitatory,8,8.0,8.111111,3.0
2199,excitatory,8,16.222221,13.444445,3.2222223
2200,inhibitory,8,53.77778,34.444443,31.11111
2201,excitatory,8,13.666667,20.444445,10.666667
2202,inhibitory,8,11.111111,7.5555553,16.666666
2203,excitatory,8,0.0,0.0,0.11111111
2204,inhibitory,8,1.2222222,3.4444444,0.6666667
2205,excitatory,8,0.0,0.0,0.0
2206,excitatory,8,0.0,0.8888889,0.0
2207,excitatory,8,6.888889,6.5555553,3.7777777
2208,inhibitory,8,0.8888889,4.0,14.888889
2209,excitatory,8,0.0,0.0,0.0
2210,excitatory,8,0.0,0.33333334,0.0
2211,excitatory,8,0.5555556,2.3333333,1.5555556
2212,inhibitory,8,30.333334,42.666668,73.0
2213,excitatory,8,2.2222223,4.3333335,9.111111
2214,inhibitory,8,9.111111,5.888889,20.0
2215,excitatory,8,0.0,0.0,0.0
2216,inhibitory,8,2.5555556,4.2222223,0.11111111
2217,excitatory,8,0.0,0.0,0.44444445
2218,excitatory,8,0.6666667,1.4444444,1.6666666
2219,inhibitory,8,0.44444445,0.0,0.8888889
2220,excitatory,8,0.11111111,0.33333334,0.22222222
2221,excitatory,8,1.5555556,2.0,0.22222222
2222,inhibitory,8,0.11111111,0.22222222,0.0
2223,excitatory,8,1.6666666,1.8888888,2.2222223
2224,excitatory,8,0.0,0.0,0.0
2225,excitatory,8,16.11111,18.444445,34.11111
2226,excitatory,8,0.0,0.0,0.0
2227,excitatory,8,0.0,0.0,0.0
2228,inhibitory,8,0.0,0.22222222,0.44444445
2229,excitatory,8,0.44444445,0.22222222,3.3333333
2230,excitatory,8,0.5555556,2.1111112,0.11111111
2231,excitatory,8,0.44444445,0.5555556,2.6666667
2232,inhibitory,8,0.5555556,0.7777778,1.5555556
2233,excitatory,8,3.3333333,2.1111112,1.7777778
2234,excitatory,8,0.0,0.0,0.0
2235,inhibitory,8,20.555555,12.888889,14.111111
2236,excitatory,8,0.11111111,0.0,0.0
2237,excitatory,8,0.0,0.0,0.0
2238,excitatory,8,0.7777778,0.8888889,0.44444445
2239,excitatory,8,1.5555556,3.3333333,2.2222223
2240,excitatory,8,0.44444445,0.5555556,0.11111111
2241,excitatory,8,0.11111111,0.0,0.0
2242,excitatory,8,107.55556,113.666664,67.333336
2243,excitatory,8,1.7777778,1.5555556,3.5555556
2244,excitatory,8,2.2222223,5.6666665,5.5555553
2245,excitatory,8,0.0,0.0,0.0
2246,excitatory,8,0.0,0.0,1.2222222
2247,excitatory,8,1.1111112,2.0,0.0
2248,inhibitory,8,0.0,0.0,0.0
2249,excitatory,8,0.11111111,0.0,0.11111111
2250,excitatory,9,19.666666,19.333334,13.444445
2251,excitatory,9,1.5555556,0.6666667,1.4444444
2252,excitatory,9,0.0,0.6666667,0.0
2253,excitatory,9,19.666666,21.11111,10.888889
2254,excitatory,9,5.2222223,3.4444444,4.6666665
2255,excitatory,9,0.33333334,0.44444445,0.11111111
2256,excitatory,9,0.33333334,0.33333334,0.44444445
2257,excitatory,9,1.5555556,1.5555556,0.0
2258,excitatory,9,0.0,0.11111111,0.0
2259,excitatory,9,0.11111111,0.33333334,0.22222222
2260,excitatory,9,0.44444445,0.0,0.22222222
2261,excitatory,9,17.666666,21.555555,13.777778
2262,inhibitory,9,19.777779,10.222222,20.11111
2263,excitatory,9,1.8888888,1.0,5.888889
2264,excitatory,9,17.444445,23.666666,10.333333
2265,excitatory,9,0.22222222,2.2222223,0.33333334
2266,inhibitory,9,0.0,1.0,0.0
2267,excitatory,9,0.0,0.0,0.0
2268,excitatory,9,0.11111111,0.0,0.11111111
2269,inhibitory,9,1.6666666,0.5555556,5.111111
2270,inhibitory,9,53.666668,50.444443,59.77778
2271,excitatory,9,0.0,0.0,0.0
2272,excitatory,9,0.0,0.33333334,0.0
2273,inhibitory,9,25.0,24.555555,23.0
2274,excitatory,9,0.11111111,0.0,0.33333334
2275,excitatory,9,1.7777778,2.0,3.4444444
2276,excitatory,9,10.888889,5.7777777,14.555555
2277,excitatory,9,2.4444444,1.0,1.4444444
2278,excitatory,9,0.0,0.0,0.0
2279,inhibitory,9,0.6666667,0.44444445,0.0
2280,excitatory,9,1.6666666,0.11111111,0.0
2281,excitatory,9,4.7777777,2.7777777,6.7777777
2282,inhibitory,9,22.0,12.555555,24.333334
2283,excitatory,9,0.0,0.0,0.0
2284,excitatory,9,11.222222,15.777778,8.666667
2285,excitatory,9,4.2222223,1.6666666,1.8888888
2286,excitatory,9,14.333333,18.444445,16.555555
2287,excitatory,9,4.4444447,2.8888888,1.3333334
2288,excitatory,9,8.555555,12.333333,8.444445
2289,excitatory,9,5.5555553,2.5555556,0.5555556
2290,excitatory,9,1.8888888,3.5555556,2.8888888
2291,excitatory,9,0.5555556,0.11111111,2.6666667
2292,inhibitory,9,1.6666666,0.6666667,0.0
2293,inhibitory,9,0.33333334,0.5555556,0.8888889
2294,excitatory,9,0.22222222,0.0,2.6666667
2295,excitatory,9,0.0,0.0,0.0
2296,excitatory,9,0.0,0.0,0.11111111
2297,excitatory,9,0.0,0.0,1.1111112
2298,excitatory,9,0.0,0.0,0.0
2299,inhibitory,9,4.6666665,7.3333335,2.4444444
2300,excitatory,9,2.0,1.8888888,2.4444444
2301,inhibitory,9,47.77778,56.666668,46.333332
2302,excitatory,9,2.0,2.3333333,0.22222222
2303,inhibitory,9,0.0,0.0,0.0
2304,excitatory,9,18.444445,11.0,18.0
2305,excitatory,9,0.0,0.0,0.0
2306,excitatory,9,0.11111111,0.33333334,0.0
2307,excitatory,9,4.6666665,5.888889,7.3333335
2308,excitatory,9,0.0,0.0,0.44444445
2309,excitatory,9,0.44444445,0.11111111,0.0
2310,excitatory,9,7.4444447,8.555555,10.666667
2311,excitatory,9,0.22222222,0.6666667,2.1111112
2312,inhibitory,9,4.3333335,8.777778,12.444445
2313,excitatory,9,0.11111111,0.0,0.0
2314,excitatory,9,0.0,0.0,0.0
2315,excitatory,9,0.8888889,3.4444444,0.6666667
2316,excitatory,9,0.33333334,0.0,1.1111112
2317,inhibitory,9,0.5555556,0.7777778,0.5555556
2318,inhibitory,9,0.44444445,0.8888889,2.6666667
2319,excitatory,9,0.0,0.0,0.0
2320,excitatory,9,1.6666666,1.7777778,0.7777778
2321,excitatory,9,0.5555556,1.0,0.0
2322,excitatory,9,6.111111,10.444445,19.0
2323,excitatory,9,19.222221,33.666668,17.88889
2324,excitatory,9,0.0,0.0,0.0
2325,excitatory,9,0.33333334,0.0,0.0
2326,excitatory,9,13.333333,11.777778,21.444445
2327,excitatory,9,0.0,0.0,0.0
2328,excitatory,9,0.0,0.33333334,1.0
2329,inhibitory,9,25.222221,17.666666,22.222221
2330,excitatory,9,41.77778,32.444443,45.0
2331,excitatory,9,0.0,0.0,0.0
2332,excitatory,9,0.0,0.0,0.0
2333,excitatory,9,0.11111111,1.5555556,4.6666665
2334,excitatory,9,0.0,0.0,0.0
2335,excitatory,9,2.2222223,2.6666667,4.2222223
2336,inhibitory,9,5.2222223,2.6666667,2.3333333
2337,excitatory,9,0.0,0.6666667,1.4444444
2338,inhibitory,9,86.0,51.333332,106.333336
2339,excitatory,9,1.4444444,1.0,5.3333335
2340,excitatory,9,0.0,0.0,0.0
2341,inhibitory,9,4.888889,7.7777777,5.888889
2342,excitatory,9,4.0,2.5555556,1.2222222
2343,excitatory,9,0.0,0.0,0.0
2344,excitatory,9,0.44444445,0.0,1.8888888
2345,excitatory,9,40.0,36.77778,34.11111
2346,excitatory,9,0.0,0.0,0.0
2347,excitatory,9,0.0,0.11111111,0.0
2348,excitatory,9,9.333333,16.444445,47.555557
2349,excitatory,9,0.11111111,0.11111111,0.0
2350,inhibitory,9,0.0,0.0,0.33333334
2351,inhibitory,9,0.0,0.0,0.0
2352,excitatory,9,0.0,0.0,0.0
2353,excitatory,9,0.0,0.0,0.0
2354,excitatory,9,51.0,38.77778,36.22222
2355,inhibitory,9,0.11111111,0.8888889,0.22222222
2356,inhibitory,9,8.888889,5.7777777,7.3333335
2357,excitatory,9,5.0,9.333333,8.666667
2358,excitatory,9,4.2222223,5.0,9.555555
2359,excitatory,9,0.0,0.22222222,0.33333334
2360,excitatory,9,10.777778,15.888889,12.222222
2361,excitatory,9,0.7777778,0.0,0.5555556
2362,excitatory,9,0.5555556,0.22222222,0.0
2363,excitatory,9,0.22222222,0.22222222,5.2222223
2364,excitatory,9,0.0,0.11111111,0.0
2365,excitatory,9,1.2222222,0.7777778,0.5555556
2366,excitatory,9,0.0,0.0,0.0
2367,excitatory,9,9.0,5.6666665,7.111111
2368,excitatory,9,7.4444447,8.888889,7.888889
2369,excitatory,9,0.0,0.0,0.0
2370,excitatory,9,1.3333334,1.6666666,3.3333333
2371,excitatory,9,10.777778,4.7777777,21.555555
2372,excitatory,9,0.44444445,0.6666667,0.0
2373,excitatory,9,0.0,0.33333334,7.0
2374,excitatory,9,0.11111111,4.0,4.4444447
2375,excitatory,9,0.0,0.0,0.0
2376,excitatory,9,0.44444445,0.33333334,0.11111111
2377,excitatory,9,2.6666667,3.8888888,17.444445
2378,excitatory,9,0.0,0.0,0.0
2379,excitatory,9,0.22222222,0.44444445,0.8888889
2380,excitatory,9,4.2222223,5.3333335,2.2222223
2381,excitatory,9,0.11111111,0.0,0.0
2382,excitatory,9,7.888889,5.4444447,16.666666
2383,excitatory,9,0.0,0.0,0.0
2384,excitatory,9,0.22222222,0.0,0.0
2385,excitatory,9,0.0,0.0,0.0
2386,excitatory,9,0.0,0.0,0.0
2387,excitatory,9,0.0,0.0,0.11111111
2388,inhibitory,9,0.11111111,0.7777778,3.8888888
2389,excitatory,9,10.111111,8.444445,2.3333333
2390,inhibitory,9,1.2222222,1.2222222,0.6666667
2391,excitatory,9,2.5555556,2.5555556,0.8888889
2392,excitatory,9,0.0,0.0,0.0
2393,excitatory,9,2.6666667,2.3333333,4.2222223
2394,excitatory,9,0.5555556,0.44444445,5.111111
2395,excitatory,9,0.22222222,0.11111111,0.44444445
2396,excitatory,9,0.0,0.0,0.0
2397,excitatory,9,0.6666667,0.0,0.22222222
2398,excitatory,9,0.8888889,0.8888889,1.3333334
2399,excitatory,9,10.444445,8.333333,13.666667
2400,excitatory,9,0.0,0.0,0.0
2401,excitatory,9,0.0,0.0,0.0
2402,inhibitory,9,40.555557,34.555557,52.11111
2403,excitatory,9,0.0,0.0,0.0
2404,excitatory,9,0.0,0.0,0.5555556
2405,excitatory,9,0.0,0.44444445,0.0
2406,inhibitory,9,0.0,0.11111111,0.0
2407,inhibitory,9,0.5555556,0.33333334,0.0
2408,excitatory,9,0.44444445,0.11111111,0.33333334
2409,excitatory,9,0.0,0.11111111,0.33333334
2410,excitatory,9,14.444445,17.777779,33.88889
2411,inhibitory,9,13.777778,12.666667,12.333333
2412,excitatory,9,3.5555556,4.0,2.5555556
2413,excitatory,9,2.3333333,1.0,7.4444447
2414,excitatory,9,10.555555,12.222222,10.0
2415,excitatory,9,0.0,0.0,0.0
2416,inhibitory,9,15.555555,22.222221,27.222221
2417,excitatory,9,0.0,0.0,0.0
2418,excitatory,9,4.111111,4.7777777,5.2222223
2419,excitatory,9,0.0,1.0,1.6666666
2420,excitatory,9,7.888889,6.7777777,8.555555
2421,excitatory,9,0.0,0.0,0.0
2422,excitatory,9,0.0,0.22222222,0.11111111
2423,excitatory,9,0.0,0.11111111,2.6666667
2424,excitatory,9,10.0,12.111111,15.222222
2425,excitatory,9,0.0,0.0,0.0
2426,excitatory,9,0.0,0.0,0.0
2427,inhibitory,9,45.77778,107.888885,55.22222
2428,excitatory,9,0.44444445,1.0,0.6666667
2429,excitatory,9,0.11111111,0.22222222,5.4444447
2430,excitatory,9,0.0,0.0,0.0
2431,excitatory,9,0.5555556,0.8888889,0.6666667
2432,excitatory,9,2.6666667,3.8888888,10.555555
2433,excitatory,9,0.0,0.0,0.0
2434,excitatory,9,0.0,0.0,0.0
2435,excitatory,9,0.0,0.0,0.0
2436,excitatory,9,1.8888888,0.6666667,0.6666667
2437,excitatory,9,0.0,0.0,0.44444445
2438,excitatory,9,0.0,0.0,0.0
2439,inhibitory,9,0.0,0.0,0.0
2440,excitatory,9,0.0,0.0,0.0
2441,excitatory,9,17.0,14.444445,26.666666
2442,excitatory,9,0.22222222,0.0,0.6666667
2443,excitatory,9,0.0,0.0,0.11111111
2444,excitatory,9,0.0,0.0,0.0
2445,excitatory,9,0.0,0.11111111,0.0
2446,inhibitory,9,90.333336,89.333336,49.88889
2447,excitatory,9,0.0,0.22222222,0.11111111
2448,inhibitory,9,0.8888889,1.0,4.2222223
2449,excitatory,9,0.8888889,1.0,8.666667
2450,excitatory,9,0.0,0.0,0.0
2451,excitatory,9,0.0,0.0,0.0
2452,excitatory,9,0.5555556,1.1111112,0.22222222
2453,excitatory,9,3.5555556,2.0,0.0
2454,excitatory,9,1.6666666,0.6666667,1.6666666
2455,inhibitory,9,23.555555,28.333334,42.666668
2456,excitatory,9,36.88889,28.11111,22.555555
2457,excitatory,9,4.3333335,4.2222223,4.5555553
2458,inhibitory,9,113.44444,143.0,130.33333
2459,excitatory,9,0.0,0.0,0.0
2460,excitatory,9,0.0,0.0,0.0
2461,excitatory,9,0.0,0.0,0.0
2462,excitatory,9,0.0,0.22222222,0.0
2463,excitatory,9,0.7777778,0.7777778,0.44444445
2464,excitatory,9,0.5555556,0.7777778,0.0
2465,excitatory,9,0.33333334,0.7777778,0.22222222
2466,excitatory,9,0.0,0.0,0.11111111
2467,excitatory,9,1.3333334,0.11111111,0.33333334
2468,excitatory,9,1.1111112,1.0,1.0
2469,excitatory,9,5.3333335,5.888889,6.2222223
2470,excitatory,9,0.0,0.0,0.0
2471,excitatory,9,0.0,0.22222222,0.11111111
2472,inhibitory,9,4.111111,10.333333,18.666666
2473,inhibitory,9,32.11111,21.777779,13.111111
2474,excitatory,9,8.111111,6.7777777,6.888889
2475,excitatory,9,0.0,0.0,0.0
2476,excitatory,9,4.111111,2.6666667,3.4444444
2477,excitatory,9,1.3333334,0.8888889,3.3333333
2478,excitatory,9,0.0,0.0,0.0
2479,inhibitory,9,90.111115,100.333336,32.333332
2480,inhibitory,9,2.7777777,6.2222223,5.6666665
2481,excitatory,9,15.444445,12.444445,26.444445
2482,excitatory,9,2.1111112,5.3333335,5.2222223
2483,inhibitory,9,0.6666667,0.44444445,0.11111111
2484,excitatory,9,1.4444444,1.0,0.44444445
2485,excitatory,9,1.6666666,0.6666667,0.22222222
2486,excitatory,9,0.7777778,0.0,0.11111111
2487,excitatory,9,0.8888889,0.22222222,0.22222222
2488,excitatory,9,32.555557,26.333334,15.888889
2489,inhibitory,9,2.1111112,5.0,1.5555556
2490,excitatory,9,0.0,0.0,0.0
2491,excitatory,9,0.0,0.6666667,0.33333334
2492,excitatory,9,0.5555556,0.11111111,3.6666667
2493,excitatory,9,0.0,0.0,0.0
2494,inhibitory,9,115.44444,119.666664,38.0
2495,excitatory,9,21.0,12.333333,12.222222
2496,excitatory,9,0.0,0.11111111,0.0
2497,excitatory,9,0.0,0.0,0.11111111
2498,excitatory,9,1.3333334,2.6666667,0.22222222
2499,excitatory,9,0.0,0.0,0.0
2500,excitatory,10,9.666667,10.111111,9.888889
2501,excitatory,10,0.22222222,0.44444445,3.4444444
2502,excitatory,10,25.333334,19.11111,12.444445
2503,inhibitory,10,2.1111112,5.4444447,0.7777778
2504,excitatory,10,0.0,0.0,0.0
2505,excitatory,10,6.2222223,6.4444447,7.2222223
2506,excitatory,10,0.0,0.0,0.0
2507,inhibitory,10,0.11111111,0.11111111,0.44444445
2508,inhibitory,10,3.7777777,5.5555553,13.222222
2509,excitatory,10,0.0,0.22222222,0.11111111
2510,excitatory,10,3.1111112,2.7777777,4.7777777
2511,excitatory,10,0.11111111,0.0,0.0
2512,excitatory,10,0.0,0.33333334,1.8888888
2513,excitatory,10,0.0,0.0,0.0
2514,excitatory,10,0.22222222,0.6666667,6.111111
2515,inhibitory,10,16.11111,22.88889,103.44444
2516,excitatory,10,37.11111,41.444443,10.222222
2517,excitatory,10,17.11111,12.555555,20.777779
2518,excitatory,10,105.77778,111.77778,14.555555
2519,excitatory,10,6.7777777,4.3333335,4.2222223
2520,excitatory,10,0.11111111,0.0,0.0
2521,excitatory,10,0.0,0.0,0.0
2522,excitatory,10,0.11111111,0.22222222,0.11111111
2523,excitatory,10,0.6666667,0.33333334,3.2222223
2524,excitatory,10,23.88889,25.222221,25.444445
2525,excitatory,10,6.4444447,7.0,0.33333334
2526,excitatory,10,0.0,0.0,0.11111111
2527,excitatory,10,21.0,26.88889,40.88889
2528,excitatory,10,0.6666667,0.6666667,1.0
2529,excitatory,10,0.0,0.0,0.0
2530,excitatory,10,5.5555553,3.1111112,0.5555556
2531,excitatory,10,0.0,0.11111111,0.0
2532,inhibitory,10,3.4444444,6.0,1.2222222
2533,excitatory,10,0.0,0.0,0.0
2534,excitatory,10,0.22222222,0.44444445,0.33333334
2535,excitatory,10,0.0,0.0,0.0
2536,excitatory,10,0.0,0.0,0.0
2537,excitatory,10,6.111111,6.6666665,7.5555553
2538,inhibitory,10,28.444445,24.0,24.666666
2539,excitatory,10,0.0,0.0,0.0
2540,excitatory,10,1.0,0.6666667,2.5555556
2541,inhibitory,10,0.0,0.11111111,0.0
2542,excitatory,10,0.0,0.0,0.0
2543,inhibitory,10,7.5555553,3.7777777,17.444445
2544,excitatory,10,35.555557,23.666666,34.77778
2545,excitatory,10,5.2222223,8.0,5.6666665
2546,excitatory,10,0.0,0.0,0.0
2547,excitatory,10,0.11111111,0.33333334,0.8888889
2548,excitatory,10,0.0,0.0,0.0
2549,inhibitory,10,41.444443,43.88889,10.444445
2550,excitatory,10,0.0,0.11111111,0.11111111
2551,inhibitory,10,4.4444447,5.6666665,7.4444447
2552,excitatory,10,5.5555553,10.444445,1.5555556
2553,inhibitory,10,2.6666667,2.1111112,4.6666665
2554,excitatory,10,0.0,0.0,0.0
2555,excitatory,10,0.0,0.0,0.0
2556,excitatory,10,0.0,0.0,0.0
2557,excitatory,10,2.2222223,1.4444444,8.666667
2558,excitatory,10,0.0,0.0,0.0
2559,inhibitory,10,23.444445,35.333332,24.444445
2560,excitatory,10,2.7777777,3.7777777,1.1111112
2561,excitatory,10,4.888889,2.5555556,5.5555553
2562,excitatory,10,0.11111111,0.33333334,0.11111111
2563,excitatory,10,0.11111111,0.0,1.6666666
2564,excitatory,10,9.555555,15.666667,40.666668
2565,excitatory,10,106.888885,97.44444,81.77778
2566,inhibitory,10,38.444443,44.0,54.555557
2567,excitatory,10,0.0,0.0,0.0
2568,excitatory,10,0.0,0.11111111,0.0
2569,excitatory,10,0.0,0.22222222,0.7777778
2570,excitatory,10,3.8888888,3.4444444,7.4444447
2571,excitatory,10,13.333333,10.444445,16.444445
2572,excitatory,10,13.222222,22.444445,27.333334
2573,excitatory,10,0.0,0.0,0.0
2574,excitatory,10,17.222221,17.666666,34.22222
2575,excitatory,10,1.3333334,1.3333334,3.0
2576,excitatory,10,2.7777777,4.4444447,0.7777778
2577,excitatory,10,0.0,0.0,0.0
2578,excitatory,10,0.0,1.0,0.0
2579,excitatory,10,1.5555556,2.6666667,3.8888888
2580,excitatory,10,13.111111,27.333334,70.44444
2581,excitatory,10,4.111111,7.4444447,5.2222223
2582,excitatory,10,12.0,12.666667,13.111111
2583,excitatory,10,6.2222223,3.4444444,2.0
2584,excitatory,10,11.222222,8.555555,13.666667
2585,inhibitory,10,48.22222,51.11111,27.777779
2586,inhibitory,10,18.666666,26.333334,88.111115
2587,excitatory,10,0.0,0.33333334,0.11111111
2588,inhibitory,10,5.888889,13.111111,17.444445
2589,excitatory,10,0.0,0.11111111,2.3333333
2590,excitatory,10,0.11111111,0.0,0.11111111
2591,excitatory,10,1.4444444,2.2222223,1.7777778
2592,excitatory,10,30.11111,36.333332,45.11111
2593,excitatory,10,0.6666667,0.22222222,0.22222222
2594,excitatory,10,0.44444445,0.0,0.0
2595,inhibitory,10,3.6666667,6.7777777,3.0
2596,excitatory,10,0.0,0.0,0.0
2597,inhibitory,10,6.6666665,6.3333335,18.88889
2598,excitatory,10,0.8888889,0.6666667,0.22222222
2599,inhibitory,10,1.1111112,0.7777778,0.33333334
2600,inhibitory,10,10.333333,7.3333335,13.0
2601,excitatory,10,0.0,0.22222222,0.0
2602,excitatory,10,0.0,0.44444445,0.22222222
2603,inhibitory,10,99.0,100.22222,11.0
2604,inhibitory,10,0.0,0.11111111,0.0
2605,excitatory,10,0.0,0.0,0.0
2606,excitatory,10,0.11111111,1.5555556,0.0
2607,excitatory,10,0.8888889,0.5555556,0.11111111
2608,inhibitory,10,0.8888889,0.6666667,11.888889
2609,inhibitory,10,0.33333334,2.1111112,2.7777777
2610,excitatory,10,0.0,0.0,0.0
2611,excitatory,10,26.0,23.444445,17.777779
2612,excitatory,10,14.444445,28.11111,17.333334
2613,excitatory,10,0.44444445,0.6666667,0.6666667
2614,excitatory,10,0.0,0.0,0.0
2615,inhibitory,10,9.888889,19.555555,71.44444
2616,inhibitory,10,1.0,3.0,6.6666665
2617,excitatory,10,2.1111112,2.5555556,0.22222222
2618,excitatory,10,7.888889,2.5555556,7.6666665
2619,inhibitory,10,5.4444447,10.333333,12.888889
2620,excitatory,10,2.3333333,1.0,0.6666667
2621,excitatory,10,0.44444445,1.0,0.44444445
2622,excitatory,10,0.11111111,0.22222222,1.3333334
2623,excitatory,10,0.0,0.0,0.0
2624,excitatory,10,0.0,0.0,0.0
2625,excitatory,10,0.7777778,1.5555556,0.11111111
2626,excitatory,10,0.33333334,0.0,0.0
2627,excitatory,10,40.22222,70.44444,42.555557
2628,excitatory,10,2.0,3.4444444,0.7777778
2629,excitatory,10,0.0,0.0,0.0
2630,excitatory,10,0.0,0.0,0.0
2631,excitatory,10,0.0,0.0,0.0
2632,excitatory,10,0.11111111,0.33333334,0.22222222
2633,excitatory,10,7.4444447,7.6666665,7.3333335
2634,excitatory,10,0.8888889,0.7777778,1.7777778
2635,excitatory,10,0.0,0.0,0.0
2636,inhibitory,10,12.555555,17.666666,12.555555
2637,excitatory,10,0.0,0.0,0.0
2638,excitatory,10,0.0,0.0,0.6666667
2639,inhibitory,10,6.0,1.2222222,1.2222222
2640,excitatory,10,15.777778,6.888889,15.0
2641,excitatory,10,3.5555556,2.7777777,7.6666665
2642,excitatory,10,5.3333335,9.444445,9.777778
2643,excitatory,10,24.333334,20.222221,3.6666667
2644,excitatory,10,2.5555556,2.8888888,6.7777777
2645,excitatory,10,0.0,0.0,0.0
2646,excitatory,10,0.0,0.0,0.0
2647,excitatory,10,10.555555,10.333333,24.666666
2648,excitatory,10,0.0,0.0,0.0
2649,excitatory,10,0.0,0.0,0.0
2650,excitatory,10,2.1111112,2.8888888,11.777778
2651,excitatory,10,0.0,0.5555556,0.0
2652,excitatory,10,0.7777778,0.6666667,3.3333333
2653,excitatory,10,0.0,0.0,0.0
2654,excitatory,10,0.0,0.0,0.0
2655,excitatory,10,0.0,0.0,0.0
2656,inhibitory,10,2.0,2.7777777,0.33333334
2657,excitatory,10,0.11111111,1.7777778,0.7777778
2658,excitatory,10,0.6666667,0.7777778,0.8888889
2659,inhibitory,10,34.77778,45.11111,33.555557
2660,inhibitory,10,0.5555556,0.0,0.6666667
2661,excitatory,10,0.0,0.0,0.0
2662,excitatory,10,0.6666667,0.6666667,0.33333334
2663,excitatory,10,8.111111,10.666667,7.5555553
2664,excitatory,10,0.0,0.0,0.0
2665,inhibitory,10,100.55556,109.77778,94.666664
2666,excitatory,10,0.0,0.0,0.0
2667,excitatory,10,3.0,3.4444444,0.22222222
2668,inhibitory,10,183.33333,159.66667,150.66667
2669,excitatory,10,0.6666667,0.11111111,0.7777778
2670,excitatory,10,3.6666667,5.4444447,9.222222
2671,excitatory,10,5.111111,5.5555553,5.5555553
2672,excitatory,10,10.888889,12.333333,22.11111
2673,excitatory,10,0.0,0.0,0.0
2674,excitatory,10,1.2222222,4.5555553,0.33333334
2675,excitatory,10,0.5555556,0.6666667,1.6666666
2676,inhibitory,10,6.2222223,7.6666665,5.2222223
2677,excitatory,10,0.7777778,0.44444445,0.0
2678,excitatory,10,0.0,0.0,0.0
2679,excitatory,10,0.0,0.0,0.0
2680,excitatory,10,0.0,0.0,0.0
2681,excitatory,10,4.3333335,6.0,6.888889
2682,excitatory,10,14.444445,16.555555,22.88889
2683,excitatory,10,0.0,0.0,0.0
2684,excitatory,10,0.0,0.0,0.0
2685,excitatory,10,0.5555556,0.7777778,4.3333335
2686,inhibitory,10,4.3333335,3.0,10.444445
2687,excitatory,10,0.7777778,3.3333333,2.4444444
2688,inhibitory,10,71.0,56.88889,71.22222
2689,excitatory,10,0.5555556,1.1111112,0.0
2690,excitatory,10,0.33333334,0.0,0.0
2691,excitatory,10,4.4444447,3.8888888,0.33333334
2692,excitatory,10,3.2222223,4.3333335,4.111111
2693,inhibitory,10,5.5555553,3.2222223,1.8888888
2694,excitatory,10,4.6666665,4.111111,1.5555556
2695,excitatory,10,0.44444445,0.33333334,0.0
2696,excitatory,10,0.11111111,0.11111111,0.0
2697,excitatory,10,3.2222223,3.3333333,2.3333333
2698,excitatory,10,0.0,0.0,0.33333334
2699,excitatory,10,1.5555556,3.2222223,1.7777778
2700,excitatory,10,0.0,0.0,0.6666667
2701,inhibitory,10,34.77778,19.222221,8.444445
2702,excitatory,10,0.0,0.0,0.0
2703,excitatory,10,0.0,0.0,0.0
2704,inhibitory,10,0.5555556,0.5555556,1.1111112
2705,excitatory,10,9.666667,7.4444447,5.4444447
2706,excitatory,10,0.0,0.0,0.0
2707,excitatory,10,11.777778,21.666666,25.222221
2708,inhibitory,10,24.11111,15.666667,14.333333
2709,inhibitory,10,0.6666667,1.0,0.0
2710,excitatory,10,1.5555556,0.33333334,2.7777777
2711,excitatory,10,0.0,0.0,0.0
2712,excitatory,10,0.5555556,3.7777777,1.1111112
2713,excitatory,10,0.8888889,0.44444445,0.8888889
2714,excitatory,10,25.777779,39.88889,77.22222
2715,excitatory,10,0.0,0.0,0.0
2716,excitatory,10,0.0,0.0,0.0
2717,excitatory,10,2.0,1.8888888,5.7777777
2718,inhibitory,10,8.333333,6.4444447,5.6666665
2719,excitatory,10,3.6666667,4.6666665,1.4444444
2720,excitatory,10,0.0,0.11111111,0.0
2721,excitatory,10,1.0,2.0,10.555555
2722,excitatory,10,0.0,0.0,0.0
2723,excitatory,10,0.0,0.0,0.0
2724,excitatory,10,0.22222222,0.33333334,0.0
2725,excitatory,10,0.22222222,0.5555556,0.0
2726,excitatory,10,0.0,0.0,0.0
2727,excitatory,10,1.8888888,3.6666667,3.7777777
2728,excitatory,10,0.11111111,0.44444445,0.11111111
2729,excitatory,10,0.0,0.0,0.0
2730,inhibitory,10,7.2222223,16.444445,4.7777777
2731,excitatory,10,0.0,0.0,0.0
2732,inhibitory,10,0.8888889,0.6666667,1.8888888
2733,excitatory,10,1.0,3.2222223,3.1111112
2734,excitatory,10,13.555555,16.0,11.888889
2735,excitatory,10,0.0,0.0,0.0
2736,excitatory,10,49.22222,55.0,15.222222
2737,excitatory,10,26.11111,31.777779,9.333333
2738,excitatory,10,0.0,0.0,0.0
2739,excitatory,10,0.0,0.0,0.44444445
2740,excitatory,10,0.0,0.0,0.0
2741,excitatory,10,0.11111111,0.0,0.11111111
2742,excitatory,10,0.0,0.11111111,0.11111111
2743,excitatory,10,0.0,0.0,0.0
2744,inhibitory,10,13.777778,7.4444447,23.0
2745,excitatory,10,0.0,1.4444444,0.33333334
2746,excitatory,10,0.33333334,0.22222222,0.22222222
2747,excitatory,10,0.11111111,0.11111111,0.0
2748,excitatory,10,0.44444445,0.22222222,0.5555556
2749,inhibitory,10,0.8888889,4.3333335,0.22222222
2750,excitatory,11,1.1111112,1.1111112,8.555555
2751,excitatory,11,0.0,0.0,0.0
2752,excitatory,11,0.0,0.0,0.0
2753,excitatory,11,8.777778,7.7777777,0.22222222
2754,excitatory,11,0.11111111,0.44444445,0.11111111
2755,excitatory,11,0.11111111,0.11111111,1.0
2756,excitatory,11,16.555555,21.11111,31.11111
2757,inhibitory,11,26.11111,26.88889,21.222221
2758,excitatory,11,0.0,0.11111111,0.11111111
2759,inhibitory,11,76.22222,65.0,60.88889
2760,inhibitory,11,93.111115,85.333336,97.22222
2761,excitatory,11,0.11111111,0.6666667,1.0
2762,excitatory,11,0.11111111,0.11111111,0.0
2763,excitatory,11,2.0,2.0,1.8888888
2764,excitatory,11,0.0,0.0,0.0
2765,excitatory,11,0.44444445,1.0,1.1111112
2766,excitatory,11,0.22222222,0.0,3.3333333
2767,excitatory,11,0.0,0.0,0.0
2768,excitatory,11,0.7777778,1.0,1.2222222
2769,excitatory,11,0.11111111,0.11111111,0.0
2770,excitatory,11,1.7777778,5.0,1.4444444
2771,excitatory,11,0.0,0.0,0.0
2772,excitatory,11,0.0,0.11111111,0.0
2773,excitatory,11,0.0,0.0,0.0
2774,excitatory,11,0.0,0.0,0.11111111
2775,excitatory,11,2.1111112,4.0,1.3333334
2776,inhibitory,11,12.888889,13.666667,4.3333335
2777,inhibitory,11,41.22222,32.444443,97.55556
2778,excitatory,11,3.7777777,1.4444444,7.111111
2779,excitatory,11,8.111111,8.444445,3.1111112
2780,excitatory,11,0.22222222,0.44444445,0.0
2781,inhibitory,11,1.5555556,2.0,4.6666665
2782,excitatory,11,0.33333334,0.33333334,0.44444445
2783,excitatory,11,0.0,0.0,0.0
2784,excitatory,11,0.0,0.22222222,0.44444445
2785,inhibitory,11,1.0,0.7777778,22.88889
2786,excitatory,11,0.6666667,2.6666667,2.5555556
2787,excitatory,11,0.0,0.0,0.0
2788,excitatory,11,2.3333333,3.3333333,4.5555553
2789,inhibitory,11,0.8888889,1.8888888,0.44444445
2790,excitatory,11,0.0,0.0,0.0
2791,excitatory,11,0.0,0.0,0.0
2792,inhibitory,11,134.11111,76.55556,93.333336
2793,inhibitory,11,0.0,0.0,0.0
2794,excitatory,11,0.0,0.0,0.0
2795,excitatory,11,0.0,0.0,0.0
2796,excitatory,11,1.4444444,2.5555556,2.3333333
2797,excitatory,11,0.5555556,1.0,1.2222222
2798,inhibitory,11,2.3333333,2.1111112,0.6666667
2799,excitatory,11,0.0,0.33333334,0.22222222
2800,excitatory,11,2.1111112,2.7777777,3.2222223
2801,excitatory,11,21.11111,16.666666,20.222221
2802,excitatory,11,5.888889,5.111111,3.4444444
2803,excitatory,11,0.0,0.11111111,0.0
2804,excitatory,11,0.44444445,1.2222222,2.0
2805,excitatory,11,3.7777777,4.111111,5.2222223
2806,excitatory,11,2.5555556,3.2222223,0.33333334
2807,excitatory,11,0.44444445,1.3333334,0.33333334
2808,excitatory,11,18.0,17.666666,7.111111
2809,excitatory,11,0.0,0.11111111,0.0
2810,excitatory,11,0.0,0.0,0.0
2811,excitatory,11,1.2222222,3.7777777,4.2222223
2812,inhibitory,11,1.3333334,1.2222222,1.5555556
2813,excitatory,11,4.0,10.111111,0.7777778
2814,excitatory,11,0.44444445,0.5555556,0.8888889
2815,excitatory,11,3.1111112,2.4444444,25.777779
2816,excitatory,11,0.0,0.0,0.0
2817,excitatory,11,0.0,0.0,0.22222222
2818,excitatory,11,0.0,0.0,0.0
2819,inhibitory,11,0.11111111,0.22222222,0.7777778
2820,excitatory,11,1.1111112,3.2222223,3.2222223
2821,excitatory,11,0.0,0.0,0.0
2822,excitatory,11,0.0,0.0,0.0
2823,inhibitory,11,7.2222223,6.888889,23.444445
2824,excitatory,11,1.0,1.3333334,0.8888889
2825,excitatory,11,0.6666667,0.0,1.7777778
2826,excitatory,11,2.3333333,3.8888888,3.0
2827,inhibitory,11,65.0,66.888885,69.666664
2828,excitatory,11,22.11111,15.222222,8.0
2829,excitatory,11,8.333333,7.0,1.7777778
2830,excitatory,11,0.0,0.0,0.0
2831,inhibitory,11,21.777779,22.555555,29.666666
2832,excitatory,11,0.22222222,0.11111111,0.5555556
2833,excitatory,11,1.6666666,1.0,5.5555553
2834,excitatory,11,2.2222223,1.7777778,1.1111112
2835,excitatory,11,0.6666667,0.22222222,0.22222222
2836,excitatory,11,0.0,0.0,0.0
2837,excitatory,11,0.11111111,0.44444445,0.11111111
2838,excitatory,11,2.2222223,6.5555553,0.33333334
2839,excitatory,11,0.0,0.0,0.0
2840,inhibitory,11,2.1111112,2.5555556,0.22222222
2841,excitatory,11,0.0,0.11111111,0.11111111
2842,excitatory,11,0.0,0.0,0.0
2843,excitatory,11,0.0,0.0,0.11111111
2844,excitatory,11,0.0,0.0,0.0
2845,excitatory,11,0.22222222,0.5555556,0.22222222
2846,excitatory,11,0.0,0.0,0.0
2847,excitatory,11,5.4444447,1.3333334,0.33333334
2848,excitatory,11,0.0,0.0,0.0
2849,excitatory,11,0.0,0.0,0.6666667
2850,excitatory,11,0.0,0.0,0.5555556
2851,inhibitory,11,3.7777777,6.6666665,3.1111112
2852,excitatory,11,31.11111,23.444445,10.666667
2853,excitatory,11,26.777779,15.0,22.333334
2854,excitatory,11,2.8888888,1.3333334,1.1111112
2855,excitatory,11,0.0,0.0,0.5555556
2856,excitatory,11,0.0,0.0,0.0
2857,excitatory,11,0.11111111,0.0,0.11111111
2858,excitatory,11,0.0,0.0,0.0
2859,excitatory,11,0.0,0.11111111,0.0
2860,inhibitory,11,0.5555556,1.1111112,3.8888888
2861,excitatory,11,0.0,0.0,0.0
2862,excitatory,11,0.5555556,0.33333334,0.11111111
2863,inhibitory,11,22.88889,22.555555,14.444445
2864,excitatory,11,0.0,0.44444445,0.0
2865,excitatory,11,3.3333333,3.0,7.4444447
2866,excitatory,11,0.11111111,0.22222222,2.6666667
2867,excitatory,11,0.5555556,1.1111112,0.33333334
2868,excitatory,11,1.2222222,1.6666666,23.88889
2869,excitatory,11,0.0,0.0,0.0
2870,excitatory,11,0.22222222,0.0,0.0
2871,excitatory,11,0.0,0.0,0.0
2872,excitatory,11,0.0,0.22222222,0.22222222
2873,excitatory,11,3.7777777,2.4444444,8.444445
2874,inhibitory,11,145.44444,112.44444,180.77777
2875,excitatory,11,0.5555556,1.1111112,0.11111111
2876,inhibitory,11,0.0,0.33333334,0.0
2877,excitatory,11,1.7777778,2.5555556,4.4444447
2878,inhibitory,11,3.8888888,2.5555556,18.444445
2879,excitatory,11,0.0,0.0,0.0
2880,excitatory,11,1.8888888,0.33333334,2.1111112
2881,inhibitory,11,24.444445,21.88889,18.777779
2882,excitatory,11,0.0,0.11111111,0.0
2883,excitatory,11,0.0,0.0,0.33333334
2884,excitatory,11,5.0,2.4444444,1.8888888
2885,excitatory,11,0.0,0.22222222,0.0
2886,excitatory,11,0.44444445,0.5555556,0.11111111
2887,excitatory,11,0.0,0.11111111,0.0
2888,excitatory,11,0.0,0.11111111,0.0
2889,excitatory,11,0.0,0.11111111,0.0
2890,excitatory,11,5.5555553,14.666667,9.444445
2891,excitatory,11,7.0,12.222222,7.5555553
2892,excitatory,11,0.0,0.0,0.0
2893,inhibitory,11,4.2222223,2.2222223,2.7777777
2894,inhibitory,11,1.8888888,2.4444444,0.5555556
2895,excitatory,11,21.666666,22.0,29.444445
2896,excitatory,11,0.0,0.0,0.0
2897,excitatory,11,43.0,39.22222,49.22222
2898,excitatory,11,33.22222,36.11111,15.222222
2899,excitatory,11,0.0,0.0,0.0
2900,excitatory,11,0.0,0.0,0.11111111
2901,excitatory,11,0.0,0.0,0.0
2902,inhibitory,11,0.11111111,0.7777778,2.2222223
2903,excitatory,11,1.0,1.0,1.1111112
2904,excitatory,11,0.44444445,0.0,0.33333334
2905,excitatory,11,5.2222223,8.777778,36.11111
2906,excitatory,11,0.0,0.0,0.0
2907,excitatory,11,0.0,0.11111111,0.11111111
2908,excitatory,11,0.0,0.0,0.0
2909,excitatory,11,0.0,0.11111111,0.0
2910,excitatory,11,15.777778,17.444445,12.666667
2911,excitatory,11,2.6666667,1.7777778,0.44444445
2912,excitatory,11,0.0,0.0,0.0
2913,excitatory,11,14.444445,10.222222,12.111111
2914,excitatory,11,0.0,0.0,0.22222222
2915,inhibitory,11,1.2222222,0.44444445,0.0
2916,excitatory,11,0.8888889,1.5555556,0.6666667
2917,excitatory,11,39.11111,43.88889,25.777779
2918,excitatory,11,0.11111111,0.5555556,6.111111
2919,excitatory,11,0.0,0.0,0.0
2920,inhibitory,11,9.333333,5.5555553,13.111111
2921,excitatory,11,1.3333334,1.1111112,1.8888888
2922,excitatory,11,2.1111112,1.6666666,3.1111112
2923,excitatory,11,1.6666666,1.3333334,4.3333335
2924,excitatory,11,0.0,0.0,0.0
2925,excitatory,11,0.0,0.5555556,0.0
2926,excitatory,11,0.0,0.0,0.0
2927,excitatory,11,10.777778,12.0,12.222222
2928,excitatory,11,0.0,0.0,0.0
2929,excitatory,11,5.2222223,8.333333,33.444443
2930,excitatory,11,0.0,0.0,0.0
2931,inhibitory,11,88.333336,88.0,91.666664
2932,inhibitory,11,149.77777,150.22223,64.0
2933,excitatory,11,0.0,0.0,0.0
2934,excitatory,11,0.0,0.0,0.0
2935,inhibitory,11,16.333334,14.444445,2.5555556
2936,excitatory,11,0.22222222,0.44444445,0.11111111
2937,excitatory,11,25.555555,14.777778,10.333333
2938,excitatory,11,0.0,0.0,0.11111111
2939,excitatory,11,0.44444445,0.33333334,0.22222222
2940,inhibitory,11,17.333334,18.666666,13.666667
2941,inhibitory,11,3.6666667,4.6666665,7.888889
2942,inhibitory,11,0.8888889,0.33333334,1.1111112
2943,excitatory,11,0.7777778,1.1111112,1.2222222
2944,excitatory,11,0.0,0.0,0.0
2945,excitatory,11,7.5555553,4.5555553,10.0
2946,excitatory,11,0.0,0.0,0.11111111
2947,excitatory,11,0.33333334,0.11111111,2.2222223
2948,excitatory,11,14.222222,11.777778,32.11111
2949,excitatory,11,2.6666667,3.2222223,2.2222223
2950,excitatory,11,0.0,0.0,0.11111111
2951,excitatory,11,0.0,0.0,0.0
2952,inhibitory,11,38.11111,63.333332,37.11111
2953,excitatory,11,7.5555553,4.6666665,12.888889
2954,excitatory,11,0.0,2.0,1.3333334
2955,excitatory,11,0.0,0.0,0.0
2956,inhibitory,11,1.1111112,1.6666666,2.1111112
2957,excitatory,11,0.0,0.0,0.0
2958,excitatory,11,4.2222223,5.4444447,10.333333
2959,excitatory,11,28.777779,21.0,31.777779
2960,inhibitory,11,1.2222222,0.11111111,1.5555556
2961,excitatory,11,33.666668,26.555555,48.555557
2962,excitatory,11,0.0,0.22222222,0.11111111
2963,excitatory,11,0.0,0.0,0.0
2964,excitatory,11,0.0,0.0,0.0
2965,excitatory,11,0.11111111,0.11111111,0.11111111
2966,excitatory,11,0.0,0.0,0.0
2967,excitatory,11,1.5555556,1.1111112,1.0
2968,excitatory,11,0.22222222,0.44444445,0.0
2969,excitatory,11,0.0,0.44444445,0.44444445
2970,excitatory,11,0.0,0.0,0.0
2971,excitatory,11,0.11111111,0.0,0.11111111
2972,excitatory,11,0.0,0.0,0.11111111
2973,excitatory,11,0.0,0.0,0.0
2974,excitatory,11,0.0,0.33333334,0.11111111
2975,excitatory,11,0.6666667,1.2222222,1.6666666
2976,excitatory,11,0.5555556,0.6666667,0.11111111
2977,excitatory,11,1.0,3.0,0.7777778
2978,excitatory,11,0.0,0.0,0.0
2979,inhibitory,11,55.555557,50.11111,65.666664
2980,excitatory,11,2.2222223,3.2222223,2.2222223
2981,excitatory,11,0.11111111,0.5555556,0.33333334
2982,excitatory,11,5.3333335,6.5555553,19.0
2983,inhibitory,11,0.22222222,0.5555556,1.3333334
2984,excitatory,11,0.0,0.0,0.0
2985,excitatory,11,3.0,2.4444444,0.8888889
2986,excitatory,11,0.22222222,0.11111111,0.33333334
2987,inhibitory,11,12.555555,12.555555,12.444445
2988,inhibitory,11,9.555555,1.1111112,3.2222223
2989,excitatory,11,6.3333335,4.3333335,7.111111
2990,inhibitory,11,15.777778,15.222222,14.777778
2991,excitatory,11,0.44444445,0.22222222,1.5555556
2992,excitatory,11,0.0,0.0,0.0
2993,inhibitory,11,1.0,0.22222222,0.44444445
2994,excitatory,11,0.0,0.0,0.0
2995,inhibitory,11,0.0,1.0,0.0
2996,excitatory,11,1.4444444,0.5555556,11.666667
2997,excitatory,11,1.3333334,1.3333334,2.0
2998,excitatory,11,0.0,0.0,0.0
2999,excitatory,11,0.11111111,0.11111111,0.0
3000,excitatory,12,0.0,0.0,0.0
3001,excitatory,12,0.0,0.0,0.0
3002,excitatory,12,0.0,0.0,0.0
3003,inhibitory,12,0.0,0.0,0.0
3004,excitatory,12,12.333333,12.777778,22.333334
3005,excitatory,12,3.0,3.2222223,3.1111112
3006,excitatory,12,1.0,2.5555556,2.8888888
3007,excitatory,12,6.888889,6.6666665,16.333334
3008,excitatory,12,0.0,0.44444445,0.5555556
3009,excitatory,12,2.3333333,9.555555,0.7777778
3010,excitatory,12,6.2222223,3.8888888,5.888889
3011,inhibitory,12,0.11111111,0.5555556,0.44444445
3012,excitatory,12,0.0,0.0,0.0
3013,excitatory,12,0.0,0.0,0.11111111
3014,inhibitory,12,0.22222222,0.11111111,0.11111111
3015,excitatory,12,0.11111111,0.22222222,0.0
3016,excitatory,12,8.555555,5.888889,2.4444444
3017,excitatory,12,27.11111,20.666666,10.888889
3018,excitatory,12,0.0,0.22222222,0.0
3019,inhibitory,12,28.88889,43.333332,21.777779
3020,excitatory,12,2.6666667,2.0,3.1111112
3021,excitatory,12,0.0,0.0,0.11111111
3022,excitatory,12,16.777779,13.666667,19.333334
3023,inhibitory,12,260.44446,269.66666,230.88889
3024,excitatory,12,0.0,0.0,0.0
3025,excitatory,12,9.777778,9.444445,9.444445
3026,excitatory,12,17.88889,18.555555,25.333334
3027,excitatory,12,0.7777778,4.888889,0.8888889
3028,excitatory,12,11.777778,10.222222,17.0
3029,excitatory,12,14.222222,8.888889,7.7777777
3030,excitatory,12,0.0,0.0,0.8888889
3031,excitatory,12,0.0,0.11111111,0.0
3032,excitatory,12,0.0,0.0,0.0
3033,inhibitory,12,58.444443,31.333334,57.11111
3034,excitatory,12,0.22222222,0.33333334,1.0
3035,excitatory,12,0.0,0.22222222,0.0
3036,excitatory,12,0.5555556,0.6666667,0.33333334
3037,inhibitory,12,0.11111111,0.0,0.22222222
3038,excitatory,12,0.0,0.0,0.0
3039,inhibitory,12,21.444445,24.777779,27.444445
3040,excitatory,12,0.0,0.0,0.0
3041,excitatory,12,0.0,0.0,0.0
3042,excitatory,12,0.0,0.0,0.0
3043,excitatory,12,17.666666,11.555555,17.88889
3044,excitatory,12,32.77778,21.333334,19.555555
3045,inhibitory,12,0.11111111,0.7777778,0.5555556
3046,excitatory,12,2.1111112,2.8888888,2.3333333
3047,excitatory,12,0.0,0.0,0.11111111
3048,inhibitory,12,7.111111,2.2222223,21.11111
3049,excitatory,12,0.0,0.22222222,0.0
3050,inhibitory,12,4.7777777,0.5555556,1.5555556
3051,excitatory,12,0.11111111,0.7777778,0.33333334
3052,excitatory,12,0.0,0.0,0.0
3053,excitatory,12,7.111111,6.111111,9.333333
3054,excitatory,12,54.555557,55.333332,51.0
3055,excitatory,12,0.0,0.0,0.0
3056,excitatory,12,0.6666667,0.22222222,1.3333334
3057,excitatory,12,0.0,0.0,0.0
3058,excitatory,12,0.0,0.0,0.0
3059,excitatory,12,0.0,0.0,0.0
3060,inhibitory,12,0.0,0.33333334,0.11111111
3061,inhibitory,12,35.77778,35.88889,26.11111
3062,excitatory,12,0.11111111,0.11111111,0.0
3063,excitatory,12,0.0,0.22222222,0.0
3064,excitatory,12,0.0,0.0,0.0
3065,excitatory,12,4.4444447,2.4444444,1.2222222
3066,excitatory,12,4.3333335,4.5555553,1.2222222
3067,excitatory,12,2.0,4.3333335,3.5555556
3068,excitatory,12,12.111111,15.777778,16.333334
3069,excitatory,12,0.11111111,1.2222222,0.0
3070,excitatory,12,0.0,0.11111111,0.0
3071,excitatory,12,89.77778,92.22222,63.88889
3072,excitatory,12,0.0,0.0,0.0
3073,excitatory,12,0.0,0.0,0.11111111
3074,excitatory,12,0.0,0.0,0.0
3075,inhibitory,12,42.555557,71.77778,54.333332
3076,inhibitory,12,2.6666667,0.6666667,2.4444444
3077,excitatory,12,0.0,0.0,0.0
3078,excitatory,12,1.2222222,1.5555556,0.5555556
3079,excitatory,12,0.0,0.0,0.0
3080,excitatory,12,0.11111111,0.6666667,2.7777777
3081,excitatory,12,0.22222222,0.6666667,0.11111111
3082,excitatory,12,4.5555553,3.3333333,0.7777778
3083,excitatory,12,0.0,0.0,0.0
3084,inhibitory,12,0.0,0.11111111,0.0
3085,inhibitory,12,10.666667,12.111111,22.333334
3086,inhibitory,12,0.0,0.0,0.0
3087,inhibitory,12,15.111111,8.444445,19.444445
3088,excitatory,12,3.0,3.1111112,3.1111112
3089,inhibitory,12,2.2222223,7.111111,6.4444447
3090,excitatory,12,0.0,0.0,0.0
3091,excitatory,12,0.11111111,0.33333334,0.22222222
3092,excitatory,12,0.0,0.22222222,0.11111111
3093,excitatory,12,0.0,0.0,0.0
3094,excitatory,12,56.11111,60.333332,62.555557
3095,excitatory,12,0.0,0.0,0.0
3096,excitatory,12,3.5555556,4.111111,1.3333334
3097,excitatory,12,0.0,0.0,0.0
3098,excitatory,12,0.11111111,0.33333334,0.44444445
3099,inhibitory,12,8.555555,4.3333335,0.33333334
3100,excitatory,12,0.0,0.0,0.33333334
3101,excitatory,12,0.0,0.0,0.0
3102,excitatory,12,0.33333334,0.11111111,0.22222222
3103,excitatory,12,0.0,0.0,0.0
3104,excitatory,12,0.0,0.0,0.0
3105,excitatory,12,0.11111111,0.44444445,0.5555556
3106,excitatory,12,0.0,0.0,0.0
3107,excitatory,12,0.0,0.0,0.0
3108,excitatory,12,0.0,0.0,0.0
3109,excitatory,12,0.0,0.0,0.0
3110,excitatory,12,0.22222222,0.22222222,0.0
3111,inhibitory,12,0.11111111,0.33333334,0.0
3112,excitatory,12,4.2222223,5.888889,1.8888888
3113,excitatory,12,3.0,2.5555556,2.7777777
3114,excitatory,12,0.0,0.11111111,0.0
3115,excitatory,12,19.222221,16.555555,16.777779
3116,excitatory,12,0.0,0.11111111,0.11111111
3117,excitatory,12,39.555557,29.88889,35.555557
3118,inhibitory,12,8.777778,22.11111,8.333333
3119,inhibitory,12,210.33333,171.88889,79.666664
3120,inhibitory,12,7.111111,8.666667,10.555555
3121,excitatory,12,0.0,0.0,0.0
3122,excitatory,12,0.0,0.0,0.0
3123,excitatory,12,0.0,0.33333334,0.22222222
3124,excitatory,12,0.5555556,0.33333334,0.7777778
3125,excitatory,12,1.6666666,8.111111,2.6666667
3126,excitatory,12,3.2222223,3.1111112,2.6666667
3127,excitatory,12,4.2222223,3.8888888,11.0
3128,inhibitory,12,2.6666667,2.0,2.3333333
3129,excitatory,12,0.0,0.11111111,0.7777778
3130,excitatory,12,0.0,0.0,0.0
3131,excitatory,12,20.555555,26.222221,14.111111
3132,excitatory,12,5.0,3.5555556,2.4444444
3133,excitatory,12,0.0,0.11111111,0.0
3134,excitatory,12,3.7777777,4.888889,5.6666665
3135,excitatory,12,0.22222222,0.11111111,0.33333334
3136,excitatory,12,180.66667,185.33333,140.66667
3137,inhibitory,12,9.888889,11.222222,1.8888888
3138,excitatory,12,0.0,0.22222222,0.11111111
3139,excitatory,12,11.777778,16.444445,15.555555
3140,excitatory,12,1.1111112,1.4444444,0.44444445
3141,inhibitory,12,7.888889,2.0,1.4444444
3142,inhibitory,12,1.1111112,1.6666666,2.3333333
3143,excitatory,12,0.22222222,0.0,1.1111112
3144,excitatory,12,0.33333334,0.5555556,0.5555556
3145,excitatory,12,0.33333334,0.5555556,0.22222222
3146,excitatory,12,0.11111111,0.0,0.11111111
3147,excitatory,12,0.0,0.11111111,0.8888889
3148,excitatory,12,2.0,9.555555,5.7777777
3149,excitatory,12,19.222221,19.11111,18.444445
3150,inhibitory,12,25.0,25.88889,30.222221
3151,excitatory,12,9.777778,13.444445,20.444445
3152,excitatory,12,0.0,0.0,0.0
3153,excitatory,12,0.33333334,0.11111111,0.33333334
3154,excitatory,12,1.7777778,1.2222222,0.0
3155,excitatory,12,0.0,0.0,0.0
3156,excitatory,12,0.0,0.11111111,0.11111111
3157,excitatory,12,8.111111,7.111111,13.777778
3158,excitatory,12,0.0,0.0,0.0
3159,excitatory,12,0.0,0.0,0.44444445
3160,excitatory,12,1.7777778,0.8888889,1.7777778
3161,excitatory,12,0.0,0.0,0.0
3162,excitatory,12,0.0,0.0,0.0
3163,excitatory,12,0.22222222,0.33333334,0.7777778
3164,excitatory,12,0.8888889,0.6666667,0.5555556
3165,excitatory,12,0.0,0.22222222,0.0
3166,excitatory,12,8.111111,14.666667,7.888889
3167,excitatory,12,0.33333334,0.22222222,0.7777778
3168,excitatory,12,4.888889,7.2222223,5.4444447
3169,excitatory,12,10.777778,10.222222,22.88889
3170,excitatory,12,3.2222223,5.4444447,7.0
3171,excitatory,12,0.0,0.0,1.1111112
3172,inhibitory,12,0.0,0.22222222,0.5555556
3173,excitatory,12,8.888889,11.888889,4.111111
3174,excitatory,12,8.444445,19.333334,7.2222223
3175,excitatory,12,0.0,0.0,0.0
3176,excitatory,12,0.5555556,1.5555556,2.4444444
3177,excitatory,12,3.3333333,8.555555,22.333334
3178,inhibitory,12,17.0,14.888889,34.77778
3179,excitatory,12,0.0,0.0,0.0
3180,inhibitory,12,24.0,42.444443,15.0
3181,excitatory,12,3.1111112,3.5555556,3.1111112
3182,excitatory,12,50.333332,46.77778,45.444443
3183,excitatory,12,0.6666667,0.0,0.0
3184,excitatory,12,0.33333334,0.6666667,1.3333334
3185,excitatory,12,0.11111111,0.0,0.0
3186,excitatory,12,0.33333334,1.2222222,5.5555553
3187,inhibitory,12,33.0,37.0,30.666666
3188,excitatory,12,1.2222222,0.7777778,0.0
3189,inhibitory,12,0.44444445,3.7777777,0.7777778
3190,excitatory,12,0.0,0.0,0.44444445
3191,excitatory,12,0.33333334,0.22222222,0.0
3192,excitatory,12,0.0,0.0,0.0
3193,excitatory,12,0.33333334,3.2222223,0.0
3194,excitatory,12,43.11111,33.77778,48.444443
3195,inhibitory,12,0.11111111,0.33333334,0.11111111
3196,excitatory,12,1.7777778,1.8888888,1.3333334
3197,excitatory,12,1.0,0.6666667,2.2222223
3198,excitatory,12,79.111115,83.55556,59.0
3199,excitatory,12,9.444445,4.6666665,5.7777777
3200,excitatory,12,0.44444445,0.22222222,1.6666666
3201,excitatory,12,4.111111,4.3333335,5.3333335
3202,excitatory,12,0.0,0.22222222,0.22222222
3203,excitatory,12,0.0,0.0,0.0
3204,excitatory,12,0.0,0.0,0.44444445
3205,excitatory,12,5.0,6.7777777,4.2222223
3206,inhibitory,12,1.2222222,0.11111111,0.11111111
3207,excitatory,12,7.5555553,5.111111,0.8888889
3208,excitatory,12,0.0,0.0,0.0
3209,excitatory,12,2.4444444,2.6666667,1.3333334
3210,excitatory,12,8.444445,5.5555553,9.777778
3211,inhibitory,12,3.6666667,6.111111,32.0
3212,inhibitory,12,0.8888889,0.5555556,0.11111111
3213,excitatory,12,0.11111111,0.11111111,0.0
3214,excitatory,12,0.22222222,1.0,1.2222222
3215,excitatory,12,2.5555556,1.6666666,1.3333334
3216,excitatory,12,0.0,0.0,0.0
3217,excitatory,12,0.0,0.0,0.0
3218,excitatory,12,0.0,0.0,0.0
3219,excitatory,12,5.2222223,9.333333,4.2222223
3220,excitatory,12,0.22222222,0.0,0.22222222
3221,excitatory,12,0.0,4.111111,0.22222222
3222,excitatory,12,0.11111111,0.11111111,0.0
3223,excitatory,12,10.111111,15.444445,12.888889
3224,excitatory,12,0.0,0.0,0.0
3225,excitatory,12,0.0,0.0,0.0
3226,inhibitory,12,24.666666,25.11111,27.777779
3227,excitatory,12,0.0,0.11111111,0.0
3228,excitatory,12,0.0,0.0,0.0
3229,inhibitory,12,0.6666667,0.0,1.5555556
3230,excitatory,12,4.2222223,0.7777778,2.6666667
3231,excitatory,12,0.0,0.0,0.0
3232,excitatory,12,0.0,0.0,0.0
3233,excitatory,12,0.0,0.0,0.0
3234,excitatory,12,0.44444445,1.2222222,0.6666667
3235,excitatory,12,0.0,0.0,0.0
3236,inhibitory,12,10.777778,7.4444447,6.4444447
3237,excitatory,12,0.0,0.0,0.0
3238,excitatory,12,3.7777777,6.3333335,14.444445
3239,excitatory,12,0.0,0.0,0.5555556
3240,excitatory,12,0.8888889,0.33333334,0.5555556
3241,excitatory,12,0.0,0.33333334,0.11111111
3242,excitatory,12,0.0,0.11111111,0.0
3243,inhibitory,12,11.777778,13.666667,5.4444447
3244,inhibitory,12,19.0,19.0,14.444445
3245,excitatory,12,12.222222,10.333333,18.0
3246,excitatory,12,2.3333333,0.5555556,0.22222222
3247,inhibitory,12,4.6666665,4.7777777,3.3333333
3248,excitatory,12,2.1111112,2.1111112,0.5555556
3249,excitatory,12,2.2222223,1.6666666,0.6666667
3250,excitatory,13,7.4444447,7.4444447,0.7777778
3251,excitatory,13,0.0,0.0,0.0
3252,inhibitory,13,7.3333335,6.888889,4.111111
3253,excitatory,13,0.0,0.7777778,1.3333334
3254,inhibitory,13,15.0,1.1111112,8.666667
3255,excitatory,13,9.777778,7.7777777,5.4444447
3256,excitatory,13,0.0,0.5555556,0.0
3257,excitatory,13,0.11111111,0.11111111,0.0
3258,excitatory,13,8.666667,9.333333,2.2222223
3259,excitatory,13,0.11111111,0.22222222,0.0
3260,excitatory,13,1.1111112,0.11111111,1.6666666
3261,excitatory,13,0.0,0.0,0.0
3262,excitatory,13,28.333334,22.444445,12.888889
3263,excitatory,13,5.3333335,3.7777777,1.4444444
3264,excitatory,13,14.555555,26.444445,15.111111
3265,inhibitory,13,0.0,0.22222222,0.0
3266,inhibitory,13,84.111115,93.666664,67.0
3267,excitatory,13,1.6666666,0.8888889,0.7777778
3268,excitatory,13,0.6666667,3.1111112,0.0
3269,excitatory,13,0.0,0.0,0.0
3270,excitatory,13,0.0,0.11111111,0.11111111
3271,inhibitory,13,110.666664,115.333336,93.111115
3272,excitatory,13,3.1111112,6.3333335,1.2222222
3273,excitatory,13,0.0,0.0,0.0
3274,excitatory,13,0.22222222,0.0,0.0
3275,excitatory,13,0.33333334,0.0,0.0
3276,inhibitory,13,14.888889,12.666667,8.666667
3277,excitatory,13,0.0,0.11111111,0.22222222
3278,excitatory,13,0.0,0.0,0.0
3279,excitatory,13,20.11111,32.666668,7.4444447
3280,excitatory,13,3.8888888,2.0,18.11111
3281,excitatory,13,0.0,0.0,0.0
3282,inhibitory,13,0.0,0.11111111,0.0
3283,excitatory,13,0.11111111,0.0,0.22222222
3284,excitatory,13,5.111111,5.888889,1.6666666
3285,excitatory,13,0.0,0.0,0.0
3286,excitatory,13,0.0,0.7777778,0.33333334
3287,inhibitory,13,13.333333,27.0,11.666667
3288,excitatory,13,0.7777778,1.8888888,0.0
3289,inhibitory,13,8.666667,3.6666667,1.6666666
3290,excitatory,13,5.111111,5.888889,29.777779
3291,excitatory,13,0.11111111,0.0,0.11111111
3292,excitatory,13,0.0,0.0,1.0
3293,inhibitory,13,0.0,0.11111111,0.0
3294,excitatory,13,1.8888888,1.4444444,1.3333334
3295,excitatory,13,7.4444447,9.111111,14.333333
3296,excitatory,13,0.0,0.8888889,0.6666667
3297,excitatory,13,0.0,0.0,0.0
3298,excitatory,13,0.0,0.0,0.0
3299,excitatory,13,0.0,0.0,0.11111111
3300,excitatory,13,0.11111111,0.33333334,0.22222222
3301,excitatory,13,1.5555556,2.6666667,3.3333333
3302,excitatory,13,0.11111111,0.22222222,0.22222222
3303,excitatory,13,5.111111,5.3333335,4.3333335
3304,excitatory,13,0.0,0.0,0.0
3305,excitatory,13,0.0,0.0,0.0
3306,inhibitory,13,1.8888888,0.7777778,0.8888889
3307,inhibitory,13,46.22222,65.888885,44.666668
3308,inhibitory,13,0.0,0.0,0.0
3309,excitatory,13,0.0,0.0,0.0
3310,excitatory,13,0.0,0.5555556,0.0
3311,inhibitory,13,4.7777777,4.888889,3.3333333
3312,excitatory,13,53.555557,56.0,32.555557
3313,inhibitory,13,0.11111111,0.33333334,0.0
3314,excitatory,13,0.0,0.0,0.0
3315,excitatory,13,0.0,0.0,0.22222222
3316,inhibitory,13,0.0,0.44444445,0.22222222
3317,excitatory,13,0.0,0.5555556,0.11111111
3318,excitatory,13,0.11111111,0.44444445,0.33333334
3319,excitatory,13,0.0,0.22222222,0.11111111
3320,inhibitory,13,33.333332,20.444445,2.4444444
3321,excitatory,13,17.222221,24.11111,23.222221
3322,excitatory,13,1.4444444,2.4444444,3.6666667
3323,excitatory,13,0.33333334,0.22222222,0.5555556
3324,excitatory,13,0.0,0.0,0.0
3325,excitatory,13,0.0,0.0,0.0
3326,inhibitory,13,23.444445,13.0,15.222222
3327,excitatory,13,4.7777777,5.888889,0.8888889
3328,excitatory,13,2.5555556,6.6666665,1.0
3329,excitatory,13,0.0,0.11111111,0.0
3330,inhibitory,13,8.888889,16.555555,4.6666665
3331,excitatory,13,0.0,0.0,0.0
3332,excitatory,13,0.0,0.0,0.0
3333,excitatory,13,0.0,0.0,0.0
3334,inhibitory,13,0.0,0.0,0.0
3335,excitatory,13,5.2222223,4.2222223,3.1111112
3336,excitatory,13,0.0,0.0,0.0
3337,excitatory,13,0.0,0.0,0.22222222
3338,excitatory,13,0.0,0.0,0.0
3339,excitatory,13,22.444445,29.222221,30.222221
3340,excitatory,13,0.0,0.6666667,0.0
3341,excitatory,13,5.111111,7.888889,1.2222222
3342,inhibitory,13,0.22222222,0.33333334,1.4444444
3343,excitatory,13,0.0,0.0,0.0
3344,excitatory,13,0.0,0.0,0.0
3345,excitatory,13,10.333333,9.666667,4.4444447
3346,excitatory,13,0.44444445,1.0,0.44444445
3347,excitatory,13,1.2222222,2.8888888,1.3333334
3348,inhibitory,13,66.77778,81.333336,60.666668
3349,excitatory,13,7.5555553,16.0,20.333334
3350,excitatory,13,0.8888889,2.2222223,2.3333333
3351,inhibitory,13,2.0,2.5555556,5.0
3352,excitatory,13,0.22222222,0.22222222,0.6666667
3353,excitatory,13,26.88889,25.11111,14.555555
3354,excitatory,13,5.5555553,5.888889,8.555555
3355,excitatory,13,0.0,0.0,0.5555556
3356,excitatory,13,0.11111111,0.0,0.0
3357,excitatory,13,28.0,21.88889,5.7777777
3358,excitatory,13,0.0,0.0,0.0
3359,excitatory,13,0.11111111,0.0,0.22222222
3360,excitatory,13,3.7777777,10.666667,1.4444444
3361,excitatory,13,5.111111,4.888889,11.0
3362,inhibitory,13,0.6666667,0.5555556,2.2222223
3363,inhibitory,13,7.888889,5.2222223,9.444445
3364,excitatory,13,0.0,0.0,0.0
3365,excitatory,13,0.33333334,0.44444445,0.0
3366,excitatory,13,0.0,0.0,0.0
3367,inhibitory,13,0.44444445,0.7777778,3.0
3368,excitatory,13,94.55556,75.55556,85.44444
3369,excitatory,13,3.1111112,2.7777777,0.6666667
3370,excitatory,13,0.0,0.0,0.0
3371,excitatory,13,15.555555,20.222221,19.444445
3372,excitatory,13,0.0,0.0,0.0
3373,excitatory,13,0.0,0.0,0.0
3374,excitatory,13,0.0,0.0,0.0
3375,excitatory,13,10.777778,12.333333,10.777778
3376,excitatory,13,0.5555556,0.33333334,2.7777777
3377,inhibitory,13,0.0,0.11111111,0.11111111
3378,inhibitory,13,11.444445,12.0,1.4444444
3379,excitatory,13,1.5555556,1.4444444,1.4444444
3380,inhibitory,13,0.0,0.0,0.0
3381,excitatory,13,0.0,0.0,0.0
3382,excitatory,13,0.0,0.22222222,2.2222223
3383,excitatory,13,0.11111111,1.0,0.22222222
3384,excitatory,13,0.0,0.0,0.0
3385,excitatory,13,0.0,0.11111111,3.6666667
3386,excitatory,13,0.0,0.0,0.0
3387,excitatory,13,0.0,0.0,0.0
3388,inhibitory,13,84.0,91.888885,206.55556
3389,inhibitory,13,0.0,0.8888889,0.0
3390,excitatory,13,0.0,0.11111111,0.0
3391,excitatory,13,0.11111111,0.11111111,0.0
3392,excitatory,13,0.0,0.5555556,0.0
3393,excitatory,13,1.6666666,1.7777778,11.777778
3394,excitatory,13,10.444445,9.777778,8.444445
3395,excitatory,13,0.6666667,0.6666667,0.0
3396,excitatory,13,0.0,5.2222223,0.0
3397,excitatory,13,0.0,0.0,0.0
3398,excitatory,13,0.0,0.0,0.0
3399,inhibitory,13,3.7777777,4.888889,2.5555556
3400,excitatory,13,0.0,0.0,0.0
3401,excitatory,13,0.0,0.0,0.0
3402,inhibitory,13,1.8888888,2.5555556,1.3333334
3403,inhibitory,13,7.6666665,8.222222,0.5555556
3404,excitatory,13,0.0,0.0,0.0
3405,inhibitory,13,0.0,0.0,0.22222222
3406,excitatory,13,0.0,0.0,0.0
3407,excitatory,13,0.11111111,0.44444445,0.0
3408,excitatory,13,0.44444445,0.11111111,0.0
3409,excitatory,13,0.0,0.0,0.0
3410,excitatory,13,0.22222222,1.5555556,1.8888888
3411,excitatory,13,0.0,0.0,0.5555556
3412,excitatory,13,0.33333334,0.0,0.0
3413,inhibitory,13,179.0,170.44444,124.888885
3414,excitatory,13,0.7777778,0.6666667,0.33333334
3415,excitatory,13,8.555555,4.0,4.0
3416,excitatory,13,0.0,0.0,0.22222222
3417,excitatory,13,0.0,2.2222223,0.11111111
3418,excitatory,13,0.0,0.0,0.0
3419,excitatory,13,0.0,0.0,0.11111111
3420,inhibitory,13,23.88889,40.555557,9.333333
3421,excitatory,13,1.8888888,1.6666666,1.0
3422,excitatory,13,16.0,18.0,20.222221
3423,excitatory,13,0.0,0.0,0.0
3424,excitatory,13,0.0,0.0,0.0
3425,excitatory,13,0.5555556,0.0,0.8888889
3426,excitatory,13,0.44444445,0.5555556,0.0
3427,excitatory,13,6.2222223,2.7777777,9.111111
3428,inhibitory,13,7.0,12.333333,9.333333
3429,excitatory,13,0.0,0.11111111,0.22222222
3430,excitatory,13,17.222221,11.333333,13.111111
3431,excitatory,13,1.7777778,4.4444447,0.6666667
3432,excitatory,13,0.0,0.0,0.0
3433,inhibitory,13,3.1111112,4.111111,1.2222222
3434,excitatory,13,0.0,0.11111111,0.0
3435,excitatory,13,7.0,5.6666665,2.4444444
3436,excitatory,13,0.11111111,0.0,0.0
3437,excitatory,13,8.222222,5.4444447,7.111111
3438,inhibitory,13,0.7777778,0.22222222,0.22222222
3439,excitatory,13,0.0,6.111111,0.11111111
3440,excitatory,13,3.4444444,4.4444447,2.3333333
3441,excitatory,13,5.0,3.6666667,9.666667
3442,excitatory,13,3.0,3.3333333,2.1111112
3443,excitatory,13,0.11111111,0.11111111,0.0
3444,excitatory,13,2.1111112,2.0,9.111111
3445,inhibitory,13,0.0,0.0,0.0
3446,inhibitory,13,249.55556,194.0,257.1111
3447,inhibitory,13,3.3333333,3.5555556,1.1111112
3448,excitatory,13,0.5555556,1.5555556,0.11111111
3449,inhibitory,13,10.0,27.777779,17.88889
3450,inhibitory,13,14.777778,20.333334,33.444443
3451,excitatory,13,0.0,0.0,0.22222222
3452,excitatory,13,10.777778,12.777778,9.0
3453,excitatory,13,0.0,0.11111111,0.0
3454,excitatory,13,0.0,0.0,0.0
3455,excitatory,13,0.11111111,0.8888889,0.7777778
3456,excitatory,13,5.2222223,6.7777777,1.6666666
3457,inhibitory,13,25.222221,10.666667,15.888889
3458,excitatory,13,0.0,0.0,0.0
3459,excitatory,13,0.0,0.0,0.0
3460,excitatory,13,0.44444445,0.22222222,0.33333334
3461,excitatory,13,0.0,0.0,0.0
3462,excitatory,13,0.0,0.0,0.0
3463,excitatory,13,0.0,0.0,0.0
3464,inhibitory,13,1.8888888,2.8888888,3.4444444
3465,excitatory,13,2.8888888,1.5555556,0.11111111
3466,excitatory,13,50.0,40.333332,55.22222
3467,excitatory,13,0.6666667,0.11111111,0.0
3468,excitatory,13,8.666667,9.666667,7.6666665
3469,excitatory,13,0.0,0.0,0.0
3470,inhibitory,13,1.8888888,1.7777778,0.33333334
3471,inhibitory,13,0.0,0.0,0.33333334
3472,excitatory,13,1.6666666,0.8888889,2.5555556
3473,excitatory,13,0.11111111,0.11111111,0.22222222
3474,excitatory,13,4.3333335,6.7777777,5.111111
3475,excitatory,13,0.0,0.11111111,0.22222222
3476,excitatory,13,12.0,19.11111,17.11111
3477,inhibitory,13,6.0,4.7777777,4.0
3478,excitatory,13,0.0,0.6666667,0.0
3479,excitatory,13,0.0,6.7777777,7.888889
3480,excitatory,13,3.0,2.1111112,1.8888888
3481,excitatory,13,32.22222,39.444443,61.88889
3482,excitatory,13,18.333334,28.11111,8.333333
3483,excitatory,13,2.1111112,1.2222222,0.5555556
3484,excitatory,13,3.6666667,2.0,3.4444444
3485,excitatory,13,0.22222222,1.3333334,2.6666667
3486,excitatory,13,0.22222222,0.33333334,0.33333334
3487,excitatory,13,0.0,0.0,0.0
3488,excitatory,13,1.7777778,3.2222223,4.0
3489,inhibitory,13,5.7777777,8.555555,7.888889
3490,excitatory,13,0.0,0.0,0.0
3491,excitatory,13,0.11111111,1.3333334,0.22222222
3492,excitatory,13,0.0,0.0,0.0
3493,excitatory,13,0.0,0.11111111,0.0
3494,inhibitory,13,0.22222222,1.6666666,2.3333333
3495,excitatory,13,0.0,0.0,0.44444445
3496,excitatory,13,6.3333335,3.4444444,5.111111
3497,excitatory,13,3.5555556,3.2222223,5.3333335
3498,inhibitory,13,99.22222,94.333336,52.666668
3499,excitatory,13,0.0,0.0,0.0
3500,excitatory,14,0.33333334,0.22222222,0.11111111
3501,excitatory,14,0.11111111,0.0,0.0
3502,excitatory,14,0.0,0.0,0.0
3503,excitatory,14,0.0,0.22222222,0.7777778
3504,inhibitory,14,21.11111,17.555555,10.333333
3505,excitatory,14,1.7777778,0.7777778,3.6666667
3506,excitatory,14,0.0,0.0,0.0
3507,inhibitory,14,1.2222222,1.2222222,2.1111112
3508,excitatory,14,0.0,0.0,0.0
3509,excitatory,14,8.888889,10.0,8.333333
3510,inhibitory,14,3.5555556,5.0,12.666667
3511,excitatory,14,0.0,0.0,0.0
3512,excitatory,14,3.5555556,2.8888888,5.2222223
3513,excitatory,14,0.0,0.0,0.0
3514,excitatory,14,11.222222,11.111111,6.4444447
3515,inhibitory,14,2.1111112,3.1111112,0.6666667
3516,excitatory,14,0.0,0.11111111,0.0
3517,excitatory,14,0.0,0.0,0.11111111
3518,excitatory,14,0.5555556,1.2222222,0.5555556
3519,excitatory,14,12.111111,6.5555553,9.333333
3520,excitatory,14,0.0,0.0,0.0
3521,excitatory,14,0.33333334,0.0,2.5555556
3522,excitatory,14,0.0,0.0,0.0
3523,excitatory,14,8.111111,4.888889,16.666666
3524,excitatory,14,0.0,0.0,0.0
3525,excitatory,14,0.22222222,0.0,1.0
3526,excitatory,14,0.0,0.0,0.0
3527,excitatory,14,0.0,0.0,0.0
3528,excitatory,14,0.0,0.33333334,0.44444445
3529,excitatory,14,0.0,0.11111111,0.11111111
3530,excitatory,14,4.3333335,2.3333333,0.33333334
3531,excitatory,14,0.0,0.0,0.0
3532,excitatory,14,0.0,0.0,0.0
3533,excitatory,14,0.0,0.0,0.0
3534,inhibitory,14,15.333333,41.666668,38.0
3535,excitatory,14,0.0,0.0,0.0
3536,excitatory,14,31.666666,29.88889,31.555555
3537,inhibitory,14,4.2222223,7.2222223,14.333333
3538,excitatory,14,0.33333334,0.0,0.0
3539,excitatory,14,0.0,0.0,0.0
3540,excitatory,14,0.0,0.0,0.0
3541,excitatory,14,0.0,0.0,0.11111111
3542,excitatory,14,0.11111111,0.0,0.8888889
3543,inhibitory,14,25.88889,33.333332,34.0
3544,excitatory,14,0.0,0.0,0.0
3545,excitatory,14,8.777778,11.444445,3.8888888
3546,inhibitory,14,0.11111111,0.6666667,14.0
3547,excitatory,14,2.6666667,1.3333334,0.22222222
3548,excitatory,14,0.0,0.0,0.0
3549,excitatory,14,0.0,0.0,0.0
3550,excitatory,14,2.0,6.3333335,7.5555553
3551,excitatory,14,0.33333334,4.111111,0.5555556
3552,excitatory,14,0.0,1.0,0.33333334
3553,excitatory,14,2.3333333,3.0,2.6666667
3554,excitatory,14,22.11111,31.777779,8.444445
3555,excitatory,14,0.11111111,0.0,0.0
3556,excitatory,14,0.0,0.0,0.0
3557,excitatory,14,0.0,0.0,0.8888889
3558,excitatory,14,0.0,0.6666667,0.11111111
3559,excitatory,14,0.0,0.0,0.44444445
3560,excitatory,14,2.1111112,1.6666666,1.2222222
3561,excitatory,14,2.1111112,1.7777778,0.22222222
3562,excitatory,14,0.11111111,0.0,0.0
3563,excitatory,14,0.0,0.0,0.0
3564,excitatory,14,0.0,0.0,0.0
3565,excitatory,14,0.0,0.0,0.0
3566,excitatory,14,0.0,0.0,0.0
3567,excitatory,14,0.0,0.0,0.0
3568,excitatory,14,6.111111,6.2222223,6.7777777
3569,excitatory,14,0.6666667,4.0,8.666667
3570,excitatory,14,42.333332,32.666668,46.77778
3571,excitatory,14,0.22222222,0.44444445,0.6666667
3572,inhibitory,14,3.1111112,10.777778,6.6666665
3573,excitatory,14,0.11111111,0.33333334,0.0
3574,excitatory,14,0.0,0.0,0.0
3575,excitatory,14,2.8888888,1.3333334,0.7777778
3576,excitatory,14,0.44444445,0.11111111,0.6666667
3577,inhibitory,14,3.6666667,3.4444444,0.7777778
3578,excitatory,14,0.0,0.0,0.0
3579,excitatory,14,9.555555,13.444445,8.111111
3580,excitatory,14,0.11111111,0.11111111,0.0
3581,excitatory,14,0.0,0.0,0.0
3582,excitatory,14,0.0,0.0,0.0
3583,excitatory,14,2.1111112,2.5555556,10.111111
3584,excitatory,14,0.22222222,0.22222222,0.11111111
3585,excitatory,14,0.0,0.0,0.0
3586,excitatory,14,0.0,0.0,0.22222222
3587,excitatory,14,0.0,0.0,0.0
3588,excitatory,14,7.888889,3.0,7.0
3589,inhibitory,14,0.22222222,0.11111111,0.0
3590,inhibitory,14,2.7777777,2.1111112,0.0
3591,inhibitory,14,94.22222,83.44444,68.55556
3592,excitatory,14,0.0,0.11111111,0.0
3593,excitatory,14,3.7777777,2.8888888,2.0
3594,excitatory,14,0.0,0.22222222,0.0
3595,excitatory,14,0.5555556,0.11111111,0.0
3596,excitatory,14,0.0,0.0,0.0
3597,excitatory,14,0.0,0.0,0.0
3598,excitatory,14,0.33333334,0.0,0.5555556
3599,excitatory,14,1.6666666,1.7777778,2.3333333
3600,excitatory,14,0.7777778,3.5555556,1.6666666
3601,excitatory,14,0.0,0.0,0.22222222
3602,excitatory,14,4.7777777,1.1111112,4.2222223
3603,excitatory,14,0.0,0.11111111,0.0
3604,excitatory,14,20.0,20.444445,28.777779
3605,inhibitory,14,0.22222222,0.7777778,1.5555556
3606,excitatory,14,5.111111,2.6666667,3.8888888
3607,inhibitory,14,1.7777778,2.6666667,2.4444444
3608,excitatory,14,2.5555556,2.2222223,1.8888888
3609,inhibitory,14,25.333334,21.555555,47.555557
3610,excitatory,14,1.8888888,2.6666667,3.5555556
3611,excitatory,14,0.33333334,0.7777778,0.33333334
3612,excitatory,14,0.0,0.0,0.0
3613,excitatory,14,11.555555,13.888889,11.888889
3614,excitatory,14,1.1111112,1.8888888,0.7777778
3615,excitatory,14,38.22222,41.88889,67.22222
3616,excitatory,14,13.0,12.0,5.888889
3617,excitatory,14,2.7777777,8.222222,9.222222
3618,excitatory,14,0.0,0.0,0.0
3619,excitatory,14,0.0,0.0,0.0
3620,excitatory,14,1.3333334,2.1111112,3.6666667
3621,excitatory,14,0.22222222,0.7777778,1.2222222
3622,excitatory,14,3.6666667,4.888889,2.5555556
3623,excitatory,14,0.11111111,0.7777778,0.11111111
3624,excitatory,14,0.11111111,0.0,0.0
3625,excitatory,14,6.0,4.6666665,0.0
3626,excitatory,14,0.0,0.44444445,0.22222222
3627,excitatory,14,0.0,0.0,0.0
3628,excitatory,14,0.33333334,1.4444444,2.5555556
3629,inhibitory,14,4.111111,4.111111,4.0
3630,excitatory,14,0.0,0.0,0.11111111
3631,excitatory,14,0.0,0.0,0.0
3632,excitatory,14,0.0,0.0,0.0
3633,excitatory,14,0.8888889,0.0,0.22222222
3634,inhibitory,14,60.666668,61.444443,37.22222
3635,excitatory,14,0.0,0.0,0.0
3636,excitatory,14,0.0,0.0,0.0
3637,excitatory,14,0.0,0.0,0.0
3638,excitatory,14,0.0,0.0,0.0
3639,inhibitory,14,0.44444445,0.0,0.44444445
3640,excitatory,14,0.5555556,0.7777778,0.0
3641,inhibitory,14,0.0,0.0,0.0
3642,excitatory,14,0.11111111,0.11111111,1.6666666
3643,inhibitory,14,0.33333334,0.22222222,0.11111111
3644,excitatory,14,0.0,0.0,0.0
3645,excitatory,14,2.2222223,0.6666667,1.2222222
3646,excitatory,14,3.7777777,3.1111112,5.0
3647,excitatory,14,0.0,0.0,0.0
3648,inhibitory,14,2.5555556,13.333333,0.0
3649,excitatory,14,7.3333335,8.0,8.111111
3650,excitatory,14,0.11111111,0.11111111,4.6666665
3651,excitatory,14,0.33333334,0.0,0.0
3652,inhibitory,14,24.222221,30.666666,17.444445
3653,excitatory,14,0.0,0.0,0.0
3654,inhibitory,14,0.11111111,0.0,0.0
3655,excitatory,14,0.44444445,0.0,1.4444444
3656,excitatory,14,0.0,0.0,0.0
3657,inhibitory,14,43.555557,39.0,24.333334
3658,excitatory,14,0.0,0.33333334,0.33333334
3659,inhibitory,14,0.0,0.0,0.0
3660,excitatory,14,0.8888889,1.4444444,0.22222222
3661,excitatory,14,1.8888888,2.2222223,0.6666667
3662,inhibitory,14,35.555557,35.77778,49.77778
3663,excitatory,14,41.77778,44.555557,25.777779
3664,excitatory,14,5.6666665,1.6666666,3.8888888
3665,excitatory,14,0.0,0.22222222,0.7777778
3666,excitatory,14,0.0,0.11111111,0.0
3667,excitatory,14,0.0,0.0,0.0
3668,inhibitory,14,5.4444447,3.5555556,8.444445
3669,excitatory,14,0.11111111,0.0,0.0
3670,excitatory,14,0.0,0.0,0.0
3671,excitatory,14,0.0,0.0,0.6666667
3672,excitatory,14,9.0,7.4444447,9.555555
3673,excitatory,14,26.222221,24.88889,23.444445
3674,excitatory,14,0.0,0.0,0.0
3675,excitatory,14,0.0,0.7777778,0.33333334
3676,excitatory,14,23.222221,29.222221,7.3333335
3677,excitatory,14,0.0,0.0,0.0
3678,excitatory,14,17.222221,22.11111,13.444445
3679,excitatory,14,0.11111111,1.1111112,0.0
3680,excitatory,14,0.11111111,0.0,3.3333333
3681,excitatory,14,1.5555556,0.7777778,0.22222222
3682,excitatory,14,0.0,0.0,0.0
3683,excitatory,14,0.22222222,0.11111111,0.33333334
3684,excitatory,14,0.0,0.0,0.0
3685,inhibitory,14,57.0,92.333336,43.555557
3686,excitatory,14,0.0,0.0,0.0
3687,excitatory,14,8.222222,15.444445,18.333334
3688,excitatory,14,0.8888889,0.8888889,1.4444444
3689,inhibitory,14,0.11111111,0.0,0.0
3690,excitatory,14,0.0,0.0,0.0
3691,excitatory,14,1.1111112,0.44444445,0.0
3692,excitatory,14,40.444443,39.444443,27.222221
3693,excitatory,14,2.8888888,6.6666665,12.888889
3694,excitatory,14,0.0,0.0,0.0
3695,excitatory,14,0.0,0.0,0.22222222
3696,excitatory,14,0.0,0.0,0.33333334
3697,excitatory,14,5.888889,7.2222223,3.8888888
3698,excitatory,14,0.0,0.44444445,0.0
3699,excitatory,14,45.333332,47.11111,17.555555
3700,excitatory,14,0.5555556,0.0,0.11111111
3701,excitatory,14,20.333334,26.555555,16.0
3702,excitatory,14,38.0,41.88889,44.555557
3703,excitatory,14,0.0,0.0,0.0
3704,inhibitory,14,7.3333335,4.3333335,24.777779
3705,excitatory,14,0.7777778,0.7777778,0.22222222
3706,excitatory,14,0.11111111,0.0,0.0
3707,excitatory,14,0.5555556,0.5555556,0.6666667
3708,excitatory,14,3.0,1.3333334,13.0
3709,excitatory,14,0.0,0.0,0.0
3710,excitatory,14,1.7777778,0.7777778,1.3333334
3711,inhibitory,14,0.0,0.0,0.11111111
3712,inhibitory,14,6.0,6.888889,9.333333
3713,excitatory,14,31.777779,25.333334,23.88889
3714,excitatory,14,0.22222222,0.0,0.0
3715,excitatory,14,1.0,2.0,0.5555556
3716,excitatory,14,0.0,0.0,0.0
3717,excitatory,14,2.8888888,3.0,4.3333335
3718,excitatory,14,0.11111111,0.33333334,0.0
3719,excitatory,14,5.0,2.3333333,6.3333335
3720,inhibitory,14,46.11111,29.88889,37.333332
3721,excitatory,14,3.3333333,2.6666667,4.111111
3722,inhibitory,14,67.0,57.333332,41.444443
3723,excitatory,14,2.7777777,2.7777777,3.4444444
3724,inhibitory,14,0.0,0.0,0.0
3725,excitatory,14,0.7777778,1.6666666,1.2222222
3726,excitatory,14,0.5555556,1.1111112,0.44444445
3727,excitatory,14,0.0,0.0,0.0
3728,excitatory,14,99.44444,101.22222,87.44444
3729,excitatory,14,0.0,0.0,0.0
3730,excitatory,14,16.11111,18.333334,33.333332
3731,excitatory,14,0.0,0.0,0.0
3732,inhibitory,14,10.666667,13.0,3.1111112
3733,excitatory,14,0.22222222,1.1111112,0.5555556
3734,excitatory,14,5.5555553,5.2222223,12.0
3735,excitatory,14,0.0,0.0,0.0
3736,inhibitory,14,20.333334,29.222221,31.88889
3737,inhibitory,14,0.0,0.11111111,0.22222222
3738,excitatory,14,4.3333335,4.6666665,6.888889
3739,excitatory,14,0.0,0.0,0.0
3740,excitatory,14,0.0,0.0,0.0
3741,excitatory,14,0.0,0.44444445,0.44444445
3742,inhibitory,14,25.333334,25.88889,31.333334
3743,excitatory,14,0.44444445,0.0,0.5555556
3744,excitatory,14,0.0,0.0,0.0
3745,excitatory,14,0.0,0.0,0.0
3746,inhibitory,14,4.2222223,10.333333,7.3333335
3747,excitatory,14,0.0,0.0,0.0
3748,inhibitory,14,16.333334,13.0,23.444445
3749,excitatory,14,2.0,1.8888888,0.44444445
3750,excitatory,15,0.0,0.0,0.0
3751,excitatory,15,0.7777778,0.8888889,1.4444444
3752,excitatory,15,0.0,0.0,0.0
3753,excitatory,15,1.7777778,4.6666665,1.6666666
3754,excitatory,15,0.0,0.22222222,0.0
3755,excitatory,15,0.0,0.0,0.0
3756,excitatory,15,0.0,0.11111111,0.5555556
3757,inhibitory,15,3.8888888,3.1111112,5.5555553
3758,excitatory,15,7.7777777,6.6666665,1.6666666
3759,excitatory,15,0.0,0.0,0.0
3760,excitatory,15,0.22222222,0.11111111,0.11111111
3761,excitatory,15,35.555557,38.555557,14.555555
3762,excitatory,15,0.0,0.0,0.0
3763,excitatory,15,0.22222222,1.4444444,3.1111112
3764,inhibitory,15,2.2222223,6.6666665,13.222222
3765,excitatory,15,0.0,0.0,0.0
3766,excitatory,15,28.777779,19.444445,33.11111
3767,inhibitory,15,204.0,210.77777,92.111115
3768,excitatory,15,0.7777778,0.5555556,2.8888888
3769,excitatory,15,0.33333334,0.22222222,0.22222222
3770,excitatory,15,0.0,0.0,0.0
3771,excitatory,15,1.0,0.33333334,1.6666666
3772,inhibitory,15,40.77778,44.0,31.333334
3773,inhibitory,15,50.444443,65.111115,11.555555
3774,excitatory,15,0.0,0.0,0.0
3775,excitatory,15,0.0,0.5555556,0.0
3776,excitatory,15,0.11111111,0.11111111,1.4444444
3777,excitatory,15,0.0,0.0,0.0
3778,excitatory,15,0.33333334,0.0,1.4444444
3779,excitatory,15,6.6666665,5.7777777,7.5555553
3780,excitatory,15,17.444445,12.444445,13.111111
3781,excitatory,15,0.0,0.0,0.0
3782,excitatory,15,0.11111111,0.11111111,0.11111111
3783,excitatory,15,0.0,0.33333334,0.0
3784,excitatory,15,7.3333335,4.6666665,7.3333335
3785,excitatory,15,0.0,0.0,0.22222222
3786,excitatory,15,6.6666665,6.4444447,3.2222223
3787,excitatory,15,0.0,0.0,0.22222222
3788,excitatory,15,0.11111111,0.11111111,0.33333334
3789,excitatory,15,0.33333334,1.2222222,0.7777778
3790,excitatory,15,0.0,0.11111111,0.6666667
3791,excitatory,15,0.0,0.11111111,0.0
3792,excitatory,15,18.555555,31.88889,52.77778
3793,inhibitory,15,37.666668,34.333332,35.88889
3794,excitatory,15,0.0,0.0,0.0
3795,excitatory,15,4.2222223,4.6666665,8.111111
3796,excitatory,15,5.2222223,5.111111,1.3333334
3797,excitatory,15,32.666668,31.444445,10.222222
3798,excitatory,15,25.222221,20.444445,32.333332
3799,excitatory,15,4.2222223,9.111111,15.666667
3800,excitatory,15,0.0,0.44444445,0.0
3801,inhibitory,15,0.0,0.11111111,0.0
3802,excitatory,15,0.0,0.0,0.0
3803,excitatory,15,0.0,0.44444445,0.33333334
3804,excitatory,15,21.0,21.222221,30.0
3805,excitatory,15,3.0,2.5555556,5.3333335
3806,excitatory,15,0.0,0.0,0.0
3807,excitatory,15,10.777778,11.0,17.0
3808,excitatory,15,0.0,0.0,0.0
3809,inhibitory,15,1.7777778,3.3333333,1.6666666
3810,excitatory,15,9.333333,6.111111,17.222221
3811,excitatory,15,1.0,0.22222222,1.6666666
3812,inhibitory,15,11.777778,4.3333335,2.5555556
3813,excitatory,15,14.222222,17.555555,20.666666
3814,excitatory,15,4.5555553,3.6666667,6.6666665
3815,excitatory,15,3.5555556,2.4444444,2.1111112
3816,excitatory,15,12.888889,14.333333,13.777778
3817,excitatory,15,13.444445,12.333333,21.444445
3818,excitatory,15,0.5555556,0.8888889,0.6666667
3819,excitatory,15,0.11111111,0.0,0.8888889
3820,inhibitory,15,68.888885,71.666664,89.22222
3821,inhibitory,15,11.333333,5.4444447,12.0
3822,excitatory,15,0.0,0.11111111,0.11111111
3823,inhibitory,15,0.0,0.0,0.0
3824,excitatory,15,1.7777778,5.3333335,6.4444447
3825,excitatory,15,0.0,0.0,0.0
3826,excitatory,15,0.0,0.0,0.0
3827,excitatory,15,0.0,0.0,0.0
3828,inhibitory,15,0.0,0.0,0.0
3829,excitatory,15,1.0,0.7777778,1.3333334
3830,excitatory,15,0.11111111,0.0,1.5555556
3831,excitatory,15,0.33333334,0.0,0.11111111
3832,excitatory,15,0.0,0.11111111,0.0
3833,excitatory,15,0.0,0.0,0.0
3834,excitatory,15,7.6666665,5.3333335,7.888889
3835,excitatory,15,11.333333,5.0,12.0
3836,excitatory,15,1.0,1.3333334,1.5555556
3837,excitatory,15,0.22222222,0.5555556,0.7777778
3838,excitatory,15,0.0,0.0,0.0
3839,excitatory,15,0.0,0.0,0.0
3840,excitatory,15,1.7777778,1.1111112,1.0
3841,excitatory,15,0.0,0.0,0.0
3842,excitatory,15,0.0,0.11111111,0.0
3843,inhibitory,15,17.777779,11.666667,8.222222
3844,inhibitory,15,3.4444444,2.1111112,1.2222222
3845,excitatory,15,6.6666665,7.888889,2.0
3846,excitatory,15,0.0,0.0,0.0
3847,excitatory,15,0.0,0.0,0.0
3848,excitatory,15,1.1111112,0.6666667,0.22222222
3849,inhibitory,15,0.0,0.0,1.0
3850,excitatory,15,0.0,0.0,0.0
3851,excitatory,15,0.11111111,0.0,0.33333334
3852,inhibitory,15,4.6666665,5.111111,9.888889
3853,excitatory,15,0.0,0.11111111,0.0
3854,excitatory,15,0.0,0.0,0.0
3855,excitatory,15,4.111111,5.0,7.0
3856,excitatory,15,0.0,0.0,0.0
3857,excitatory,15,0.0,0.0,0.6666667
3858,excitatory,15,0.0,0.33333334,0.0
3859,inhibitory,15,82.333336,43.11111,93.22222
3860,inhibitory,15,13.222222,24.0,7.888889
3861,excitatory,15,0.33333334,0.11111111,0.0
3862,excitatory,15,0.0,0.0,0.0
3863,excitatory,15,0.0,0.6666667,0.11111111
3864,inhibitory,15,40.666668,32.555557,59.77778
3865,inhibitory,15,4.7777777,5.6666665,7.6666665
3866,excitatory,15,0.11111111,0.7777778,0.8888889
3867,excitatory,15,9.444445,10.0,14.0
3868,inhibitory,15,0.22222222,0.22222222,1.7777778
3869,excitatory,15,0.11111111,0.0,0.0
3870,excitatory,15,0.33333334,0.0,0.44444445
3871,excitatory,15,0.7777778,2.4444444,0.7777778
3872,excitatory,15,0.0,0.0,0.0
3873,excitatory,15,0.0,0.0,0.11111111
3874,excitatory,15,0.0,1.2222222,0.0
3875,excitatory,15,0.33333334,1.0,3.0
3876,excitatory,15,0.0,0.11111111,0.0
3877,excitatory,15,0.11111111,0.0,0.0
3878,excitatory,15,0.0,0.0,0.0
3879,excitatory,15,27.555555,27.222221,37.22222
3880,excitatory,15,16.777779,8.444445,9.666667
3881,excitatory,15,0.0,0.0,0.44444445
3882,excitatory,15,1.2222222,1.7777778,4.4444447
3883,excitatory,15,8.444445,6.7777777,4.888889
3884,excitatory,15,0.11111111,0.44444445,1.0
3885,excitatory,15,0.44444445,0.7777778,0.11111111
3886,excitatory,15,8.111111,4.7777777,1.7777778
3887,excitatory,15,15.777778,18.666666,29.333334
3888,excitatory,15,7.4444447,6.111111,11.777778
3889,excitatory,15,0.0,0.0,0.0
3890,excitatory,15,0.0,0.0,0.0
3891,excitatory,15,0.11111111,0.11111111,0.11111111
3892,excitatory,15,7.111111,4.888889,5.3333335
3893,excitatory,15,3.0,2.0,2.3333333
3894,inhibitory,15,1.3333334,0.33333334,0.11111111
3895,excitatory,15,0.0,0.11111111,0.11111111
3896,excitatory,15,118.77778,135.0,56.0
3897,excitatory,15,3.4444444,3.8888888,4.6666665
3898,excitatory,15,10.333333,11.333333,42.11111
3899,excitatory,15,2.4444444,4.7777777,0.33333334
3900,excitatory,15,0.0,0.0,0.0
3901,excitatory,15,22.222221,17.444445,5.4444447
3902,excitatory,15,0.0,0.11111111,0.0
3903,excitatory,15,9.111111,7.4444447,11.888889
3904,excitatory,15,0.11111111,2.0,0.0
3905,excitatory,15,42.88889,42.11111,30.333334
3906,excitatory,15,1.0,1.2222222,0.8888889
3907,excitatory,15,3.6666667,3.7777777,0.7777778
3908,inhibitory,15,0.0,0.11111111,1.1111112
3909,excitatory,15,0.8888889,0.8888889,0.0
3910,excitatory,15,0.0,0.0,0.0
3911,inhibitory,15,0.0,0.0,0.33333334
3912,excitatory,15,0.22222222,1.0,0.0
3913,excitatory,15,0.0,0.0,0.0
3914,excitatory,15,0.0,0.11111111,0.0
3915,excitatory,15,0.0,0.22222222,0.7777778
3916,excitatory,15,9.444445,5.0,2.3333333
3917,excitatory,15,0.11111111,0.5555556,0.11111111
3918,excitatory,15,0.0,0.0,0.0
3919,excitatory,15,0.0,0.11111111,0.0
3920,excitatory,15,0.11111111,0.11111111,0.11111111
3921,excitatory,15,2.4444444,3.8888888,7.6666665
3922,inhibitory,15,3.5555556,4.5555553,4.2222223
3923,excitatory,15,0.7777778,0.7777778,1.3333334
3924,inhibitory,15,1.6666666,2.5555556,8.222222
3925,excitatory,15,0.0,0.0,0.7777778
3926,excitatory,15,0.11111111,1.4444444,0.44444445
3927,inhibitory,15,0.0,0.0,0.0
3928,excitatory,15,0.0,0.0,1.1111112
3929,excitatory,15,32.22222,24.0,8.333333
3930,excitatory,15,0.0,0.0,0.0
3931,excitatory,15,1.8888888,5.5555553,8.888889
3932,excitatory,15,0.0,0.0,0.0
3933,excitatory,15,5.6666665,7.0,12.111111
3934,excitatory,15,0.0,0.22222222,0.11111111
3935,inhibitory,15,0.44444445,0.7777778,0.22222222
3936,excitatory,15,21.444445,21.333334,20.666666
3937,inhibitory,15,172.55556,124.111115,168.88889
3938,excitatory,15,0.11111111,0.7777778,0.22222222
3939,excitatory,15,0.44444445,1.0,2.8888888
3940,excitatory,15,0.0,0.0,0.0
3941,excitatory,15,0.8888889,3.7777777,18.666666
3942,excitatory,15,0.0,0.11111111,0.33333334
3943,excitatory,15,3.0,3.8888888,2.0
3944,inhibitory,15,5.6666665,2.0,9.777778
3945,excitatory,15,0.0,0.0,0.0
3946,excitatory,15,1.1111112,0.11111111,0.22222222
3947,excitatory,15,0.0,0.0,0.0
3948,excitatory,15,6.0,2.0,9.0
3949,excitatory,15,4.111111,3.6666667,3.3333333
3950,excitatory,15,0.11111111,0.11111111,0.0
3951,excitatory,15,1.1111112,2.0,0.11111111
3952,excitatory,15,0.0,0.0,0.0
3953,excitatory,15,0.0,0.0,0.11111111
3954,inhibitory,15,22.88889,13.111111,8.0
3955,excitatory,15,28.666666,20.666666,33.333332
3956,excitatory,15,0.0,0.0,0.0
3957,excitatory,15,0.0,0.0,0.0
3958,excitatory,15,0.0,0.0,0.0
3959,excitatory,15,0.0,0.11111111,1.3333334
3960,excitatory,15,0.22222222,0.33333334,0.0
3961,excitatory,15,0.0,0.0,0.0
3962,excitatory,15,0.0,0.0,0.11111111
3963,excitatory,15,0.0,0.0,0.0
3964,excitatory,15,17.666666,9.111111,19.555555
3965,inhibitory,15,0.0,0.11111111,0.0
3966,excitatory,15,0.0,0.0,0.0
3967,excitatory,15,0.0,0.0,0.11111111
3968,excitatory,15,1.3333334,2.1111112,1.1111112
3969,excitatory,15,31.0,30.11111,8.777778
3970,inhibitory,15,0.33333334,0.44444445,0.44444445
3971,inhibitory,15,0.0,2.2222223,0.11111111
3972,inhibitory,15,29.666666,20.555555,20.777779
3973,excitatory,15,0.0,0.0,0.33333334
3974,excitatory,15,3.2222223,3.2222223,2.3333333
3975,inhibitory,15,85.77778,82.55556,118.77778
3976,excitatory,15,0.44444445,0.6666667,1.2222222
3977,excitatory,15,0.44444445,0.22222222,3.0
3978,excitatory,15,2.5555556,2.4444444,0.33333334
3979,excitatory,15,0.6666667,2.8888888,0.11111111
3980,excitatory,15,21.555555,25.222221,42.444443
3981,excitatory,15,0.0,0.0,0.0
3982,excitatory,15,0.0,0.0,0.0
3983,inhibitory,15,1.0,1.6666666,1.3333334
3984,inhibitory,15,0.0,0.33333334,0.0
3985,inhibitory,15,19.666666,37.666668,28.333334
3986,excitatory,15,1.7777778,3.5555556,0.8888889
3987,excitatory,15,1.3333334,12.444445,2.3333333
3988,excitatory,15,1.3333334,2.6666667,0.0
3989,excitatory,15,0.0,0.11111111,0.0
3990,excitatory,15,0.0,0.0,0.0
3991,inhibitory,15,2.4444444,3.8888888,1.4444444
3992,excitatory,15,21.666666,19.333334,26.88889
3993,excitatory,15,19.88889,10.777778,19.11111
3994,excitatory,15,0.0,0.0,0.0
3995,excitatory,15,10.0,9.666667,5.7777777
3996,excitatory,15,0.0,0.0,0.33333334
3997,excitatory,15,0.0,0.0,0.0
3998,excitatory,15,0.0,0.0,0.0
3999,excitatory,15,0.0,0.8888889,0.22222222
4000,excitatory,16,1.0,2.7777777,1.0
4001,excitatory,16,0.0,0.6666667,0.22222222
4002,excitatory,16,0.6666667,0.11111111,1.1111112
4003,excitatory,16,0.0,0.0,0.0
4004,inhibitory,16,0.11111111,0.11111111,0.44444445
4005,excitatory,16,0.33333334,0.11111111,0.0
4006,excitatory,16,5.888889,5.7777777,3.0
4007,excitatory,16,1.5555556,0.7777778,1.5555556
4008,excitatory,16,0.0,0.0,0.0
4009,excitatory,16,0.22222222,0.33333334,0.8888889
4010,excitatory,16,0.0,0.0,0.0
4011,excitatory,16,0.6666667,0.44444445,0.8888889
4012,excitatory,16,0.11111111,0.0,0.11111111
4013,excitatory,16,4.5555553,1.7777778,3.5555556
4014,excitatory,16,1.2222222,0.7777778,1.1111112
4015,excitatory,16,0.0,0.11111111,3.3333333
4016,excitatory,16,0.0,0.0,0.0
4017,excitatory,16,0.11111111,0.0,0.11111111
4018,excitatory,16,1.2222222,1.7777778,0.0
4019,excitatory,16,0.0,0.11111111,0.0
4020,inhibitory,16,53.555557,51.444443,73.0
4021,inhibitory,16,15.777778,35.555557,34.555557
4022,excitatory,16,18.444445,13.666667,30.222221
4023,inhibitory,16,0.5555556,0.0,0.0
4024,excitatory,16,2.6666667,6.111111,0.44444445
4025,excitatory,16,0.0,0.0,0.0
4026,excitatory,16,0.33333334,0.0,0.0
4027,excitatory,16,0.11111111,0.0,0.0
4028,excitatory,16,0.44444445,0.44444445,0.11111111
4029,excitatory,16,0.0,0.0,0.11111111
4030,excitatory,16,0.0,0.0,0.0
4031,excitatory,16,0.0,0.0,0.0
4032,inhibitory,16,40.11111,52.444443,10.0
4033,excitatory,16,2.3333333,2.1111112,0.33333334
4034,excitatory,16,0.0,0.0,0.0
4035,excitatory,16,6.111111,10.222222,4.6666665
4036,excitatory,16,1.1111112,2.0,0.44444445
4037,excitatory,16,0.44444445,0.0,2.3333333
4038,excitatory,16,0.0,0.0,0.0
4039,excitatory,16,0.0,0.0,0.0
4040,excitatory,16,0.0,0.0,1.0
4041,excitatory,16,0.0,0.0,0.0
4042,excitatory,16,0.0,0.0,0.0
4043,inhibitory,16,5.3333335,7.6666665,15.111111
4044,excitatory,16,0.5555556,0.33333334,1.1111112
4045,excitatory,16,10.111111,8.555555,10.111111
4046,inhibitory,16,1.3333334,5.2222223,1.5555556
4047,excitatory,16,9.444445,6.5555553,0.6666667
4048,excitatory,16,1.1111112,0.5555556,0.44444445
4049,excitatory,16,0.0,0.0,0.0
4050,excitatory,16,0.0,0.0,0.0
4051,inhibitory,16,0.33333334,12.222222,0.7777778
4052,excitatory,16,1.3333334,2.1111112,0.0
4053,excitatory,16,0.0,0.0,0.0
4054,inhibitory,16,0.0,0.0,0.0
4055,excitatory,16,0.0,0.22222222,0.0
4056,excitatory,16,0.11111111,0.33333334,0.0
4057,excitatory,16,0.44444445,1.2222222,0.22222222
4058,inhibitory,16,12.222222,9.555555,6.3333335
4059,excitatory,16,0.44444445,0.11111111,1.4444444
4060,inhibitory,16,15.555555,14.111111,14.555555
4061,excitatory,16,0.0,0.22222222,0.11111111
4062,excitatory,16,5.3333335,5.4444447,5.5555553
4063,excitatory,16,14.555555,23.11111,12.444445
4064,inhibitory,16,0.11111111,0.33333334,2.3333333
4065,excitatory,16,0.11111111,0.0,0.11111111
4066,excitatory,16,0.44444445,0.6666667,0.22222222
4067,excitatory,16,0.0,0.0,0.0
4068,inhibitory,16,0.0,0.22222222,0.0
4069,excitatory,16,0.0,0.0,0.0
4070,inhibitory,16,7.888889,6.0,33.333332
4071,excitatory,16,0.7777778,1.0,0.11111111
4072,inhibitory,16,62.555557,68.77778,53.666668
4073,excitatory,16,47.444443,44.444443,32.0
4074,excitatory,16,0.11111111,0.0,0.33333334
4075,excitatory,16,0.0,0.0,0.0
4076,excitatory,16,0.0,0.0,0.11111111
4077,excitatory,16,0.22222222,0.0,0.0
4078,inhibitory,16,10.444445,6.888889,3.6666667
4079,excitatory,16,0.0,0.0,0.0
4080,excitatory,16,0.22222222,0.0,1.1111112
4081,excitatory,16,0.22222222,1.3333334,0.11111111
4082,excitatory,16,0.0,0.0,0.0
4083,inhibitory,16,0.11111111,0.33333334,0.5555556
4084,inhibitory,16,50.11111,46.444443,66.55556
4085,excitatory,16,0.0,0.0,0.0
4086,inhibitory,16,0.11111111,0.0,0.0
4087,inhibitory,16,0.8888889,1.4444444,0.8888889
4088,inhibitory,16,19.333334,45.666668,54.555557
4089,excitatory,16,0.0,0.22222222,0.0
4090,excitatory,16,0.44444445,0.44444445,0.0
4091,excitatory,16,0.0,0.0,0.0
4092,excitatory,16,16.0,20.11111,5.7777777
4093,inhibitory,16,22.11111,22.666666,27.0
4094,excitatory,16,0.0,0.0,0.0
4095,excitatory,16,0.6666667,0.33333334,3.1111112
4096,excitatory,16,0.0,0.0,0.0
4097,excitatory,16,0.0,0.22222222,0.11111111
4098,excitatory,16,0.22222222,0.0,0.11111111
4099,excitatory,16,3.4444444,5.6666665,4.2222223
4100,excitatory,16,0.0,0.0,0.22222222
4101,inhibitory,16,53.333332,33.666668,59.77778
4102,excitatory,16,0.0,0.0,0.0
4103,inhibitory,16,1.4444444,4.7777777,0.8888889
4104,inhibitory,16,9.222222,17.88889,1.0
4105,inhibitory,16,0.5555556,0.33333334,0.0
4106,excitatory,16,0.0,0.0,0.0
4107,excitatory,16,0.11111111,0.11111111,0.22222222
4108,excitatory,16,0.0,0.0,0.0
4109,excitatory,16,0.0,0.0,0.0
4110,excitatory,16,0.0,0.0,0.0
4111,excitatory,16,0.33333334,0.22222222,0.11111111
4112,excitatory,16,3.0,2.1111112,0.7777778
4113,excitatory,16,5.0,2.3333333,4.111111
4114,excitatory,16,6.111111,4.0,5.3333335
4115,excitatory,16,0.0,0.0,0.0
4116,excitatory,16,0.44444445,1.4444444,0.44444445
4117,excitatory,16,0.44444445,0.44444445,0.0
4118,excitatory,16,24.777779,21.88889,15.444445
4119,excitatory,16,0.0,0.0,0.0
4120,excitatory,16,0.7777778,2.0,0.0
4121,excitatory,16,4.3333335,2.0,0.22222222
4122,excitatory,16,0.0,0.0,0.0
4123,excitatory,16,0.0,0.0,0.0
4124,excitatory,16,5.111111,3.6666667,3.3333333
4125,excitatory,16,0.0,0.0,0.0
4126,excitatory,16,0.0,0.0,0.0
4127,excitatory,16,6.6666665,4.888889,8.666667
4128,excitatory,16,0.11111111,0.22222222,0.11111111
4129,excitatory,16,0.0,0.0,0.0
4130,excitatory,16,0.33333334,0.33333334,0.22222222
4131,excitatory,16,0.0,0.0,0.0
4132,excitatory,16,0.0,0.0,0.0
4133,excitatory,16,3.5555556,3.6666667,1.0
4134,excitatory,16,0.0,0.0,0.0
4135,inhibitory,16,17.88889,14.666667,21.333334
4136,inhibitory,16,23.222221,31.222221,51.77778
4137,excitatory,16,35.88889,31.666666,50.333332
4138,excitatory,16,0.0,0.0,0.11111111
4139,excitatory,16,0.6666667,1.0,1.7777778
4140,excitatory,16,0.44444445,0.6666667,1.4444444
4141,excitatory,16,3.7777777,3.1111112,1.0
4142,excitatory,16,21.0,13.333333,5.888889
4143,excitatory,16,7.7777777,11.111111,12.222222
4144,excitatory,16,0.0,0.0,0.0
4145,inhibitory,16,0.7777778,0.6666667,0.33333334
4146,excitatory,16,2.7777777,7.5555553,3.6666667
4147,excitatory,16,0.0,0.0,0.0
4148,excitatory,16,24.555555,11.888889,7.3333335
4149,excitatory,16,5.7777777,7.2222223,24.666666
4150,inhibitory,16,46.555557,40.11111,52.11111
4151,excitatory,16,0.33333334,5.0,0.7777778
4152,excitatory,16,1.5555556,1.4444444,1.1111112
4153,inhibitory,16,1.1111112,1.8888888,0.22222222
4154,inhibitory,16,24.777779,23.666666,16.333334
4155,excitatory,16,0.0,0.0,0.0
4156,excitatory,16,0.44444445,2.0,4.0
4157,inhibitory,16,4.6666665,2.8888888,2.1111112
4158,excitatory,16,0.0,0.0,0.0
4159,excitatory,16,0.0,0.0,0.0
4160,excitatory,16,0.0,0.0,0.0
4161,excitatory,16,0.0,0.0,0.0
4162,inhibitory,16,230.77777,194.33333,245.22223
4163,excitatory,16,0.11111111,0.11111111,0.0
4164,excitatory,16,3.0,7.7777777,0.5555556
4165,excitatory,16,0.44444445,0.11111111,0.11111111
4166,excitatory,16,0.0,0.0,0.0
4167,inhibitory,16,8.111111,8.111111,11.111111
4168,excitatory,16,0.0,0.0,0.0
4169,excitatory,16,0.0,0.0,0.0
4170,inhibitory,16,0.0,0.44444445,0.33333334
4171,excitatory,16,0.11111111,0.11111111,0.44444445
4172,excitatory,16,0.44444445,0.5555556,0.0
4173,excitatory,16,1.3333334,0.11111111,2.5555556
4174,inhibitory,16,0.11111111,0.33333334,0.44444445
4175,inhibitory,16,7.2222223,8.777778,6.6666665
4176,excitatory,16,7.3333335,7.7777777,9.444445
4177,excitatory,16,0.0,0.22222222,0.0
4178,excitatory,16,0.0,0.0,0.0
4179,excitatory,16,0.44444445,0.11111111,0.6666667
4180,excitatory,16,3.0,5.0,5.2222223
4181,excitatory,16,74.55556,58.333332,68.0
4182,excitatory,16,0.0,0.0,0.0
4183,excitatory,16,0.8888889,6.0,0.11111111
4184,excitatory,16,0.11111111,0.0,0.33333334
4185,excitatory,16,0.11111111,0.33333334,0.22222222
4186,excitatory,16,0.0,0.0,0.0
4187,excitatory,16,0.0,0.0,0.0
4188,excitatory,16,9.333333,9.333333,10.111111
4189,inhibitory,16,41.666668,41.555557,42.666668
4190,excitatory,16,0.0,0.0,0.22222222
4191,excitatory,16,0.0,0.22222222,0.0
4192,excitatory,16,6.5555553,7.6666665,0.7777778
4193,inhibitory,16,88.333336,48.333332,85.22222
4194,excitatory,16,12.777778,15.888889,4.0
4195,excitatory,16,5.3333335,2.7777777,1.3333334
4196,excitatory,16,18.0,27.11111,8.555555
4197,excitatory,16,0.0,0.0,0.0
4198,inhibitory,16,6.0,3.6666667,0.7777778
4199,excitatory,16,30.777779,31.11111,47.333332
4200,excitatory,16,0.0,0.0,0.0
4201,excitatory,16,15.111111,16.666666,17.333334
4202,inhibitory,16,0.0,0.33333334,0.0
4203,excitatory,16,0.5555556,0.0,0.0
4204,excitatory,16,1.3333334,0.22222222,3.7777777
4205,excitatory,16,0.0,0.0,0.22222222
4206,excitatory,16,0.0,0.0,0.0
4207,excitatory,16,0.0,0.0,0.0
4208,excitatory,16,0.0,0.0,0.0
4209,excitatory,16,28.555555,31.666666,37.333332
4210,excitatory,16,0.0,0.0,0.0
4211,excitatory,16,0.6666667,0.33333334,0.22222222
4212,excitatory,16,0.0,0.0,0.11111111
4213,excitatory,16,0.0,0.0,0.11111111
4214,excitatory,16,2.3333333,1.6666666,0.7777778
4215,excitatory,16,0.11111111,0.0,0.11111111
4216,inhibitory,16,9.888889,9.222222,24.11111
4217,excitatory,16,13.555555,5.4444447,5.2222223
4218,excitatory,16,8.444445,14.444445,4.5555553
4219,excitatory,16,0.0,0.0,0.0
4220,inhibitory,16,44.77778,32.666668,83.22222
4221,excitatory,16,0.0,0.0,0.0
4222,excitatory,16,0.33333334,0.11111111,0.33333334
4223,inhibitory,16,0.0,0.11111111,0.0
4224,excitatory,16,5.4444447,1.7777778,5.0
4225,excitatory,16,0.11111111,0.0,0.11111111
4226,inhibitory,16,1.0,3.1111112,7.5555553
4227,inhibitory,16,0.22222222,0.0,0.0
4228,inhibitory,16,0.0,0.11111111,0.0
4229,excitatory,16,0.0,0.0,0.0
4230,excitatory,16,4.3333335,4.111111,6.2222223
4231,excitatory,16,2.3333333,2.0,1.8888888
4232,inhibitory,16,28.0,21.88889,16.666666
4233,excitatory,16,0.0,0.0,0.0
4234,inhibitory,16,0.5555556,0.44444445,0.0
4235,inhibitory,16,0.7777778,0.8888889,0.33333334
4236,excitatory,16,0.0,0.0,0.0
4237,excitatory,16,0.22222222,1.3333334,0.0
4238,excitatory,16,0.0,0.0,0.0
4239,inhibitory,16,70.77778,52.0,65.55556
4240,excitatory,16,0.0,0.0,0.0
4241,excitatory,16,0.44444445,0.7777778,0.0
4242,excitatory,16,0.0,0.0,0.0
4243,excitatory,16,0.0,0.0,0.0
4244,excitatory,16,0.0,0.11111111,0.0
4245,excitatory,16,2.4444444,1.5555556,0.33333334
4246,inhibitory,16,8.0,16.555555,4.5555553
4247,excitatory,16,2.4444444,1.6666666,21.88889
4248,excitatory,16,0.0,0.0,0.0
4249,excitatory,16,0.0,0.11111111,0.11111111
4250,inhibitory,17,11.555555,25.0,0.6666667
4251,excitatory,17,0.0,0.11111111,0.0
4252,excitatory,17,2.7777777,1.1111112,0.7777778
4253,inhibitory,17,1.2222222,2.6666667,0.33333334
4254,excitatory,17,0.22222222,0.6666667,0.22222222
4255,excitatory,17,0.11111111,0.0,0.0
4256,excitatory,17,1.0,0.6666667,1.1111112
4257,excitatory,17,0.5555556,0.33333334,1.0
4258,excitatory,17,0.8888889,1.0,0.8888889
4259,excitatory,17,22.88889,24.555555,26.88889
4260,excitatory,17,0.0,0.0,0.0
4261,excitatory,17,7.4444447,9.777778,9.222222
4262,excitatory,17,0.11111111,0.6666667,0.6666667
4263,excitatory,17,0.0,0.0,0.0
4264,excitatory,17,0.0,0.0,0.5555556
4265,excitatory,17,1.4444444,0.11111111,0.6666667
4266,inhibitory,17,29.11111,30.222221,53.11111
4267,excitatory,17,3.5555556,4.4444447,1.4444444
4268,inhibitory,17,4.3333335,1.8888888,8.0
4269,excitatory,17,0.0,0.0,0.33333334
4270,excitatory,17,2.6666667,1.2222222,1.5555556
4271,excitatory,17,0.11111111,0.0,0.0
4272,excitatory,17,0.11111111,0.11111111,0.11111111
4273,excitatory,17,0.0,0.0,1.8888888
4274,excitatory,17,0.11111111,0.0,0.0
4275,excitatory,17,8.333333,10.333333,2.4444444
4276,excitatory,17,1.0,2.4444444,1.0
4277,excitatory,17,24.666666,22.555555,27.555555
4278,excitatory,17,0.0,0.0,0.0
4279,inhibitory,17,1.3333334,0.8888889,4.2222223
4280,excitatory,17,24.11111,60.11111,103.55556
4281,excitatory,17,0.0,0.0,0.0
4282,excitatory,17,0.0,0.0,0.0
4283,excitatory,17,37.11111,28.666666,11.333333
4284,excitatory,17,0.0,0.0,0.0
4285,excitatory,17,0.22222222,0.11111111,7.0
4286,inhibitory,17,5.3333335,15.666667,3.3333333
4287,excitatory,17,0.0,0.0,0.0
4288,excitatory,17,1.1111112,0.7777778,2.3333333
4289,excitatory,17,0.11111111,0.44444445,1.7777778
4290,excitatory,17,0.44444445,0.5555556,0.11111111
4291,excitatory,17,0.11111111,0.11111111,0.0
4292,excitatory,17,0.44444445,1.2222222,6.7777777
4293,excitatory,17,8.555555,5.5555553,12.888889
4294,inhibitory,17,5.111111,4.7777777,5.6666665
4295,excitatory,17,0.7777778,0.33333334,0.22222222
4296,excitatory,17,1.1111112,0.5555556,0.0
4297,excitatory,17,0.0,0.0,0.0
4298,excitatory,17,4.2222223,2.2222223,0.6666667
4299,excitatory,17,0.0,0.0,0.0
4300,inhibitory,17,5.111111,9.666667,2.1111112
4301,inhibitory,17,9.444445,15.222222,1.8888888
4302,excitatory,17,0.0,0.0,0.0
4303,excitatory,17,36.333332,64.111115,62.0
4304,excitatory,17,0.0,0.0,0.0
4305,excitatory,17,0.0,0.0,0.0
4306,excitatory,17,0.0,0.0,0.0
4307,excitatory,17,0.0,0.0,0.0
4308,excitatory,17,0.0,0.0,0.11111111
4309,excitatory,17,0.0,0.0,0.0
4310,excitatory,17,23.777779,27.555555,47.0
4311,excitatory,17,0.0,0.0,0.11111111
4312,excitatory,17,3.3333333,1.2222222,0.33333334
4313,excitatory,17,1.6666666,8.555555,6.2222223
4314,excitatory,17,2.0,4.4444447,0.5555556
4315,excitatory,17,0.33333334,0.33333334,0.33333334
4316,inhibitory,17,7.111111,2.7777777,8.555555
4317,excitatory,17,0.0,0.33333334,0.0
4318,excitatory,17,0.6666667,1.1111112,3.4444444
4319,excitatory,17,5.2222223,6.0,6.2222223
4320,inhibitory,17,0.0,0.0,0.0
4321,inhibitory,17,20.333334,14.777778,8.333333
4322,excitatory,17,6.0,6.2222223,1.7777778
4323,excitatory,17,0.0,0.0,0.0
4324,excitatory,17,0.0,0.0,0.0
4325,excitatory,17,0.22222222,0.11111111,1.1111112
4326,excitatory,17,2.6666667,1.5555556,1.1111112
4327,excitatory,17,0.11111111,0.11111111,0.0
4328,excitatory,17,0.0,0.0,0.11111111
4329,excitatory,17,1.3333334,1.2222222,0.7777778
4330,inhibitory,17,0.11111111,0.0,0.8888889
4331,excitatory,17,0.0,0.0,0.11111111
4332,excitatory,17,0.0,0.33333334,0.0
4333,excitatory,17,0.5555556,0.44444445,0.5555556
4334,excitatory,17,0.0,0.0,0.0
4335,excitatory,17,12.777778,12.222222,18.666666
4336,excitatory,17,4.7777777,23.0,0.6666667
4337,excitatory,17,0.0,0.0,0.0
4338,inhibitory,17,15.333333,24.666666,39.77778
4339,excitatory,17,0.0,0.22222222,0.0
4340,excitatory,17,5.5555553,6.2222223,5.2222223
4341,excitatory,17,9.777778,6.888889,14.222222
4342,excitatory,17,0.0,0.11111111,0.0
4343,excitatory,17,0.11111111,0.5555556,0.11111111
4344,excitatory,17,7.0,3.4444444,1.6666666
4345,inhibitory,17,11.222222,7.4444447,9.555555
4346,inhibitory,17,45.444443,87.22222,151.11111
4347,excitatory,17,29.222221,23.444445,55.0
4348,excitatory,17,0.0,0.0,0.0
4349,excitatory,17,6.0,4.4444447,7.6666665
4350,excitatory,17,0.0,0.11111111,0.11111111
4351,excitatory,17,3.4444444,2.4444444,1.3333334
4352,inhibitory,17,44.0,40.88889,21.777779
4353,excitatory,17,0.0,0.0,0.0
4354,inhibitory,17,12.222222,18.11111,23.333334
4355,excitatory,17,37.0,35.444443,22.333334
4356,excitatory,17,0.11111111,0.11111111,0.0
4357,excitatory,17,1.4444444,0.6666667,0.0
4358,excitatory,17,1.0,0.44444445,2.2222223
4359,excitatory,17,0.7777778,0.8888889,1.1111112
4360,excitatory,17,0.0,0.22222222,0.33333334
4361,excitatory,17,0.22222222,0.11111111,0.0
4362,inhibitory,17,14.222222,8.444445,5.111111
4363,excitatory,17,0.0,0.0,0.0
4364,excitatory,17,0.7777778,1.4444444,3.4444444
4365,excitatory,17,0.6666667,1.4444444,0.33333334
4366,excitatory,17,0.33333334,0.33333334,0.0
4367,excitatory,17,0.0,0.0,0.0
4368,excitatory,17,0.33333334,1.1111112,1.3333334
4369,excitatory,17,0.0,0.0,0.22222222
4370,excitatory,17,0.0,0.0,0.0
4371,excitatory,17,0.0,0.0,0.0
4372,excitatory,17,1.6666666,2.6666667,0.22222222
4373,inhibitory,17,154.77777,157.11111,207.44444
4374,excitatory,17,5.3333335,4.2222223,1.7777778
4375,excitatory,17,0.0,0.0,0.0
4376,excitatory,17,0.11111111,0.0,0.22222222
4377,excitatory,17,0.0,0.11111111,0.8888889
4378,excitatory,17,9.111111,7.111111,6.888889
4379,excitatory,17,0.33333334,0.44444445,0.33333334
4380,excitatory,17,3.5555556,2.8888888,2.3333333
4381,inhibitory,17,58.88889,54.88889,82.111115
4382,inhibitory,17,3.8888888,3.8888888,19.444445
4383,inhibitory,17,0.33333334,0.0,0.0
4384,excitatory,17,0.0,0.0,0.0
4385,excitatory,17,3.1111112,3.0,3.5555556
4386,excitatory,17,8.111111,9.222222,7.5555553
4387,excitatory,17,0.0,0.0,0.0
4388,inhibitory,17,0.0,1.3333334,0.0
4389,excitatory,17,0.11111111,0.0,0.0
4390,excitatory,17,1.0,0.7777778,0.0
4391,inhibitory,17,0.0,0.5555556,0.11111111
4392,excitatory,17,0.0,0.0,0.0
4393,excitatory,17,0.0,0.0,0.0
4394,excitatory,17,0.0,0.11111111,0.0
4395,excitatory,17,0.0,0.0,0.0
4396,excitatory,17,0.11111111,0.33333334,0.0
4397,inhibitory,17,10.555555,6.2222223,13.777778
4398,inhibitory,17,1.7777778,0.5555556,0.0
4399,excitatory,17,0.0,0.0,0.0
4400,excitatory,17,12.111111,32.666668,17.88889
4401,excitatory,17,0.8888889,1.5555556,1.0
4402,excitatory,17,0.44444445,1.1111112,0.0
4403,excitatory,17,3.0,2.7777777,3.4444444
4404,excitatory,17,0.0,0.0,0.0
4405,inhibitory,17,0.11111111,0.11111111,0.0
4406,excitatory,17,0.0,0.0,0.0
4407,inhibitory,17,1.4444444,0.44444445,1.0
4408,excitatory,17,0.0,0.0,0.0
4409,excitatory,17,0.0,0.0,0.0
4410,excitatory,17,19.88889,11.666667,13.333333
4411,excitatory,17,0.0,0.0,0.0
4412,excitatory,17,0.0,0.0,0.0
4413,excitatory,17,0.11111111,0.22222222,0.11111111
4414,inhibitory,17,26.88889,25.444445,30.88889
4415,excitatory,17,5.6666665,9.333333,1.8888888
4416,excitatory,17,0.0,0.22222222,0.0
4417,inhibitory,17,1.3333334,0.6666667,0.22222222
4418,inhibitory,17,1.1111112,0.44444445,3.0
4419,excitatory,17,13.444445,25.88889,4.5555553
4420,excitatory,17,0.6666667,0.7777778,1.1111112
4421,inhibitory,17,21.333334,20.0,20.444445
4422,excitatory,17,0.0,0.11111111,0.0
4423,excitatory,17,0.0,0.0,0.0
4424,excitatory,17,0.0,0.0,0.0
4425,excitatory,17,0.0,0.11111111,0.0
4426,excitatory,17,19.333334,8.444445,4.4444447
4427,inhibitory,17,1.1111112,5.6666665,4.0
4428,inhibitory,17,4.888889,4.4444447,23.444445
4429,inhibitory,17,27.555555,62.333332,35.444443
4430,inhibitory,17,6.0,10.333333,3.1111112
4431,excitatory,17,0.0,0.0,0.0
4432,excitatory,17,0.22222222,0.22222222,0.44444445
4433,excitatory,17,0.33333334,1.1111112,0.11111111
4434,inhibitory,17,50.11111,46.666668,52.22222
4435,excitatory,17,0.0,0.0,0.0
4436,excitatory,17,0.0,0.0,0.22222222
4437,inhibitory,17,10.888889,12.444445,10.777778
4438,excitatory,17,0.7777778,1.4444444,0.0
4439,excitatory,17,0.0,0.22222222,0.0
4440,excitatory,17,98.111115,78.888885,98.44444
4441,excitatory,17,0.0,0.0,0.0
4442,excitatory,17,6.111111,13.555555,3.2222223
4443,excitatory,17,4.7777777,1.2222222,6.111111
4444,excitatory,17,36.88889,30.666666,55.555557
4445,excitatory,17,5.0,1.5555556,1.0
4446,excitatory,17,0.0,0.0,0.0
4447,excitatory,17,0.0,0.0,0.0
4448,inhibitory,17,0.0,0.0,0.0
4449,inhibitory,17,15.0,9.444445,1.8888888
4450,inhibitory,17,12.444445,10.444445,3.7777777
4451,excitatory,17,17.666666,13.333333,4.5555553
4452,excitatory,17,0.11111111,0.0,0.44444445
4453,excitatory,17,16.11111,15.777778,17.666666
4454,excitatory,17,0.0,0.11111111,0.11111111
4455,excitatory,17,0.0,0.0,0.0
4456,excitatory,17,0.0,0.0,0.0
4457,excitatory,17,0.7777778,0.44444445,0.8888889
4458,excitatory,17,0.7777778,0.8888889,0.0
4459,excitatory,17,0.0,0.0,0.0
4460,excitatory,17,0.0,0.0,0.0
4461,excitatory,17,11.555555,15.0,18.88889
4462,inhibitory,17,0.33333334,8.333333,15.888889
4463,excitatory,17,0.0,0.0,0.0
4464,excitatory,17,0.0,0.0,0.0
4465,excitatory,17,0.0,0.0,0.0
4466,inhibitory,17,6.2222223,13.333333,2.2222223
4467,excitatory,17,7.4444447,4.6666665,7.3333335
4468,excitatory,17,1.3333334,1.4444444,0.0
4469,excitatory,17,0.5555556,0.7777778,0.33333334
4470,excitatory,17,44.444443,53.88889,46.11111
4471,excitatory,17,0.22222222,0.0,1.7777778
4472,excitatory,17,0.11111111,1.4444444,0.22222222
4473,excitatory,17,0.11111111,0.11111111,0.11111111
4474,inhibitory,17,1.0,1.2222222,4.6666665
4475,excitatory,17,0.0,0.0,0.0
4476,excitatory,17,0.0,0.0,0.0
4477,inhibitory,17,14.777778,14.555555,37.666668
4478,excitatory,17,0.5555556,0.33333334,2.2222223
4479,excitatory,17,0.0,0.0,0.0
4480,excitatory,17,24.88889,8.777778,25.555555
4481,excitatory,17,0.0,0.0,0.0
4482,inhibitory,17,0.11111111,0.8888889,0.11111111
4483,excitatory,17,111.333336,86.666664,110.0
4484,excitatory,17,0.0,0.33333334,1.3333334
4485,excitatory,17,1.0,0.11111111,0.44444445
4486,inhibitory,17,75.22222,57.22222,81.22222
4487,excitatory,17,0.6666667,0.6666667,4.5555553
4488,excitatory,17,0.11111111,0.11111111,0.44444445
4489,excitatory,17,0.11111111,0.0,0.11111111
4490,excitatory,17,9.444445,11.777778,18.555555
4491,excitatory,17,0.0,0.0,0.0
4492,excitatory,17,6.111111,2.6666667,6.6666665
4493,excitatory,17,0.0,0.0,0.33333334
4494,excitatory,17,0.0,0.0,0.0
4495,excitatory,17,110.55556,91.333336,114.55556
4496,excitatory,17,0.0,0.0,0.0
4497,inhibitory,17,143.66667,136.0,48.666668
4498,inhibitory,17,0.0,0.0,0.0
4499,inhibitory,17,112.22222,77.44444,99.0
4500,excitatory,18,0.0,0.22222222,0.0
4501,excitatory,18,2.7777777,0.44444445,5.6666665
4502,excitatory,18,0.0,0.0,0.0
4503,excitatory,18,42.555557,30.555555,9.555555
4504,excitatory,18,0.0,0.0,0.11111111
4505,inhibitory,18,0.0,0.0,0.0
4506,inhibitory,18,5.6666665,4.0,5.5555553
4507,excitatory,18,27.333334,24.333334,16.777779
4508,excitatory,18,7.888889,4.7777777,6.4444447
4509,excitatory,18,0.0,0.33333334,0.7777778
4510,excitatory,18,0.5555556,0.7777778,0.33333334
4511,excitatory,18,7.5555553,5.3333335,7.7777777
4512,excitatory,18,0.0,0.0,0.0
4513,excitatory,18,2.5555556,3.4444444,5.888889
4514,excitatory,18,0.7777778,1.7777778,0.8888889
4515,excitatory,18,0.44444445,0.0,0.33333334
4516,excitatory,18,1.1111112,1.1111112,0.0
4517,excitatory,18,0.33333334,1.5555556,2.2222223
4518,excitatory,18,0.0,0.0,0.0
4519,excitatory,18,7.6666665,8.666667,0.6666667
4520,excitatory,18,7.5555553,8.333333,8.888889
4521,excitatory,18,4.4444447,4.111111,4.6666665
4522,excitatory,18,16.777779,20.555555,13.555555
4523,excitatory,18,0.11111111,0.44444445,0.33333334
4524,excitatory,18,0.0,0.0,0.0
4525,excitatory,18,0.11111111,0.11111111,0.0
4526,excitatory,18,16.444445,13.666667,23.555555
4527,excitatory,18,13.444445,9.444445,1.5555556
4528,excitatory,18,1.8888888,0.5555556,2.0
4529,excitatory,18,0.0,0.0,0.0
4530,inhibitory,18,70.22222,133.88889,63.22222
4531,inhibitory,18,0.11111111,0.44444445,0.44444445
4532,excitatory,18,0.0,0.0,0.0
4533,excitatory,18,0.0,0.11111111,0.33333334
4534,excitatory,18,3.7777777,2.1111112,4.0
4535,excitatory,18,0.33333334,0.0,0.22222222
4536,excitatory,18,5.3333335,13.555555,19.0
4537,excitatory,18,0.0,0.0,0.11111111
4538,excitatory,18,0.33333334,0.0,0.0
4539,excitatory,18,3.0,3.1111112,0.0
4540,excitatory,18,0.44444445,1.4444444,0.0
4541,inhibitory,18,1.3333334,2.1111112,2.2222223
4542,inhibitory,18,4.111111,8.111111,0.5555556
4543,excitatory,18,33.11111,31.222221,3.5555556
4544,inhibitory,18,0.0,0.0,0.5555556
4545,excitatory,18,1.4444444,1.5555556,0.0
4546,inhibitory,18,10.444445,9.222222,15.222222
4547,inhibitory,18,0.7777778,0.8888889,0.8888889
4548,excitatory,18,8.666667,9.444445,4.7777777
4549,excitatory,18,0.11111111,0.0,0.0
4550,excitatory,18,0.8888889,0.22222222,0.44444445
4551,inhibitory,18,1.7777778,0.8888889,0.7777778
4552,excitatory,18,0.0,0.0,0.0
4553,excitatory,18,0.0,0.0,0.0
4554,excitatory,18,0.0,0.0,0.0
4555,inhibitory,18,67.22222,64.55556,60.11111
4556,excitatory,18,0.33333334,0.22222222,0.11111111
4557,inhibitory,18,10.777778,19.222221,9.888889
4558,excitatory,18,0.22222222,0.22222222,0.0
4559,excitatory,18,0.33333334,0.11111111,0.8888889
4560,excitatory,18,1.5555556,0.22222222,1.8888888
4561,excitatory,18,11.777778,13.666667,10.666667
4562,excitatory,18,12.444445,23.666666,26.0
4563,excitatory,18,0.0,0.0,0.0
4564,excitatory,18,0.11111111,0.0,0.33333334
4565,inhibitory,18,23.222221,17.555555,17.88889
4566,inhibitory,18,0.8888889,0.8888889,1.2222222
4567,excitatory,18,57.333332,48.11111,64.111115
4568,excitatory,18,0.22222222,0.22222222,0.11111111
4569,excitatory,18,0.11111111,0.22222222,0.11111111
4570,inhibitory,18,15.888889,22.11111,6.2222223
4571,excitatory,18,0.8888889,1.3333334,5.3333335
4572,inhibitory,18,1.6666666,5.111111,14.111111
4573,inhibitory,18,11.0,15.777778,21.88889
4574,excitatory,18,0.0,0.0,0.0
4575,inhibitory,18,8.444445,18.444445,8.111111
4576,excitatory,18,0.0,0.44444445,0.22222222
4577,inhibitory,18,4.3333335,5.3333335,4.0
4578,inhibitory,18,9.888889,5.3333335,1.4444444
4579,excitatory,18,0.0,0.0,0.0
4580,excitatory,18,3.7777777,5.7777777,2.1111112
4581,excitatory,18,10.333333,9.111111,10.111111
4582,excitatory,18,0.0,0.0,0.11111111
4583,excitatory,18,0.5555556,0.5555556,0.7777778
4584,excitatory,18,0.33333334,0.11111111,0.0
4585,excitatory,18,2.7777777,0.6666667,1.8888888
4586,inhibitory,18,5.2222223,2.8888888,3.5555556
4587,excitatory,18,0.0,0.0,0.0
4588,excitatory,18,36.666668,35.333332,59.555557
4589,excitatory,18,0.0,0.33333334,0.0
4590,excitatory,18,0.44444445,0.11111111,0.0
4591,excitatory,18,3.2222223,1.3333334,1.2222222
4592,excitatory,18,1.0,7.888889,0.22222222
4593,excitatory,18,0.22222222,0.0,0.6666667
4594,excitatory,18,0.0,0.0,0.0
4595,inhibitory,18,0.33333334,0.0,0.0
4596,excitatory,18,1.2222222,2.2222223,0.11111111
4597,excitatory,18,10.111111,7.7777777,10.666667
4598,excitatory,18,0.8888889,12.666667,0.0
4599,excitatory,18,0.22222222,0.11111111,0.22222222
4600,excitatory,18,0.11111111,0.0,1.6666666
4601,inhibitory,18,17.444445,32.666668,19.11111
4602,inhibitory,18,2.5555556,3.0,3.0
4603,excitatory,18,7.888889,8.111111,5.4444447
4604,excitatory,18,0.5555556,0.11111111,2.0
4605,inhibitory,18,3.0,1.3333334,1.5555556
4606,excitatory,18,7.4444447,3.5555556,8.666667
4607,excitatory,18,0.11111111,0.11111111,0.0
4608,excitatory,18,41.11111,39.11111,68.333336
4609,inhibitory,18,0.11111111,0.0,0.0
4610,inhibitory,18,0.11111111,1.7777778,1.2222222
4611,excitatory,18,3.0,5.6666665,4.111111
4612,inhibitory,18,51.11111,40.333332,25.333334
4613,excitatory,18,0.0,0.0,0.0
4614,excitatory,18,27.222221,26.555555,17.333334
4615,excitatory,18,10.333333,11.666667,2.8888888
4616,excitatory,18,0.0,0.0,0.0
4617,excitatory,18,0.0,0.0,0.0
4618,inhibitory,18,60.88889,46.77778,40.666668
4619,excitatory,18,20.555555,21.11111,7.2222223
4620,excitatory,18,24.666666,20.555555,14.777778
4621,excitatory,18,0.0,0.44444445,0.11111111
4622,inhibitory,18,0.0,0.0,0.11111111
4623,excitatory,18,0.0,0.44444445,1.1111112
4624,excitatory,18,1.0,0.33333334,2.7777777
4625,excitatory,18,2.0,0.8888889,0.6666667
4626,inhibitory,18,0.22222222,0.11111111,0.0
4627,excitatory,18,0.22222222,0.0,0.11111111
4628,excitatory,18,0.0,0.0,0.0
4629,inhibitory,18,1.7777778,1.6666666,0.22222222
4630,excitatory,18,0.0,0.0,0.0
4631,excitatory,18,0.0,0.0,0.0
4632,excitatory,18,0.0,0.0,0.0
4633,excitatory,18,0.0,0.0,0.0
4634,excitatory,18,0.22222222,0.5555556,0.11111111
4635,inhibitory,18,116.111115,99.0,71.44444
4636,excitatory,18,0.33333334,0.7777778,0.0
4637,inhibitory,18,8.444445,9.222222,6.7777777
4638,excitatory,18,0.22222222,0.44444445,0.22222222
4639,excitatory,18,0.11111111,0.11111111,0.0
4640,excitatory,18,158.44444,129.55556,184.88889
4641,inhibitory,18,2.6666667,4.3333335,8.333333
4642,inhibitory,18,0.0,0.0,0.0
4643,excitatory,18,0.0,0.0,0.0
4644,excitatory,18,87.22222,72.0,94.55556
4645,excitatory,18,1.2222222,0.22222222,1.7777778
4646,inhibitory,18,7.888889,9.111111,9.777778
4647,excitatory,18,1.6666666,2.2222223,1.6666666
4648,excitatory,18,0.0,0.0,0.0
4649,excitatory,18,0.0,0.0,0.0
4650,excitatory,18,0.0,0.0,0.0
4651,inhibitory,18,7.4444447,8.444445,6.888889
4652,inhibitory,18,3.6666667,2.2222223,2.4444444
4653,inhibitory,18,8.444445,10.555555,22.222221
4654,excitatory,18,0.22222222,0.11111111,0.22222222
4655,excitatory,18,0.0,0.0,0.0
4656,excitatory,18,0.0,0.0,0.0
4657,inhibitory,18,0.6666667,2.4444444,10.666667
4658,excitatory,18,9.0,4.6666665,3.0
4659,inhibitory,18,3.0,0.8888889,1.0
4660,excitatory,18,1.5555556,2.0,0.5555556
4661,excitatory,18,0.0,0.0,0.0
4662,inhibitory,18,7.2222223,4.2222223,8.555555
4663,excitatory,18,22.0,20.333334,15.333333
4664,inhibitory,18,1.4444444,2.3333333,2.5555556
4665,excitatory,18,1.5555556,2.5555556,1.4444444
4666,excitatory,18,10.555555,7.6666665,21.777779
4667,excitatory,18,20.444445,19.222221,4.111111
4668,inhibitory,18,14.888889,18.0,17.333334
4669,excitatory,18,3.1111112,4.3333335,3.0
4670,excitatory,18,0.0,0.0,0.0
4671,excitatory,18,1.4444444,0.6666667,1.1111112
4672,excitatory,18,0.22222222,0.22222222,0.6666667
4673,excitatory,18,0.0,0.0,0.0
4674,excitatory,18,0.22222222,0.8888889,0.44444445
4675,excitatory,18,0.0,4.888889,0.44444445
4676,excitatory,18,90.111115,75.77778,97.888885
4677,excitatory,18,0.0,0.0,0.0
4678,excitatory,18,0.22222222,0.0,0.11111111
4679,excitatory,18,0.0,0.0,0.0
4680,excitatory,18,0.22222222,0.33333334,0.11111111
4681,excitatory,18,0.22222222,0.22222222,1.3333334
4682,inhibitory,18,108.44444,89.44444,85.888885
4683,excitatory,18,38.22222,41.88889,33.666668
4684,excitatory,18,0.6666667,1.8888888,1.5555556
4685,excitatory,18,0.44444445,16.11111,0.33333334
4686,excitatory,18,10.555555,19.222221,10.333333
4687,excitatory,18,3.0,1.6666666,1.5555556
4688,excitatory,18,8.444445,7.2222223,8.333333
4689,excitatory,18,0.0,0.0,0.0
4690,excitatory,18,3.1111112,5.0,5.5555553
4691,excitatory,18,14.0,15.888889,14.777778
4692,excitatory,18,13.777778,11.666667,10.666667
4693,excitatory,18,9.888889,7.7777777,3.8888888
4694,excitatory,18,0.0,1.5555556,1.0
4695,inhibitory,18,1.2222222,1.4444444,1.1111112
4696,excitatory,18,24.666666,21.666666,26.11111
4697,excitatory,18,0.0,0.0,0.11111111
4698,excitatory,18,0.11111111,0.11111111,0.11111111
4699,excitatory,18,12.666667,12.333333,11.0
4700,inhibitory,18,0.7777778,2.3333333,0.11111111
4701,excitatory,18,0.0,0.0,0.0
4702,excitatory,18,20.333334,12.777778,21.777779
4703,inhibitory,18,0.8888889,0.33333334,2.6666667
4704,inhibitory,18,0.6666667,2.1111112,1.2222222
4705,excitatory,18,0.22222222,0.33333334,2.4444444
4706,excitatory,18,0.0,0.11111111,0.0
4707,excitatory,18,0.0,0.0,0.0
4708,excitatory,18,0.0,0.0,0.0
4709,excitatory,18,2.5555556,2.4444444,2.8888888
4710,excitatory,18,0.0,0.0,0.0
4711,excitatory,18,0.33333334,0.0,0.0
4712,excitatory,18,0.11111111,2.0,0.44444445
4713,excitatory,18,6.6666665,4.3333335,3.1111112
4714,excitatory,18,0.0,0.11111111,0.0
4715,excitatory,18,3.3333333,3.4444444,16.333334
4716,excitatory,18,12.0,8.777778,24.333334
4717,excitatory,18,2.0,1.2222222,0.11111111
4718,excitatory,18,0.0,0.0,0.0
4719,inhibitory,18,1.7777778,0.5555556,2.8888888
4720,inhibitory,18,5.4444447,1.4444444,0.0
4721,inhibitory,18,2.4444444,1.1111112,6.5555553
4722,inhibitory,18,8.0,23.11111,54.444443
4723,inhibitory,18,81.22222,86.888885,151.11111
4724,excitatory,18,0.0,0.0,0.0
4725,excitatory,18,0.44444445,0.22222222,2.1111112
4726,excitatory,18,0.0,0.0,0.0
4727,inhibitory,18,0.11111111,0.44444445,0.22222222
4728,excitatory,18,1.3333334,2.2222223,2.7777777
4729,excitatory,18,2.3333333,6.7777777,1.1111112
4730,excitatory,18,13.666667,13.444445,5.4444447
4731,excitatory,18,14.222222,13.111111,3.4444444
4732,inhibitory,18,0.0,0.0,0.0
4733,excitatory,18,0.0,0.0,0.0
4734,excitatory,18,0.0,0.22222222,0.11111111
4735,excitatory,18,101.0,97.55556,103.666664
4736,excitatory,18,7.6666665,11.222222,10.777778
4737,excitatory,18,76.22222,67.666664,46.22222
4738,excitatory,18,0.0,0.0,0.11111111
4739,inhibitory,18,10.222222,14.0,19.333334
4740,excitatory,18,0.11111111,0.5555556,0.44444445
4741,excitatory,18,0.0,0.11111111,0.0
4742,excitatory,18,0.0,0.0,0.0
4743,excitatory,18,0.0,0.0,0.0
4744,inhibitory,18,0.0,0.0,0.11111111
4745,excitatory,18,0.0,0.0,0.0
4746,excitatory,18,0.5555556,1.2222222,0.0
4747,excitatory,18,0.0,0.0,0.0
4748,excitatory,18,0.0,0.0,0.0
4749,excitatory,18,43.77778,48.22222,51.0
4750,excitatory,19,0.44444445,0.0,1.6666666
4751,excitatory,19,0.22222222,0.11111111,0.0
4752,excitatory,19,1.1111112,0.7777778,1.1111112
4753,excitatory,19,0.0,0.0,0.22222222
4754,excitatory,19,0.0,0.0,0.0
4755,inhibitory,19,1.1111112,2.2222223,1.0
4756,excitatory,19,2.2222223,3.3333333,0.44444445
4757,excitatory,19,6.2222223,2.4444444,6.888889
4758,excitatory,19,0.0,0.22222222,0.0
4759,excitatory,19,2.7777777,1.7777778,9.333333
4760,excitatory,19,9.111111,7.6666665,0.22222222
4761,excitatory,19,0.0,0.0,0.0
4762,excitatory,19,0.33333334,0.7777778,0.8888889
4763,excitatory,19,0.0,0.0,0.0
4764,excitatory,19,0.44444445,0.44444445,0.7777778
4765,excitatory,19,0.0,0.0,0.0
4766,excitatory,19,0.5555556,0.11111111,2.4444444
4767,excitatory,19,4.4444447,3.2222223,4.5555553
4768,excitatory,19,1.3333334,0.22222222,0.11111111
4769,excitatory,19,0.11111111,0.7777778,0.0
4770,excitatory,19,10.222222,12.888889,13.222222
4771,excitatory,19,1.8888888,5.7777777,6.3333335
4772,excitatory,19,6.4444447,10.0,34.0
4773,excitatory,19,0.0,0.11111111,0.11111111
4774,excitatory,19,0.5555556,0.11111111,0.6666667
4775,inhibitory,19,2.6666667,3.8888888,8.111111
4776,inhibitory,19,13.222222,11.666667,14.888889
4777,excitatory,19,6.6666665,9.555555,2.7777777
4778,excitatory,19,3.7777777,2.7777777,7.6666665
4779,inhibitory,19,6.2222223,3.4444444,20.444445
4780,inhibitory,19,61.555557,74.333336,25.444445
4781,excitatory,19,9.333333,7.6666665,21.555555
4782,excitatory,19,0.5555556,0.0,0.0
4783,excitatory,19,13.222222,19.777779,6.4444447
4784,excitatory,19,0.0,0.0,0.0
4785,excitatory,19,0.0,0.0,0.0
4786,excitatory,19,0.0,0.0,0.0
4787,excitatory,19,1.6666666,1.6666666,0.22222222
4788,excitatory,19,5.3333335,5.2222223,7.7777777
4789,excitatory,19,0.0,0.0,0.0
4790,excitatory,19,0.0,0.0,0.0
4791,excitatory,19,0.44444445,0.0,0.0
4792,excitatory,19,8.0,8.333333,12.111111
4793,excitatory,19,2.1111112,2.0,0.33333334
4794,excitatory,19,0.0,0.0,0.0
4795,excitatory,19,0.0,0.0,0.11111111
4796,excitatory,19,14.555555,8.0,13.555555
4797,excitatory,19,5.2222223,6.6666665,4.7777777
4798,inhibitory,19,24.333334,29.0,17.333334
4799,inhibitory,19,20.444445,17.666666,6.3333335
4800,excitatory,19,0.11111111,0.0,0.0
4801,excitatory,19,0.0,0.0,0.0
4802,excitatory,19,0.0,0.0,0.0
4803,excitatory,19,0.33333334,0.11111111,0.0
4804,excitatory,19,2.6666667,1.3333334,4.2222223
4805,excitatory,19,5.111111,4.7777777,3.1111112
4806,excitatory,19,0.0,0.0,0.0
4807,excitatory,19,0.0,0.0,0.11111111
4808,excitatory,19,4.0,6.7777777,0.11111111
4809,excitatory,19,0.0,0.11111111,0.44444445
4810,inhibitory,19,1.6666666,0.33333334,0.11111111
4811,excitatory,19,0.0,0.0,0.44444445
4812,excitatory,19,0.0,0.33333334,0.0
4813,excitatory,19,0.11111111,0.11111111,0.7777778
4814,inhibitory,19,5.111111,1.5555556,6.2222223
4815,excitatory,19,0.0,0.0,0.0
4816,excitatory,19,0.0,0.0,0.0
4817,inhibitory,19,239.77777,218.0,165.33333
4818,inhibitory,19,1.6666666,3.6666667,2.4444444
4819,excitatory,19,4.7777777,3.3333333,2.2222223
4820,inhibitory,19,0.11111111,0.33333334,0.33333334
4821,excitatory,19,4.0,4.888889,4.0
4822,excitatory,19,0.8888889,1.4444444,3.6666667
4823,excitatory,19,8.222222,4.111111,3.8888888
4824,excitatory,19,13.333333,12.222222,13.666667
4825,excitatory,19,0.5555556,0.0,0.0
4826,excitatory,19,0.22222222,1.4444444,0.0
4827,excitatory,19,0.0,0.44444445,0.0
4828,excitatory,19,0.0,0.0,0.0
4829,inhibitory,19,55.333332,48.88889,29.0
4830,excitatory,19,15.222222,16.222221,4.7777777
4831,excitatory,19,0.33333334,0.6666667,0.7777778
4832,excitatory,19,2.7777777,4.7777777,0.7777778
4833,inhibitory,19,0.0,0.0,0.5555556
4834,excitatory,19,0.33333334,0.5555556,0.33333334
4835,inhibitory,19,6.111111,17.11111,12.888889
4836,excitatory,19,56.666668,60.444443,13.555555
4837,excitatory,19,22.555555,16.222221,23.0
4838,excitatory,19,0.0,0.11111111,0.0
4839,excitatory,19,0.11111111,0.0,0.0
4840,inhibitory,19,45.11111,52.22222,24.11111
4841,excitatory,19,0.22222222,1.4444444,0.5555556
4842,excitatory,19,3.8888888,6.3333335,5.5555553
4843,excitatory,19,2.3333333,1.0,4.4444447
4844,excitatory,19,0.0,0.0,0.7777778
4845,excitatory,19,0.33333334,0.0,0.0
4846,excitatory,19,6.3333335,6.5555553,7.7777777
4847,excitatory,19,0.0,0.0,0.0
4848,inhibitory,19,2.4444444,2.8888888,0.5555556
4849,excitatory,19,0.0,0.0,0.0
4850,excitatory,19,9.888889,9.111111,16.0
4851,excitatory,19,0.11111111,0.0,0.0
4852,excitatory,19,15.444445,18.777779,5.0
4853,excitatory,19,2.7777777,1.1111112,0.0
4854,excitatory,19,19.777779,20.0,18.222221
4855,inhibitory,19,0.0,0.22222222,0.0
4856,excitatory,19,0.0,0.0,0.0
4857,excitatory,19,0.11111111,0.0,0.22222222
4858,excitatory,19,0.11111111,3.8888888,0.0
4859,excitatory,19,0.0,0.0,0.0
4860,excitatory,19,0.0,0.0,0.0
4861,excitatory,19,0.0,1.2222222,0.0
4862,excitatory,19,0.44444445,1.4444444,2.5555556
4863,excitatory,19,0.0,0.0,0.0
4864,excitatory,19,2.4444444,2.2222223,1.5555556
4865,excitatory,19,16.88889,15.555555,16.444445
4866,excitatory,19,0.11111111,0.0,0.0
4867,excitatory,19,0.0,0.0,0.0
4868,inhibitory,19,19.11111,17.88889,27.777779
4869,excitatory,19,0.0,0.0,0.0
4870,excitatory,19,0.0,0.7777778,2.2222223
4871,inhibitory,19,2.5555556,2.0,2.6666667
4872,inhibitory,19,0.0,0.0,1.1111112
4873,inhibitory,19,19.0,17.0,24.666666
4874,inhibitory,19,4.0,7.4444447,5.111111
4875,excitatory,19,0.0,0.11111111,0.22222222
4876,excitatory,19,6.111111,2.7777777,6.2222223
4877,inhibitory,19,0.0,0.44444445,0.0
4878,excitatory,19,12.888889,9.111111,14.888889
4879,excitatory,19,1.5555556,3.2222223,1.7777778
4880,excitatory,19,0.0,0.0,0.0
4881,excitatory,19,0.0,0.0,0.11111111
4882,excitatory,19,0.8888889,0.8888889,0.5555556
4883,inhibitory,19,0.5555556,1.8888888,3.4444444
4884,excitatory,19,0.0,0.0,0.0
4885,excitatory,19,0.0,0.0,0.0
4886,inhibitory,19,18.11111,33.555557,12.888889
4887,inhibitory,19,11.111111,15.111111,7.7777777
4888,inhibitory,19,0.6666667,0.22222222,0.11111111
4889,inhibitory,19,11.333333,8.555555,1.6666666
4890,excitatory,19,0.11111111,0.0,0.44444445
4891,excitatory,19,1.6666666,1.1111112,1.6666666
4892,excitatory,19,0.0,0.0,0.0
4893,excitatory,19,0.0,0.0,0.0
4894,excitatory,19,0.0,0.0,0.0
4895,excitatory,19,0.11111111,0.0,0.11111111
4896,inhibitory,19,1.0,0.6666667,0.22222222
4897,excitatory,19,0.0,0.0,0.0
4898,inhibitory,19,4.111111,5.5555553,0.11111111
4899,excitatory,19,0.0,0.0,0.0
4900,inhibitory,19,22.0,25.11111,24.11111
4901,inhibitory,19,0.7777778,0.6666667,0.7777778
4902,excitatory,19,0.0,0.0,0.0
4903,excitatory,19,0.0,0.0,0.0
4904,inhibitory,19,2.4444444,3.0,9.444445
4905,excitatory,19,0.0,0.11111111,0.0
4906,excitatory,19,1.5555556,3.1111112,4.5555553
4907,excitatory,19,0.0,0.11111111,0.11111111
4908,excitatory,19,0.11111111,0.6666667,0.11111111
4909,inhibitory,19,0.0,0.0,0.0
4910,excitatory,19,145.22223,145.77777,96.333336
4911,excitatory,19,0.0,0.0,0.0
4912,excitatory,19,0.0,0.0,0.0
4913,inhibitory,19,6.6666665,8.666667,3.5555556
4914,inhibitory,19,0.7777778,0.0,1.1111112
4915,excitatory,19,0.0,0.0,0.0
4916,inhibitory,19,18.444445,23.333334,5.2222223
4917,excitatory,19,1.1111112,1.8888888,2.3333333
4918,inhibitory,19,4.2222223,6.6666665,15.555555
4919,excitatory,19,0.33333334,0.0,0.22222222
4920,excitatory,19,0.33333334,0.0,0.0
4921,excitatory,19,0.5555556,0.7777778,3.0
4922,excitatory,19,0.0,0.0,0.0
4923,excitatory,19,0.33333334,0.0,0.11111111
4924,inhibitory,19,16.0,21.777779,35.444443
4925,inhibitory,19,24.555555,13.222222,25.333334
4926,excitatory,19,0.0,0.0,0.0
4927,excitatory,19,12.777778,9.0,19.0
4928,excitatory,19,0.0,0.0,0.0
4929,excitatory,19,0.0,0.0,0.0
4930,excitatory,19,0.0,0.11111111,0.0
4931,inhibitory,19,1.1111112,3.8888888,0.44444445
4932,excitatory,19,0.0,0.0,0.22222222
4933,excitatory,19,2.2222223,4.111111,0.7777778
4934,excitatory,19,0.0,0.11111111,0.11111111
4935,excitatory,19,0.44444445,0.6666667,1.3333334
4936,excitatory,19,0.11111111,0.8888889,0.11111111
4937,excitatory,19,8.888889,5.5555553,13.777778
4938,excitatory,19,6.888889,11.111111,8.666667
4939,excitatory,19,0.6666667,3.7777777,0.11111111
4940,excitatory,19,5.111111,8.666667,4.3333335
4941,excitatory,19,0.0,0.0,0.0
4942,excitatory,19,0.0,0.0,0.0
4943,excitatory,19,0.33333334,0.7777778,3.2222223
4944,excitatory,19,0.0,0.0,0.11111111
4945,excitatory,19,0.0,0.0,0.0
4946,excitatory,19,0.8888889,5.2222223,2.0
4947,excitatory,19,20.11111,15.111111,13.222222
4948,excitatory,19,0.33333334,0.22222222,0.0
4949,inhibitory,19,21.777779,24.222221,64.77778
4950,excitatory,19,0.0,0.5555556,0.6666667
4951,excitatory,19,0.0,0.0,0.0
4952,excitatory,19,0.11111111,0.0,0.33333334
4953,excitatory,19,0.0,0.0,0.0
4954,excitatory,19,0.33333334,0.33333334,0.0
4955,excitatory,19,0.0,0.0,0.0
4956,excitatory,19,0.0,0.0,0.0
4957,excitatory,19,0.11111111,0.0,0.11111111
4958,inhibitory,19,0.11111111,2.1111112,0.33333334
4959,inhibitory,19,0.33333334,1.5555556,0.0
4960,inhibitory,19,0.0,0.0,0.0
4961,excitatory,19,0.44444445,0.11111111,0.11111111
4962,excitatory,19,0.11111111,0.33333334,0.44444445
4963,excitatory,19,0.0,0.0,0.0
4964,excitatory,19,0.0,0.0,0.0
4965,excitatory,19,0.0,0.0,0.0
4966,excitatory,19,0.0,0.0,0.0
4967,inhibitory,19,24.0,30.0,8.777778
4968,excitatory,19,0.7777778,0.0,0.33333334
4969,inhibitory,19,3.8888888,2.3333333,2.1111112
4970,inhibitory,19,13.0,17.666666,33.77778
4971,excitatory,19,15.444445,12.0,33.555557
4972,excitatory,19,0.0,0.0,0.0
4973,inhibitory,19,5.3333335,3.4444444,7.2222223
4974,excitatory,19,0.0,0.22222222,0.0
4975,excitatory,19,0.0,0.0,0.0
4976,inhibitory,19,149.44444,138.22223,220.22223
4977,excitatory,19,0.0,0.0,0.0
4978,excitatory,19,0.0,0.11111111,0.0
4979,excitatory,19,0.0,0.0,0.0
4980,excitatory,19,3.3333333,2.5555556,9.111111
4981,inhibitory,19,2.5555556,9.111111,12.666667
4982,excitatory,19,8.555555,9.555555,26.333334
4983,excitatory,19,0.0,0.11111111,0.0
4984,excitatory,19,0.0,0.0,0.0
4985,excitatory,19,0.5555556,2.1111112,3.7777777
4986,inhibitory,19,42.555557,68.888885,8.666667
4987,excitatory,19,0.44444445,0.22222222,0.0
4988,excitatory,19,0.0,0.22222222,5.3333335
4989,excitatory,19,0.5555556,4.0,1.5555556
4990,inhibitory,19,14.0,7.3333335,29.555555
4991,inhibitory,19,0.44444445,1.3333334,2.7777777
4992,excitatory,19,0.22222222,0.22222222,0.33333334
4993,excitatory,19,0.0,0.0,0.0
4994,excitatory,19,0.0,0.0,0.0
4995,excitatory,19,0.11111111,0.0,0.0
4996,excitatory,19,0.22222222,0.33333334,0.7777778
4997,excitatory,19,0.0,0.0,0.0
4998,excitatory,19,1.4444444,0.11111111,4.888889
4999,excitatory,19,0.0,0.0,0.0
